vid_id,frame_order,right_elbow_right_shoulder_right_hip,left_elbow_left_shoulder_left_hip,right_knee_mid_hip_left_knee,right_hip_right_knee_right_ankle,left_hip_left_knee_left_ankle,right_wrist_right_elbow_right_shoulder,left_wrist_left_elbow_left_shoulder
1,0,27.82410999027885,50.63336424067527,44.12845688219125,,,59.227153030740986,58.91644731825917
1,1,27.093265086212796,24.26173956673247,24.983287323233544,173.14455886273888,178.3308025936802,155.6899989876479,153.83306302058656
1,2,27.594561649446337,25.90092347275625,24.91583118116775,175.32948953461866,179.2570137210327,153.55804472618894,151.58413799728194
1,3,26.424836637216977,25.925516582866756,26.618431060027888,174.27551526465086,177.72013633378543,155.82736066759176,150.29730893930903
1,4,25.03934316569748,26.10115812235805,27.96643371753597,179.13277810134787,176.49940291697615,159.19473930270658,151.1170110232679
1,5,26.379306763008508,26.152937658135126,26.894913042916286,172.38268541035168,175.33298196522563,157.14264676845474,150.3420686337147
1,6,27.25964823078718,26.556829953834328,25.892902900523616,176.2601649077684,177.74237020266,154.05241335512457,151.6469721654817
1,7,30.324333300225653,25.13559401119444,25.436943052532552,173.4806640354518,176.24364514755868,150.68768670534084,153.18380304412136
1,8,31.520451436236165,24.385742132731135,26.960565548773943,174.13847762987115,178.62748402356297,146.89709538612962,152.35071480869792
1,9,30.936551155657263,23.631155756357497,26.291547317871,172.79273113941824,179.95991370668136,147.79303101480272,152.86239070581777
1,10,29.041900463106295,21.487120403596503,26.933033136951313,170.83033397376457,176.82143468871416,150.62698678505515,157.73025035493868
1,11,28.2926068637122,23.027017096389446,27.2481732113171,172.40493883906424,177.60311699191897,153.23180476880964,155.1454737474457
1,12,23.54370270002573,25.40061504026609,24.738540970816555,169.34110326404453,177.02590636217153,159.44933267124682,156.3915675369093
1,13,22.059390505451123,25.456252151146355,25.38654324778046,170.55740826931773,174.44898899280247,158.52649041514928,155.21758513684983
1,14,21.640545258424197,26.160635824432102,27.809795540313004,176.49073942475155,176.98538651569453,160.43278210841072,152.6979957527064
1,15,20.019675795961547,24.931429048356808,28.125401390638817,177.12922151588984,178.15699622743242,162.9266155804032,152.84200652682867
1,16,20.575537909493963,24.436932283813725,29.11640814657185,179.23152384750475,176.33346536822276,162.16621724866374,152.37979248499494
1,17,20.771724756459527,27.232620745989333,28.235002586149196,177.3135835331125,178.32487963215323,162.07767061418,149.9646895694901
1,18,20.813670713506145,27.207474855259356,26.71353290426766,174.95519012692677,179.82453065538135,160.3320712669907,151.14223644561275
1,19,21.913244659027914,25.583895865800834,26.574586395597652,174.9834461054237,178.2147941543453,157.82431677049593,153.05342101009884
1,20,23.325685446374425,27.71851771633616,25.595723047290424,170.0670510836949,179.07747919189674,156.52333480010756,149.80247336949878
1,21,22.781500350363185,25.730803031189637,28.66536056953656,174.1874707048173,178.8702433291547,157.2481919977272,150.84484522052298
1,22,23.306814617411085,24.33106892410312,26.49205183791103,169.62120826627728,179.98050720928654,157.2938595528907,153.02942186382603
1,23,25.82373377429818,21.387751899590864,26.702057958948505,171.67915206142487,179.3858703497466,155.33309854525086,153.31733241877822
1,24,25.696172504133585,21.151594133644963,26.663156864066895,172.25295296633524,178.4902979362158,156.4828018785515,150.85994294850067
1,25,26.76183283453389,24.291335267439187,28.509267412086697,170.67606079504264,176.77545021684628,155.0464729081272,146.3200579017797
1,26,26.087100238251946,20.426872526693874,28.336272528561594,170.1745028951931,173.31932759111243,157.23589286024233,151.92666887638077
1,27,24.56783361849599,20.12757183225254,28.896492029568343,173.8369646528478,175.04037337991116,158.3036692215209,154.7969001447045
1,28,24.69071883502198,20.676620221208218,27.991387098222685,171.68819590061858,174.83673461948877,157.41620644186025,154.73155864932238
1,29,23.956203528913427,21.70871010229943,27.483026217440894,172.3085281544037,173.84650954769376,159.56021828994798,154.4081714375014
1,30,24.302420634698997,23.256435445129128,25.312814506186683,170.37805766287056,175.4369032348219,159.1638355244559,152.59283319294812
1,31,22.65560047111229,21.39745556602405,27.586316744179733,171.74412460812314,174.23845448008393,159.2421312638902,154.37554524840954
1,32,23.044496755708145,19.231412775129275,25.42294692771582,169.95562520557868,173.97250985266317,159.10750721997096,157.87930146106962
1,33,22.934611246953008,18.07834273375755,26.244264584240582,170.2669291696671,172.14932261989114,159.32771920080117,161.27140912931927
1,34,24.78603046743114,23.150825488051055,27.816300289136382,174.16642300992697,173.1525066685866,156.66213506594443,158.18262650258364
1,35,25.233722327747685,26.952682277230092,27.75884347367235,175.58060558677298,175.09744404819654,156.58006427044108,152.607576723947
1,36,25.65442474290329,31.645793573896025,27.825307922994824,174.78627656950138,176.67359173414056,156.0276660663232,142.86762635215973
1,37,30.12125483488587,36.16440713268553,26.41235493193096,171.1428305673088,176.00942565988532,146.5092723469021,137.57388875336576
1,38,32.03386161785066,29.84725749027689,26.04438330745152,170.20868300773674,172.46159316319003,147.0347551046174,142.37123146523396
1,39,32.99637895262084,27.961847141695596,27.53723345537467,177.19816230659038,175.10851759285842,145.04369497200756,147.8960231314513
1,40,32.48139853366823,26.74702676060256,27.254574846888495,176.24961113061568,176.19489544710206,145.3311058420189,150.24074175816042
1,41,32.87576691094784,49.18082636373156,48.16261712989534,,,62.30281053451685,60.95250726724148
1,42,32.75767689073395,48.78145734652954,,,,63.19028095552625,59.66139335865709
1,43,32.16374531259414,48.434185150325085,48.989988377036155,,,63.015500090729944,59.45069838474215
1,44,31.56866793042814,49.150472797443065,47.54193051359269,,,61.909576925825974,58.99431765934733
1,45,31.31143609616181,48.480455550968614,47.229300593983965,,,61.12677103259129,60.25215552291002
1,46,31.947828091019844,47.52795934655554,46.22467153921868,,,61.942232601951915,61.06099082285881
1,47,24.479782672375386,28.614894345436905,26.439855363279673,173.88152137335123,174.72967953240712,154.9196334186494,151.180954988865
1,48,25.74975553621284,28.986814025967934,27.254848514336363,173.23200929039365,174.19028959280533,153.07041199304658,152.01533011759236
1,49,27.01448944963508,29.34227419616698,27.199289733033723,175.35058134018297,174.2666845824314,153.1046276630421,148.56610454497496
1,50,28.613498068660824,30.75868346841786,26.6357603642447,173.2630671152014,173.27673850338925,150.49215166507017,147.3976953153018
1,51,29.757183335404008,33.95409204660611,27.0580388983426,174.0204008229453,173.7184743256213,147.8176324551485,145.8294219418417
1,52,28.9717714907913,33.63724686187525,27.685140682764786,175.7623992352274,175.91777236123002,147.71800623577164,145.24005654531172
1,53,26.83134090649295,30.751835699033332,27.96182242531626,173.1961510799163,175.5466773581498,150.56071522626587,146.85184776012224
1,54,29.290162300148896,30.37787805292179,31.05393120208466,179.31233838965753,177.43039401776633,149.8680180364021,145.82133638923364
1,55,21.67449962192499,29.490469296569685,30.366594226198117,176.98354844521972,175.52111660033506,157.31683337617972,147.6415363630896
1,56,21.228061627295293,33.16553397123106,27.393648904518137,175.35882367919325,177.6587050038945,160.4071412858499,146.21699947479487
1,57,22.966422678349307,27.88883200450185,28.254335310539066,174.18098873824397,179.67341302933514,162.28693344247938,153.64691309199415
1,58,24.335491895867357,27.048115184918355,27.5706634271048,173.38713094806846,178.6752451636339,158.77621305972033,151.3826882199206
1,59,24.35203729817094,38.561486223619056,27.02072148882321,170.1232745946347,178.57000735147284,157.7753249233008,143.7586801137393
1,60,24.371944507426058,30.786314936773135,28.581646050538456,176.3137811265534,176.09529001037023,155.16506709192396,139.31433386575645
1,61,28.0355792292635,28.879265316171363,26.74549602249072,174.92066976250686,179.31581250759965,149.5205664122933,147.23686112901413
1,62,30.13213548635856,31.451466515089983,24.328352741435182,175.03590257404113,179.82416810538842,145.59375046077074,146.39618395803893
1,63,31.681337728059457,29.82918480846573,25.141108174933,172.89363729323688,177.69176694284937,143.06697727071807,151.50805120871075
1,64,30.898467922006866,36.533407405650166,25.110336309611068,176.67416427152784,177.37902934509205,144.67178510938436,144.09511074895988
1,65,30.90448786855848,32.53481324951296,28.70474027543322,177.92670353420172,176.668847074793,148.45107194542834,147.06995098715865
1,66,28.428796488515797,29.586536592981943,26.976852866834665,174.6118557117958,175.6163420369281,153.17526520120842,144.68862586414505
1,67,32.33207944163239,25.885501139861773,26.606154136387747,174.12316617555803,175.29176902790863,147.83484050609,146.21572306467746
1,68,34.215421416773815,26.854725963801695,27.34394659669557,173.4844323215384,174.38548032272317,147.10226537673591,152.6358525645615
1,69,31.857457007956768,24.892651523399465,25.66615548279468,171.59410592094392,175.73247538089828,149.71257011600628,148.8637100291585
1,70,27.255058284691856,25.824203451285825,120.43673529946103,146.10709798414376,103.66698491334697,94.20988297400584,125.47175550879284
1,71,33.460238652376525,30.113128348969365,22.110190566047173,170.19191217243002,176.87868263777276,145.68967985829786,141.25917415066314
1,72,33.42299185394911,34.13079791663913,23.899307535144008,171.53006934699556,175.72673809599237,146.95776501720647,133.4266382330628
1,73,31.91775974485798,32.72830663338151,25.354523504232308,174.36114338574026,177.2309241093859,148.97153494370676,141.638300699525
1,74,31.561235848307163,35.02192960640341,26.280815091450727,174.24794674563665,174.620074776902,153.37199946343412,132.6919692008482
1,75,30.951111171117223,30.494983173118428,24.726469466386177,173.11011548139592,176.44572543917178,152.95935053209297,151.27165990082636
1,76,28.820236099795864,27.851880417223892,24.67998353535905,173.78688066031268,178.4134958210735,153.70122907373388,146.9351584579776
1,77,30.80024438872337,32.50777215577449,24.24935370270688,170.6565452531767,179.1685589039538,151.28760258415943,145.85985866906324
1,78,29.62297149776972,32.62549044049104,24.67963574143421,173.58509574311432,179.36192900937908,153.52953806148196,134.840821814997
1,79,27.010306861262844,31.262324601219532,23.212379647949756,170.67114474982398,179.8479267684397,157.6039634877541,138.04960724554093
1,80,25.286279022944512,26.23246213896066,24.04572874766927,170.0557951585099,175.47686667003737,158.93395779165476,152.20483341242902
1,81,25.522592128025668,37.707068624779005,,,,14.45893828942698,1.1684192672897944
1,82,21.92960484419107,42.83916328923393,,,,,11.082466460048524
1,83,19.98223627426065,31.303488159805436,20.5843441672114,172.4713991577584,178.85862869994716,164.45538700130842,139.2675514757507
1,84,20.365125121580736,28.66370784948806,21.635003313928685,172.13354965095994,177.7652593603441,163.28627737177624,145.9459545984879
1,85,41.82384267574056,42.02453186514916,,,,13.045196479153589,5.587769577446221
1,86,19.69316752962424,28.004442585902748,15.870068358496868,172.87399303241523,174.0493984889669,164.49414827725514,144.5820802830019
1,87,43.76850026798074,30.84668073276852,21.81430556700247,,69.40335164012043,80.09025057323296,
1,88,19.320651577495905,28.09119935884165,9.772757280207385,170.63582887555071,169.86183400801565,164.9380588077349,144.3264216406275
1,89,41.60113277092109,41.70452073648587,,,,44.66506998540808,1.8373834336740105
1,90,41.34110922672905,33.86597604631751,,,,20.181129158936407,7.922447099764461
1,91,41.26187741631859,31.94138755565382,,,,19.26029228814443,2.0890067313034906
1,92,42.39957933250012,29.94141765844607,29.08771030207161,,175.00201540601947,15.969936543838095,9.905299915130891
1,93,38.65200140113518,32.69176187084197,,,,31.47601083255441,3.447278414011023
1,94,39.42355102503516,24.91826029782644,,,,16.26443959093172,17.539474202020045
1,95,37.91618152845806,28.90355273551841,,,,16.706144151097018,14.257732359717489
1,96,33.78623698155928,42.310548014617126,,,,,1.1386435535613233
1,97,32.863118244795565,36.92508635948528,,,,13.675926036847528,11.95363996071771
1,98,35.10021070956539,46.94852872100759,,,,,0.2624551319208958
1,99,14.5122240782136,26.746166700103984,17.341641365645025,174.88831926379663,170.78266382348514,172.5068835545442,147.61722650046548
1,100,15.769144360355718,27.40087220782708,13.74929599713238,174.53117696746074,170.87741474690915,168.0296579232556,148.16517720018308
1,101,30.448555552617147,37.823572391231686,,,,,8.978906012064593
1,102,14.887555986520717,25.42442509303718,21.73637007588381,169.05613234037048,179.82749671139842,171.01355556705371,146.12515248893104
1,103,15.65211708825939,24.038958907733186,22.05924186283291,170.2376299431348,179.80552322454517,170.68154361235796,148.90893647455957
1,104,15.511917015807974,22.822329133676515,22.38923686625976,171.78389371580448,179.86477253854397,169.9047637081623,148.87242396299916
1,105,15.033347613717073,23.46239725483767,24.150761980942228,174.6669615453565,178.086697355339,171.7543353339355,146.80937123884166
1,106,16.04887285283028,23.139236309694137,23.041121297685983,171.85773421008173,178.35849743584268,175.98427440391922,147.55485959412886
1,107,16.020429289259553,24.99712209804619,23.95701555582011,174.3214556658501,179.4000830151537,170.02477471650585,142.02011523078602
1,108,15.187136689698995,23.6405710123884,23.9149180818097,174.87131602928525,179.6205984643826,169.30506387904433,146.78199950578042
1,109,14.06038249325244,26.151915431296505,21.564115081717276,169.83342037870617,178.76935423689434,168.7383418077998,144.64123731934342
1,110,12.2244709416922,27.01995320995061,21.170189665895833,171.7400305503089,179.94984843567465,172.74810884289798,131.0647259103842
1,111,14.849177623291816,28.472538661850788,22.27606948078873,171.10723345173503,178.16170642674706,169.07018202109091,138.52602628687544
1,112,14.182460619032067,28.75515641838747,20.9784608322415,170.48378978985616,179.52996196311912,168.55040268378588,136.08882727890446
1,113,13.554837176494376,25.542165793075274,21.413017722718433,171.41318718591216,179.09057768181572,169.31477265929436,146.51044477557474
1,114,13.39539316266532,25.381674339020137,20.527828809400887,170.60653191015382,177.19795336718062,168.7975660167872,148.77687121598728
1,115,11.56992090576802,25.3553598910464,21.09792523428184,176.01837847661082,171.90746728959596,172.68926959160316,147.89754387703263
1,116,11.583721475421994,28.942714358139444,21.120220382336623,174.64141963164707,175.40001293381783,174.57319182098811,144.67735618520155
1,117,11.85101375893323,33.13916507580589,21.380154081943004,174.87662790680088,175.29987488068423,175.44636825405536,140.08292430846456
1,118,12.20408378193408,27.90262614865915,20.16120988985807,171.1378776689668,178.46509011372612,173.815612245402,146.84825469077464
1,119,10.338119543041849,30.46639289312279,22.551396334471622,172.22867307347488,178.78804985952914,177.2547714421109,145.4394527081014
1,120,37.98461742730242,51.67590618109581,44.31686101603178,,,62.16430395139031,62.58723436730022
1,121,36.444617570553035,52.354315376624605,44.60691792167006,,,65.10161122237501,62.34641554741552
1,122,38.53975306059205,52.972780674176114,45.36632770759718,,,69.15900502135057,62.587737610819595
1,123,37.9651802758595,49.3403390837673,44.861654425373786,,,67.40058101625955,62.01749766827129
1,124,34.82240932681678,47.56351629840994,44.86767782416732,,,66.99487658496503,60.073933196518496
1,125,33.893674510838004,48.72426590561512,42.148057412364146,,,63.482864732541735,62.553851367143295
1,126,34.14631545774489,48.187620938567946,42.91578536243198,,,61.29814077532047,63.0509181724968
1,127,33.04349442250249,48.38958796195002,41.72680865666647,,,60.76514303821422,62.61285273873565
1,128,31.11728179513251,48.06675871180079,41.17661817964198,,,59.359412245014326,61.465676666852694
1,129,31.465093818129795,47.580869960771565,41.87662687123531,,,59.67437544937252,61.80390400866965
1,130,32.73702805070576,47.48449524014456,41.603582868548095,,,59.29657213412936,62.609238737151
1,131,34.038393767844916,47.82131027669938,43.91964883476003,,,63.001605208785016,63.62025519650852
1,132,33.719598746622935,48.91161720917375,42.98304738150333,,,63.57481472053261,63.35541872075068
1,133,38.16820437157235,49.00126635974795,47.95825568026155,,,66.15393192329527,60.77346117640712
1,134,39.90637839273527,50.58358267962118,46.44629820678067,,,68.31488230193519,62.60984666842919
1,135,5.422148669706387,23.40044262460758,23.814469218750222,174.2044334997375,174.59074789853196,179.36983888985893,146.89109663222538
1,136,,24.690226196250897,23.473294615149463,172.2120919257455,171.22096205012173,,144.3228875891167
1,137,,26.304979713351035,23.19216863382322,173.0119991016837,173.60008863569672,,139.1408940781484
1,138,,53.76918018346772,24.133434590410086,174.10587698477903,174.56087359035223,,135.54306745247584
1,139,,27.190783753481902,23.967324715254843,176.53201830299233,177.82854970398492,,140.9824478516473
1,140,,24.39560747308849,23.047496274992064,175.93384931417182,174.66323453101458,,145.4498242926926
1,141,,19.571147994093625,20.24214420355938,172.4728468933877,175.3248617460016,,152.00472683837455
1,142,,19.25306587342187,19.721844368773695,173.25233806813816,177.25794009958005,,141.99681573263072
1,143,,20.124430050646037,22.31486282686311,176.61920594847632,178.54261713062257,,142.26447182514494
1,144,,19.34637187841472,19.26792150423404,175.54122612437052,,,134.51136545322936
1,145,,24.556910784232315,21.681943940704148,173.20648501161685,176.31612124588509,,119.53207982978394
1,146,,24.55561670751138,20.01055907911046,175.2063856192823,175.4272340290362,,143.22927044686745
1,147,,23.883015798965207,13.835986818021418,178.27755500024415,,,142.13114139783897
1,148,,25.539427088571408,,,,,141.26306826963497
1,149,,27.047544068679645,15.254694288593305,,,,141.36923602648824
1,150,,25.444155724708672,25.388118175940644,173.93413685883965,,,146.978078277614
1,151,26.410759512916673,27.232296269529296,,,,21.45250028215759,11.658083175951193
1,152,,25.01973498333657,18.69780928151351,177.2593463572794,174.9973287736382,,148.84351662623084
1,153,15.950526801299162,33.53892151595945,,,,41.06776405073285,7.033838696343128
1,154,23.578698158878854,34.1302327519573,,,,37.068428691079575,2.9023605945391036
1,155,24.651909973994066,30.029369577058223,,,,32.819411166801935,5.367565952675359
1,156,2.4856917880947687,18.43377092787018,10.187418766004026,179.61130116603053,173.01018770945072,170.76271548396605,157.68382016425716
1,157,3.007578865204,15.886255082937742,18.22082515455498,178.87619362434287,179.31612667425478,175.75053112611556,161.03560436640424
1,158,37.24502806930196,28.013154439613157,,,,27.55621146372019,159.9827644459051
1,159,31.251262189631273,30.384049633972303,,,,25.9714638372431,148.9469463492334
1,160,6.170302323177441,9.517013175838224,21.586518186548187,177.7803108779468,178.5448678081811,177.66578522706698,157.81884762550308
1,161,44.157888469070144,29.09215273280217,,,,16.437045185009246,163.72919189072272
1,162,29.574342227696807,34.04908553127804,27.53934397024776,176.44661840196025,164.1824012335668,26.43808943991293,1.4807744255204407
1,163,34.306804682859756,31.908275320047498,33.2452638736914,,,26.920476247337117,8.278703772614165
1,164,33.01995975874722,28.019136283453783,37.238260090062866,,,24.122406749145306,15.68115484028744
1,165,29.583105918437713,28.971863582372738,,,,22.561029802466383,9.63416750460972
1,166,33.271528191749596,28.296581026117497,,,,25.236673158044585,150.40866622826985
1,167,28.615183409394653,21.21115151036519,,,,31.14573511664626,166.95327093524904
1,168,25.79766282393765,31.24258153229164,,,,33.68879202060317,3.969370336848355
1,169,21.380981098487876,25.366032162271903,,,,26.13964188169933,154.12947675968667
1,170,19.67470886551681,34.4762616719108,,,,23.14973179294637,4.222261426733592
1,171,14.628355569328455,24.917026250308613,20.58000394010494,173.41594441723782,177.1140005694253,169.06974409357517,141.67412478886797
1,172,14.936363738598445,26.652783234396303,21.74268059174652,172.5650974904252,177.22081550530768,175.0206094404018,143.62324899740526
1,173,16.253087356504423,27.8248594837992,22.03018522516288,175.22831779842164,178.62765661156925,175.10095075039104,146.50956612290724
1,174,14.932692624916095,25.037160323553156,20.681657749537766,173.1142230148751,177.81420188934237,175.2533511066877,142.3721004787823
1,175,18.45789509007933,27.8408021657258,21.03312247940524,169.55752264158335,175.8780542570074,171.8050637096592,142.63590947887948
1,176,19.71966185316953,22.474970517720585,20.90065886824566,171.6649879485546,175.94067152454622,168.44284467124973,152.68208572901324
1,177,20.020957041451503,20.759125831178,24.32635392572382,170.70593436737803,174.35118169774697,168.41097361238835,158.40862347124207
1,178,22.068463666867444,23.014057781555223,21.918654869950267,168.54106092961615,174.36919421229368,164.71833828139174,154.81872486700863
1,179,23.82160472293038,27.124499140168577,20.81703209292774,169.0145035337807,175.22176127662112,162.81796585649866,153.37363250619177
1,180,25.849874972621233,25.44227626143265,18.519619516872915,168.13906818844367,175.9153881864036,159.16993296708074,155.92158077872378
1,181,25.31035375602729,25.22755055549585,20.190485456103847,168.5342622051841,175.40430079084095,160.0243161186988,152.0048040228417
1,182,24.675844681166947,26.399938486543565,20.861062098759877,170.58677342713509,175.78296031792442,160.7756341629604,147.86520461003323
1,183,29.23793101674191,154.2854853029697,22.311957205645516,171.588604223656,177.01897853327037,155.31126121935202,158.09495039592088
1,184,29.434718533061645,25.03033004684841,23.27364145490433,173.31126597296733,179.82896036792158,156.00049312516887,150.50820459225113
1,185,29.934141295206377,25.295490485891857,24.218808068960453,173.22766791170923,175.2711062830113,153.81779977652528,148.88963967490704
1,186,27.57397898215026,22.127681360519713,25.29849325302043,172.61719876994272,176.08222195988995,157.24869991353123,156.34958957444152
1,187,,,,,,,
1,188,28.06183092106516,22.3235870908708,25.296605957891575,172.0188863846135,176.38651310139514,156.21075525641405,155.23573919332085
1,189,,,,,,,
1,190,,,,,,,
1,191,28.593252274446737,23.184842730215088,24.781513118486934,173.45563297817338,177.5923144693245,156.47971867876834,151.62997552151322
1,192,28.52631830277839,23.224136437316865,24.840450525934425,174.15048066658497,176.178038689209,156.57404276487392,151.78582890901038
1,193,,,,,,,
1,194,30.23682795507411,23.14049106569977,22.99280234654092,172.3870824882273,175.20237957513828,152.74796651858512,153.06925617991493
1,195,,,,,,,
1,196,,,,,,,
1,197,,,,,,,
1,198,,,,,,,
1,199,,,,,,,
1,200,,,,,,,
1,201,,33.6065736886097,12.075150993813228,174.5163509442172,172.04871277494146,,
1,202,,,,,,,
1,203,,,,,,,
1,204,31.643180305566887,25.677764072095556,21.91495506482872,172.76506382115153,174.79903120557069,150.6138215881907,142.46902141705894
1,205,32.327355437112296,29.073981205176818,23.22599272011244,173.84116144089228,174.89287235295882,149.23560661856325,140.4670377194121
1,206,32.036858746277645,28.81269269917246,22.833456054005183,172.99952990670764,175.74958752866047,150.40695478803207,140.34230952527724
1,207,31.24112328485074,27.502515372954026,22.49479257965082,172.07237542930022,175.35192872524726,150.5750627639003,152.3277126517889
1,208,32.5544092232453,23.76756583488213,22.7080126664778,175.15647689671323,175.45039360961712,148.02862189624992,150.18862295866384
1,209,30.762746249266,23.011838374771617,22.13058124515707,173.10655148540985,176.6587955886669,151.04055060674156,158.38000541301017
1,210,30.2261125441652,25.077475895203975,22.949249406797264,172.78971152324988,175.88084914875856,152.0222347775499,154.48908255786728
1,211,32.07314609145964,37.03863545494041,22.76698724043196,172.42582413593237,176.59200489676329,149.73390680566476,153.9973575076287
1,212,32.29378185113993,46.60365093004454,22.9044644774443,173.9392775036154,178.85701262728642,149.56004515967118,142.94906969465202
1,213,31.33348301215864,34.32286364025733,24.232677324069492,173.6856681337189,177.57302057945506,150.47016420474475,160.27071750746092
1,214,30.675681529788125,27.08239234030013,24.95681856072537,175.07370696373732,176.13930046337438,152.73254149293643,156.91574283914588
1,215,30.90576901256303,32.98859717437032,25.710242875129836,175.4361288870759,177.1620733339689,152.92776402594183,145.42282704366264
1,216,31.27583118065754,22.431363408556063,26.03332121961403,173.49350986852264,173.84728499650615,152.2194031986317,159.7992465316549
1,217,31.337358272963048,19.243490977545903,26.433812681087804,172.27313101782548,173.20469258935222,152.22975275007914,161.50458660862077
1,218,30.454234999323543,17.54592502823739,26.522154596320036,172.3523212247708,172.4998069939554,152.47510362008097,163.98332092606833
1,219,31.03008237837599,21.74716592260165,25.749273568453223,170.9574190552701,171.76868764373796,152.18279364676155,143.55905613224502
1,220,31.89705949606974,22.50387479303458,25.337080830995763,173.69945413688222,172.46800290438168,150.82710071045514,134.77601148987773
1,221,32.770996385732346,23.260387416316256,25.556850784025123,173.21139945191467,173.9113022488878,149.48247038343138,138.39921141014682
1,222,32.21480762996609,23.66803777111195,26.13219994636446,176.5721586692807,173.80735203127892,150.4915061685608,148.19338558461143
1,223,31.15203957571204,21.672015771889168,23.81890823951214,175.27449608923067,174.62160463887548,150.86738645337888,154.02395566016514
1,224,35.14478889686052,24.40881425042776,,,,19.2579794032111,16.55789922088121
1,225,,,,,,,
1,226,35.90288038395307,25.75882099039572,,,,12.02157414604415,23.68486888702589
1,227,29.221828031766563,23.71522105812843,,,,15.71147162254773,22.184716324259984
1,228,27.028859653840723,27.804047605919287,,,,11.689450618782631,18.50159665129425
1,229,31.035386598871607,30.450518792295547,,,,10.75789422853554,14.931311527682222
1,230,29.01291569768133,23.947814340085287,37.65102621818334,,,10.668225060920175,17.231427809606366
1,231,30.930079996398756,30.89468846656874,25.916207935067995,,156.54756376070168,9.527229834183808,12.2684492134155
1,232,26.946500803999108,30.96043549588335,26.06461229484456,,,18.81705086582544,6.32263035566382
1,233,27.990091133443716,26.013393091318317,23.006496997481342,176.25121963705,,16.882689583296948,13.608445543460798
1,234,30.83929476030966,25.369102409572307,28.676781901302455,174.68314865933104,179.444565947266,18.759494241268744,16.011485390348167
1,235,28.975267523852867,27.554555192437743,30.13800404878946,174.5667215599153,179.96058575069253,24.934581445931105,11.835180999887516
1,236,33.32491534555146,32.15487152801021,22.927624275053027,,,15.491262153390812,15.361752626546451
1,237,35.30127763499979,33.10971928126723,27.223029440995735,,177.16754822048128,6.164187646957238,13.451307133268545
1,238,35.86588596143724,30.284832652859535,23.15814437477673,,164.70457334910165,8.88150624947928,13.502065672182823
1,239,35.3227217414288,32.88912817358393,23.40994423712787,,169.81474060150697,9.841217652808288,8.738192956338972
1,240,30.576378167462003,28.122596656333503,25.32276021162716,,,12.712266061439998,18.11370297412424
1,241,77.6167283828539,76.40770853127843,82.83254873664477,,160.14607276208346,118.92967130630976,93.64709321372844
1,242,71.93272267164879,74.02342628356918,80.60396130121119,,156.90528125581656,122.04021818901874,88.19480793555378
1,243,27.992580605021043,25.291853600865903,33.18819857910155,,155.3662164669062,11.451984841008787,20.201755666540446
1,244,25.218938235968313,31.650592328607537,,,174.8184121049519,23.901170851358916,12.4676100903084
1,245,26.901944822035823,32.25681268083937,46.14420551767506,169.1724693355754,171.04745146449577,21.862461996228575,12.33224864407454
1,246,29.544823781850777,34.13710150651571,82.90507145774602,,161.4554053154672,15.784584943903424,13.573430254710573
1,247,39.84719723332638,29.49276757756908,66.82238484217633,,156.6308479554207,11.402884531936872,15.29453930180145
1,248,24.712504986733528,30.32944990851165,106.63205008218232,,126.5232252985635,13.105945544430789,11.215208515000118
1,249,21.499216085582283,31.45040092694597,117.0499611394158,129.13152566717525,145.77588818374898,17.63962855104263,9.12514596427704
1,250,18.11930421768824,28.452881859953177,,,,,13.74847044275334
1,251,14.41439132535855,24.11869672060839,18.16497878637904,176.56664781711407,174.5916265842875,172.54965251732602,142.35211472003382
1,252,34.812182107297495,34.23730968670155,26.262600206320304,177.07480107335076,179.05974886878093,75.83639599197299,
1,253,,34.36602159887464,0.63857644288967,178.00704340421962,159.05997681980202,,
1,254,23.61007385746419,40.34954652361943,0.8792399193255444,,140.45186933587743,65.49528306425645,
1,255,18.3462989792852,24.77018998348238,27.86143258952741,178.81342771147794,177.54381071933437,170.53862188849774,129.16662579111878
1,256,17.163708794629144,35.6985818299952,,,,131.70873819048973,
1,257,23.08283315562813,36.005646105820155,23.067994096936868,170.6967074115994,171.17858336174447,156.57405984185417,123.38712310241844
1,258,22.607581921252425,28.89603964745672,23.40853801469715,173.54523210136358,169.57226922142928,162.71684010697462,131.24531519185086
1,259,29.208099392312626,25.234548936685577,32.754983462985315,175.25733399667226,177.06261040263644,149.0541225120142,154.56182394224348
1,260,30.165341083759493,24.272459052130568,30.517060243362707,178.49345778006952,177.67640309656505,145.8590573930523,155.07431029941745
1,261,,,,,,,
1,262,19.41939619425172,39.43906378915299,17.475971622666673,158.5911809377443,172.0866620487547,,
1,263,26.7521655729818,36.8268711793679,19.52504472434679,169.82649234210135,175.82337528984056,114.64245657041272,
1,264,32.30276836778384,35.37090047860545,21.3665955114334,166.2546411650506,176.43650009946333,106.2807469175587,132.27374130656932
1,265,6.846818165735897,10.227713957637182,5.187799415431271,172.8697479102955,174.526987571666,161.02020517717347,172.7966076842027
1,266,30.304615702844288,39.43227430245728,23.077331193275384,160.91144391676633,175.13288025235693,107.38808686289023,124.07124223628335
1,267,29.189372604847858,24.365222525101252,14.655672385418416,172.89033475104588,174.21502236281935,176.82283045036283,174.42454774520667
1,268,128.18422933663552,158.43457978926796,32.91699623389781,178.70922747007705,174.4782207276178,10.645765849052369,
1,269,13.32312302110977,129.99286146173108,4.175313710642819,179.58092824786107,174.51552959153523,,
1,270,30.433895314231616,23.908823991276932,31.85272297589913,177.93767701917622,164.3847750836179,141.97470349132092,156.74677631713422
1,271,13.3285748298669,,2.6361228902275338,168.4053528675544,175.17297463154145,,
1,272,12.927462458234718,22.93593273495832,1.9485332088588243,172.55189082190972,174.49992096902915,,
1,273,20.019299806843986,25.521580740988576,29.84788982123289,175.78309656213364,177.38106002190483,138.50332866084125,137.73205398845397
1,274,15.966286436258615,21.309759124917612,28.940814042333887,174.01849398639143,175.07406770044733,99.17090810296185,152.98712157440644
1,275,,32.14937430550411,3.3659021973759513,,159.3448893290225,,
1,276,32.046647695076345,44.87885032848781,0.1911246290405341,172.82911107496264,161.50574245444193,63.27220479747787,69.06619444505463
1,277,33.61262076006533,39.81298040848856,8.146066007296644,165.66156762650766,163.43415169105876,63.17645267356003,60.13398857532384
1,278,40.57275025568714,39.6928750421759,0.433798665225748,174.79861944377578,165.01974269761357,80.87010731053897,14.312782473524113
1,279,6.8051967479956375,31.16094507529171,,,,10.949352986180047,5.735727535170831
1,280,20.887883031654177,30.477315519461452,59.55632188404765,,28.762796417765816,0.469576142526291,4.691461131992458
1,281,20.518987533200995,31.932564958339345,173.50002691927207,125.76631860832768,66.85546506595679,8.604095573250794,4.214718736867417
1,282,26.603225728773715,29.233990404072692,96.50919091444612,,115.73717276831096,9.404362597771648,8.206397344374471
1,283,25.459825467431116,27.887287274389926,62.71082062177275,179.642623856044,107.0004953073582,13.726632586402609,7.725040444940765
1,284,25.975677413249898,24.990754878398448,60.72367726734253,173.21551281421628,133.9956368952671,10.740696834098555,8.318571372476871
1,285,27.165070192023425,25.774594881512193,63.19736453631795,162.309427797013,147.16259156379706,14.06475896983877,10.797836593908626
1,286,25.63312268185332,26.44842606774943,,,166.38637497235678,13.32586543365121,8.80745956437548
1,287,29.12583952338934,28.3700614549144,26.402559493105144,,176.83996202171286,9.969018450598524,4.9888855872785784
1,288,26.79302739847786,27.429086293925824,31.921101125072205,,173.81226078909955,13.72506086819828,5.890758199942464
1,289,30.27590274279092,23.91234710611474,27.05350488288887,176.05941958849263,178.66731608421773,10.25368212323867,10.997604090756557
1,290,32.53148250201532,26.78165392610538,25.112819580891557,179.14401365411717,176.07412532751508,6.754231530603331,7.7629265966613215
1,291,29.960150859176785,28.426293082870163,25.33335770429342,179.96336012617653,179.63363288762434,7.164113656794101,11.294778509337345
1,292,30.52514574233302,28.830373563290852,24.535446316084865,178.83273450982526,179.79437269983,7.3937074701876755,8.42610860364771
1,293,32.19760757089495,26.995366970435853,26.511947721154662,171.70162559529476,174.59856813096226,6.5151230150178545,10.612095326203946
1,294,27.65441268656151,28.79053789481958,26.297133677529377,,178.89645036580677,10.036739370998877,4.101905507418085
1,295,26.4317083097404,26.90376350726156,23.330716905026016,178.89224170782836,179.2322611709769,13.057968751442786,3.908657427708315
1,296,27.48762238783657,22.09131232531083,23.60431784906653,176.5489394997398,179.08815223000732,10.438411517371303,12.752856921863373
1,297,15.848045499984869,6.251746018594288,,,,171.2278971497169,136.35709738895054
1,298,24.17754676188483,7.263127790933738,,,,172.91738518471945,135.6208682495511
1,299,26.922068665660824,26.92859184416854,21.76709492361464,162.22523143710438,178.10394417577655,8.240122620654612,3.0879293691624254
1,300,26.20464690378404,24.91118775742085,22.88992657564339,170.18086167633194,176.63127992001964,5.580094678775129,6.149813677585894
1,301,29.354518889005256,0.8270842087714876,15.552887973219478,,,170.19107236229485,151.3857506964197
1,302,28.445745308473853,27.949152150126764,23.52897384833909,,168.80726324367512,5.4847673297877995,4.375482936903742
1,303,33.85992696788322,35.03978845913455,9.220212890760871,,158.0387345479785,170.97396470906233,109.3572852644106
1,304,23.71149484700018,28.646261363277688,9.374468505565584,158.084225504296,153.55577285743672,168.86792682772167,169.0002391094981
1,305,16.253149031672407,30.967457864510756,9.096071853577476,153.1209759917093,157.71229212010823,159.51939082745028,178.97843903592965
1,306,7.011651197930846,31.45913711766652,,,,146.39414722722677,177.31689356660033
1,307,1.3229922341817355,32.32006943507098,3.137082013904177,,,143.43548950594771,178.39270631243767
1,308,31.20110146193727,40.80618819093939,12.659344169585612,168.47067395090525,172.5829402657206,11.52362218526932,68.12095139674682
1,309,,42.92095289023422,8.142569770930264,167.66860959910085,161.67700714890142,,23.794308732032423
1,310,40.40939171938407,39.72257183625002,13.979617255557214,158.97958446998484,165.01659367458154,52.110251028107974,63.7143520160309
1,311,24.23663716530818,11.22659338629642,29.72235732089287,173.45448506066222,178.03065817883652,43.32515147063,90.16764414498826
1,312,,52.59581323838299,21.660523570892256,,174.73078172852658,,
1,313,18.07265098863973,18.06502286048519,31.02305046318566,172.16321605194634,176.63646940660755,170.17914299312602,106.56652811433086
1,314,19.648088520047995,10.532554478690622,31.487957645450393,173.79407728447418,174.51952810304547,166.9800431775749,76.41871811173428
1,315,21.10078777388813,20.1363847537383,28.940297340449497,175.4614273491474,173.79690976938542,70.38659879730906,48.16448542485634
1,316,47.03994074841616,46.28858910442946,13.08548943911248,178.29032989096623,170.36328537972432,,
1,317,36.40931077916296,37.581962398305464,22.55086777783791,171.49970174941262,178.7548540291433,,96.1458326587432
1,318,35.079754535957974,33.67094020395515,28.557699694233083,168.63292037927613,179.26568354632474,7.974221085909918,6.798975008545653
1,319,32.10536122587196,33.14134748914041,29.13086510348676,168.57798630629216,179.51932862192498,7.898516765777102,132.74730144658776
1,320,27.1823866430722,37.1246971655797,26.046277471683,169.90658291146147,179.240218034175,,133.49714521799442
1,321,24.42144279079024,37.00273247009509,,,,35.0897269560791,10.509072597161389
1,322,27.173412750292336,38.026182101487514,29.550208415598973,169.6426771327796,179.12624331695994,,9.389870181397102
1,323,31.847516838725028,36.21396195105708,29.15578978444965,169.64831127157117,178.56085053819652,,141.17537803771174
1,324,36.77338214584231,37.43830860937552,29.29506143013337,170.54399739997834,178.4002664442543,4.624012393735614,140.46936576117167
1,325,39.10825908620874,38.30300397145921,28.641415480125023,169.25363952407616,178.38571961038727,3.1846147494434227,42.34263906854188
1,326,36.39198025843151,37.84585974274356,,,178.4137123199202,6.937647724731646,12.078505684910372
1,327,38.22440774453022,36.99082517714206,,,,5.96857995673875,5.864094018387615
1,328,38.112436660530825,35.85888504667186,27.589954975597003,171.72816313918787,178.5235734853591,5.918146811779096,6.920527299157627
1,329,34.214412947278916,36.87869463821296,,,,,6.317053741622739
1,330,33.111658573867096,36.86689301836623,,,,,6.733354443101468
1,331,,,,,,,
1,332,36.6664981696352,36.46880492661052,27.059472730337813,174.64235043504345,177.8181468084827,,4.471256428326654
1,333,38.903847074081014,34.88394751742269,26.442532545465912,174.3532209458073,176.70383550561544,,3.2582809442812297
1,334,41.779226424399994,33.21054558984895,25.788590732940484,174.73938383483426,176.35027407100068,,151.3265277265638
1,335,43.642122019788765,32.6787006795453,25.010013569149883,175.60594998098992,176.82454494318236,,151.23593024603264
1,336,41.421300775772,33.97794939625318,28.227221433289376,175.609374018541,178.11559245426605,,148.7718061597856
1,337,9.359338564915932,43.09019173283886,34.83633178450316,175.27495695062436,173.9487734433097,168.19142688380197,62.35524203841165
1,338,7.907270939795799,,33.734172135279486,175.01534879290352,174.47472557259522,164.52565484102496,
1,339,4.973151462809323,,34.352852488965574,174.23539449920185,174.69016256936771,160.09849190712313,
1,340,27.30329624414987,36.70800132690173,29.29944763429085,176.2790897912345,177.92954100770638,,141.26475394846756
1,341,32.85292384999587,36.56185103639059,29.984816591527355,175.5230748728562,179.24411395800004,,143.22977253663842
1,342,41.70810737306503,35.907389516814774,29.611107048632174,176.98957598608348,179.54286904596407,,144.2240761873714
1,343,50.184514916199,34.73145758679868,27.947555489202937,178.71822286073336,179.0972532227369,4.545062377703991,145.17181710121335
1,344,,33.955461951506976,27.948076398593376,179.4350436103365,178.71117009286928,,144.95657336999705
1,345,,34.05996878490212,28.214450973470928,179.2522784537067,178.60522119845854,,148.92301536383263
1,346,12.852138743783922,4.951455640379425,,,,138.32655370519888,
1,347,9.181558228579265,4.417046188600587,14.22589829291096,178.63504902136117,174.89845944866414,126.70193141358509,148.7194674790617
1,348,10.911436579593936,4.526160289758939,15.573680139868404,179.44768496969945,174.28980489431865,126.46350277727204,150.83679125568614
1,349,14.612714352281754,4.8586456132770035,,,,135.15919295482016,
1,350,,33.369178500827715,,,177.71003391816066,,150.66742987895273
1,351,,34.645866988676346,29.484259554624604,170.09058126185738,176.7465878759001,,148.87819594131113
1,352,120.08448668078104,15.927717398349683,30.20274534508433,171.82736032005653,176.0993854603159,11.0996413927784,24.87608644275068
1,353,8.20285245795103,4.632632476551808,25.969716239411028,179.85540762978226,166.26796785389456,141.25150866512055,140.23552121963198
1,354,,37.72425798747759,33.55753213800725,174.63674773620585,174.3235077366244,,147.8344488237476
1,355,54.89624954763523,40.666631883426014,25.911876372429397,,174.84963785105737,55.979538445771894,135.2660367928067
1,356,33.327722701719715,32.39034351910727,28.496697278399907,173.79661276237158,176.8272318568071,2.3000347555416885,131.8993744719626
1,357,138.22210131045856,14.42606832113932,27.70204032620872,175.98397487903918,179.99331966262713,11.77312388037218,161.65544272146053
1,358,5.0411487705984275,20.344590210105057,20.12319357483437,176.15932244846556,152.54645178589155,139.99533896273925,178.21079453291463
1,359,,,,,,,
1,360,,,,,,,
1,361,85.14529457863924,13.76407129672332,28.26594828031964,166.917383605661,175.732873008715,3.4292494526646164,168.31901185375114
1,362,49.171831277122834,35.36601718133337,,,,38.293845234295205,141.23098513408013
1,363,23.499483825164717,38.39189608689858,,,,45.24418248547917,108.20571287501672
1,364,54.68734820230148,15.174331549444814,,,,5.465934818822752,162.47964843038824
1,365,,,,,,,
1,366,27.33028159354905,15.71146752562034,28.56843496005731,168.55395383404218,178.97482756212975,85.20823716900172,159.0180800341352
1,367,1.810963706314079,1.0940295118623042,11.332669322973592,176.57726394694646,167.0362288203036,154.60074000348646,159.4768046099175
1,368,,,,,,,
1,369,,,,,,,
1,370,37.05052780656894,33.74178142600477,22.02757099219931,179.4006237964184,177.93712742391398,,139.62781955877347
1,371,43.345626362111325,29.47959610696795,33.24988602208506,174.06060719682517,175.81363296615922,5.7561338526505885,149.64665424234926
1,372,42.594926960767154,33.263504266220586,27.56496055303137,177.73243004348635,173.64806727220298,20.245113792172855,132.9627065830194
1,373,30.930627779574397,28.877711928290015,22.283650305099787,176.91202401529384,179.91591480517607,84.57080999261053,107.90218544948202
1,374,12.18853910077356,30.086582702520513,33.20138021299165,174.80334426702336,176.8615274109393,63.27670224370385,101.5091254376728
1,375,32.92944439309266,33.882479357150764,15.65659209075712,172.01875652444772,179.9164034990046,93.06401629371864,106.215345270411
1,376,34.13201060939457,42.136656845286666,16.98456236061694,163.39853756264714,178.26275134064224,60.51450515244764,
1,377,5.292692409705325,15.066276213135684,12.986655427253408,178.02093391031397,160.95218120651174,138.13857561197236,163.8229794676334
1,378,,29.903177380167943,22.58167365691928,170.8795637415301,176.03132464625295,,
1,379,8.53674027138426,13.006234913060752,16.770822032318605,179.13935942803653,162.94348739386365,130.71723306861605,129.46477430634988
1,380,,46.72990215632592,2.2436865856346864,162.4162191861529,160.97397351825865,,63.4738716396903
1,381,36.09748697344115,46.297132661495354,11.05123296975092,150.54033807791487,160.0469291162127,54.816522663152334,62.57423934731958
1,382,9.687760089355338,8.59553319734428,16.188029761101692,177.6873566094209,162.50366045424056,139.5013772466403,163.3217747154063
1,383,43.5146161016598,56.59425550319117,5.530399175463971,173.06446418034378,,26.37061837079577,20.021951301359906
1,384,17.793507302647548,6.70722044518392,14.668218695068203,179.72908966774816,168.53304411482708,168.4207978290297,162.39602416162816
1,385,19.28553890779385,7.4480555858800175,16.05720029754621,179.176002336301,167.62264613183532,123.65335722891346,152.86094632105613
1,386,17.644295499158574,6.664220045692582,13.502011907381195,176.6464081368483,166.70950102478608,170.17149743501926,150.53753815841227
1,387,21.005259217266705,7.5195175170544655,14.00451110156802,173.3562235972187,165.9066879557101,,159.37071689972575
1,388,21.776927583593817,7.93726214263537,14.140407900427912,172.7554902180243,163.597451897244,,159.54792012198752
1,389,21.428231766749676,8.935217684722918,14.093740297068296,173.1239802885315,165.79917747351269,,161.4398424036301
1,390,22.98409158897861,6.961326972322973,12.747653016196884,173.89117875516646,167.30384757429906,,159.67337071305258
1,391,18.749920776457685,5.812172497409753,14.207954778751024,174.4572653442114,164.55177029981138,,157.4666773824823
1,392,22.936390073704167,8.953359238989147,14.568664971216748,173.216078301492,163.47906109890351,,160.34444227707868
1,393,21.725256371918164,9.378301102895149,14.128295928022704,175.72954756698704,162.98766854323287,179.33439854309643,160.18355935813923
1,394,21.462008769824187,8.463062553823006,14.16048172831598,178.63675359112978,165.3221885983846,179.777017213123,160.38856181966435
1,395,17.13990682134233,6.418101843179657,13.90343900709409,174.7840796213419,159.1497501630713,165.96345539474086,158.28409192669153
1,396,10.689864366688573,1.2361113855855612,12.76230716688204,172.27543328144256,158.83780046403055,159.23818335684416,150.8891177895905
1,397,5.488011932110719,0.0171794643540486,12.513690900945653,171.18227086317967,160.00040641569234,152.18373312672628,150.3774455107036
1,398,9.033063239835164,0.6851582925086876,11.013772601250752,171.9501333627348,160.198579814742,147.9405198369457,152.9471504104112
1,399,10.180918568182982,0.3523570767209967,7.770951716922816,170.98138992641069,165.8303959572199,147.30705329807384,154.07564636761882
1,400,10.676764684429644,0.2679176224303718,9.138820734572716,170.3905141715146,164.962079827402,143.2938385803344,152.61580200969618
1,401,12.390507190456908,0.5950991140880908,10.619019147879976,171.28564355660396,162.95179093197297,138.2571950561794,152.26551796732969
1,402,13.261008438094246,1.1838548158622133,12.65420660743174,174.8071839684901,163.035943131174,134.67517082932167,152.67825470662171
1,403,27.6314007196968,35.02770078445968,30.667874363222065,176.7742715160242,170.23914397755544,9.819134720033436,4.040844649992193
1,404,25.340676394087673,32.48355324829246,29.561727352755856,179.7340058681406,172.01513307514753,11.934543459112293,4.172390502262239
1,405,26.40438118217988,30.54142488848708,28.976937736308702,179.7743797614223,173.44183970162118,9.759570344519734,6.0501736674046125
1,406,26.385935411686056,29.51557462446832,28.868591163835937,176.0555296703892,173.15519726450262,7.816060759315997,8.891752328224662
1,407,27.060155460152565,29.852197759463575,25.79829397898967,176.8283595594157,172.7083025259357,7.168208029192198,7.117944791941088
1,408,24.415312817494623,28.750898197489196,24.147846672096083,179.77828418087427,178.93811988421078,9.594245826114498,9.0822066890939
1,409,24.146252770206303,29.554450451941573,26.52357477144176,174.35448165871634,176.3361888437016,8.947723031081319,9.235254829182388
1,410,22.152421077372512,29.15611031953562,22.277341906231857,,172.1840363904838,10.140205160860006,9.181127764490787
1,411,23.97186181664213,31.127026517304294,21.384402449886345,,168.3894149402735,10.333651433165588,7.544063794176973
1,412,30.010692436190496,33.5952035556029,18.75795971617416,,,3.747494664205384,5.225611802713962
1,413,,,,,,,
1,414,13.97833507940669,3.700016032691056,1.9842010450563905,168.11739387202047,168.9185685373464,133.0705280140803,157.74707211226053
1,415,16.460383468465473,4.636892939595225,3.7701867875951462,169.8223355207077,170.27796836772927,121.27427299437257,157.53242092327352
1,416,4.684100942093452,4.732982163387853,6.683384284711932,173.53614797420303,169.92889394963365,143.3311347952158,149.21644159829407
1,417,24.83597746853539,33.09582823254611,28.00757754563855,,,14.157667014962096,
1,418,33.683290270790366,35.14885741361763,1.7370988223165202,177.08913016103767,177.35341453143647,,
1,419,38.14091471740102,54.163580992422105,13.820350047359666,176.07423235934553,,28.653857357376157,1.1508684287311286
1,420,,48.4308433688734,0.022347565338115,159.74038889634298,167.00949992696297,,44.58000505538417
1,421,51.62281029405025,53.244846759934504,9.75338987498315,161.319435950575,,46.69285399844378,52.21701993502098
1,422,30.965569386458803,36.10864261257561,6.099997347150826,150.336205347665,167.7052093389113,38.202480450532285,58.15236193548642
1,423,,36.21651939713913,,,168.3430950427759,,
1,424,4.587192100679788,11.637891686071075,7.01525439157094,178.16866614672878,172.548023806437,131.32714060696648,114.89698780169871
1,425,2.3682955159733448,11.276333295838448,6.630869513787525,179.80307503769376,175.46639506180148,136.80113525508276,150.46797487547738
1,426,30.404067694091097,29.786454437759783,22.2858531697399,166.2048528097564,178.26004150899143,,
1,427,,,,,,,
1,428,,,,,,,
1,429,91.2558857991685,39.67940672675525,4.514664279223936,164.54169661459815,175.60922750706996,18.849766488063164,
1,430,48.024686297714595,43.93650219758243,2.1278911083905867,173.32928475311934,172.60584526142887,,
1,431,31.047421934624055,27.739215748801996,28.53748234801428,164.24412088385688,174.75381707678676,,109.5498014086617
1,432,37.74929147185558,25.49592815135245,28.60728201643287,163.38690398168265,172.5526992354273,16.019550188303672,121.04322412481146
1,433,55.187378817172224,13.402000918250796,26.697299926498285,160.65656706153788,175.80859672599888,12.288266265938102,
1,434,23.01540341636032,34.99345315506291,25.975263452720863,156.86702063035813,174.6766826193368,61.20413271350282,120.5380335734378
1,435,,,,,,,
1,436,,27.420867638611945,27.597264304791334,159.77083708326086,172.67080920469084,,24.617974543461237
1,437,25.988386529764284,27.472980931857013,27.170315560029593,160.7199275762631,173.63139110122762,37.07696098463366,
1,438,24.23724267623933,21.992435354894617,28.55514065141975,166.33969433528245,176.45124820635047,30.607992589258355,69.19673987979073
1,439,33.88945192056305,23.141617244837324,27.33224371183947,165.23563567968512,175.85035226845565,26.84196022786301,74.36066837608574
1,440,70.71404887580762,23.55397985509977,,,,5.816000562282543,
1,441,,,,,,,
1,442,19.549269477835953,15.45631478856264,26.396879291084534,162.52833103898385,175.39993484016637,57.99235490005639,
1,443,17.40915572508106,18.798978170918904,26.639290870611035,161.3725373558865,174.44989842338106,68.63156850357474,
1,444,47.79157422872619,13.43847624694652,28.349144615904,162.79799039472854,174.98345708427465,33.34034108938362,
1,445,26.484871912841367,25.53999118624329,28.236505411809905,161.55950371031827,176.05143469081932,25.550628251494064,
1,446,28.04326731968115,28.394544679531432,27.177683273950773,162.891419332227,177.82238078464397,38.71159636324724,
1,447,,,,,,,
1,448,13.477026744284275,36.94169888337101,26.942895723463582,171.87600930607957,172.04756815280115,174.30580949191173,67.35712635010884
1,449,31.864258760691847,20.56677623569297,28.182290762454944,169.92457205850408,178.60877327848343,,167.18209198900138
1,450,16.300003731349804,33.81548050472317,28.761998041295342,173.86844143091773,165.23478171742426,177.13731176361074,60.07033961583684
1,451,32.213418318043374,26.375008614565484,7.840592117953101,163.57413886111115,176.80655479753656,63.29120761500582,
1,452,1.825091889663903,16.115925289473513,12.57666881665961,177.67199580282042,168.78924796858757,,179.85242462549726
1,453,0.6517589154023439,23.984992636195734,12.389005392101575,154.59000652373933,174.9755400264567,,
1,454,5.206469341135654,28.44896244650262,3.604303788176548,164.42194793125162,164.54130896145742,,
1,455,35.79950579577248,34.24731554513887,4.474385762932397,175.2895313841677,165.8037384511537,,
1,456,,35.24845603124152,20.917007808612208,158.02926493510964,163.91993399040763,,
1,457,,,,,,,
1,458,41.35690071479711,35.38667005151257,3.8086800337974105,,168.64317386842143,50.47981209188695,
1,459,,,,,,,
1,460,,46.19243985573833,,,,,
1,461,,35.297041757703624,,,,,
1,462,,28.055188512229787,,,,,87.86602644334248
1,463,,32.13334461939749,53.49490809539172,,33.53494302028422,,2.7607773685717634
1,464,22.92655721331627,36.43815520868121,15.734260233180052,,,6.640442472716643,0.2999413749289965
1,465,19.084894155332503,30.751206796121703,,,,14.35438793463403,7.848446281314899
1,466,31.606230915035567,26.462611570540496,,,,7.89564692960476,12.683371485172351
1,467,35.219720871937376,24.471306071835723,,,178.4193584794383,7.948476167235621,11.984115579587122
1,468,30.965017358517287,27.742006487959507,,,169.75874136485857,17.423390855447693,8.622447334247628
1,469,40.048472038191136,31.583723427659592,25.738842357436457,173.7768367937743,177.1508901412809,9.275199020486284,4.026435105346811
1,470,,,,,,,
1,471,37.47376831701477,28.746536470245236,22.709163207298428,,179.38498280121408,14.75397836242523,5.593450455803693
1,472,38.42595970111654,32.1294649953426,23.593475344356797,179.6446886301655,177.82642731987676,12.252025547604756,1.5139098987356916
1,473,37.31516921045151,30.796324694638503,20.62734820216316,178.01280522529223,178.03917861830905,8.241701325843776,3.6176740215707217
1,474,37.59279015032329,29.404623940157546,26.84659619074374,177.524539528549,176.26646037963965,9.160757303328989,9.724162062507313
1,475,42.131433206457515,34.919956543195966,18.720125257077022,177.00222034566613,174.2987287377988,1.8663897174546509,8.279591950621857
1,476,36.31436812743976,33.757197198207855,16.759111618157927,178.38610456818034,179.7571455955379,8.437978995260465,6.589822447847373
1,477,28.222834575664063,28.774525548900236,22.313250466154734,178.41158641131165,179.12122410656252,17.51653846723378,2.965716860209249
1,478,27.310314662833044,27.260643164611064,23.88486897931559,175.00062563493125,176.80815640662487,16.026789937317574,4.955625346055647
1,479,26.79352658736116,29.12870611546897,26.199441149916137,178.6595219251373,178.19692130175852,14.507378927763728,2.6596184634296467
1,480,25.382335455781213,28.194476864896984,24.026604681421695,179.6966122120274,177.79721506172012,15.661117947604003,2.8345824714732726
1,481,29.31429072258932,32.2803040254727,21.367374371339366,176.93305200830864,174.0829095330142,8.966956005471603,0.4344132075623236
1,482,29.927593621927432,30.719955028265275,22.85850479793036,179.26779317692754,177.12032743070796,9.472570352374213,0.9860412311358958
1,483,29.25662477380004,27.51734129870739,28.935829842942557,176.53495924661487,174.24174046926206,10.238868365897888,0.881446876165083
1,484,32.42366710367118,27.81106878949608,37.0934633655175,,,7.556782469662517,6.864977972784698
1,485,31.07839033369257,26.420922144269355,32.483953778659505,,174.7607421725566,6.111497209743368,10.778331160438112
1,486,29.35502298200931,27.07852361087285,28.205666077847415,,169.18133352181897,5.444335549762417,13.21842775621768
1,487,23.616861361726787,26.410749739022744,59.93019717133456,178.21867741833063,170.01838166841466,9.293739407465043,16.28422935968793
1,488,27.738546728565364,24.01630951544579,40.05671952939519,168.33786289948324,178.35937955635706,10.44861682111883,18.172465042642784
1,489,28.848147044889256,27.14073206291303,58.429031188646206,176.29780427993612,175.01466011107362,10.268500567581269,16.102801339624413
1,490,27.549028685358618,25.243618941544185,178.43110296772755,,107.05167420022372,10.845375358164592,19.46635346360937
1,491,31.143813167674672,25.610486965076177,,,,6.643439711684858,20.824679735311182
1,492,25.3250342234813,28.0936992898195,,,,20.853769376888284,
1,493,28.77100848409154,29.905350582215465,,,,,
1,494,,,,,,,
1,495,45.87139470880146,43.48738504083135,,,,71.14206046521589,
1,496,53.08787437812713,53.373765530891106,,,,62.33770175718503,
1,497,44.935831538960734,26.81983565844982,,,,59.679357634763505,
1,498,0.0693309454310068,6.479907228300019,5.871570808341127,169.76672903868982,168.64097822401698,,156.68853189949908
1,499,33.27926551004825,26.24512626985797,20.20453923702417,175.0363313744136,174.31022572471298,178.73261114539358,140.7081189185999
1,500,31.793090772517004,26.659813581378614,22.555749731307564,177.3879823696785,178.28569175986573,178.50105478758098,141.37968435857675
1,501,32.54974743661026,24.15714430665857,24.749765218956348,173.12626398953617,174.47793983356456,178.96982301989112,142.02108645723408
1,502,33.318277032140486,21.856216173594444,30.68244271881544,161.73530760753644,172.3885754217037,179.0239991581357,140.19452135563216
1,503,35.87507028524171,58.56296437697191,44.599855198404185,,,76.42010583096292,67.95910105236266
1,504,31.760216755339155,57.022988921064695,44.49943403635078,,,70.68078612171799,67.92324201221803
1,505,30.437360519909163,58.092682034566096,42.09585255044541,,,67.43773796953846,67.93959638526114
1,506,29.56074037023101,55.48514998095929,43.12346841855709,,,65.49354596024965,65.74915578382313
1,507,28.12930711196314,55.42995975193793,38.63435795433408,,,62.9167658611888,63.98009981399125
1,508,29.333039558523684,55.81757053717231,39.33325950425131,,,64.69703987345038,58.65968853720587
1,509,28.53381833826155,54.2510652683109,38.89127895330928,,,63.30863098373957,57.21077035524182
1,510,27.76076969165889,53.25535629058281,38.04994677266867,,,62.30263657672776,55.98852412645803
1,511,27.694304657601304,53.270308343821064,34.32121102749702,,,61.53917185196179,56.07071555894779
1,512,26.662546549542277,53.18551931924257,35.26141998532848,,,60.82237330745922,54.351140937308635
1,513,25.95943598348204,52.722655732770654,35.25743707305815,,,59.67212123522981,51.933972664128056
1,514,25.230841023602885,51.5638900710216,34.47978756108244,,,59.0182490286579,48.919922170641534
1,515,25.005569259681277,53.127491682768095,35.74034900163213,,,58.16289577494144,50.90556437800939
1,516,25.712617142977994,54.307408459975605,35.77470669888713,,,60.07245897870332,58.3680989914528
1,517,25.405739092737203,53.921447351269165,35.70537132189102,,,59.3158062102552,59.90171328296784
1,518,25.387280038980347,53.08664340591429,35.75977205285115,,,59.118274182137384,62.746485645796014
1,519,26.138352447120425,53.37243509325823,35.64419681669157,,,59.71819676469511,63.94838291653027
1,520,26.03081560332357,53.08390854539152,34.761092490209535,,,59.318003068138225,63.85460225745167
1,521,25.684500706975037,53.103336462327086,34.559319387544974,,,58.392707072452005,64.1329835515837
1,522,25.26918000048668,52.89203794069177,34.56375057020103,,,58.33090584759113,63.50935625668748
1,523,24.833067133293454,52.77168839458131,35.5598216145391,,,58.01659449334305,61.16463910391518
1,524,25.02977672911516,53.12718093086178,35.3448833988684,,,58.05091043868484,62.56375919371795
1,525,25.46889271561491,51.91650482390772,36.30136130879848,,,58.99468562955791,63.686864757615986
1,526,25.586798583516465,51.800632980401936,35.57763861577287,,,59.11924316701628,65.25042745012523
1,527,24.56760054838659,51.686322168014335,35.95588239100489,,,58.77978723793783,63.489203288304225
1,528,24.118202650676544,52.48310716116183,35.99089534327267,,,59.03798206812405,60.31407822116517
1,529,23.863152175556632,52.085508216931,35.93099889126734,,,59.10848238219237,62.34451905555878
1,530,24.383691062682292,51.26180052337597,35.079017715154414,,,59.506482010966714,63.33732347402646
1,531,24.110685272070505,51.0781853586845,33.365505083036574,,,58.865140645499025,63.190410656699335
1,532,,,,,,,
1,533,23.744012346962226,49.83737487502988,34.51308737181683,,,58.71804551744883,64.24761770293385
1,534,23.680849387449427,,35.11416215768904,,,58.480869856862746,
1,535,23.741776553596686,49.61468743557406,34.91386991627314,,,57.81043968933033,61.55434750664668
1,536,25.28017544970609,49.581570501243775,35.102835796126186,,,58.94377383508404,61.15317157731267
1,537,24.80291218448872,49.50396226440086,34.506897485431246,,,58.131174241103544,61.20575014656612
1,538,25.17275379848664,49.5125475348166,34.76108211567678,,,57.45273145343115,60.67635239580133
1,539,25.302812480206978,48.75671557969189,34.617978884118365,,,56.98333219407066,59.52253955911579
1,540,25.128484764750965,48.05331293584442,35.259865313564084,,,55.020057476245896,58.12293462229103
1,541,,,,,,,
1,542,25.766914008031524,48.12539608598038,35.872114312191535,,,54.08120160697993,56.94554429194361
1,543,25.165876573994225,47.80254000597922,35.602722627106004,,,53.063882007283425,
1,544,,52.30140915573214,,,169.57861251607392,,
1,545,,,,,,,
1,546,,,,,,,
1,547,24.969029476367037,47.269386340304344,36.02590884231355,,,52.632688664556646,53.18652221339072
1,548,25.324597065869384,48.111219393130895,35.976362086957614,,,53.25616326070853,53.845400509692915
1,549,25.69612643528998,46.59741453189923,36.051853967677616,,,52.48860446881018,55.15974024277951
1,550,25.995449971830705,47.39555106594231,36.833012031401985,,,53.29228097582956,55.61905319407562
1,551,26.683028233841917,47.73989568754882,36.276895024373445,,,54.44798686638066,56.74468957797188
1,552,26.1853996012088,47.97646201452546,35.90726197373547,,,53.26874034520012,58.071752934957935
1,553,26.282560933479747,48.13791333935756,38.909452838676565,,,54.174534025299934,57.95324492022841
1,554,25.714405655782723,47.95597447192298,37.33141687727437,,,54.6022920298386,58.80135185430161
1,555,26.473506752636688,47.268015246475414,38.54438821525679,,,56.158940841635456,57.416088295690386
1,556,27.12126451935184,47.77486187181743,39.08751830811612,,,56.40125956436878,57.103113750889825
1,557,27.40620730832094,48.68838075587168,38.668132414352655,,,57.30473448199529,56.06478134309087
1,558,27.487195316459285,48.11969647294106,40.81833132658402,,,56.64882613761489,55.474142371532544
1,559,27.628911866192997,49.08964331376294,39.66685061277851,,,56.96128664728987,56.80642361146707
1,560,28.344470514168396,49.07216634214531,40.66875444755234,,,58.808776338041376,62.36717064487189
1,561,29.01007508760717,49.74311570656823,39.613079814573226,,,59.47518387177084,61.57234694635346
1,562,28.801845596191804,48.76872510399589,40.692696268720695,,,59.40028583413737,61.07554149517051
1,563,27.745765235079137,48.858665906952346,40.591481802214666,,,58.57214555090959,58.24461381262219
1,564,26.960236619125133,47.704049915190915,41.6529338155141,,,59.08826312440033,57.64683539496824
1,565,27.390246070964285,47.74323327476352,42.69679491174836,,,60.961012784615775,55.96497495680678
1,566,28.72369849114715,47.638413809150194,41.033439138300665,,,64.51368691990132,55.63996867265864
1,567,29.722394929975344,44.91039603901122,41.15744777637666,,,66.04574435914297,59.56488219819643
1,568,26.987627268688243,39.86134708092926,41.78546019062954,,,64.40897640022341,63.002901265948715
1,569,26.67437713174281,36.59782607765953,40.68189850637787,,,68.38912769689409,68.48385179163051
1,570,26.2335490155794,35.6697001545698,41.98594256129963,,,65.9558942880745,79.17363958786858
1,571,25.69668443753689,31.91289994318305,41.106442475905226,,,73.95366508332387,98.71337029198826
1,572,24.45321734904729,29.490438746639622,42.52061120101504,,,81.41580136026452,117.21933864665912
1,573,25.242640178393177,28.26013219869619,42.92270973482256,,,102.84158411943676,134.292199947189
1,574,25.55072934638275,24.74699896077887,44.487319329742085,,,126.1782263782602,150.76338289279565
1,575,25.125675372461824,21.79926455751822,42.86194855599741,,,144.02370026796444,160.94640164580534
1,576,24.92806386165167,20.393605715199516,45.87113870640977,,,157.81705576576965,172.9979092596513
1,577,24.94516423346896,18.873973547050017,41.59840363321326,,,171.8659583213323,176.05582855126968
1,578,23.407227437523176,16.00975756144385,41.25344595721177,,,179.79655539541898,168.05319360076274
1,579,20.148046775666987,15.0659272833302,40.25683575920223,,,175.87209503573396,165.20957929902983
1,580,17.786231237579628,12.743878409089357,39.87751254110851,,,174.01956563733015,165.0334203570605
1,581,14.707946237548844,11.618046346059248,41.106902105667935,,,174.82032669716,162.71032462478024
1,582,14.347802732322773,,41.6264146375787,,,172.59772541646095,
1,583,12.828841880623076,5.767632921055355,40.20513216409378,,,178.46816998726078,163.8010888580609
1,584,14.143232337049753,6.688615009859889,38.57090829292157,,,176.1036715268096,164.41240911709625
1,585,15.094620239313892,8.053580772120325,38.61199487038482,,,177.56318262836814,163.3386158359749
1,586,16.517378441601057,9.914341562978152,36.700972199967765,,,175.1706820311491,163.1891309992757
10,0,,,,,,,
10,1,,,,,,,
10,2,,20.470628277116987,2.238096138702209,,175.35986792317755,,20.21291905241463
10,3,,22.925807006815347,2.7652973365098523,,174.97924767449993,,15.902995216540814
10,4,,25.33763420086501,2.5335333994361533,,174.27214154429245,,11.334634389847896
10,5,,25.611202301917213,3.306377686728852,,174.48360997894133,,11.4109425789068
10,6,,26.239617015931778,2.9093336277234454,172.13768557350556,174.4954032129877,,10.411591082609826
10,7,,26.800176665306157,2.781688256623188,172.49259065622064,174.25201918088612,,13.26977956498556
10,8,,25.75566820221144,2.9948333824026827,173.1417547251778,174.08220506063722,,20.703708881917525
10,9,,26.17233270360791,2.7101572275064276,140.6603359859714,173.6359617328914,,14.24350063965287
10,10,,27.26239997771845,2.821418398929465,138.47102524149952,173.32343629266558,,13.64430455204615
10,11,,27.3241789534624,2.9367076692965095,,172.4774029176274,,13.212500006789629
10,12,,27.787339568801936,2.921222480816291,,171.76173902866873,,19.287076231952373
10,13,,26.030523352873622,1.9263922195884395,,169.33142454499176,,22.435313614808138
10,14,,28.040769928973237,1.3516337889225771,,165.39572839734305,,23.16024554195496
10,15,,27.420481058383604,0.150299231137758,165.86683063427208,162.25561803348225,,24.244725298455194
10,16,,27.47639554587554,3.6284832705511967,166.3544665230555,157.2358985854722,,29.184306633794247
10,17,,29.01791566528039,3.155328956201762,160.07117582019418,151.21463320974493,,23.209674586739357
10,18,,21.83834774158334,1.5236719258601972,146.46641004598482,143.6446391725996,,32.73004856836761
10,19,,23.449849453379674,2.886331357628512,145.85218819091364,140.70981747105114,,37.62584779228085
10,20,,20.430291607298113,5.392838364072539,145.14452075086643,136.50834191375432,,83.74874643187431
10,21,,21.950613714052867,7.262465845777471,143.1093167950986,130.8709119237867,,22.69327718438467
10,22,,22.15779733153723,6.465609358379348,135.134405072282,124.8389063084082,,20.176839887420183
10,23,,22.59300091882322,6.716303073657286,,120.11728994024932,,20.332934343365068
10,24,,25.71960867080454,6.613758016616867,,114.53021652146684,,14.37335331094407
10,25,,21.83793856584201,6.930834446301204,,109.86419533617595,,26.68743022529968
10,26,,23.98658880075372,8.77120428802372,,104.07256835107611,,27.37380013508097
10,27,,21.75652480179997,5.775143077562114,,99.66841779511978,,32.08507486409795
10,28,,24.09485752695834,8.947822285073016,,94.08694782173907,,35.16318911275065
10,29,28.041038048350856,24.521503440433353,8.485895063363733,,88.65414337118354,167.48362704542922,91.44054127551472
10,30,,23.767609541100285,9.73740662374906,,84.35341084629204,,73.45869317031978
10,31,158.52382689421808,22.4953986980104,7.985697131485205,109.95918079493356,80.6789407817342,168.27490376085288,50.64595951851576
10,32,,20.792102092925777,5.963627566626414,102.9871201091291,76.55352332384484,,50.19474494481572
10,33,,21.040878279530904,3.774760182120942,95.16308562329851,72.51854734499321,,41.05836722556904
10,34,161.61325222782392,19.750392462089167,3.99749848678944,95.07596133152776,69.17408995070366,168.4452602573949,46.78808926848956
10,35,,20.98820204638239,3.1350012828481493,92.87296670356773,66.0298915958024,,51.985886159164345
10,36,19.396071813953885,20.935135052572413,3.80672297748801,90.60290774604412,63.793928262611544,92.60762674490952,56.30761224160083
10,37,22.92946977569054,21.124676882698193,2.514231074867309,85.32194886441768,59.42272611266993,96.50268031398168,55.18842685991091
10,38,29.91825733457783,25.7563624867251,0.7467603230897931,82.09979438328392,57.21222176740282,100.96660903030062,51.04803726729079
10,39,30.655732535629237,27.198123191394583,0.6588653209658806,80.56699781255193,54.58933681934872,96.52863945291116,54.195348267928345
10,40,29.821748321702184,28.739796897528525,1.1768942450778983,76.80021786154487,51.804609191310945,90.84714996836465,52.153208814501944
10,41,,25.384714353239133,0.3253444195862203,69.59095519372595,49.81282807689741,,60.58381406908744
10,42,24.243219834610965,23.312155004307957,0.2034286316353087,67.74600226684477,47.018600203526866,75.59616782285939,57.53680290983618
10,43,24.486633273007055,21.32180519023315,0.2163183215205958,,45.82093865870723,75.14376832627468,
10,44,24.962911355395793,16.361864629601747,0.6995202453295626,,44.77044209715823,76.6617089758881,60.302432259890274
10,45,23.183967977858508,20.10522536293328,0.5458321533706993,,42.633872605192046,68.48955576158652,51.04945478958283
10,46,19.39240930979693,22.90705272922526,2.4616947823787823,,40.8781108204598,63.39062519086429,
10,47,18.82071982146044,26.082794699256365,1.9595791657955544,,39.68672523079219,60.1926612284325,
10,48,20.36988033421159,22.360872656138625,1.7385490535085637,54.693664240386,38.67257900679863,,
10,49,,20.813833420519085,1.7694219615989712,53.99271712487803,38.38837148110803,,
10,50,,19.22135474367218,1.0405889732232,52.59021879373233,37.26645759772675,,126.99035275293588
10,51,,14.71720227746144,0.4270945746376619,48.04247688280745,36.59600736043296,,124.87511036744895
10,52,,10.970270364253183,0.4335116065984186,46.78649389577871,36.13499385378676,,122.56953415795206
10,53,,10.98636687201098,0.962107808506492,41.52893523982709,36.04091480719225,,118.75090301945522
10,54,,10.37439862372752,1.077854315388855,40.929893503917114,36.06804346577907,,117.5858468771294
10,55,,10.62700886886438,0.9102842455258088,40.7821292873932,36.008455597648876,,115.58509242933437
10,56,,10.27581015497473,1.3109037415909672,38.34769415643953,35.76979450771642,,117.07633137403234
10,57,,8.962221682965072,1.7213275085434916,39.73795104554825,35.66259663866696,,117.32500561872968
10,58,,7.676171685871074,1.54817454479887,40.2564115155538,35.225655010149445,,115.387110924297
10,59,,5.822597857231285,1.6595038035244485,40.48694501765701,33.393391343766154,,111.60431452149268
10,60,,7.217110996078695,1.9483183379774385,41.94044011400835,32.740852413760635,,114.8059174783168
10,61,,9.886489063278011,2.1122410710811845,41.001173507413235,31.785291517401618,,113.80754956403396
10,62,,5.994022161220051,2.1175219729525683,40.53681433479792,31.780216216929652,,108.72845604368987
10,63,,5.918159672891001,2.243153881664895,39.3281014420385,31.73285588284601,,111.9388000357204
10,64,,5.291044581116442,2.115748676918878,38.86225392905096,32.033497586633025,,108.8666731823078
10,65,,4.017126729405614,2.278500552813924,40.61642438333282,32.12721025517146,,103.9151705192851
10,66,,5.491220938366705,2.495865758886413,38.773674636073984,32.3481890823703,,101.59083560106464
10,67,,7.1016765271713655,2.214705285231311,42.77959346642629,32.02541774504622,,
10,68,,7.729715151669515,1.7726002281511102,36.65655084298642,31.182645579805108,,104.8602820166588
10,69,,7.5574580582643,1.9133519792403424,37.34894984096254,31.934487080548468,,99.37886059788292
10,70,,7.614788275150731,1.9491101685613623,36.34897969299031,31.53381365134012,,100.40278981801598
10,71,,8.77919246175882,2.1116408754571,37.78989297204071,31.83933748646941,,98.7770832732018
10,72,,8.251559219610526,2.766305933746142,39.35259756848683,31.82297855374224,,
10,73,,7.382512489577705,2.5360280115895946,40.74423036320691,31.96559605020431,,
10,74,,10.689118980111314,1.4352249925868696,39.58251873416507,32.30641165760713,,
10,75,,7.965367687954479,0.1869928329496999,42.88053096594721,34.09983917413334,,109.5717609248665
10,76,,10.574661921699969,1.7842559054640683,41.13883059665296,35.07839222371269,,124.0471316292018
10,77,24.537549037518374,14.902462452612305,1.64887373782097,53.5192231628594,40.29412460103006,65.13997919804386,
10,78,,10.305641620937449,1.6824258878333131,63.33138959019721,44.88740015590114,,113.24845910451938
10,79,,20.21741436549847,0.4188041319616615,69.58678211472304,48.10487160176014,,60.79776533587491
10,80,,22.34040839162699,0.204105516129712,80.52041188574859,54.90131793708556,,58.59216733418184
10,81,,23.9953916924656,1.692017719540083,81.84147534765499,61.588204044630835,,62.730671442347
10,82,,8.35937138008554,4.269011224568858,,67.69548586325772,,120.52384790870951
10,83,,4.879092431904153,5.489088664373652,97.42302857970024,76.02728444289087,,101.77478064663713
10,84,,20.470078835552194,9.79286845568854,,80.99280186326602,,48.25233844881902
10,85,,21.604711438066612,9.08151499835608,,89.50047433735033,,36.602940362413214
10,86,,20.565484083442623,5.557447239195408,,93.95862189635412,,34.000997131331076
10,87,,1.5565679188862211,7.962829213364202,117.68394868241676,102.89495652068132,,112.21361458950608
10,88,,20.659881042422327,4.02896602325191,118.23360929861622,111.86130946502392,,28.77021479750604
10,89,,21.127540782375306,4.19191039134257,125.43990202092893,117.93113158005548,,29.661986042836755
10,90,,27.19914644161872,1.717222207557462,133.34826643542252,127.09831348157262,,20.759702689045653
10,91,,4.899681114899237,4.393881780975276,146.1220323043678,137.01704197128475,,110.45355043748351
10,92,,26.271780677044912,2.18991014187947,151.5845672752619,144.22840924592197,,24.59325436806875
10,93,,27.876510382472553,14.262630412166788,148.4846061189531,152.96498454728925,,22.605199509246248
10,94,,30.017669945236268,10.283900735505208,143.57304211637273,159.57499421906306,,25.246168217203863
10,95,,29.52596844848704,0.2319236279176086,171.6684915271455,167.46183186461468,,23.717730554296335
10,96,,27.72749889972695,1.554301820596566,172.00785079587376,172.04845837075138,,14.445526125773494
10,97,,24.36532859249805,2.6840588388318016,170.84847781182512,173.65318391101633,,8.73927218384272
10,98,,24.254108121988104,2.471028810452835,170.24631358316043,172.17508274015654,,10.325658316301809
10,99,,23.44920982640586,3.3706070513363047,168.81154934791547,172.2943382820507,,1.7440252326096497
10,100,,24.569346764309454,2.667978848717172,169.30757416531654,171.38435289484846,,0.6551335499350411
10,101,,23.248770315139065,3.3829582973162684,170.0498885056855,172.15045599214247,,7.596470300538609
10,102,,22.16758938985335,2.8536696553488032,135.82531528247594,171.4847567632864,,14.640116486504208
10,103,,22.662600191773347,2.7538582981800652,137.29875775255107,171.50481001066763,,12.64767898896941
10,104,,22.45678785813263,4.180061665373694,135.66138810734674,171.34174111888316,,14.568484594087604
10,105,,23.75250375279873,4.244202070128056,135.35005062933348,170.95627622080391,,10.663837824986672
10,106,,24.09355644114043,4.795081452040156,134.71746834057458,171.2830667152636,,13.3485810828933
10,107,,24.755988574038128,4.123101488598592,134.05670987816666,169.639773473803,,9.59872869894083
10,108,,22.06996565618757,3.929441503448435,135.52602171749703,169.11335921532032,,16.5504410881014
10,109,,23.14764231843209,1.4715742693405025,167.62750255741082,165.3676769635032,,10.405139122075347
10,110,,21.5355259603235,1.1520855377585035,165.0756666582921,160.1771223180536,,23.118354419755256
10,111,,21.126682227470425,3.824518134864273,166.8457450726926,156.80067274325273,,29.60855147209884
10,112,,27.143312578119883,7.459461074709994,166.8846722230574,150.75756038139622,,12.644731325222288
10,113,,24.106869585415147,2.0490779883860255,151.3003826735212,146.30686742798937,,36.59242347210869
10,114,,20.46636965002804,2.8049801224944746,148.37184626903382,139.1357615439414,,33.33974460348437
10,115,,24.949701920784022,4.511471813539128,143.99583461744294,133.514786267722,,24.484164693355133
10,116,,24.815910758298557,4.649999587050731,137.5230858302659,129.6052449673454,,23.91646546962617
10,117,,22.75281821940887,6.495935614155015,132.92934392665768,122.85178515583236,,20.408045312005623
10,118,,20.173676588565435,7.284524679363336,127.18015420107594,115.761284221062,,32.03690069744012
10,119,,21.83066538479937,7.130249975195665,75.69306568644359,108.6532846553363,,4.077493886465179
10,120,,20.693404276305124,7.22740607589509,,103.25560834856935,,24.201438074303635
10,121,,21.077728806148976,7.241802273508862,,98.33548445959732,,25.658135730488063
10,122,,21.138616015206672,10.450045909804627,,92.512048401675,,99.96801114183432
10,123,,21.716652708043625,10.400215861321485,,88.29763327683804,,90.52959137427014
10,124,,20.810336293162337,9.166322189664324,47.76139726326151,82.16783155802571,,63.71735169484821
10,125,,19.384684709467884,4.599622265037602,,77.6954412250705,,71.73384873912289
10,126,,21.074663439554687,4.259190076201647,34.30096480155236,71.84177349368177,,78.07866481315187
10,127,,17.789088540694493,5.097124042911741,,69.11342258249829,,111.1355206330696
10,128,,23.99711345081208,3.886610927364361,32.7176653872034,66.21305433658166,,47.88527342141078
10,129,,24.34845311514619,3.035913959812075,85.41976445729762,61.65792726879691,,51.215431237972126
10,130,,26.38098141877214,1.559192643885409,78.44101290558983,57.40792096414484,,54.09879146306244
10,131,,26.32743191529286,0.5567790069864667,81.38355494251576,54.51226870676803,,52.40859714327462
10,132,,26.371583345161717,0.0688483415630569,74.56666987749924,51.56331734793257,,51.44843214674044
10,133,,25.8033728100316,0.2747008884225096,71.74318773119364,49.228587216349,,47.99871474619223
10,134,,17.617080329904486,1.018694754319838,70.27269194292622,46.624301526128214,,45.34758073379044
10,135,,21.987710736476597,0.4097047185841606,66.59851715395389,44.53656376403024,,42.665119588993385
10,136,,24.495838352560643,0.1934842039457775,,42.01382376595568,,45.24048124424733
10,137,,24.518835924268533,0.4430578247049355,,39.93560249343335,,40.87919057127786
10,138,,22.797688050379637,1.2093855110403962,,38.59550073434729,,42.0185619809023
10,139,,20.13076233260825,0.1949529999632475,,37.6142659454897,,35.84726474912007
10,140,,19.872812766868435,2.3367884333488287,,37.33310792219313,,32.87668564330606
10,141,,20.33096143154201,2.0677752236817293,,36.376137422402294,,38.11859252385103
10,142,,21.177336346203067,1.460312702412246,,36.79134442298851,,41.08819060199186
10,143,,19.947011530446805,1.7495925142581288,,35.8865940444133,,
10,144,,16.2318779533827,2.571044142304764,,35.81307234174736,,52.1691911994552
10,145,,15.877767843589629,2.522611455015527,,36.56155463874195,,
10,146,,12.53706923588036,2.2008076162148154,40.701113582443206,36.205677744135095,,113.64456041846042
10,147,,12.052421428018024,1.4862850595724848,40.43571973141852,33.224809847776484,,114.76114030442176
10,148,,12.97191198598567,1.610246166213234,40.16640362650126,32.74554212628985,,118.3111571694206
10,149,,10.738683582125956,1.6246949022960586,39.69609981833804,32.30108080346876,,119.95279859025752
10,150,,12.931766598621898,1.5072015144966393,37.06750771946067,31.88570547906519,,125.42760312019684
10,151,,11.110834735968506,1.3451867440523246,38.55411730886751,32.35227871141972,,123.00730372810672
10,152,,10.524740331252469,1.1975219428371948,38.170950584487024,32.610730988471346,,122.61922744334773
10,153,,9.870143978720709,1.0049726663498733,41.72938508629046,34.510894896457216,,123.47155562830152
10,154,,10.560380718007416,2.1099908341125437,45.11791296832165,34.823176224019065,,124.72269451350286
10,155,,12.043138931084227,2.1948044714905297,46.03912674106051,35.8515444441734,,126.32610456748402
10,156,,17.135551218849358,2.2238735387029167,,37.30299531274389,,
10,157,25.979968536053136,16.097959862527752,2.5946725701581195,,41.219282209556795,69.49131243201577,127.44065062417648
10,158,19.196085089713826,15.1340699374263,1.7357368333892635,66.72615672820848,46.34600589590092,132.6839457697007,130.47553318392104
10,159,,17.535775740433134,0.0472312750197795,76.62567822188716,51.93728773623648,,130.1145380732975
10,160,,23.38216586936471,0.2656621047137564,79.78814056665287,54.51669893348719,,124.4767128132299
10,161,,23.740721035526967,2.7271037672780127,86.85084724553994,60.92090581938189,,37.388749550057874
10,162,,22.98458275387062,3.9315837062043992,89.2735408849772,64.9182820516304,,36.138252127303474
10,163,,20.275566184059496,2.88299564231277,93.19617496478664,70.80416174230766,,41.64378026633445
10,164,,21.7674151231088,3.3923157136813185,,78.28242192132541,,71.68328872136564
10,165,,20.82881990328532,9.791342126068344,,85.19634147087466,,93.97646859084152
10,166,,22.66679503500335,10.256536264325367,126.54673836980996,91.88205731201002,,129.89296359658613
10,167,,21.331494842417133,7.108934143005292,62.188173007864734,98.07235463813656,,19.76118601842138
10,168,,6.32496739990036,4.5158134549761355,73.35000356144542,106.96935405983253,,146.49832165724948
10,169,,18.514608594900317,3.185017135311537,121.99721078303097,114.31926773405104,,92.04406915976249
10,170,,21.13304391153159,3.4690899751463515,131.42868950397434,122.11648993197728,,49.11433625333771
10,171,,18.711984826455144,3.365095387311307,139.46885031929872,129.4412510733033,,94.4882154954717
10,172,,25.59676462804172,3.829549453613207,149.38848524226898,139.14620459561846,,24.111926827053765
10,173,,26.145175663004142,4.417752124924609,121.09067986215172,147.8167796298268,,11.346177989348378
10,174,,25.458713639174377,10.006722016459788,136.4955660185779,153.28158341707055,,20.844509184256847
11,0,79.47705133916617,42.50880358160435,16.137454529108187,178.3842237504597,172.63695399641242,60.077357195837806,159.7683568967627
11,1,79.57607143268436,42.379438194746854,16.171699028928796,178.3708745796224,172.54759512517876,60.38492209321709,159.83372127046636
11,2,79.60658858471237,42.430588518093494,16.42392925918487,177.76849680781277,172.33965680504622,60.451074491749495,159.27653229890467
11,3,80.5381078864718,42.81823827786456,16.32580805124755,177.86646851257717,172.742987102954,62.35190262923139,158.60070518239635
11,4,78.67296328009539,42.28277225545438,16.001635845548364,178.55449959540968,172.71834645482684,60.152026529915645,159.81014557663758
11,5,71.02650819073779,42.8226573951489,15.714200426980046,178.3489784907186,172.24693483132603,54.3793536190563,159.001960460321
11,6,66.6791048023609,42.82955800318686,15.95714507473479,177.56570346845257,172.08502734976497,51.79078249638302,159.5358398482766
11,7,63.988979246175184,42.83521420819312,15.873933776173802,177.90461939832915,172.21833591150914,50.87986950266147,158.91329190721413
11,8,12.09004007539158,42.28358005613245,15.87103994588323,177.5118819109165,171.11137516997786,25.86546011114813,160.77872015891774
11,9,10.48887320219646,41.66490054784887,16.41909071449448,174.5268922707478,170.4827884651479,178.09691297960313,161.89181560485156
11,10,9.733156346280603,40.8354969596497,16.840219222309432,174.1895914743153,170.71305244860318,176.18029278171105,166.86231130057115
11,11,11.830216377771825,41.33161615844445,18.021896276078156,170.20299200746487,169.58893197937766,,163.7961987432478
11,12,18.087399940162495,41.14370201211934,18.878301142364965,168.59438886504662,169.19079295565373,26.492574871440524,156.34329558855342
11,13,15.86386580546231,39.779887100106215,18.89835961625152,167.46142968105778,168.48594048881802,,161.95400546488275
11,14,13.271258273953825,38.44722367622773,20.211129924037618,163.89102218534805,166.10696256940494,173.29408259415436,161.63267173582116
11,15,12.605991411736936,38.3831548685535,19.3735337839766,164.4836868626155,164.84272853915238,171.26782658853895,160.16749419036887
11,16,12.149894828079065,37.10563500498704,19.673473294269815,160.1415830810975,163.33357546388473,176.7297889068394,163.80780297929678
11,17,9.236455502047145,36.74761045373539,22.281519764748957,154.99495839935625,162.64870777441578,170.28970049624283,166.0959998584748
11,18,10.320167874426607,36.56939759615483,24.55481082729914,150.43595274994743,162.03763228889048,176.4277378965847,154.47545309695624
11,19,21.339197479378782,39.41216739052713,25.837847812633175,145.50892452918256,158.48434759627122,,165.86012343409325
11,20,25.36283738333382,39.176505115484815,26.598617968561452,141.73006926217138,155.4525111594278,87.80044761088648,168.28280511164238
11,21,22.052361569281317,34.49808501060915,27.29107874315297,138.6158350378238,151.97855807731463,82.89118018322712,165.7170799664468
11,22,17.85552112323182,33.919009702384706,28.58869099495297,135.55136755319825,149.83561980466828,82.66819964773595,141.36640135773348
11,23,18.57918070445278,31.164572234305357,30.203981280678164,130.53878258452824,146.48611884413452,94.2130754453896,167.2293261984504
11,24,18.77475142788851,31.338942807986413,31.7187798944747,121.20346975761936,142.5512730919643,123.19387433435382,164.90222363458778
11,25,21.382528141155753,30.13959542724828,31.24162463911371,118.1904406546146,138.83273667367342,145.4667645549514,159.19405104169033
11,26,17.893875434046155,27.7316195082093,31.447650783801308,116.42180215223344,136.29182801745483,131.2649882811244,167.27284405084453
11,27,11.875806515392911,25.026737084593464,32.6561422756114,112.70736187365006,133.04537779884365,113.08698502417904,154.13318368277493
11,28,36.50532537648305,23.88743777593959,33.374285156875324,111.36929079303152,129.9232514537463,167.27320180291065,149.35927753021835
11,29,9.550267005868314,23.00904303095757,34.20107863982154,105.2215431201793,125.85262841607464,91.4025931093186,148.8601680130851
11,30,9.340717650563676,23.57309734743571,35.1223948765012,104.77336581184156,124.96014793703918,87.39707862679367,153.58344724012494
11,31,7.265755119743058,24.996404349133115,35.32710578815279,103.1225849175489,122.87465473214309,77.30253214382839,164.59122287811329
11,32,6.098042281414977,29.48082205768643,36.296708477884394,99.40351738952675,119.42085900844909,76.94338393170757,178.7691638836006
11,33,6.862457337045479,27.69498544452301,36.88135044737408,97.6588785840413,117.49696753596146,68.06198506487227,179.82038935446613
11,34,6.816498423770935,28.603349860918353,37.89760797506046,95.71079404713934,114.1431064376962,65.95244791218853,176.785264210171
11,35,,29.12834282496192,38.20226099893186,95.7704665707353,113.76751299716624,,137.9993339366413
11,36,,31.107437829443494,38.75023440989859,93.61605262733708,111.3222708507412,,148.07788264942118
11,37,,,38.38398771618258,88.70688761668862,106.15155387324516,,
11,38,,,38.917404707835665,87.42207798875597,104.16657903416504,,
11,39,,,39.00654590734904,84.46926389930152,102.66077854639174,,
11,40,,,39.26673524212528,80.56638351932162,100.24165464506667,,
11,41,,,39.60513555757653,78.38131430038915,99.87911108484816,,
11,42,,,39.78359459791516,74.91973911291439,96.70197198395046,,
11,43,,,39.28275037196491,72.28582746484807,94.02351033673808,,
11,44,34.03030678118376,,37.726020542725784,66.46570656831842,91.59514493564858,,
11,45,,28.6018465181988,38.09262649319944,64.84935473418406,90.09471919041177,,
11,46,,27.904564941266873,36.304678653225096,58.510198286006286,87.34092569251325,,
11,47,,,35.202878465804815,57.818841650947256,82.05407680114125,,
11,48,,21.348878697189175,34.21765138233065,56.04436942833297,79.73648925189885,,110.37703270726452
11,49,,22.56026708403078,34.45915519834106,59.04544262896126,78.42468063492286,,104.38205984604345
11,50,,25.59891186642513,33.97710986732964,55.85349627964631,76.59253749045018,,115.70263407598765
11,51,,24.728516733197655,32.65731521395631,51.676485159152655,73.76710012166068,,107.66414824840707
11,52,14.810717083965695,19.677928299641636,32.25156008143473,49.915072721798566,73.10144286373641,119.92382511878388,100.34087092820606
11,53,15.382784618129213,16.882816701771127,31.07471852750495,48.599809226166045,70.40658200833938,123.3650436779986,105.77696769927948
11,54,15.617587476702893,13.158206685381696,30.75950471080463,49.577464349151654,68.30810700103306,121.1716201023956,104.1309781095144
11,55,,13.88284230618327,28.992942594895236,43.6461071190853,64.64392545683855,,107.5665277189748
11,56,,24.126110827242073,26.619796761509296,46.132467107880125,62.469441389259686,,113.11136254664645
11,57,18.400343715558083,25.97408473610021,26.771420315203876,46.64986272362645,62.122835859136664,121.47826418877334,105.39074163820447
11,58,17.509004741723572,22.77214942879852,26.937612721249028,,60.33679474282715,122.55977560532617,124.49726511534298
11,59,,12.482533077223676,26.106470067602007,,59.25263465986385,,110.08646121454852
11,60,,1.42578434774683,26.646644923802967,,59.53245482067578,,91.48999969841232
11,61,,4.786483842901242,27.33069056378152,,59.44210189113667,,92.57161064160536
11,62,,25.43615648305496,27.154829075202137,41.75421898813977,60.00010022269336,,117.18957710215078
11,63,,26.98687724823013,26.25307660595466,47.473046250102485,60.834445848434626,,112.21821901961069
11,64,,33.46145343227194,26.36216833362145,45.89927102773503,60.89080702079878,,126.55198920213964
11,65,,30.673675782542677,26.97659338654571,42.24905094997214,62.317389014116216,,121.90225215030388
11,66,20.881579286555144,33.165265328841905,25.78429675326507,46.81173016710525,64.14892748963622,112.88122165413112,118.14743561083704
11,67,,26.404529850342417,27.143761717425036,48.66073382450372,66.68214097309338,,100.95832833750764
11,68,,31.325153069465507,27.571609960796973,51.07135222810927,70.5513147255543,,113.36975104624914
11,69,,31.340006369225193,29.1552575413516,54.58149039155742,73.29024498447289,,118.10367635414067
11,70,,30.47730328695028,30.686399122042772,58.799831206233414,75.51490193825552,,111.58446687091852
11,71,,33.66017839201122,32.12475586480969,57.93464639344063,78.5072747554764,,127.55949633842448
11,72,,30.756438612819384,35.856403544365946,63.46865237066975,82.51162192054893,,
11,73,,24.669874001046985,32.67804499136193,62.370825045381395,83.13531620430946,,129.20165239857226
11,74,11.260944957848343,,33.81471116245945,64.15361677509618,87.15411125831844,,
11,75,,,35.905946522047735,66.47351231175826,90.88045684582364,,
11,76,52.846501921090855,,37.86417304601737,71.54032637434317,95.37344077770958,,
11,77,50.49824685431303,45.55816826556608,38.72225652849613,73.7258352366522,96.48653235802156,,
11,78,36.58838319319267,30.84495135315397,39.13276111797924,78.61170263699556,99.17675880304792,,63.9291979101733
11,79,,23.73231148947704,41.030762608604675,82.17800128970725,102.7308797063324,,115.48103634345507
11,80,,28.76029565291321,41.6775076834033,84.26206182111541,104.93427174683266,,
11,81,,,41.26309488256587,87.192396805908,106.21480211589484,,
11,82,,50.668362899247384,42.135897653878544,86.71870110920094,109.22665473848396,,91.06735112316083
11,83,,55.20840775833682,43.13142266547105,87.90695214914344,112.56105244046309,,94.95732145526225
11,84,,36.823342307979985,42.692208373412235,91.06718526636462,115.11937341661296,,77.10713588200727
11,85,,33.324173523887055,43.33683257930193,92.2514484959249,116.89692899803823,,75.71618649090931
11,86,,37.28593115898549,43.90024542181157,94.12822257984404,121.3849826664755,,98.55701947324911
11,87,,30.896862587357425,44.324170925503125,95.1980046914705,125.1394337622892,,85.94630365591262
11,88,7.540074442021674,32.91388166247884,44.084303883621395,97.70303187086228,127.63369167885531,68.38720812849908,83.1887127030946
11,89,11.537913625992251,28.895285087507407,44.08370328274555,99.28595579528486,130.3668606202655,79.17030868190237,72.22917312659496
11,90,11.25222286518208,26.856900786161397,44.708574751575185,99.5783170619026,132.967225197512,76.06671644005662,72.67059259020111
11,91,12.784874408818514,24.55771305651492,43.943341384148,102.66204082813222,134.34014408134306,80.57775315353152,76.36652886070556
11,92,8.922548578856063,23.703363249742285,43.55332700833089,105.89722769345023,135.55284408651605,83.06595304714683,50.65409412421645
11,93,11.505331051336947,27.585038358024455,42.76056358358997,108.59805286201718,139.40411014037213,85.66735212679477,160.86051119356972
11,94,,28.975208715574755,40.80629386460731,110.488418908573,140.61164387544778,,
11,95,,15.7843188322233,39.51724904516545,111.32980165223884,142.8710613283269,,89.54305941527788
11,96,4.677248556289015,29.08758672542332,38.561879467107985,115.89265482961616,145.49274532536484,108.06730150986124,161.7083530526355
11,97,10.83923876266426,29.553134364002062,37.03285602075034,119.6073882501495,148.00444329253176,124.15410193840124,173.7846475331191
11,98,16.723035068374212,32.16331820058985,36.058561376796064,122.77640059336396,150.22422625239943,150.10080471735455,171.74498847647322
11,99,17.067321217984844,30.25721469187675,34.286230004894264,128.6316010027955,152.48391370528972,122.97574210365154,174.5367832597354
11,100,15.771434100068875,32.52299120070934,32.42637260374241,134.77040925720323,153.6869807625382,74.56899799477051,173.7777899761255
11,101,21.616891175067224,32.45349138836803,29.91426423138524,137.62559097895542,156.54278954354072,84.35487386437315,163.35113858965576
11,102,67.08918644825394,33.75686309706058,24.783955213258803,149.46351453231935,160.61550757432826,59.51383650760464,152.89385573215122
11,103,18.673415907270694,34.30929672654207,22.560572848977397,154.59487831069725,162.81899741754077,27.74729428809554,174.96156041329246
11,104,76.12287004254098,35.4185969759111,18.7584961187344,161.5008285644684,164.25387379063864,63.49852463162696,144.2975088496119
11,105,70.01322571217183,36.990668034466474,15.654791549398215,169.13398253910515,167.73722707025044,61.461984100687786,117.5113287711576
11,106,61.9419849975348,36.53081178701173,15.169825003362252,172.627726875264,170.5745396964447,48.67923805512041,141.12638181104148
11,107,69.75116996940768,37.84088334815474,14.45006179152621,179.79616319827093,175.6404044840216,48.01350463358204,140.9700138923405
11,108,72.83615715357611,38.64663211196616,14.81170079648458,177.39930481081856,178.29912348026545,54.64344342782754,5.104430125498277
11,109,72.42535145237518,38.953699602920715,13.872040142772075,173.70495975205583,179.30301933937773,52.21661658833071,11.16318873933982
11,110,68.85124715182017,39.51477225669831,13.446851228574888,173.63496562081846,179.4974197269911,53.663757327333904,25.37562266628665
11,111,70.20149562989437,39.10854133935559,13.327065671355678,175.58764074816932,177.93132727689832,55.54492219414548,61.46182701415636
11,112,65.54335276486822,38.900791804199734,11.936910843071706,174.2891814331831,176.51360467908654,57.05139650765692,145.936134372884
11,113,63.203578507757626,39.525364925070946,12.214102115307403,175.69403654875393,175.52206275475322,54.979660508946985,144.96189465202377
11,114,65.3092750929065,39.00242777038708,11.55726247377464,173.93637495516364,174.53207764266554,56.192028526117966,146.78296575290577
11,115,61.445922488291934,39.23367684647046,10.6434471031286,171.67427123549413,173.45159891239643,51.88344136515288,144.5144791672848
11,116,61.772627632929485,40.06140740676993,10.152091361491532,171.96065332776158,173.00098584910313,54.80582998509893,141.21879330963293
11,117,64.23778511989643,40.88073233208635,10.04008007173996,172.25784435702815,172.87708129763055,59.32504345431458,133.6584512624457
11,118,63.57937019315413,40.362526137715065,10.355419839886494,173.09668963318745,172.71901517141282,59.1287933347882,156.01503080831307
11,119,65.13561462314013,41.02477407116659,10.08889510780235,172.61446274393157,172.3353193838391,60.49477681507299,133.12440161636482
11,120,69.04697264879341,39.862542307594246,10.20932566771618,172.74352612034434,171.8864235975996,62.43970960105998,138.04152136364874
11,121,49.661144177991815,39.0938548143919,9.562721589792233,171.19899580413414,172.0159499047132,49.28188354884635,139.1977811910888
11,122,60.5825528841671,38.930807737419784,10.161030062714678,172.27770255802227,172.539972330472,53.967192672430016,140.248702258546
11,123,64.7062861219808,39.94020209913645,11.785204478005609,173.05205185425604,174.14339427933456,53.763300126714014,138.4301052467339
11,124,67.80524918776544,40.02752259867117,12.061936086894908,174.1835816859327,174.16286010865704,56.28356543642459,137.81765305323216
11,125,70.26720603062039,40.50233123520401,12.49730790336376,176.273433087766,174.21685766514014,58.73502255666131,137.37846144468085
11,126,68.64293743565358,40.90851640368877,12.429845943094303,176.3130913727939,174.2424829197603,56.748138367683545,136.4034773383018
11,127,69.88472837466676,40.62175741748776,12.138301913706378,175.8148491440484,174.30505410015704,56.447652758940634,136.6822534939796
11,128,65.18164661137284,40.02664213727406,12.576294568152688,176.50435070027606,174.11248920503445,52.410381735379055,138.13882433016184
11,129,59.78055399129161,40.10672512606704,12.1906967328746,175.58129186626016,173.3610470935232,48.78465325481394,138.0473675345614
11,130,58.868866500491535,39.674889055699616,12.781277481846198,177.404258283349,173.80268620125682,48.94022521025996,139.86870071933726
11,131,57.189821374288584,40.03238753649334,12.701469978350818,177.93441924555557,173.7102772914823,48.05185710229665,138.30551908879926
11,132,57.5309578896635,40.35943207190937,12.635988101817109,177.30456374665656,173.4340873441962,48.9557455241128,136.34264739591617
11,133,65.36563484259489,40.6071338994631,12.958312386974768,178.05570183815428,173.60132391289764,56.70129713339439,134.6905477475495
11,134,66.6433801690177,40.59214725951274,12.79225901992618,177.55508159332632,173.42655993950788,57.020996866837905,135.10810727826274
11,135,66.68596675155146,40.112174147126254,12.570679682306356,177.22289499974934,173.1401242890779,59.112727317410965,136.08269221813782
11,136,64.7429885575929,39.10345468029727,12.495528913913192,176.38204574466326,173.2773573032011,55.34996256195832,138.46980582393934
11,137,62.80855716046577,38.69854345952706,12.991221303121398,176.8391934164754,173.1738029296762,51.15490841838659,139.5638328677776
11,138,57.99365661993359,38.36822224196572,13.366078248683673,177.13577737450643,173.72686485993518,47.98239173202586,140.69697278720614
11,139,59.65589480800898,39.15018145995755,13.74026639520511,177.9848098761517,173.98955178109955,50.12196009252846,139.12056298251537
11,140,58.48455578122207,39.29613461296378,13.699681105120748,177.6165705147008,174.12024515797367,50.41437168501939,138.8232352377444
11,141,60.15302418647448,39.12468477024653,14.423659547629205,178.9143138673589,173.81067290957623,50.85093242050735,138.8188017596792
11,142,61.25928538057581,39.16952794882235,14.094630742772171,178.39756199602687,173.6303663340149,50.79638681693056,138.62283890018233
11,143,62.57362643800804,39.29384117996288,13.628147454886824,177.9277517261961,173.32170291964337,50.80521089132485,138.41121062643015
12,0,75.4406619880207,39.468385893296954,13.339816344470083,179.10320563576352,172.9815515630358,67.16023223866677,135.7843195553578
12,1,75.49799014890957,39.48360157004996,13.331222218075313,179.08281578165742,172.98536904466872,67.21084889698632,135.77253669669278
12,2,20.91259469171136,13.6989460981414,21.29154026215111,173.25060126441008,168.73259449794423,45.253080571205714,48.99826904243415
12,3,20.76218923069582,13.75005732760315,21.935183560200507,172.5974512935053,169.26749455677674,46.40428424870944,49.204544918394056
12,4,20.60624408109376,18.299717682672252,21.96764799324598,172.40074789162793,168.93045422047905,46.390175655029125,45.8671261404232
12,5,21.66484585244463,18.494693025392085,21.497153868370035,170.84093076838383,167.02988160430678,44.72801784311611,45.36261835819505
12,6,22.842883211698624,18.697087950746564,21.125783251496337,168.84230650831984,164.9674972288387,47.40911735974653,45.17449355363234
12,7,22.15626091935498,18.417810550041185,21.402275153777264,167.47029770614134,164.3648453702881,47.06513734786512,45.866453990593094
12,8,22.046730594475367,17.24269246436261,22.4011104732796,164.9069172695898,163.58037285234735,46.98039280147894,47.21040827013334
12,9,22.026037684664814,19.63964291686302,23.31186769552033,161.6798486951759,162.43949550820986,48.219566854324015,45.90599874073637
12,10,22.465310503363312,20.048219369825173,23.332427982502917,160.1447876581613,160.6878303196571,48.802460429009734,44.85340450341312
12,11,22.085828548779375,20.98674449880558,24.170739817220483,156.60073727891654,159.17698167405288,49.2669462092331,43.56357046869059
12,12,21.304140842897787,21.567973088316037,25.112856501336417,152.28277176515135,157.56525708192208,47.248488182661994,42.714620151650486
12,13,22.59484096577549,19.51742397097338,24.681498801279353,149.1639709503104,153.61156137528437,49.58524798726651,41.867363633745555
12,14,23.97223190955498,17.938153170501813,24.505215284933627,144.30200013548964,148.70779208435164,47.09329714152746,46.39332993179384
12,15,24.517964267061128,20.950702495978227,24.60676071034997,141.61113064783476,147.00637438730914,48.06724013894664,44.46299158144591
12,16,26.346351306151032,11.290781065361632,24.491333858961315,137.7885833395278,143.61606568525906,51.36477091252004,52.341481051410575
12,17,28.841926896598913,11.185756600441158,23.107401542429532,131.8932142556416,138.6580692693558,51.57685234571887,48.782975448664914
12,18,29.55588628484639,8.686567647451737,21.734777761350394,129.5106045553997,134.46046573267765,46.843065093600245,52.39916578620502
12,19,31.16476574272012,9.777515920040027,22.98118723110622,124.42933342501593,131.6552162018741,48.29516764628933,52.40034382583513
12,20,32.24953571479377,13.069026604788831,21.903054489309778,118.48048294276802,126.90929412456268,52.69296274266849,48.668746589727874
12,21,34.62291097977125,13.145234775928747,25.14440401479594,114.5790829637923,126.9158534142316,52.180403031567494,50.5937957851496
12,22,34.9489472039589,15.302419117297855,27.529509147075142,110.68946028016376,128.905498082574,54.28301113902536,47.437576935153864
12,23,35.39125276046249,,28.22242587447436,105.69306109496304,127.4050518412833,51.66774686262207,
12,24,38.67475158923984,,30.62477519004432,100.10225150105,127.27983760616232,50.868561199824576,
12,25,39.88377639663017,,28.141332277271452,94.13898429487624,123.24574823112266,48.03605192889042,
12,26,41.1047633807848,,30.476998178212344,90.98748462979395,123.08088024426034,50.24496994491334,
12,27,41.29739642876632,,28.988300395883343,83.86485445373134,115.38793412748208,47.38960194594404,
12,28,40.37225588979411,,16.51935520724322,77.36993686480994,103.21856078191324,45.98141264049805,
12,29,41.45037011778014,,7.529909645727364,74.61181590803335,93.5863316138322,41.88290288468491,
12,30,40.923473349610134,,1.6570289066803243,69.95259857256204,68.99098072510137,40.431445618200264,
12,31,42.302983634100336,,6.50074179840207,65.85883531619602,82.89802790677824,34.855919466287865,
12,32,42.77537557775887,61.22357522000562,3.0679001228981058,61.32919739923051,82.77190200637095,42.52698553025126,116.61594170224504
12,33,41.04618871752211,,17.86555852517827,55.92825809814422,97.83269629744008,39.80076549694132,
12,34,42.039065491070254,,6.408621243921286,52.41910883347995,82.00050335518691,36.43185209653892,
12,35,43.09733205349662,174.8683932080448,,49.7572959504111,,32.9207364230528,90.49175019609189
12,36,42.226103592427016,,10.319734252374747,47.964692880313585,35.283933470808044,39.08418376114806,
12,37,41.1182717544343,,,44.28332340387965,,38.858721009817245,
12,38,41.74870512747885,80.6642233387934,3.4664403884312325,41.774970404797834,23.280515322765176,38.80367510683826,169.48081383292205
12,39,43.60118685273008,101.68722574156364,1.0982709078023414,47.58398606063003,20.9789769313303,37.993610325228005,164.4912806286289
12,40,46.347069968405954,118.37842692298987,0.0267068818656522,50.683397458124205,20.939484702058873,40.80089779599447,146.23831563965234
12,41,47.100600967806,,0.1715719502022577,49.87805837083132,22.795496409436055,35.27513448109822,
12,42,45.13049579308904,,0.6808740306096636,45.808651432231905,22.57156554973392,38.67813421043132,
12,43,42.62913103662654,,1.0824813635154782,43.81796574489461,41.595938071830616,41.50157955983089,
12,44,43.249223855642065,,0.8279547901171534,42.54766497081385,42.32707659819004,41.04053739492707,
12,45,43.45191840580885,,0.7392627291526717,41.669239793594144,39.90132408537587,40.25859233199958,
12,46,42.15296117308068,,0.6676664189233982,40.652841614088096,21.71991146273395,41.39013723359304,
12,47,42.31509903859963,,0.1657051716085225,39.99651023682198,40.30712826114823,41.35157220791292,
12,48,45.91466862682606,,1.050788940569458,42.06429740418388,41.65916088864201,41.33229710766059,
12,49,47.2501766528344,97.64668213819807,0.8579976179271798,42.56117664417375,39.398510435375634,42.89352635098893,3.243189021664801
12,50,47.37385812724257,97.15755121467498,0.4993540140839133,42.747496343388136,40.11385470044823,41.899986712982034,3.343736864564159
12,51,47.71447840304923,,0.0243492300600507,45.213564899978024,,40.716395489487674,
12,52,47.895671983571106,111.57716170404012,2.456331649725227,34.927975953526804,,39.795424049289274,9.564650645911016
12,53,47.417282369460466,107.5775364795641,0.130486522323809,45.2869111689362,,40.373516974943904,5.25729743969454
12,54,48.738987003307,103.42828670218104,0.1357899208124251,47.676005302709505,,40.33136930133796,1.6095552170225766
12,55,48.08554690594453,102.64641483706215,2.0566560939776575,34.106873038985306,,39.91916200573932,1.1698963050472124
12,56,49.69470535080736,99.43896797255049,0.2700694643538879,47.34448459409062,,39.42093010440237,1.6763900322464342
12,57,50.223310990548995,107.44326930013928,0.0348810528916742,47.3316601740202,,39.489249783797554,5.515466037869754
12,58,49.83942621126761,113.59518285880412,1.522168227712402,35.74259340625274,,40.397847707525706,11.542401983968276
12,59,50.50109365860017,101.3093868897129,0.2498873877486496,47.343465774199274,,41.227455816612135,0.2403722935017436
12,60,50.067503060100755,119.15198131907285,0.6764367420603132,47.93583899338753,,42.66735189709773,17.05291624692216
12,61,50.08495689371257,116.17961183645834,1.1050892521079625,47.763712052323825,,42.651927948928915,14.312914950038362
12,62,50.382724100251394,110.98579294370153,1.5223087171678693,48.23334882103579,,42.75925821108032,9.876486021648953
12,63,50.61231460785768,112.61874754905897,1.3982552813209093,45.67597218704693,,42.08048561962962,11.056472867212891
12,64,51.0674811008528,129.6809194238905,1.7748195888907443,48.649267388776416,,42.08649127280586,27.41036650287909
12,65,51.2283926481526,,2.524321526938207,35.93192310629315,,39.15624951787325,
12,66,49.854185550024816,,1.0276659628811973,48.058905086732715,,41.02937379029233,
12,67,49.31229299594697,,2.476333204823293,35.594382879518015,,41.06863602528668,
12,68,50.574970041822915,86.69338844514736,1.8726161297015465,34.9108885895894,,41.69961624599816,174.42248257021518
12,69,50.02792886661068,,0.7848944286121858,36.49326713417547,,40.00640612755523,
12,70,45.49341014683979,83.25226028636263,1.7912061380694158,43.839864930244,,38.64638281047837,176.29580571989058
12,71,45.82337773760522,,2.7922307698003337,43.96723198793195,22.025799710979037,34.565772191408186,
12,72,45.170429207884155,,0.7370941462275109,39.880928699073785,22.60768056877202,33.16335310403458,
12,73,45.98703748499235,131.50890738656466,2.656365344988149,53.692099979627066,22.354806471765652,31.40851367475435,69.86331914650877
12,74,45.151240986737946,127.33287691000966,17.154633441206343,46.3847050456879,34.538786683079636,31.779291095287487,35.915598899442955
12,75,46.060340990069314,,,49.76281726013564,,31.381999331967517,
12,76,46.06377919733834,22.54307423289069,,54.305177873708224,,35.99949628825422,45.809447641816696
12,77,43.89285941839458,23.49553251460313,,58.60200778405771,,37.05577349002466,47.45649339678678
12,78,44.28248727943619,24.52636051191025,,63.61793518435837,,39.67931428776613,43.60704926643271
12,79,42.75182599630602,20.654898057951012,,70.86845985588346,,37.66891471279132,46.51418400641157
12,80,41.48311042485065,19.125096059361805,16.20576581517681,76.77265950992799,103.45455240951608,37.34401249917063,46.82859206604941
12,81,40.144293590249134,18.456632380177936,17.363847587250458,83.7387876760213,106.07486620425443,42.163220503526105,42.2989571274563
12,82,37.75910718108571,16.95935810540992,19.179562486133474,88.82875215225988,111.28787569694347,40.71106110195688,46.112037388145254
12,83,36.28757710637388,,20.15333181122101,94.5743031534664,115.35636161619117,43.10023130767984,
12,84,32.53120309398283,,22.880851635643342,99.16205264616366,121.0077611026735,41.83436346522231,
12,85,30.08997141136532,6.00685492608808,23.955282746439483,104.59110328107754,123.133439611812,41.764448886714085,49.6361856558956
12,86,28.23424330510564,19.86607705168927,18.852098240029843,109.74346517008348,120.42325330880432,43.18744068882604,48.56190171956866
12,87,28.063841470587768,21.636176032962975,23.782884649639172,118.56332512828148,131.77017632719514,40.06839193176427,47.495211949437106
12,88,29.012602073623096,19.613717741044702,24.13362138624455,125.3540353018607,137.80654075677822,37.29610867134665,46.071398138255915
12,89,28.031894552661143,18.287482154073953,25.18335228984857,131.41962168030042,141.49822320761797,33.69670549080043,48.060760858544896
12,90,31.864371509900977,,30.81670861288565,169.87823218465778,167.9548702385869,100.15502272362804,
12,91,30.696258526054308,20.49118853919935,25.83748231168884,144.21181204299614,151.86277400713894,37.290360166766696,48.65231046582064
12,92,30.48063203815332,15.470445020104169,25.36735441082259,150.69587645262376,154.6091812197185,34.26326782711452,52.272935195289016
12,93,31.29998703060342,17.181259438758055,25.56493164215208,155.88918182837142,158.9993491346934,37.835615533083576,47.68112155304304
12,94,31.694648766874405,21.76984727282388,24.6139894936465,162.21158251152866,162.34904780536073,36.01717340514776,45.145974274634185
12,95,29.16855486364834,28.948206153288535,23.940582418196275,166.30769869734695,164.87766422572338,41.53975162416954,39.82891308865065
12,96,29.327253799803124,32.88933357594037,23.751168682126913,168.26773910435085,167.1631587496987,44.01607824405384,37.47193075767163
12,97,27.525045357921925,29.29813998133655,23.76499694560316,170.21319878593502,168.65098853725888,48.45260615587389,38.36682957144283
12,98,26.605052611468977,25.080944235830295,23.60101627602379,171.0552789095405,169.11020828620687,49.24605445050243,40.5885790443763
12,99,24.58355842692583,23.918685165562614,23.645319870323732,171.43230415163208,169.25129333750854,48.34326803448283,41.41049335327031
12,100,22.992515038398935,22.928280306250276,23.75410017960816,171.6251226447454,169.3235988410168,47.69439357703774,41.26658866556464
12,101,22.683590557625813,24.402583245602415,23.747917181316375,172.1706286319998,169.54685638909586,49.119353592985576,40.68549098496211
12,102,22.449395195809497,25.401407795924623,23.947289756441783,172.0528937138313,169.9132455671309,50.836157498230854,39.64521559996128
12,103,21.9335566650732,26.102828188651017,23.540250570281945,172.96417369672366,170.36975677474854,50.99949348732084,39.6214844986544
12,104,21.639057231108552,27.99216600677989,23.55059279230245,173.21580758603596,170.36288840931084,51.2874560196099,38.0040861332159
12,105,21.492136437607723,29.46617854337121,23.517318498237312,173.60128473915557,170.2545454076222,52.158614391501295,37.52622278288719
12,106,21.786986381028587,29.09141554834268,23.55394069325308,173.5199790098753,170.25047024592996,52.937840507970655,37.95223206103155
12,107,22.39429007611561,28.617342079853337,23.45078329886555,173.49995787036616,169.9771474552762,53.61548335088181,37.92439820509457
12,108,22.29527089785643,28.93940042960229,23.50218520890689,173.497542959095,169.85613749934677,52.353281905194656,37.3588121711704
12,109,21.780632179818458,29.449505430350666,23.66953450758964,173.57679330492752,169.99203911145452,51.931549934890455,37.32563836956153
12,110,21.121479920525545,29.5325457014008,23.66256580145725,173.87670760960413,169.94566097140932,50.60575020967909,37.75151817324278
12,111,20.3610048167294,29.088615557107268,23.69322900867707,174.10998924978654,170.12164449806278,50.43742240245404,38.03659842364505
12,112,19.948165308892985,29.485816346378172,23.656231452475208,174.10571534180113,170.14618659151407,49.92103557229789,37.63278544970695
13,0,25.54821472909067,14.813185174579385,,,,36.37297720550224,75.24427558628959
13,1,25.83386794266558,14.497739278098782,,,,38.15510059418567,75.79309934336152
13,2,28.46670611252908,13.09791666867672,,179.2743848471394,,16.909644239972234,74.87785006677974
13,3,23.635370234760625,16.619299033796477,,178.0896392636205,,60.25433258943533,68.9070442680782
13,4,25.126273522129967,14.537840134433264,,,,47.43209715308146,64.72912277539837
13,5,58.99380555338318,2.0220239830582796,,,,12.133308591562978,82.44668904835885
13,6,64.97474861408783,1.824417062163822,,,,6.422715823368505,77.48593272543235
13,7,35.37794853863813,34.50227554491679,38.402827837676774,160.38003273422484,144.88713571478908,17.186735795967067,27.060027142167694
13,8,35.62629227678066,34.076283998567945,39.25509687131215,156.09642478570882,142.81239472295974,21.58728265654305,22.26512012793568
13,9,34.81479134246265,34.4153813887417,39.858623527990495,155.58679946514513,141.92888961581826,20.2408537429101,23.220149525883
13,10,35.02798629585953,32.6309144814354,43.211872288945514,155.52888673186283,140.57711945313793,19.440611505359055,27.35320951583746
13,11,35.753259228825875,34.40645314408759,44.24249189005661,154.4299749251732,137.5575846124162,20.691133989499264,32.24523231683591
13,12,35.20848910611923,35.98488174109844,44.14861044709214,152.6881242891428,137.37472347568587,19.730533172831635,23.139979265839195
13,13,35.43191947327974,34.180864177840476,45.8148043528022,152.75244893551056,134.37374971968404,18.47401088428276,26.238369298778224
13,14,34.19759022640097,36.531623501637405,43.83207224927423,148.90751472469913,133.56871564362834,19.030762510551213,28.328069162748857
13,15,34.20689840204856,36.1565326667328,45.708401451957926,149.37596049776215,131.9427085384309,18.529009323940613,26.33409003482176
13,16,33.23380760576339,36.52727943499461,46.86089818484827,146.13807046520137,129.6765819213916,17.754132627097537,20.7131975780573
13,17,33.57629643512654,38.936807435476105,47.44884761348978,144.655707420366,123.76993225831502,17.106190316893127,20.75001251693958
13,18,34.56921540312639,39.05124803823164,51.29121037339299,144.60843106433563,119.28263985030804,16.794204838892423,24.31276763066973
13,19,34.87312664829601,40.50041753053593,51.42227403986591,142.61973547992787,116.22864622757608,18.114662552794627,23.284534884318173
13,20,34.427667991773035,39.26803978197244,52.53361625469786,142.92950690250734,115.09164043501892,18.236572770339546,25.980395006339776
13,21,34.613194960307446,39.627850847345655,57.20389849212903,140.473066093058,113.47440235437836,16.978443113331352,24.61568694849199
13,22,34.19366676891269,39.600593462871096,56.3124152310661,137.66951411512733,111.93904321816402,18.566769026881747,21.88809601614737
13,23,35.27232931830046,39.458669170846655,57.13081746333628,131.5239235551692,105.7567010898867,18.346552662221946,19.031724955707745
13,24,33.173492697705086,39.918530490232975,61.03261887868682,122.35592679824155,84.95219917739506,18.110144722284943,15.23918428973952
13,25,33.57553317860066,41.60779630326928,3.765058762690287,47.171541674708486,77.35159061141103,18.450981692798333,20.18749051829762
13,26,32.93574403596219,39.52523922492894,,,75.84954554482316,18.812415482945376,19.672149954500572
13,27,32.8929060519686,39.38756256369419,,,76.02006565206787,19.81335428495371,20.422136244711304
13,28,33.21098252606157,38.635243644821344,,,69.43380261858078,18.234872158879224,20.730131551088
13,29,32.87442714361789,38.0397921704405,,,68.60137642924074,18.375146629114333,19.52266856193636
13,30,33.714131300751774,37.70924459134872,,,68.03949039030645,18.1639425255654,21.24113980255104
13,31,34.717547243362105,38.195818720120265,,,68.00510557625952,20.448047212617578,21.840547827314683
13,32,33.59710365841269,37.250724479750055,,,67.81383245350656,21.011555992284475,20.755282197134473
13,33,34.244663107490176,36.326897217319235,,,67.45274682404272,21.013562725378524,20.24213437092424
13,34,34.226058940119586,36.61147321354677,,,69.06534555800867,21.068358828528535,20.711192364465713
13,35,34.1626012165801,36.62916864509296,,,68.93699356081055,20.69463644250361,21.337727928143295
13,36,34.11964720683587,37.13286807144834,,,71.00293918213374,19.712019980507957,19.22739745335146
13,37,33.992581356866665,37.38742646627188,,,71.99257829039131,19.487469912638964,21.440312608119825
13,38,33.298871743169094,38.411359508410825,,,77.64244366187401,17.776364618013613,20.12974717452647
13,39,33.44070383312635,37.4730625146045,,,83.40841912796948,20.260241264254777,11.1395240091754
13,40,33.6540653481921,37.64191886871269,66.87979064457312,127.56561187535198,89.07747457126247,18.92484043803183,70.90808378712245
13,41,35.004414946111524,36.44395348030551,61.843807075043735,141.34448466806333,110.5991808981412,18.76660981212538,83.07038831218951
13,42,34.04158659553748,35.450998094809776,56.74536559329229,144.51278584765234,117.5988566501668,17.403575579397636,10.098212006467538
13,43,36.243086803490314,34.49328204762204,54.97884970037267,149.11249327684803,125.31349763270448,17.650094440823462,8.235932910412767
13,44,36.270659059532875,34.39466922749807,56.44583611466457,146.46095432062504,127.24453281036948,17.19076325117251,9.317463912249393
13,45,36.30180925163542,35.47994008272583,50.97973984389644,152.89710505361742,132.80239695153236,17.751593191658024,12.82846063325279
13,46,37.931120907286726,30.23382186832853,45.435707552221466,154.94736944812217,139.7198838994302,18.303174610376207,9.57625139173215
13,47,37.98571134893379,33.79617541400809,44.00747479212583,154.55847144905252,137.68015153986272,18.094790459918993,13.304937194138407
13,48,37.61002252348947,31.86776241934807,39.533252137583794,156.97942637303817,143.64694832294805,18.399228534152037,
13,49,38.62553045206821,30.20601610977995,38.1190416975092,155.47275214482582,142.4474586477982,18.425120701684513,16.072396522289612
13,50,38.94553009215802,31.548646765202385,38.06033685861976,158.30923750158863,145.16674708854313,18.677582717040615,16.174955105070797
13,51,38.54071696127873,33.89384469428477,35.07257465534148,159.11535447674422,147.03048655941672,15.25499200330972,20.73665474876075
13,52,40.26923730763034,25.20584776703816,42.95217606322522,177.0060192068322,179.34732699093095,25.67642114361692,127.82613838776646
13,53,27.217137666372352,24.68066627879843,41.76289544152305,175.12765761708064,178.19159460025716,58.76770522209176,124.97647164393793
13,54,24.092020980554476,24.36531286426522,41.58764744458161,175.11658843890396,,115.41554642678511,124.15079196856772
13,55,21.87327021335493,21.920623524099536,39.82258918739039,,,129.8888053493496,125.77215733232512
13,56,18.932781080498188,20.29961551050589,37.69606304496182,,,,126.36208652927137
13,57,19.802325078323246,19.893874152680443,39.87777114443135,175.60098999399696,175.61060548726,,128.20312167907375
13,58,21.598394440524466,20.564637690469745,40.28743988874252,173.21462032182242,176.72804054842794,,127.9363269778393
13,59,24.02716897860555,20.50287265120999,40.52495256887572,172.83673832467915,176.8347115810521,,123.08214583100371
13,60,25.081988403414144,21.7077912444394,39.982072152607856,174.32667495917778,175.95657002877607,,124.47477237738666
13,61,23.429633259191565,21.9975923236482,40.29862958821118,174.54112102288514,175.93393598607403,,126.59571523359502
13,62,25.166854102818657,22.07181431319087,40.84598786878621,174.19728466585366,175.7301305129413,,126.42467747765652
13,63,23.65361924686114,23.00899041516737,40.013850725658955,173.92516004499495,176.1267483475259,127.57761374958292,126.26093475738068
13,64,24.117338381625775,21.925593324048062,40.72476366735976,172.55839115950783,176.2833531702248,131.6637162373206,127.1126034334971
13,65,24.898074413099852,23.96213794472069,40.49447921814953,172.68876159924673,175.51933896634927,128.93060172175512,126.48638432026148
13,66,22.929726612178005,24.00966613446268,40.57620762810979,172.65381579381358,175.17699300059698,131.21192349600193,126.74724704529338
13,67,23.97199498083343,24.03249357388469,41.03937950563086,173.13605471097588,175.40070740400623,132.02776118305297,127.05385551189676
13,68,23.214567596439807,24.13395282118049,41.04804846665285,172.947043611637,175.46983584360444,133.7189302536979,126.62226681692904
13,69,23.270830363529612,25.11890187599284,41.592373629364,173.82417207133648,175.59026780959408,133.36817620228996,125.77535670791453
13,70,24.10880030099854,25.455003892759716,41.907295741861475,175.0707742041145,174.44527023262677,132.24658735321248,125.9970011278746
13,71,24.92196249517768,25.54200353235496,42.39026561967409,176.85674662384227,173.68492464522726,131.19587275903146,125.53517467668838
13,72,24.386579165655103,26.034164465522643,42.610001289503224,176.8128892538127,172.40665052748668,133.30055719932744,126.55925507440516
13,73,25.00509189655527,26.37479229085588,42.28178673993971,178.27950843335378,170.63065049479573,134.03436653588744,128.5031036467625
13,74,25.3842220716809,26.80258482371295,42.11663326496775,178.22704211433594,170.49531058738577,136.61793781469532,127.31034611738336
13,75,26.79892245093843,27.826999838261543,42.2670162373233,176.56634479818143,177.77942309343922,134.00446914450862,125.18926034655952
13,76,27.325752236402614,27.89515925084115,43.41286947077173,176.43265340268115,177.37724953591746,136.76278694824447,125.55217915065018
13,77,24.972501918467295,27.80023784553496,42.01607035507359,174.5920043670618,179.55075879516082,131.39722765415942,126.55742929179702
13,78,40.287538884338694,28.510803899661703,41.205417295563265,176.42828694197607,174.88925986399687,17.474615273003963,127.71942312157874
13,79,54.75328285520672,21.101949282503313,,,,6.9972128528525,49.46387395780495
13,80,63.52187165967849,16.41749562241466,,,,4.334530684280007,49.635291982928955
13,81,35.09937946947506,32.967914105368834,38.65896898477311,159.7062033559059,143.54643663647076,17.241842358565158,18.70117593642648
13,82,36.04830905648497,32.46406102494241,39.356300418945786,158.40444008474554,142.0866935753065,18.287494657990997,17.07464250552198
13,83,35.64784253973983,32.45532430997928,39.97012737384255,156.63777618880192,140.15474410810216,17.65616760192397,36.01839255504226
13,84,34.820380710704555,31.86743527621096,41.51867001383095,155.23442693319433,138.4974858834943,17.469966334494323,43.87748572615745
13,85,35.514834393751954,34.222271634930756,43.05417623905007,154.11742663315226,135.81195428303738,18.656336141925923,37.98409951452182
13,86,36.441708090122134,35.16121180823406,45.36516389970586,154.76272322877514,133.86366851108306,17.37778133812659,35.988718016749246
13,87,34.20649488686292,35.219789398499294,44.61694208323326,152.4867464253279,132.60990444350855,18.687633653477057,17.702543914580556
13,88,35.66116809375204,36.56883343786799,45.413653160262136,148.52066714045733,128.80487886895003,17.7451775614954,15.89683240375803
13,89,35.29261578220664,34.92019667129086,48.44235464928314,145.97254634059007,123.8999850624628,17.492111181563914,16.91131780062625
13,90,32.9271604430199,37.908851017962334,48.08835766919499,145.32328335561343,120.37387425917986,16.671267682749082,27.412721346828587
13,91,34.72610550130324,40.73469215539679,50.54199310661582,141.96069225869192,116.5490374198833,16.655452522542415,27.413178600026303
13,92,35.27173147566364,37.718282807757774,63.899800520997175,140.73730392594555,103.52227980745316,16.851713005870966,31.37040385724146
13,93,35.22028999088445,36.589497043046016,68.07487575895587,139.2071954240709,98.52796794592152,17.024752640293173,16.91614936709384
13,94,35.28832961426868,38.401848499726015,70.35506754247228,135.46673161576027,93.68668670869498,17.88832827017463,16.885309108968496
13,95,34.77392471710126,37.82999145511941,73.71943185843558,132.1196501814945,83.70795611429348,18.38454100110648,47.430631101041726
13,96,33.669787912764654,37.41075597180928,,,77.34292612937467,19.024286505201736,11.22225540283866
13,97,34.102387596198014,39.43191040818591,,,69.57847446110414,16.98304822350255,14.825913762955954
13,98,34.59708048273855,37.972073995829255,,,65.25892733653096,17.757621976944012,17.19310857370201
13,99,35.51904146877017,37.40844008890255,,,64.8030276964149,18.748241115511934,18.984542000363685
13,100,35.58383986124319,37.48261521180637,,,61.82512921086748,18.22909226611752,24.37369165104924
13,101,35.99844719213163,35.172419636077805,,,61.74576975570859,18.433330535048093,18.86183034090453
13,102,35.32267161972309,34.799575111957466,,,61.65351832218211,17.163751094904708,15.640511169169224
13,103,35.777290602233606,35.06567006943921,,,61.291736953165994,17.542101616008292,14.401181879809767
13,104,35.99927010383816,34.54239995455215,,,66.34104197527324,17.81327750196452,13.384201993992685
13,105,36.14762721691249,34.37215063239491,,,63.21530345426261,18.53834478213849,19.00598371902121
13,106,36.58097970170543,35.710701004852545,,,64.00045335640762,19.21048750324049,18.79012934261568
13,107,36.806134794918535,35.5483360667196,,,67.41691308598762,18.87445406070708,12.331319976342328
13,108,35.26924572825852,36.6348765300038,,,72.2429093909424,17.90083621015143,14.98996637842486
13,109,35.23716061029231,35.81350740214932,70.76810532328065,127.98538851304288,78.05584631863283,17.19160120221427,36.07801128885708
13,110,34.5768328041069,34.26922833524162,81.54234964159977,140.55728946607147,89.08319800698618,18.485388733863065,31.256800582799688
13,111,34.66077083782214,34.794528298918884,73.44546307154873,141.53591132546637,98.9295566949062,19.94261843332605,126.85576138123568
13,112,36.27491958728704,32.6652579285782,56.93793395679066,145.87503695830583,123.9616200838526,17.46418475421889,15.910520276247391
13,113,36.17046609257681,35.35663419587205,53.785923671341166,147.8601857914482,124.26246388260596,18.667831665891313,7.953383570978208
13,114,35.88765742465322,33.41422788838504,51.04662615400217,149.97064092114584,133.07867173998915,15.565688690015133,11.15410437021584
13,115,37.461381622455384,32.388636098727524,47.2845805354068,151.4145435301827,137.0355548960789,17.81332900691695,14.75069737764211
13,116,37.38134520764946,30.571907607845866,46.22037639978616,154.43198053975752,140.84571313760748,17.06332000071904,
13,117,37.27274713052016,32.79735971064407,45.11025286751488,155.7149873591472,138.30576235006484,17.71111515581728,14.883395869224344
13,118,37.523510010993824,30.97153226262728,43.26257149388334,158.26484679387443,140.348827942208,17.355326195035133,
13,119,36.53551646159523,32.562469100755074,40.76268538561997,158.0804454603093,140.27905941218117,16.785602579974576,16.933607384399142
13,120,37.88967135338471,31.77680128668448,37.732953156962026,159.7379022507903,146.48479673991326,17.846588865750924,
13,121,45.61295599213212,27.280136575940137,40.57609707436985,177.00895861160535,178.24812111866316,25.22070665330865,109.57471987535374
13,122,27.76012678988593,25.6503643617717,40.026636705125526,177.4759068917441,173.1043436957872,47.64837483027121,124.11807331420682
13,123,23.809353740919978,25.08172850480408,42.94687022601242,178.66492253070638,176.4039494534803,66.87400353803885,125.489468280343
13,124,23.26345093726936,22.578355833135543,43.393760606720235,177.42096897243508,173.85764238536595,133.88173796728927,125.49579651566152
13,125,22.472239064061768,21.35325501351046,42.66278106170392,174.87090441467453,173.72976879297104,141.7554671720629,122.50974999370725
13,126,22.021378913882348,18.31999703147624,40.355155776366715,170.5646250146293,179.4417323843335,143.98747175018545,123.01958230603611
13,127,21.75709679625898,18.19268608095082,40.901859330034135,168.92795649003287,179.2382175230329,145.52426111172787,119.11432160836696
13,128,22.549554802824943,17.656032462597498,41.197964776714514,168.64932192381414,179.94456063422265,144.2507822675287,119.32556476114335
13,129,22.4121400911479,17.715899348718725,40.66544066477262,167.5461048385095,179.8459094102131,143.0147182288068,120.43865721571116
14,0,17.092188993982234,19.461372939349836,0.5731626454389321,176.9468454539806,175.67307872821146,,7.385939580933692
14,1,17.22675072539238,19.44551995563089,0.5892647240730537,176.89774891714387,175.6603477523339,,7.463110353991461
14,2,19.109805400608728,18.72982478084428,0.3642521427008826,176.8850697218493,174.96179481801516,,6.152494527488671
14,3,23.763001256198937,19.38063233743721,1.6432612597674512,174.92074243688467,175.77308796702025,,8.258479743301471
14,4,24.161662398498017,19.363195224945663,2.5981470115308647,172.59340579908863,175.84905994432387,,8.993553223647178
14,5,24.6415178691935,19.1846802715782,0.9480138444395922,174.78001570251917,174.59854021376592,,9.072982717579428
14,6,23.962209104537703,19.04437762819323,1.3656762092015131,171.86878300800635,175.1137006960282,,8.533964258621664
14,7,22.577221620444945,19.09451962650435,0.8718361513884905,173.65802202210855,174.91113990503754,,7.702382204606793
14,8,23.01920143781506,18.034113991568113,1.125167438331231,177.71262751181402,174.37407823333018,,5.505077129937577
14,9,23.9480223538316,18.509616158632248,2.2862501417738708,179.61976075895643,174.02500048661707,,5.77026266548054
14,10,21.41384185628769,18.941680547533124,2.040808598599875,178.87760531018648,173.42029941496966,,6.203699211307652
14,11,21.285591633068105,18.72427930538428,3.0799011924778803,179.54704267984707,172.3217408817758,,5.738181350977314
14,12,20.306303061128304,18.57986070183759,2.9728082109971177,179.05717873252237,172.5613074676458,,4.673965703695157
14,13,19.499784376961323,17.503332755409797,4.30542036340301,178.12216349053014,171.1280822669977,,3.7398422007128342
14,14,19.46805869257659,18.40891754329143,4.746583759052906,178.37465982587543,169.96687254367848,,4.831747683148834
14,15,18.613254783608912,18.302499424841766,5.574673860078651,179.29834412049237,167.89237607549845,,5.338689842993733
14,16,18.20250121486824,18.39189668305803,4.018996751829213,174.85006386336389,165.3341999512908,,6.41322497493568
14,17,16.939600070211192,17.184425776005643,2.1377476383109193,170.77520921696927,163.85525083051544,,6.445176637321589
14,18,14.512834041505528,13.589081179776558,3.0940256820111847,167.16261987564533,159.12783097139456,11.763942409135131,6.544049036205986
14,19,13.543887212088364,13.131922932448829,3.333960976180729,164.8291791826936,156.0826449447404,,6.989606412360366
14,20,13.57769450538268,10.024846335973493,4.246078944264111,162.96125952579231,152.15284076221434,10.610339189220367,0.3271165194368622
14,21,11.900495423030376,10.426390191324929,2.6889991646950584,159.5848726675579,148.48145495219612,9.239068890554456,3.000960098782257
14,22,8.865185443225627,9.642121488255812,4.841440339770507,157.92511595466624,144.05802199478435,,5.918678179955466
14,23,6.4885472867990295,9.049367761919166,5.2707388924054275,156.06617885127898,138.58207927563842,12.928765853809406,4.4482389227516945
14,24,4.616564590626668,7.213207740057921,6.208580029435675,154.88636120148325,133.5641550779289,,1.1379377920203977
14,25,3.788775085154614,6.052754106788376,7.848813668134899,154.7556908621202,129.07956102463095,,0.5709221409804834
14,26,11.48404626496212,3.4917909320333513,7.661459954806967,153.04913405862845,126.30840094423397,49.13827082008763,3.347796681320745
14,27,45.190538607781335,1.731691118997164,8.996379623847934,153.25834384126443,121.7221540809082,58.33765767693803,8.144048051064331
14,28,3.637928067209184,2.5903051605443927,10.765741164781922,149.14589078222542,118.56568191728894,30.944558790973076,4.628831180922485
14,29,3.698068075175516,3.976734608832598,11.102398557295077,145.8343243231415,116.5244594675607,31.55416844067596,4.404419399051693
14,30,6.221235934966973,1.665077143327586,11.383011904094598,144.15236406870994,114.7805404198517,,5.600019845353698
14,31,5.950115271395628,3.218940240679223,11.53686410553649,140.37611489146948,111.88454253371056,18.17434347382859,6.336055205776803
14,32,6.92296895658574,4.857855674468985,10.450517988912278,138.5756853259888,110.22886638738495,,3.967395692195683
14,33,6.800777400059189,3.1604155897571755,10.948423738286854,138.96374442654525,108.34197921274234,,8.684005448695393
14,34,6.045601544578088,3.2304901177147753,9.907316646845109,132.94428758100963,106.80681067417588,,4.341537169507022
14,35,6.505564163145926,2.8691189687344507,6.983795249239566,126.5717341018898,103.8218366541982,7.046461570965934,3.5578977365553928
14,36,5.034977441607169,0.2898106012759323,5.452068908655824,118.64311924491804,101.75034018791108,4.616825313065677,9.794877219294804
14,37,2.5962355255290173,1.8108954631438257,5.578812805822222,111.95457030207524,98.55433123723454,2.585036594053748,6.4203640641533
14,38,0.6075219882062304,1.3921261185237683,10.220143878014705,114.57512696635663,96.15337899085046,8.607131952022742,9.82524375099001
14,39,2.4590395366717557,2.171178705554607,12.514128720783413,111.0710920209588,94.05546122226598,6.121926235270991,12.2253294135028
14,40,1.1206156595014063,0.0562541656517441,10.44105741045142,106.94542149665266,90.80115597086028,8.789424410308534,6.809687801525554
14,41,0.3196179716832664,0.0867339316672435,6.845327672804953,100.91088177958969,89.1397959737482,,9.121623574217182
14,42,6.653869821667858,0.4480202617643187,2.3411182449596306,92.80944367645596,86.16370091791188,132.69729303675388,10.596064225277663
14,43,3.528169748087981,1.141875331062942,4.847495365307767,96.23209383094596,84.93875256091485,132.79551759993566,8.122644693942986
14,44,5.565825557096961,2.3389994035748236,5.599906917472591,93.493651056247,82.83008206582723,132.4568489829756,7.119148956717678
14,45,7.84523776034199,2.124389368168963,3.808867918223844,85.45640159115207,79.21877474052042,132.99774610725328,11.940848812215233
14,46,10.206165480843524,1.994445347051872,3.767938266452531,83.42255563001277,76.98934183814129,134.4638927775183,8.62311204298505
14,47,10.545099971153611,0.2937540778570625,1.022962279493732,79.83586576648418,75.72632666231067,133.93385722641435,6.489756427516748
14,48,10.230277496205344,0.4768195271446673,2.392208498625928,78.05314218511514,74.88110022376357,133.88777810189634,8.999358480107299
14,49,11.244193678236597,1.01110308525133,5.14596789569147,73.4512824984593,74.17266469094682,132.96705014514416,7.951978711001345
14,50,10.865023490606328,1.033295257979122,6.618298952766464,72.09738723917093,73.79229423993876,133.88975195307265,8.099149613349656
14,51,13.9070066982894,0.1459278552466957,7.728035636858358,69.72425762570005,71.15316957504311,136.93739319770276,10.521952960764208
14,52,13.866090248018846,1.4490938220463732,9.342668084093193,68.50100919821449,70.62322007880236,139.5024154379593,5.741082494415937
14,53,6.0334517226131705,0.0354564377821868,14.361923657605033,66.45733447485382,69.57590319429671,134.22921983686354,7.76344831531652
14,54,7.14515440983224,0.1911854729295068,13.377497858071912,67.08878813017297,68.20410782476252,132.44044579923616,8.84101590899871
14,55,4.931351242465101,2.336152056931606,10.898822522943576,65.5901158552793,65.94551500132407,132.2965953268375,12.11636441748196
14,56,7.397486736769784,0.9186884965554728,13.379193527660778,61.48456892143103,65.36054944205695,130.35133704093477,10.419687399966692
14,57,12.086803484076928,1.528967154689884,16.077034926835168,57.91514301653894,65.09916869024055,126.15607142800152,4.73935980659948
14,58,16.53508442036726,2.0660597702907344,16.28244349615073,57.63441656626165,64.7838997147678,132.77355210001912,2.560780517504754
14,59,19.41596225456811,1.9971669432923975,15.305071799973575,55.207370387379534,63.81401039364631,130.66934773303618,0.6587489164059213
14,60,19.469536890627083,1.654658710146563,14.455706837307348,56.347519160494066,63.61191192407955,130.3062286402101,0.1763543628741758
14,61,18.463874552465352,1.4112599505206909,15.394850596819705,56.42967498704917,63.749809814915814,129.8867838737804,0.4049505521270371
14,62,19.88988497821695,2.025972682551167,15.275791892256269,55.06829837567901,63.3337761906099,131.32807491930888,0.9491119802800636
14,63,17.22866183091166,2.0923930823065833,15.537081881788472,57.21908563256217,64.50042996622038,131.21020875185943,1.177046491140798
14,64,16.285557079176236,1.9940804414653508,12.997703984408824,58.80322569115886,65.21381880235104,129.7108356728109,0.699433191165506
14,65,13.704531643567837,0.5548804070231895,11.598355650348571,60.987443371843675,66.39517853951166,129.8003812453004,2.8154900010390382
14,66,14.49663595848236,0.0872524857740256,10.713314451093252,65.2474400925816,67.51213821598951,133.4683270142331,8.414634449362355
14,67,17.500807762169764,2.349323096988545,7.780029095103058,68.25866748064199,69.19244053449287,133.81426765806498,9.551099697965372
14,68,17.507175329259717,0.4150226083647746,6.63188694743819,69.78736098414564,69.49682807234437,134.99217872748852,9.750483899993617
14,69,18.386620749011374,3.238782198967471,6.372432363697956,69.17466714181198,70.7340334616593,137.6189259122675,1.638035851298683
14,70,19.80049286591763,3.3435358316150903,5.824295564255056,72.07252591329335,72.23052050024319,141.96784110072878,3.045017566612904
14,71,16.580899744378936,1.206468926361126,1.9030882512148644,77.86921022671832,75.3751734411002,137.57543738237598,6.391211422613902
14,72,12.721578834761509,1.888566459568552,0.4140986076783348,82.79036600815316,77.10585210818962,137.86231674548986,1.718020258249408
14,73,12.572379523345184,1.001567959096958,2.1921249379702665,90.11954279801066,80.93678483447472,139.6450785001591,3.145759787146261
14,74,12.27958135028988,0.6969011788824967,2.4137661386160323,90.82101655344606,82.76543745757981,133.83216283068165,2.1891195042358036
14,75,12.477358826872656,3.69505360222233,5.8926114412403345,97.51216561049893,86.58194790620426,141.5608487663753,3.1101549386100897
14,76,5.184868818851576,2.704541918304426,7.684337780480244,105.18033322973986,89.61210359390513,139.0986712322803,0.0313201218758494
14,77,8.508279567702138,2.4646666618843107,8.209840376417693,110.6600598354416,93.77992985307591,1.9653617952356133,1.443483358799862
14,78,9.471699816480283,3.35030516727067,11.097366345307416,112.06105491709928,94.95817161339971,,1.3074893286575993
14,79,8.61834353884475,3.4041807139679325,8.842220224421919,117.8023226836972,100.1562139840504,,0.1678977655962253
14,80,7.679670505215239,3.276442384469503,8.747371566187658,122.53110557087926,103.17308641249576,,3.0490554304069684
14,81,4.774014483860822,2.348699225003853,7.634109724400935,129.47670674272416,108.66581919276196,,0.5576929091118391
14,82,,4.063703571670461,7.855689993568761,131.6434666470731,109.45634541322632,,4.462992673776238
14,83,3.364750340831295,1.9703404440985173,8.667769109956474,134.51668437878826,114.12237106500972,26.49849757317592,5.843590871880995
14,84,5.958888418420895,6.103930307843092,10.810129111854447,144.0300860974276,118.38156324899607,,2.8902238771850053
14,85,30.972344258269477,6.985338738323494,9.28454803057091,145.38114592262195,122.8499081174757,82.98676157833971,5.383979980389629
14,86,,6.97604588900832,7.244636760602821,147.65485001863198,126.57522384902784,,5.503234856283437
14,87,4.961127774262908,7.160720930356785,4.949450782148667,153.399621087343,132.13299046887977,75.32140788867638,3.883868853632795
14,88,4.398468864839529,10.451057843131036,3.6531501113955422,154.42598743718972,134.81532755291389,82.93643514697453,4.659273285076276
14,89,9.037923300364902,12.138051536365529,4.240641444692344,158.27691550781353,139.37085582458622,62.40168493852846,3.946412312718312
14,90,4.730655622796056,11.396957459854177,2.582689080177941,160.8294268605008,144.7374139758473,71.67884711266268,4.096094225836643
14,91,8.634656989399492,13.005175492423032,1.6902933663977595,164.03128222973476,152.24985613514696,64.23421581498305,4.529518718610915
14,92,9.82019131802235,12.695388805068722,2.7881645090570277,167.807521900031,154.1261501698248,,10.371740497175816
14,93,10.831780831643998,11.567026641227626,1.7842526414983593,170.1557891084704,157.10238183183378,64.93719208063807,9.070620017926837
14,94,11.542372577105107,11.866521739996204,2.7791002967616136,173.48125357482354,159.34280639980918,58.59658145078084,7.650156823299043
14,95,10.56158893675693,13.550239574691435,1.0346542046028042,174.49684963336333,165.0460132946635,68.97942672345633,4.219634778397589
14,96,11.349393950224146,13.477206362656746,2.1198102631267792,173.40632019012745,169.45170598680863,69.86235173938933,3.4956377789357114
14,97,14.546108369043411,14.391091991756948,2.472823999240969,174.20872448342058,172.58841004515006,,0.2389793943149968
14,98,15.771643763031893,14.608324618827222,2.4780466820566476,175.98111850864493,173.38097066475808,63.35448285498109,0.0389167911081446
14,99,14.137392915165002,15.395908394052173,2.722881885576772,176.40489595830226,174.2161949054015,67.17401504432218,1.0683612268600118
14,100,11.825258193199508,14.798577873249831,2.614468861101278,177.27488536663606,173.96555366135976,64.39734977924523,0.1316562436541483
15,0,,24.787997602884797,2.374410080613834,141.52447339063082,175.06379547791738,,
15,1,,24.52629345154711,2.469320380850253,142.13600485177696,175.15942611797257,,
15,2,,25.19379767228582,2.516533144944207,141.47936278788575,174.93393704656373,,5.493615205935321
15,3,,25.040598489692297,2.4151000401289604,140.1365252916477,174.49490576510854,,7.249293563383218
15,4,,24.72313846774033,2.2360788430065344,141.1084392931448,174.47492594509916,,1.9965879193003784
15,5,,24.651869892396206,2.404768394937091,139.6029918808648,174.4516667611823,,1.0564535981264749
15,6,,25.259438323867904,2.714939250426915,141.09768960463273,174.5003480748489,,0.403865912125994
15,7,,26.10405743981672,2.59100067970478,141.58218620219296,174.05531216911027,,4.473995543844466
15,8,,26.667373678316668,2.8908486740200563,140.46410566409153,173.7244737963105,,12.89541550966466
15,9,,27.010331027748947,3.746792522501081,139.80721275325487,173.97664489422763,,12.327578395608228
15,10,,27.264142332923967,4.358618840407032,137.8613249748112,173.8835523306483,,19.182026394086336
15,11,,27.524389150739253,4.1260174840662,138.250151504509,172.91187341659548,,17.273233166806566
15,12,,28.138720511464623,4.627964084870695,136.49651048039937,171.9095582710225,,19.393691723836568
15,13,,28.55138906798107,2.968541874811935,139.44214144166347,169.99983618842265,,27.181160401638667
15,14,,28.233733294831456,1.4036361361212375,139.49319581628868,166.85247095955089,,10.23115298679376
15,15,,26.790314201359276,0.4707240090571,165.60290657967946,163.97011220251795,,1.1484332727794118
15,16,,24.819282087267,2.5014099263785186,166.3776857536489,158.8702372111895,,
15,17,,21.362345186354748,4.812670550740398,161.95832552631083,153.00522125922538,,28.036205068542255
15,18,,25.091655941640372,4.636733548506294,157.19636073086727,148.28204649249236,,134.55667280708428
15,19,,20.779083368340387,1.5737706364454238,146.6947206643371,144.424649752206,,31.780243401298787
15,20,,22.20792599399178,3.6588688204382223,145.70349656900063,140.53466023444594,,56.624577057537486
15,21,,23.499484932404055,5.246039761220713,144.79170115444182,134.22352081267866,,31.00198791192206
15,22,,23.80800800907394,6.503922919727217,139.94460599118537,128.8537212420943,,24.018542804194645
15,23,,21.59976117537187,5.97408643309956,133.2272402602018,124.7132547201031,,20.473421722667176
15,24,,20.755395001459657,6.824520029920014,130.79171752187574,120.25405564291728,,11.48898432375358
15,25,,23.45340511324333,6.589775596542065,,114.47561953264238,,10.15294466855171
15,26,,21.121257296710887,7.895272484711232,,109.3797336401173,,7.688042665240525
15,27,,23.53188395354381,11.280904493749857,,105.7177461303192,,25.86015682627481
15,28,,21.961981885372033,8.717286849823171,,101.33613377836916,,22.834509965390826
15,29,,22.57887817311529,5.534982273510535,,95.86722630352736,,34.24529203520831
15,30,19.195116989398976,23.70799765273924,8.527330899742488,,92.24855955659832,155.11554292361106,91.44758522454651
15,31,,25.75601565255517,9.003373861017991,,88.64075083413537,,90.32857617856266
15,32,159.37745513833133,19.610960813218657,10.281891048576918,,83.71605586083462,170.23453993309047,74.73875577265784
15,33,,18.34110186576623,6.64805093285626,,78.97365746199604,,56.08619053608458
15,34,,17.860237061028467,8.782022292452085,105.59586008291168,76.32088169074277,,46.04598617752811
15,35,,18.931075161412313,5.287022156622522,98.8795240212643,73.43282337014104,,42.24420175287974
15,36,,19.85055490281717,7.155087322452096,100.96118440499612,70.89851617323835,,51.50883574215489
15,37,,21.549815715189453,3.772218786321899,91.88448110316686,67.84999464338851,,54.55704118835661
15,38,25.1242740719533,25.243319895536303,3.8737776016511463,91.31514056800884,64.5432781497931,100.19402487693787,49.30810310824478
15,39,22.36222609790063,21.500045181366733,3.2990147309436275,87.60527181657837,62.740697636114525,90.79552828883143,55.16801918564761
15,40,17.949512119091754,24.45013897619172,0.3430259433669885,83.79138043031908,59.6574382070288,82.1480153161038,50.53472026674424
15,41,25.776921745184396,26.73373523715946,0.1975106653878229,79.70251116455123,56.759325202825835,94.54928020040836,53.271352645322715
15,42,31.98367763446165,25.675683769544072,0.3891859712495288,75.27060299786169,53.56240506754316,97.00163756111988,56.88734708760134
15,43,27.432434194294952,25.58380471126824,0.7567170538025201,74.58603506798906,51.52416980308099,89.9880553627851,60.04809878574257
15,44,24.993121902925033,24.536677763274035,0.085895052003956,71.0774226135549,49.321088660912224,82.23944106056624,67.16037728156302
15,45,22.930014667769793,17.841129046377965,0.805014684061089,68.31126608965089,48.06395158837929,77.00419813413886,106.8719631335455
15,46,25.951195516624896,20.471123519838866,0.7739875321497944,64.95855936278178,45.94512777942251,75.42101151140379,104.74323986597491
15,47,25.365461516364412,12.917350089631482,1.4699567668189435,62.03316303127383,44.42931152467486,74.33129525034873,57.077375963012805
15,48,23.113425139175963,16.619031359572435,0.6900651308770839,60.27292235950546,43.156994710986595,68.06508101083169,48.40413832231901
15,49,21.705516904667643,20.47348467022036,0.658992351187266,,40.64995855415137,67.23622534002362,46.66843438857765
15,50,,20.46317092962266,1.91258767262051,57.317319118835655,39.31874415633601,,44.04700217107723
15,51,,20.23168489164475,2.1313618770889677,58.027805890097426,38.75546346882871,,
15,52,,18.00735271837184,1.828741974516261,,38.784522332397415,,
15,53,,17.021602703191707,2.1353144805674455,,38.406928446626296,,
15,54,,16.444891051612338,1.2677595556570511,51.83444304211839,37.743882349330754,,
15,55,,15.212537381427849,0.5572924997459102,52.4793178995913,35.865431637280615,,114.47418922999954
15,56,,13.76603301179166,0.5526588059333006,51.65266469011981,35.234154901321475,,115.37492602614697
15,57,,15.561974109696694,1.0368319995549202,46.713731504218416,35.34949789759791,,116.20468087429484
15,58,,13.558491346324416,0.1537599155114004,41.16754827801349,35.38125282429359,,
15,59,,12.781956934660974,0.8764593467588713,40.10603882856121,35.07566893498693,,
15,60,,10.564741090511898,0.9186550238575228,38.6061693270235,34.790202112640564,,
15,61,,11.35288329829435,1.2330801794803907,37.94099472887893,35.315851373866764,,
15,62,,9.773584522341451,1.3471520366349026,36.818306665569125,34.824120167717126,,
15,63,,8.481760388850773,1.4696906767002866,36.6765641350854,33.97101966055923,,
15,64,,9.150201587431011,1.653021776106627,35.20862122537579,32.59622151367834,,111.25907044901372
15,65,,8.816205577286862,1.3952383964347967,34.77294203314549,32.44555666496645,,108.589178346183
15,66,,8.135458239604647,1.5906869670344983,35.08579274553289,32.15626845219282,,
15,67,,5.5257377669608365,1.5201247121327033,35.273892751836925,31.402123503790776,,
15,68,,7.853255831177224,1.8980035178947472,36.24596096373919,31.06839918995807,,106.56862629856796
15,69,,6.506748745769097,2.479234585335317,37.29547203327717,30.70295488696291,,107.72608999628252
15,70,,7.19159546061635,2.819489365953691,35.02816985242712,31.049817844808977,,103.34101327044613
15,71,,6.447757834835612,2.5116677707865502,35.724004971377816,31.877034605232055,,102.7639088596796
15,72,,4.591431115253449,2.44394381274349,37.15365822764981,31.80519419567231,,99.71593835639996
15,73,,6.388254913587716,2.2424256565600618,35.955509086429316,31.88058041168225,,100.75883655916944
15,74,,6.7529892918086,2.358543262347677,35.44664522388686,31.744363072972977,,100.63363111326342
15,75,,6.698546690071703,2.396917430310534,37.37068001711042,31.855528642985774,,98.95423330881928
15,76,,7.045614715497017,2.4040657201892097,37.2009571385989,31.58328479770852,,99.63876302812336
15,77,,7.655663563563742,2.5346501133555943,36.81787377825463,31.78932760664895,,99.31420900730824
15,78,,9.638976512050029,2.85442895475067,36.70559617909195,31.431447773838535,,101.72358048895052
15,79,,12.257551742545257,3.0345928488288347,34.89395194436048,31.3120690927802,,
15,80,,12.573041220614275,2.2215914045921736,36.188429050003336,31.801263779682284,,
15,81,,9.968965629571128,2.9504950751735968,38.29005350022323,32.365163418767104,,114.96242123944704
15,82,,11.22002481833314,2.1670819706546265,39.88792888349801,34.856329665939576,,117.3083168074336
15,83,24.040918246059903,13.72539086087662,1.4927909879237324,,39.201441075381595,59.5016260166699,124.54604573915
15,84,,21.064574831472697,0.2753737167928352,,42.97299581720039,,
15,85,26.54046875643667,21.37584287763579,0.6383217256598637,70.57605236967598,46.885891332751875,74.13194945713606,55.44944964261679
15,86,28.16826425456949,24.118051732090297,1.0643368198973553,,51.5837342514573,85.01688644655854,53.58160375854469
15,87,24.737326185167607,24.827091642184293,0.55205405205047,,57.09934530063246,87.98694829824997,49.34993490623686
15,88,168.99856058551762,23.74328470836837,1.6889842533925168,,61.95424711384344,161.74670323714452,47.86782009613002
15,89,,3.9039405741629687,5.057758558170302,,68.57731617845342,,79.48516995046404
15,90,,6.800063509506069,6.477294270893662,,74.33074642352122,,105.46638804060636
15,91,,16.424364705535897,10.067563916767378,,80.75418558608168,,72.25327758269226
15,92,,0.5490306032423696,11.190229876527816,,88.74317974623584,,116.8522551045605
15,93,,20.56829439512608,5.148196587371079,,93.3936448223032,,139.30754273625786
15,94,,21.545913731127587,3.6595114024822823,,98.7038885050738,,80.11794699395871
15,95,,12.359435566172596,5.998645584142211,116.4858969754972,106.27507761224798,,76.1835399298672
15,96,,19.862403289337664,5.002965433852185,122.26602313068112,114.7700985204237,,52.15714926846035
15,97,,6.997508316929447,5.349087225079111,132.1809796393911,122.1565953814884,,99.71116285509125
15,98,,23.13764278038816,1.982059496956538,138.09391929384168,130.54379745379535,,33.94987710773101
15,99,,5.598250344346928,3.221243290903584,145.06997471169754,137.3111320281868,,101.09558983775617
15,100,,26.15067117263645,3.917310800077472,153.93550122538923,146.06646399500366,,22.50310216265281
15,101,,29.71465564604631,3.2350055497386614,,154.24638688518755,,26.583148394364436
15,102,,29.667052173328287,9.219180174596548,138.3840968839685,158.81395695825094,,28.746343964242616
15,103,,30.47214922183094,0.9445834399752032,170.53000910787148,166.2517613021581,,30.397089599313116
15,104,,28.0750385846163,1.4020334952145026,172.3124116538225,171.49407770553057,,26.218322031063156
15,105,,25.654145994519997,2.077175530341142,172.28928262856385,173.1340563737574,,5.777994345753293
15,106,,24.163413751507424,1.9038810473157337,171.64078254090802,172.84490003695095,,7.637844770126589
15,107,,23.918624453660076,2.0791469671653937,170.29985883580338,171.7381762090424,,9.485140740608182
15,108,,24.57683762899099,2.0379981616767484,169.99214059225542,171.2756895985192,,
15,109,,23.83662261481372,1.1352021657742088,171.09098859581167,171.16309491592054,,
15,110,,24.76201479863275,1.5205708890868608,172.12073754872475,171.4682560201744,,7.754571595127815
15,111,,24.971451359904147,1.578710785701271,,171.04465779192364,,7.5733829394023156
15,112,,25.07890619118129,1.589102379968764,137.18179053553496,170.96628871517407,,7.179451598845393
15,113,,25.053585997268463,1.9553210063670243,137.64548136843328,171.56823028237034,,7.876701254401032
15,114,,25.443780599740737,3.05524875426593,,171.95634243987945,,6.351135263181169
15,115,,25.42320056262489,3.4609426013578375,,172.2204603813348,,3.2140383328279225
15,116,,25.247283039053716,2.3758772575804605,,170.02876857143332,,2.6598514258212864
15,117,,24.14254235484453,2.4678990117121353,,169.3298625772996,,3.601085265501907
15,118,,22.543039168802295,1.2993750102825166,,166.92075888828214,,13.60690330234134
15,119,,21.521207822943065,0.0299413360055116,169.7849924176331,164.61619136934348,,107.36949252973815
15,120,,22.701901865088303,2.433236392474603,167.6461325888263,159.49243890344275,,101.1828705697534
15,121,,21.961394157360655,5.168731447401879,166.7874874881646,154.7835634736225,,101.2244240249008
15,122,,9.047374876788842,3.4959350015814428,156.29042899694966,148.90391699617032,,111.73486126483438
15,123,,14.675684169635668,0.1313662170808697,145.56550814057056,144.33808169324655,,106.6956626312771
15,124,,21.57691478357425,1.9826133816661928,145.57881276219456,139.46569440224948,,34.139998401638685
15,125,,21.85896821272284,5.351832157495071,144.12642014611768,132.70512592940875,,9.582134582459869
15,126,,25.383126476129604,5.661284538727222,138.34653278447416,129.3944760535156,,19.489270860845323
15,127,,22.807723535972357,7.017760808910871,134.52392991775318,123.1837890893463,,25.613603309554644
15,128,,25.83342690778466,7.805740372086643,131.1433866384081,118.93489398939562,,13.683276720746298
15,129,,24.46563793132433,8.219966403125326,123.9798886191484,111.5478948556051,,11.71962310050538
15,130,,22.894147989787164,6.574330416827542,117.38913081173068,106.84520586380754,,17.9093566676646
15,131,,22.26053916972229,6.023936209931375,109.47626953926216,100.4182059901516,,23.155996305393828
15,132,,19.461051989109475,7.054583515793676,,95.59954009051384,,49.30523967676368
15,133,,21.422679605419727,10.695500510368014,,91.34249349650568,,84.52235852639916
15,134,,14.243931183262523,12.97615113956542,,86.43946653500876,,139.60362365286952
15,135,,21.99644801710925,7.925622374550349,,81.07707174350443,,93.33999535003726
15,136,,13.973351991078372,5.558146183743153,,78.59796470744598,,114.32501663942467
15,137,,21.635039513487623,4.142448853243191,35.74577806301222,73.09562425204261,,71.4865651378386
15,138,29.928248738398253,16.623925923025325,2.369330659174747,94.022517913016,70.58565875693617,112.08906151945403,92.852919952169
15,139,29.9754119462222,19.78314012646862,3.0373403407409008,31.91839922339168,67.30021395871891,112.91108184073803,80.38268214632869
15,140,30.285804851231344,25.944422790028465,2.012131274278654,29.323545826629815,62.69076385691458,95.01685054011207,58.74357021443488
15,141,22.61321468181961,27.37021946157627,1.994974757985151,83.51111341624188,60.50791399512673,72.6337799822489,60.081816755494934
15,142,,27.629105428264175,0.2789625528576503,81.75702720143478,56.99087623929883,,58.82257465691822
15,143,,25.737093904160016,1.6877752853760792,78.97642014466776,53.59487159715411,,58.6307491083937
15,144,,27.39286116473996,2.5573154464705175,79.1523323997937,52.40379524119651,,51.66408881311966
15,145,21.201838566631512,25.661041722981,0.9044672655852852,75.13615988125835,49.28611977766405,66.50788181211232,42.95577230732377
15,146,,25.202984825480357,0.0553685706906153,68.46853285983447,46.533947092963906,,40.05541698910093
15,147,,24.356922149083807,0.0446989768990676,71.58431829056067,45.22094724909963,,40.67238812077148
15,148,,25.704494264722072,1.1603941207220514,,42.62323292128245,,40.31503365074437
15,149,27.760099376203055,25.463963245573247,1.432449832642703,,40.99157978224116,73.8912681558857,40.48762847490555
15,150,,23.91319699002065,1.7929500093488664,,39.81839895654024,,36.82584626138024
15,151,,23.82202085964458,1.0619849555878746,,38.31663371611311,,
15,152,,24.16850905143102,1.052799782710066,,38.25199478633809,,
15,153,,22.89646697632841,1.7275238856769937,,36.81160675413991,,
15,154,,20.504742722653702,0.2873891391173868,,36.82775271270305,,37.645971929169555
15,155,,19.505724495331524,1.3521384520576027,,36.77195299978399,,
15,156,,18.267779506305544,0.4802251419910782,,35.833236773789125,,126.12795079991044
15,157,,21.34046390807853,1.8116565807473313,45.9720234539923,35.67338413652655,,121.02644992445336
15,158,,17.14060638925482,1.5248873133383427,42.74553114101966,36.734300460642146,,119.23225471671076
15,159,,17.11706460492655,0.7314517830796355,47.25024149537016,36.374003019523066,,118.84429982388151
15,160,,14.35490644810639,1.0281297276384287,42.74123026514729,35.39992759787721,,117.45143194310636
15,161,,14.208760356694237,1.0482066462160715,45.70375616335408,33.26640288795679,,116.97069185366811
15,162,,14.009933548970457,1.3752555268294944,40.41637130876069,32.85117392094916,,126.14887315889594
15,163,,13.989436650984986,2.422013033609458,42.882199293561165,32.3718301114086,,128.76088139020638
15,164,,12.23266586869105,1.0875066529713615,45.58739243447856,32.487209534762236,,126.2948795351086
15,165,,13.28691856759307,1.115708628648754,45.83476768217836,32.77864659251972,,125.55337648516124
15,166,,11.749113447035205,1.0553844095255251,46.97684370247908,33.07153231434946,,128.67902406337862
15,167,,15.871572070927456,1.1144022327645318,48.72350361452826,33.74607123376216,,127.35360313765035
15,168,,9.96730473940024,1.8982540635591136,52.63905028627644,35.66940508108026,,125.96628848497416
15,169,,14.99295373239204,2.12661415796834,53.75584792750905,37.16226063115541,,128.01869413164178
15,170,,16.04530490951922,1.988888137067211,52.78803929265587,38.253546303346255,,132.89323775314296
15,171,,15.678296573993192,1.92073061188547,58.986454854661915,41.11285459889768,,68.05538309960279
15,172,25.9805830965419,16.297198921984705,1.3704021840498823,66.60034245670269,45.83713344923491,70.62020321514998,128.53865834443442
15,173,,21.186865447259223,1.2242115096643849,74.47392871673391,50.62029732001005,,131.2840509370684
15,174,,24.773346977218697,1.2141638618130743,81.18818025499003,54.46349802608992,,115.82060600642534
15,175,,23.65965254308798,1.1005334891696554,82.27127586846797,57.79422235107891,,124.67303380079572
15,176,,22.66839372269054,3.942344047931788,91.34210200710925,63.76440851463969,,39.796884765771914
15,177,,19.604168888066475,2.913237043420337,95.57508534596204,69.02855893101875,,48.13870665953315
15,178,,19.837798488950103,3.826571470799162,97.4309886605921,71.96521047672672,,43.82148639635866
15,179,,20.080247451426267,5.734193874576168,103.45372163832792,78.57196723817086,,60.31325544234227
15,180,,20.88790190101069,10.05096249105044,,84.38839380409848,,73.89193899578981
15,181,,24.31768720576011,10.2156035748818,126.0702492353514,91.60535181665016,,116.15513468116347
15,182,,23.979581942520237,3.940029416459679,,98.78498933381906,,25.613210667458347
15,183,,22.82808120904018,4.9129416746981,,105.23108356606672,,22.204056713506223
15,184,,21.839722628005028,3.1249446680591335,117.69853379547487,112.42128903631357,,170.15292875795998
15,185,,22.252278744633188,3.836845970936822,126.65354187994056,120.25253372392424,,22.43453163779324
15,186,,23.60680572390799,3.732340058324294,135.18941712519725,126.52822698491204,,22.26712031312631
15,187,,24.47036285506142,3.2648587229000556,142.5912395913341,133.80699565503556,,17.52444673966401
15,188,,29.84513170545902,2.19550476156507,144.85042060085672,140.65286615130196,,11.640217054051933
15,189,,28.55265879573119,4.666190768212595,157.26727263940285,148.7685646981722,,8.386241498646033
15,190,,28.668714110434795,5.271649916095439,163.71593159185255,154.65397879145422,,10.154251828341858
15,191,,29.24610333587131,2.953443739928006,168.29972549324629,161.3474874000359,,12.933526211315474
15,192,,28.760594320746332,1.294674434819717,169.7405770575124,165.3629765027128,,9.111471139119804
15,193,,27.246634941509377,0.0830591474733953,169.70520080964374,168.8579629756233,,14.895238037977126
15,194,,26.95520436521244,0.6186665216748738,169.51394231675752,169.56737344958913,,10.466980520987164
15,195,,25.157637031851156,0.5870620756613238,169.4917861188189,169.89320889473052,,13.899927874426808
15,196,,23.600339115920622,0.9107761306280396,168.84953464463337,170.3191804566055,,13.17011483414415
15,197,,21.612463963697696,1.5689489676291342,168.48062541302562,170.47678258779828,,15.2716453673651
15,198,,21.071521715651674,1.8213229463078977,,170.4742754263137,,16.10627438578591
15,199,,21.233733563823225,1.9611594352344857,167.73968652575454,170.19854265335022,,15.091731004216207
15,200,,22.11785309290527,1.740575668049937,,170.15574513357114,,13.682099779476545
15,201,,23.33864602420547,1.841917875400789,,170.31611202140937,,15.832040691773289
15,202,,23.88367283284039,2.2276587966052905,,169.66721137153976,,13.529086156172214
15,203,,24.69695256693948,2.3516245836732965,,169.55106983939703,,13.531929665678351
15,204,,24.23740000353172,2.844657079598993,,169.17933923009025,,15.800636056538254
15,205,,23.73839774016334,2.4921089120623554,,168.1048381266447,,14.311733239567705
15,206,,21.230591248168103,1.1490284075526325,165.16838327033912,165.5793512980149,,24.338779217054533
15,207,,21.488019776769836,0.1142468199059384,165.31360460329853,162.92423023815155,,25.42914194334993
15,208,,17.649104962597946,0.0264109443170268,163.74492935038495,160.71284427357855,,32.347306476882444
15,209,,19.568470946368695,3.448372014630707,162.28364057408638,154.50158041199091,,29.03791019153555
15,210,,24.50747163268571,1.0686156841729777,152.3070369336818,150.5965855932382,,12.767680838926998
15,211,,23.152766170454193,1.670386098242853,149.9681594193152,147.1938470344332,,19.160182081229717
15,212,,23.572523806729865,2.0215696046579907,147.353563138167,142.6173015656759,,14.245317268624374
15,213,,23.007288457746984,5.26799364735323,145.5496653629517,136.5321701314607,,21.676683328936644
15,214,,23.81038654450523,6.488583196097431,143.01854430141424,130.7465251762593,,14.955589627448273
15,215,,22.720661173551523,6.6809692350638095,137.82276364197364,126.7961431757263,,17.053037702695462
15,216,,22.730423794690616,8.032884296172604,134.37810789657607,121.3469873871191,,18.573884613304433
15,217,,19.61965576064224,7.415884717991925,,117.46478031663432,,31.571530601222424
15,218,,21.299618732621862,7.192918492363013,77.67682180419798,110.8009526892954,,26.349520436146097
15,219,,20.114810052848053,7.019834889707398,68.34608844169519,105.4134178663453,,32.518710844843085
15,220,,20.56391972693314,5.0270246409021455,64.14878079573303,101.92110483103669,,33.772404978712906
15,221,13.03764075501011,20.65036966365169,4.286266322278618,58.37883073590598,95.97829597417598,,27.41953647095901
15,222,9.63883166332506,19.202958037863876,6.868896317711985,,92.95138480972372,144.18263373894533,93.3214127509165
15,223,,18.94398617943291,8.910014701322265,,87.38736866972556,,43.82666675443972
15,224,167.09213769562558,20.27192336769596,6.263739795271175,,82.8121451991117,172.72070530705554,64.74909401612629
15,225,,19.39224972888902,7.703879968790351,106.85603609626688,78.13456629232664,,52.28734115510324
15,226,,20.6421742926384,4.353610105368679,96.6528223502349,73.02366786845957,,59.10484696284952
15,227,,20.878746054465427,2.986810321294571,29.31102902016652,68.96122418336456,,56.58195026446715
15,228,,21.5370339748828,3.741648597630162,29.02520284755457,65.39937377326649,,60.45944387994389
15,229,,23.756965287742887,3.329970752883725,86.63241495674563,62.21122307381748,,54.6281188128085
15,230,,23.508130371259256,1.2126321136856817,82.24546765710348,57.92660109625171,,82.57345214887249
15,231,20.44220906576278,25.49831918597012,0.1655135716679632,79.73254644689587,54.89934319271692,77.92902054449456,71.25215900355082
15,232,23.690941964574936,26.104872248146066,0.3706886513862432,75.26838990401166,52.499251965300445,76.24092925691679,64.92735902757343
15,233,17.585026392505238,21.791514349427025,1.2978804659001195,72.74142408835667,49.623558236892144,,67.27232974813313
15,234,,23.102174717430184,1.217018475475254,67.80460503755837,47.75232087775141,,
15,235,,26.06411006221852,1.3816702732583654,67.47563510916244,46.03974438498751,,38.13054251252188
15,236,21.512766775457415,25.458610438176503,0.0677278946164387,65.78341818794296,44.519550317479535,,36.82374721374604
15,237,,25.02102694365176,0.0637164980575364,65.81875122485961,41.40251599842456,,
15,238,,24.533275818923336,2.3975380398911943,64.99082827273561,40.39883683736126,,37.72792476112417
15,239,,25.133581408704803,2.1443149313297414,61.91012108410032,39.640141633775045,,
15,240,,25.84875770283281,1.4399839174446254,,38.65572983086048,,
15,241,,25.24463700282279,0.4465638682730136,,38.49194409159579,,
15,242,,25.03544815874963,1.588053098715262,,37.81694482949377,,
15,243,,24.29135805688551,3.0682911224548963,,36.74202281356049,,
15,244,,24.162744544799303,2.0486340371653364,,36.165555745728106,,127.02271689468638
15,245,,25.462331118857833,2.0039236307237696,,36.13129785282751,,
15,246,,26.588996662646107,2.438468040317925,,36.40828776394158,,
15,247,,29.299549177811056,2.833953553062301,,36.54526810826446,,122.4408582172799
15,248,,29.95709382060757,2.180459868686288,,36.05254940117226,,121.03695192578152
15,249,,29.477017343642505,2.6061694353890204,44.594178110833795,35.539461968337434,,
15,250,,31.08627214999693,2.897340779980924,43.662995431887566,34.84152948484528,,105.90108039855131
15,251,,30.868767224999846,2.704360460015967,41.993055070145125,33.83145091695042,,105.72507234860215
15,252,,31.174939546915475,3.32778903462842,43.75440105150083,32.790580871534345,,103.966757753909
15,253,,31.77721945391137,2.897234172056918,42.21930063682167,33.88352389487483,,107.03844275310524
15,254,,30.685888627285717,3.3974861787158455,41.467318803755354,32.60932502173275,,
15,255,,31.63732290574354,3.0503340237689875,39.671666576787615,34.024778897742884,,110.06539595150647
15,256,,30.65829634951034,2.909900124240439,40.7193043651697,34.081636073315266,,112.46690020191475
15,257,,27.785982641729344,2.9620105311661185,38.024185347159005,34.573325881658725,,58.7857086319813
15,258,,27.20914613586123,3.335360786970915,40.270306728457456,35.08915619111824,,58.6161562478752
15,259,,25.17056599302648,3.67214356172878,,36.72467422161907,,59.678655662885944
15,260,,26.78179841668397,4.237447693877162,,40.53644921975335,,66.39964050000972
15,261,25.86391125219341,28.494542324980888,3.4157302294718312,65.16555485058144,46.568023690535775,70.74730088000301,67.74868589933924
15,262,20.480100287528742,27.59842409901166,2.2358258502369774,74.47928647193962,49.98103047192021,,48.82977592987267
15,263,23.36315893878967,26.490980347380965,0.4223116040823516,78.89429813515873,52.76100874497337,74.83888669995294,60.46628919718797
15,264,,25.4434644767356,1.3087175241971023,78.4921511046436,56.94910678296195,,65.56264985482966
15,265,,23.26993283632379,2.719236433174766,88.78445555440672,62.3926430301787,,52.722488110469605
15,266,,21.776294916579005,4.269685882727506,31.196452420542705,67.1015107859635,,40.18644888754526
15,267,,20.70895650747709,3.926131305149764,96.6562158651318,72.8535767677832,,45.620685697642465
15,268,,19.429420703386658,5.378743640700189,104.29897584090064,78.22317625750627,,53.10520943669653
15,269,,22.36031723757273,10.219693083312366,117.99952269968252,83.98445142965957,,62.6460696170976
15,270,,22.03876807364603,9.399025722280395,,89.31446594801062,,62.740123828275486
15,271,,23.231892367567003,7.769089258327388,,94.9085615183443,,114.94874352743696
15,272,,22.30989123998622,8.203067194795516,64.04142571942049,101.38649150389908,,138.66433333552212
15,273,,22.065447588983044,4.6615329091312345,72.81364006271974,109.80322122452854,,15.413854815786715
15,274,,21.565897134528218,3.2770377715593133,123.15049110619717,116.2688590042466,,17.643405056476308
15,275,,24.75242495162047,3.987251880360123,130.3488842054691,123.3351502554237,,12.419263924935787
15,276,,27.103918930625383,4.33508402241491,141.22439628485606,131.3248218648712,,21.580281922187663
15,277,,26.718999754268324,3.3367288110403117,145.21051732025194,137.28533430382055,,21.58016370828151
15,278,,25.229455102330625,3.648018407990362,116.03569149306308,144.49230588299753,,19.47848177623094
15,279,,26.580808394578504,4.670885987990397,158.569417761175,150.53835525769378,,17.37413088549892
16,0,,31.57398443773159,33.98029274079654,106.58284857291991,125.75372358555282,,164.34549042364796
16,1,,31.57748359445281,33.98630253012999,106.57630728474923,125.76733418629829,,164.37118202902542
16,2,9.603341768336358,29.759912059416944,34.78058336835669,104.767002752925,123.4213943248726,81.030271197506,169.85087660519235
16,3,8.757389754569592,25.513042617870394,34.41957222178734,99.67186191122458,119.75774609733016,76.90700966846146,177.83528550511667
16,4,7.710523713441298,28.59773763826424,35.37857535126762,99.45612543677508,117.41173562292995,57.57606898673081,178.94675182764047
16,5,,28.514668052885735,36.30389778529848,95.96128572269512,113.97462814858878,,158.28965600198848
16,6,,30.873959317600782,36.79754823652701,91.62278388611662,109.28374339698328,,75.4345848917454
16,7,,33.22665132643674,37.1686965945312,89.24076073652327,106.48440940178055,,
16,8,,35.29190971721141,38.485027303354634,86.61464303046475,104.70969695817476,,
16,9,,30.976298728382694,40.446434429382094,84.38012746327874,103.85578291927212,,
16,10,,28.76387172932508,40.370409081809,79.80938396547312,100.3947656451881,,
16,11,,,39.84388348833461,77.6886070021729,97.73028809740303,,
16,12,,33.47557344420535,40.493508601569026,75.06497691892416,96.26591338599556,,
16,13,,38.10636049539492,40.165980477126496,71.92094188831543,93.340233604224,,
16,14,,29.07414853998808,40.04099896148696,67.25782019839895,90.97670112684956,,
16,15,,23.648181954986487,40.240448196483385,60.789560271260974,86.31275068408772,,
16,16,,29.715064527138026,39.5395392964555,56.20278353201411,83.17551011526777,,
16,17,7.967167765644588,26.339947198127433,39.13464391548529,47.505998930286665,79.20664364486294,,
16,18,,18.865445420921365,39.48921544777376,47.8474502531616,76.59726809506445,,
16,19,12.003295164445998,11.77254299890392,37.97491383997792,40.79565456278656,74.15850987995776,141.2169558085071,100.62770506148247
16,20,16.481920429238674,14.43384949249469,30.855909644225896,42.03980655846301,67.24279218971803,125.24339816519928,100.4866937631803
16,21,19.539775937472616,20.927602575684045,30.51896197322482,44.55809578527507,66.5602057207197,127.20368665168954,103.7468431448074
16,22,19.761477760734248,9.27163645464414,31.90889110497233,38.9653428376936,64.63233784673061,125.93510415362915,98.87947739346136
16,23,16.406861678026193,14.515252385833564,33.59452750403036,36.426793581520265,65.07936284565064,125.30252035363058,103.82853625417496
16,24,19.11195849887246,25.953384810408455,31.392325466927858,38.78778043301707,64.71915299083837,124.68852481433368,117.2922358380432
16,25,21.875643684074586,3.2544050003857574,25.608015729092735,39.925908865392394,62.83127144898025,121.95245205627585,84.31151652976098
16,26,,22.657675550498514,24.99225809582977,46.37601438730598,66.11892980058423,,104.81110275349856
16,27,,26.88112772832347,31.118977391347176,52.00108497593005,69.10183450138099,,115.65036753790406
16,28,,20.945336874842237,32.69352182987524,58.31300689389555,73.58350928274105,,103.2671267444208
16,29,,29.754555344532783,30.848887410725897,62.43133379964553,76.89552534927518,,119.68225943185988
16,30,,,34.47922246345454,66.92301854362528,83.58048372591053,,
16,31,,23.47850242309563,36.78267531562344,68.7219090275487,90.36706470737212,,
16,32,,,40.01115017752591,77.37457173175329,96.03217044401276,,
16,33,,47.537069409128,41.89615201682814,84.20669689181038,102.27526848347112,,96.23570586145964
16,34,,32.62198908548205,43.103591990568674,88.52148428034292,109.32625034618864,,
16,35,,33.87616548733638,40.73395751063734,91.78125634789978,112.13241820618222,,
16,36,,25.88683902696087,43.62972388143615,98.46301466772762,118.88813835543849,,
16,37,15.12613446306136,24.391612089740367,43.66747206011755,101.7627752293365,128.19700374566784,64.0556078379044,176.95627846172195
16,38,7.61505720634515,27.533540667889767,42.150048257743904,108.50169270634,134.54621682387358,90.06868205590477,172.95110048998137
16,39,11.258777407080268,23.147968341767125,40.443549228117945,112.08770543979698,138.98769090036234,105.28513745328507,166.99930317477592
16,40,,26.110124778586375,37.534177712808294,120.81975829510392,144.8305610381144,,175.38949190439624
16,41,31.08291336911489,30.595620179730048,33.16316102083943,131.2631644616982,150.8923830516453,77.05834520506303,178.5331708176171
16,42,22.790791889157344,33.11062462036598,27.66555780885508,148.60534171449598,155.67679894376994,82.0521742256462,161.968806486648
16,43,76.61967991675931,37.08851354559643,22.35512903929,160.8275383785289,160.69030796980195,58.37468553437799,171.19865877483363
16,44,76.91083865320488,40.11484003227426,18.419646329465788,177.53535906663168,168.9720745081754,63.585571293986746,156.4658800597165
16,45,73.86402672973685,40.39034271162981,16.911659799022402,173.77057825339713,174.93517907964753,57.265089925707194,153.37443462961977
16,46,75.24329584179364,40.49031234835109,15.246100994265312,165.6732290901574,179.43152924964707,54.240237411700626,156.40476510247444
17,0,81.35163878007135,84.59237688490197,0.3963280520553102,129.6308902293189,127.76442547483998,166.19360614548,168.20944842661726
17,1,75.25410683984092,81.25069859362969,0.5448507735369221,132.00663561238102,130.17688851764373,,166.6954876386446
17,2,73.44092468851662,76.44771056448339,1.653162427437343,137.53819507706262,132.7135439119509,164.02151944380032,166.11905632867786
17,3,68.68450888441522,71.37660110226115,1.7358547347771904,140.57492449557782,135.6749958590122,163.51437422582268,165.97954895693766
17,4,62.76684132342236,64.2937515444743,1.436305381926409,143.2520349981069,139.0422851861332,165.98407132940036,164.90541877758207
17,5,55.63095879158482,57.79576850943332,1.3248317128560656,145.73072837773418,142.53498395663388,164.0157719363867,162.84333973034427
17,6,48.14461893544281,52.59520726843053,1.2533008347952517,149.29884886122505,144.77708866677034,157.3880074846469,163.97861587321776
17,7,38.693068438435205,45.7874945047545,1.6326072556073523,153.60170158451209,148.7395214800848,153.71982742712422,161.38427379812188
17,8,34.19479890386034,39.84554156559123,1.8198555400005851,156.13414120740126,151.92852823209023,151.59747213751672,160.2669037494629
17,9,23.135786853536857,34.85544288274117,2.2280358310262347,159.18631482256043,155.193808326231,144.54623382474156,160.68918506534786
17,10,7.857585915060096,27.128516536574388,2.82215460536181,162.759013017127,159.43639831499007,,161.28933472756245
17,11,6.947679195444536,21.91977612313489,3.0819172173220477,165.66592725920546,162.63431656218944,,169.48682107086174
17,12,2.9427887487993996,15.404744943470252,3.2580084139437395,168.10386431993027,166.47838183797592,141.62462812556365,172.61639273983957
17,13,1.3724445496863589,14.103417181105764,3.1968835463626224,169.3331653352401,166.10660545016415,144.288839350748,171.52080930217576
17,14,8.255668519296782,9.717094616955263,2.9609369389972606,170.04225431386195,166.7907924468839,157.89806373468855,170.9389538226727
17,15,0.5411198546471537,7.018029674672449,2.87719089512734,171.30377538719893,165.6706466290853,150.18850491001038,173.81237299796996
17,16,20.31867430251718,3.082389259539619,1.362854432776795,172.65773071626325,169.15852383707158,,175.35935628310452
17,17,,0.1725909484957892,2.2405323457197786,170.93778359041934,168.55603956247273,,174.40712456343297
17,18,13.799793911517868,0.87960748086897,2.955341524164095,173.19558263651538,168.08698932362853,,178.21723493309491
17,19,16.38193458414462,2.7402176325008294,2.466251225973656,174.59806586681728,168.96187107081863,,178.53449779526957
17,20,12.989295475091744,3.868533269544567,2.5086709661117643,174.658614584834,169.18599390105558,,178.20397287449447
17,21,12.02744118462176,4.739085483523166,2.7002107591618896,174.73449382957625,169.41270312620836,,178.24876392643645
17,22,7.032669358117943,4.584570399003125,2.657426128914559,174.81393201209713,169.08775917334845,,178.49970770466464
17,23,8.048166891524604,3.880783802205233,2.4106276783861795,173.8623637345654,167.93886193457115,,179.03909854904768
17,24,7.219322073320532,3.188534353291322,2.220346087727231,172.3261762388819,167.07032778242393,,177.14545498140473
17,25,8.808442386483346,2.3523383615590694,2.8868197782139746,170.31690442267134,165.64461524370518,,175.62390698205692
17,26,11.706907406950828,0.0268034551484347,2.7863265429722626,169.20753904237085,164.25713478836556,,176.10592312476035
17,27,12.489134605975629,2.5125863769057357,2.222776828878268,166.9073025979145,162.79255675959405,,173.98225657840592
17,28,11.167833529060664,7.007743908463526,2.3032189392853586,166.01749246410844,161.37250732848932,,174.45188072695268
17,29,5.229448520106163,10.335529593013044,2.6116242377287557,164.35924248792017,159.2267300878927,,170.1503921430173
17,30,6.745007617470243,17.02936037509842,2.268389125234864,161.0941182762375,157.42756809435474,,173.0311714776805
17,31,9.88761696608534,19.74295172719133,1.1305370825247674,158.84584408640671,156.4090250721093,126.83791618138076,173.0464892220177
17,32,7.965692151374747,25.38930054124927,2.300930692962036,157.17323586322618,153.26222060899343,122.09872173760073,178.46346664671407
17,33,2.615055429351522,35.23357538565908,1.7259118346514832,151.64118246838854,145.49295804099805,126.0894648213921,172.9664889338768
17,34,0.9161654124141602,41.96542073118703,1.6900381044990924,149.26426150299685,141.83312848541112,,167.66957604836068
17,35,,47.436588091156985,1.794594262735843,144.47615044004257,137.37487113164934,,161.72515361727795
17,36,46.96277974608475,53.2096452405614,1.7162965329705493,142.36703875946293,134.4757659012042,162.68393360510302,164.15056050560932
17,37,53.49543851393721,58.21603069453148,1.9308982723196155,140.85128195376575,132.0511620819696,165.94402091111382,167.26311843693247
17,38,59.658467234447095,65.09039253286265,1.2337675329795987,137.02813861092127,129.91883029860708,164.7562651178935,169.69414538121342
17,39,67.35894139918068,72.15075671494661,0.348069316290549,130.8658443398914,126.30606839484498,167.2117136101098,171.8503460129596
17,40,72.16593603963763,77.01711243445034,0.3200456257676933,127.14368722793444,124.41374648487644,173.35890446999792,172.39802516092448
17,41,76.64206464095099,82.57274826034262,0.551769297525688,124.79682271503688,122.5402168186348,170.73770569730252,176.77459915570688
17,42,79.74095411791637,86.15321746012076,0.2958708188944347,123.54012113006692,119.87246170680334,,174.5169969463606
17,43,83.50661191171734,90.55986629239024,0.5832091100065238,122.65216028494324,116.88290998400286,169.7146662641971,175.10857851210807
17,44,88.50562357203049,92.82536897664453,0.7231040960095759,121.5613335602223,114.61223366686109,,172.26274824327584
17,45,,95.94188205617696,0.1293239997377413,118.94995352838214,112.4343216265092,,173.2347304784603
17,46,,98.5712460675735,0.4211696732822052,116.2994023920748,110.09071236697967,,169.03009109553108
17,47,,102.4015544544882,0.5487687026087634,115.1805698469348,108.52539686314826,,170.83809732336073
17,48,,105.3323094903646,0.6464049505839653,112.56415858866158,107.31541450331498,,169.71053992654316
17,49,,108.83408166687788,0.3846506368470311,109.94878704673243,105.32189884667152,,169.25061461161204
17,50,,111.7715608185362,0.0855415186781381,108.30259150567576,102.84111674780388,,169.06087735767116
17,51,109.08774627039249,114.20940801660738,0.0946258241817347,106.97211595848364,101.41503681105378,,168.18778946947
17,52,113.15738080071732,116.4763253604582,0.5480753990911778,104.1600790775323,99.266707962371,163.94916481086668,168.13204063066723
17,53,113.18051316345642,118.57992201855085,0.2971308705112754,103.61354263504468,97.58735217517945,163.07179561587708,168.88820527020872
17,54,116.93647682694356,121.86674750682104,0.208054112175581,102.24175321752156,96.39000932948744,165.57405089876474,169.46748591423477
17,55,117.2778984560538,122.25846773219864,0.361000471460389,100.86334162382656,94.6950675216806,164.18471540032562,167.50255700245074
17,56,116.2901816395162,123.39540263166958,0.4035513367020319,100.383293786791,93.85820560874456,162.1610498032988,168.06621465375412
17,57,117.40501149847334,125.1020361137565,0.5414939643678139,99.96093647073238,93.4628535272023,163.22948735042118,168.81874819074778
17,58,117.14746449125678,125.06641362809754,0.7174764726297296,99.7419220427591,93.22647629620234,164.01123912346088,169.00069836433434
17,59,117.75267832012445,125.0601925851211,0.6854429765681914,99.80862057813368,93.05073112223177,163.8018877928838,168.84283947935282
17,60,117.00139082199328,124.56560426525004,1.047442541105592,100.03131318427094,92.49807578856851,162.6374905261607,167.96546711259754
17,61,116.01438553760218,124.44570351447966,1.3207806915995537,100.01119001990205,92.7554455534133,162.3455494699335,168.45394201752225
17,62,115.27981037765184,124.21225341964151,1.3974008828169098,100.382441525056,93.09629177676328,161.54724494174317,167.99048952384618
17,63,115.1435125216774,124.22850068960744,0.8420982683575834,99.96948913645492,93.47083452470808,163.23554522826487,168.43953905589308
17,64,116.17544461485618,123.55093531306495,0.6471106388354173,100.50817364850938,93.92212414653515,164.44510050410707,168.64789958082292
17,65,113.18906012110216,121.97156330439891,1.192504465865261,101.63332782267062,94.75347918460317,163.7405825729624,168.5596849236385
17,66,113.7131888267448,121.55052560310136,0.6892682193256362,101.55738675937188,95.69302780249627,161.89328658857718,167.65760290856488
17,67,113.08567613814152,118.87419678830489,0.5332504379866007,103.25937076554054,97.02419886777928,163.24358418834618,167.23279439708122
17,68,113.34779533254658,116.88134447211516,0.9105197614795272,104.4793894776942,98.52838557657331,163.69771569050607,166.8061540079914
17,69,113.03765080353044,115.87846259141904,0.5244234083352592,107.24307632970611,101.3678034866304,164.02815896642323,166.14533723440536
17,70,,113.33030106856064,0.4152718793084421,109.3245977662138,105.5096027311897,,166.59121628280312
17,71,101.56969328486272,108.90469964007929,0.3886856781778666,113.15302741694089,107.85561018367046,,167.45392625765982
17,72,100.2442900236558,104.42923725142722,0.3306551718071456,116.351430431771,111.11599342236082,164.46501344920648,166.4506476231911
17,73,97.27725358892788,101.630787756448,0.6371908794718705,119.94455376790346,113.95087918693775,164.33080232125133,166.63126778547073
17,74,92.07744727487156,97.73316322843864,0.4207049280384202,121.52417896681888,117.2455883896655,163.0256584962447,167.6270350847534
17,75,85.46130363398275,94.3351835058902,0.6725543121578943,124.7173214460802,119.80318893090852,163.1950695465765,170.2487679388395
17,76,80.065406791352,89.8902987628054,0.3750001568130129,126.69493873969974,123.8444708116601,162.35708174692525,170.67749902250384
17,77,74.6651129800054,84.11265358151391,0.433297070312609,128.87465539990478,126.7709718405868,161.06311064400418,168.0356603161603
17,78,68.86520850612324,78.7794520986009,0.7412918342096922,132.62116428745924,129.5153755952748,160.39797833633207,167.79484804988377
17,79,66.78484815224223,72.42827479516113,1.4900958536105915,135.83079842294515,131.85607913634252,160.61650531089924,164.56242963873746
17,80,62.38286982492672,64.9989923376421,1.9391699513263956,140.93741014883295,134.8319400016777,161.3720383356376,163.17245002144767
17,81,54.65498759784942,57.7640607042837,1.5789644406316543,143.7479080447723,138.95963037765026,162.9201604501465,163.24334644114137
17,82,44.83365176124422,50.37577359740776,1.856692798855954,148.7925576138897,143.00992868416296,156.89567117989887,162.20422495687714
17,83,34.713950301926815,42.29830564374495,2.0022620566742475,152.3952988992484,146.213881818273,149.7525527906757,159.30114227141203
17,84,13.039429716747662,35.092380649081264,2.5972697473389164,156.90722519043354,150.42024986678297,,157.17400644024465
17,85,4.016057758534313,28.87319032404397,3.650606572004507,160.60320928400918,154.22955276885315,,164.93950088044846
17,86,3.6222038097676617,21.9653814274371,3.2838353174788515,163.1400448644517,158.91316185798763,,171.97710667143645
17,87,4.052856651872047,17.600287504167152,3.52956723292318,164.65213060763438,160.7759247033911,143.561239814837,169.41930045287754
17,88,7.400166870902817,12.172803212624697,3.7002841902941106,166.38182233049014,161.6209544696076,,167.129252678909
17,89,,9.374956415787231,3.003708384623728,167.67702910428787,163.48025618983934,,173.34680468941102
17,90,4.48912339847117,5.412704693336476,1.6996521481608935,166.70695035340557,164.65506983046413,,173.52140502245413
17,91,1.760047536980059,2.7191210525154927,2.334613338521437,168.38402306552905,166.44649189811005,,176.6527501184127
17,92,,2.423160703715457,3.678102828464404,170.7890178466998,167.42246110039756,,173.53751304253288
17,93,,5.031126067657168,3.558619395388919,172.04421038229322,168.06405698516642,,176.745695831156
17,94,,5.83090903690318,3.1006531266952373,171.7289756615341,168.44687438641392,,177.60230173102892
17,95,,6.7451666284577545,2.964140527153644,171.91024947983715,168.79214108847776,,176.6736172890627
17,96,,6.497527290395038,2.965105744654583,173.07593764685518,168.75253983107942,,176.89400185808236
17,97,,5.604007758127384,3.111058210943103,172.34218107709702,168.12813440926968,,176.92795663459245
17,98,,5.187848749678917,3.2664289379167686,171.84182362164657,167.3001839216813,,175.97557320737025
17,99,,4.053941865208352,3.3289044622339845,171.27461936504932,166.88342144303724,,175.90781041812755
17,100,,3.6981415576098255,3.2829242749801137,170.00975124190353,167.14905042495968,,172.6989944351245
17,101,,0.1072135987534801,3.308356752068975,170.0899480576602,166.91029113181972,,176.96875312589265
17,102,5.253396624266596,1.9957554636374837,2.9244642767773565,168.31197935888986,166.00275272117042,,179.81197240832313
17,103,3.664146731636487,4.935876014671467,2.692946415828199,165.45534202209825,161.98915058225364,,177.69492585119048
17,104,6.816226906021482,7.516934088595759,2.8413866666357515,164.5003523232224,160.29221711260993,,178.40565588019336
17,105,11.300532653349087,10.61298458255163,2.650348337353648,164.39538284656882,160.10863855915144,,177.76444310875428
17,106,3.866572467705281,14.42555226729096,3.2913741089059867,164.67397446019916,157.74215182112204,,174.3877036428538
17,107,1.9035970933969664,19.60542319816854,3.2470469163538347,162.32866700347105,156.49134982491125,,174.5835662818685
17,108,0.3521726236742598,26.50891091108776,1.2367476816595036,158.70222517122852,152.24497046940715,137.78659525383253,176.83157217223095
17,109,16.904716210036028,35.20366986838448,2.5031980523755712,154.67927692320887,147.6904679224052,145.5899335941643,177.10909606800723
18,0,15.418058412803449,17.87139648581628,42.856291101669335,179.51139698236764,176.86212903287438,179.92058761376282,178.57462722222203
18,1,15.612892289481357,19.454801994318537,44.529769865011126,179.08864731547325,175.5067348760933,179.93065996631535,179.41885559395786
18,2,18.4712384712553,21.923980931503205,45.09864392601869,178.57384295400567,173.85584325644504,179.05365697135343,177.53542774416707
18,3,20.90226242835397,24.84888222289639,46.13149769626873,177.76207374589174,173.55242771074435,179.57522883030262,175.97802299840274
18,4,23.232410606540057,26.50005999863097,47.599202469991205,177.60226525050726,172.52153457574929,178.52133468290884,175.58725939227898
18,5,26.387275898239807,29.30508447684036,49.27518590674602,175.98323228381904,171.64978767016743,177.36709066604143,174.53652336962105
18,6,29.100674362283055,31.404496808493487,51.21189838623064,174.42876384460823,171.38766500394462,176.29118430197033,174.96789808805116
18,7,30.71224445187532,33.95125356248002,53.20176207849307,173.19719583609734,170.015770233673,176.94010364363186,174.78377413754055
18,8,33.186311250298175,38.80973964416177,55.03650071853638,172.58928188007988,169.4982680027889,176.58595706315674,175.83206598395637
18,9,35.590316306780316,40.72955966587814,56.58784256472923,171.5126998399226,169.24497002643272,175.73634269582553,172.948788041654
18,10,39.099144580954274,45.10859221860351,59.006707233808285,169.72333459309445,167.35389926844687,172.70539308433823,169.30243636743552
18,11,40.37864710966979,63.69530567356546,60.41054663786237,168.95111493428763,166.11819329225096,173.52509590363607,151.38220396553882
18,12,43.97065953571827,64.86479971531033,61.9420957434806,167.65144142171906,164.7304447152002,167.63309601120633,157.65004384588934
18,13,50.34467651148481,72.64125103339026,64.19520712922278,165.8170902207548,163.84395235529834,157.546453748898,157.97563923435712
18,14,57.069133281672656,72.21034383285773,65.96287177212108,163.08063397294828,162.885927159458,56.56234891196932,170.5167874420662
18,15,64.50791592829496,73.97019316006818,68.11333815611712,161.7972877323251,160.9946590972273,102.77143977389068,13.471015669360805
18,16,69.51235718308777,78.24979040276662,70.38767313925126,160.6176620144161,158.59986052668,40.688651165866894,86.48820215234352
18,17,77.51976308933278,42.50135325045956,71.69658349917269,159.9499624913832,157.3938719003626,72.26504714360838,66.93021150623515
18,18,83.77114990200675,55.882535926517285,74.07945699393345,159.02754842676697,155.72413016271284,147.20181265430682,80.46282716576391
18,19,75.49673763049663,52.814356125245745,75.68135292267782,157.95556657726436,155.0505600376386,105.6605851893164,72.35040707436242
18,20,71.96549315034746,59.94960910845631,78.14910954236929,156.93447049707373,153.61270116837704,95.60930890069214,72.4601750892739
18,21,73.82967789696417,60.82795177293907,80.38391722087204,156.06935042127796,152.21572811040107,91.27959447414004,72.19210322336431
18,22,70.67817231314085,60.24702048535827,81.77870366599781,155.40016742257052,150.99733626950703,83.02261474618818,71.27281995305135
18,23,73.65297693956272,57.12410459394061,83.28611331842957,154.9220740205318,150.4564900633966,84.18735916280065,68.6804112231927
18,24,74.08189238752817,59.27695391425172,84.5110324135944,154.40992761097635,150.75458625401166,84.20624373716478,67.96299690885442
18,25,68.44872345893496,61.06861975297969,84.91879627988085,154.77445396515128,151.90465493927186,80.82898186760448,68.31146724937592
18,26,65.74054784429792,59.236751831195974,83.84209159060038,155.4601902034562,153.44466348875036,80.43314395640971,65.15371470679575
18,27,66.16477317472986,59.78655576339009,82.65072277879044,156.18570355260184,155.10995933620467,82.04694862338738,67.19325829193797
18,28,69.91150161213838,59.67691497854627,80.8901093432493,157.10313390054637,156.32686965834523,85.94346514751037,67.22116521128147
18,29,72.32994830319795,59.11256941340498,79.87250845215073,158.14400840671053,155.69757434002324,87.83328210873655,66.12942233472708
18,30,65.85574031105484,55.16094281442859,77.6603126418227,159.03111753177262,157.04193680340111,80.1250063089126,63.22290711039067
18,31,72.13331124416565,56.133256240521064,75.62322274577556,159.90374761579776,157.09433551258937,84.78984563989658,63.19773119149359
18,32,74.96731028481945,57.304461710279504,72.03705330315965,161.87608214078364,159.4013005304004,89.79825930735632,60.77168582126355
18,33,80.16928307361643,63.411741904388215,68.90648371850456,164.1332048600242,162.17698091222735,96.91118881437352,62.03148327533049
18,34,76.14103220290171,63.15548134890159,66.41728082837439,165.79165966296353,163.30302640515524,93.07319897673958,65.81042857100063
18,35,72.48188107515027,49.28330688466685,64.26924769778633,167.63236315284936,164.4713427492611,95.08489925372515,71.70262147508335
18,36,78.44205933865427,71.4967913065165,61.99266042897097,167.6126926847315,165.5113927581118,103.06338611363184,54.41677357978625
18,37,76.88106767901033,74.30031850860962,61.428534253479675,167.86860759974869,164.72571655502102,119.21541867076408,16.45520993192548
18,38,70.83256721656561,66.1924314150639,59.62593652731241,168.5310045374612,165.50333028805755,42.15761396847257,20.044168565169063
18,39,69.7033096470622,64.5439202410297,59.146891600672454,167.42005795901247,165.24606285552187,13.56390620057532,29.5550555716543
18,40,65.00620451219937,58.91434912485098,57.39127086681131,168.1025438602109,166.4139155612782,38.54644544576123,84.84284706941868
18,41,61.18898252565426,51.48124567588204,55.170864650888376,168.5485296863231,168.12166540431772,10.333264877738127,84.87762480349322
18,42,55.33290409744902,44.2718830757704,53.6678653785488,169.99556014131144,168.52651549317503,174.12426600278434,5.614755724768173
18,43,55.04273297010522,42.90505607902002,51.64164820600322,171.40355895039116,170.39089312211462,165.3854819748199,176.98963580812728
18,44,51.57939525806959,40.11225581678264,49.26212541883757,172.78938781423145,171.15355277642573,168.3207097674943,176.00042876119247
18,45,49.20753035432879,38.25561365727013,47.93125226226847,173.45008933178306,172.2847162639686,174.54881651163487,177.33481069318574
18,46,48.88751925018479,37.3419945937343,46.32749939409458,174.60081650484838,172.7866745259667,173.80739579375515,176.11121890773092
18,47,45.94472136612832,36.23032862678716,45.379936296160245,175.39746946395437,173.98163614198816,173.3225448030613,179.46747809931622
18,48,43.11709893871122,34.6342664758206,44.23338770663267,176.43701316408263,174.69239846401337,176.68905350752377,178.36604682822858
18,49,40.77753458980114,33.143311763911086,43.76365761376614,176.89730666236005,174.9448520281061,178.65931775375535,177.81209974897817
18,50,39.43932302992681,31.425781982411188,42.2772781048473,177.51869442568113,176.54814860185192,177.26144116927813,177.82035885002654
18,51,37.19357580234805,30.29438241042571,40.85826960430627,178.38045509251097,177.4698367921383,179.39807826288651,176.76445558134037
18,52,35.013877117657294,28.29669809954543,39.515190265045526,179.66944930024889,178.1066674214975,179.24799277457328,177.76698329969022
18,53,32.36512675670091,26.66016215073452,39.14489300677616,179.92685872604775,178.80446168534775,179.77362922354402,178.17178414935915
18,54,30.28001448229048,25.183388608090564,38.13271036403756,179.1300608385652,179.95164042460442,179.54226415444893,179.09628300800702
18,55,27.517223929061142,23.551265273918403,37.7236428970573,178.64936401033538,179.83645915978798,177.9585232020696,177.75502279077014
18,56,25.62756698479008,21.377155988433753,37.540481265463185,177.87133633205977,179.71480808632737,177.08917885383516,176.72026535726934
18,57,23.827577399436116,20.41842127486378,37.395830388196465,177.57123758236563,179.22257514441114,176.85910604405942,179.05764615787632
18,58,22.294144644788098,19.189896700716304,36.92597002747405,177.48729113949506,178.73080844095077,175.39552819745526,179.6499401422817
18,59,18.61908621647732,18.2358730776278,37.25127340774505,177.3452693529838,178.45982252898546,172.54890156824646,179.81260548330434
18,60,15.876005686599758,16.70010536605784,37.32552741347542,176.76291976251193,178.32999254737078,171.73557495155788,177.78474485275424
18,61,14.240979232070304,14.04916173693656,37.41978246061713,176.53788032800145,178.93124634981385,171.04623764398443,174.06746324734794
18,62,13.0321075866566,12.352017146167542,37.6085224521033,176.4332923996722,179.57298166244408,171.69366738596617,174.940150943517
18,63,13.031255087106642,10.785173022842502,37.739916750238095,177.58525728871,178.89502535475657,174.7732989427144,172.46530302893197
18,64,12.733278037686691,10.669174439115908,37.66918606521965,177.72791001373773,179.06719827403415,175.1724532258313,173.048515839014
18,65,11.818260066336194,10.61711092151086,37.78671525130571,177.54216931112953,179.00632698934066,174.50122636303854,172.9653621959111
18,66,11.999301741387765,10.679721372041918,37.65313495000059,177.48172607422353,179.03718966344687,174.26735237696448,173.3217940297438
18,67,12.216517228973077,10.82749785014207,37.89154586003869,177.62496776728528,179.18694938963077,173.7148361572593,173.33530382515565
18,68,12.519916678730842,11.271750845147023,37.70385532073881,177.52349953841696,179.281031927255,173.3007931559744,172.8340065611153
18,69,12.626926141102206,12.926869394053304,37.99672050105,177.53026129826998,179.40542077962286,172.6481561659884,175.81239687845834
18,70,12.808663481711005,14.591695479898132,37.99399989248925,177.17147888791058,179.11115937574831,172.00672087565667,176.45092801699386
18,71,13.32301083535502,15.24306196489042,38.40858062429082,177.17235487827446,179.62520290693325,171.89151517156694,175.30790911566254
18,72,14.369624090437808,16.25551521124031,39.720379268305656,179.2019194310219,179.96056850324393,172.5041376751369,176.66685591791278
18,73,15.019060591113144,16.77941477386591,40.25185517302256,179.94057043855133,179.82416243784954,172.1063332885211,177.34495975936815
18,74,15.525269176491014,16.93531760272464,41.34584264985549,178.90353913391212,178.67869069958255,171.76074737977055,177.58047854367334
18,75,16.17057770837031,17.615029426425338,42.22944008990671,178.4221880927408,177.88260356773935,172.22501355153202,179.05212393033884
18,76,17.92981048695934,18.739804516828706,43.51563134480685,177.78604289477556,176.7059659656735,174.4394036013388,179.93264964427613
18,77,19.297391045575235,19.34969533389361,44.87281104525148,177.18096050206628,175.7350929310066,176.81471349798392,179.27436640535055
18,78,21.76803530583336,20.67305680001026,45.80612698082832,176.23614847133527,175.20306278078672,179.91173167286564,178.76425582811137
18,79,25.383757609900513,22.26646473047063,47.391488940787134,174.81435546872916,173.63066918484472,176.29400025057512,179.47165209816487
18,80,27.383422434572005,24.68626234694923,48.412866021297305,173.50773544614637,173.34763333444164,175.50376811003494,179.85038938542192
18,81,29.44721598141844,26.511306896056016,50.07044484110859,171.8557930705801,172.75684729433266,175.36566934866482,179.7046296832759
18,82,32.286921643194255,28.15472708721991,51.74302856530941,171.06585098004717,171.47482623223388,173.8511116162855,179.72811332394562
18,83,34.84651915763702,31.462827126759944,53.78477792452728,169.70904885425833,170.44405961169872,172.7524255203209,177.16475286026252
18,84,38.94278334539064,34.21853211726822,55.46383115317252,167.7259518716463,169.87911158405785,170.4997546293875,170.4013579728318
18,85,40.78452369587186,37.69687037044169,57.30850537574235,165.75244735515338,168.90150451168958,171.28107733418776,168.42851952670625
18,86,44.38879857866711,43.16494661023969,59.11556585039452,164.48965765559967,167.18219627691894,169.7904257246515,168.38353609192708
18,87,48.552328870241624,56.64099314192148,60.76515922111947,162.86270261565423,166.89861624426575,172.28149299827723,159.42281567781117
18,88,54.25483186389893,68.26243099492139,62.95577575391066,161.71116186115862,165.29137917105274,170.22748772068158,157.9118682953314
18,89,63.004049115842015,71.110092215893,64.01291009025626,160.9381217523657,164.68306234936188,19.083449232909224,166.58259237878178
18,90,73.83609313232577,79.19927390696,65.26547928658087,160.55391131319965,164.41684237046044,40.5887582028949,6.810764751771541
18,91,83.56805011937475,65.77199807782152,67.03417633573895,159.44992488993145,163.295795000707,48.62549929753262,80.03258574035397
18,92,77.00459673508543,45.67931816434542,68.58647163791092,158.73680562696404,162.37270567635468,137.1341983533634,67.74690165333065
19,0,11.466336922355971,11.945040946142989,37.90944685860106,178.33288996772248,179.78082906540024,174.44922309300824,174.37302885681066
19,1,11.737175432749035,12.320320416401248,37.83451794052377,178.49909942439442,179.0980016607806,173.55881370255398,174.92139086932576
19,2,11.900409738287872,13.272300650081116,37.523992111868864,177.68564867156135,179.1436931749445,173.09359095866418,176.5910463187293
19,3,12.567911201930444,14.535853069752914,37.502771089529006,177.48543123263522,178.94429288641194,173.20138317572705,175.48201686744005
19,4,13.551560698492985,15.668520484351712,37.507211409807695,177.44529746909183,178.08852611984636,173.7231967252576,174.62247151565177
19,5,14.53811328713213,17.92700400195541,37.436877725668474,177.87289186564533,177.88979093604348,173.27449641886963,179.27886190237518
19,6,15.497560854703732,19.11754177422602,37.615935772579434,177.55186256966422,178.50688645018775,174.8800865388469,179.24588212267872
19,7,17.13229776835122,19.99141724793771,38.11245978544097,178.6273963785492,178.72814779039155,176.35314718608282,178.687380498368
19,8,18.227731893677166,20.373274328653064,38.53082905814613,179.06948800135575,179.03530944894155,177.1305763287015,178.6618784300243
19,9,21.022824676682117,20.64041471133701,39.1025710565838,179.9991615495053,179.27510167492147,179.63082073038686,178.9333915737653
19,10,22.70645326543101,21.234064294314535,39.53998205667438,179.27346449344844,179.87924699591775,178.92799262294804,179.37248908799504
19,11,23.66694650472463,22.036805079958917,40.61859986093429,178.9035630321342,178.8730372253154,179.54991457027086,179.91817970985767
19,12,25.85962485972193,23.45598949860273,41.733925095925144,178.40375069432145,177.77652551989212,179.31989257091675,178.3008422642552
19,13,27.418036913707784,25.30422181239639,43.300597346085866,177.7915430240661,176.56235229238456,179.16420530036726,177.74808734575964
19,14,29.86105798235281,27.406116373359065,44.07551693237173,177.3209046677387,175.8948284543415,178.34169752364994,176.22575736343106
19,15,32.699925792876094,29.09867607027443,43.98555258827601,177.0417337190864,175.66160436137207,178.03373998567054,174.7442810752452
19,16,35.41461572354927,32.79823660417906,45.552837343324455,175.96117526007782,174.4347113359035,177.25815759160864,169.01776255197765
19,17,38.4392992113119,32.5173412630025,47.01247326435884,175.52209227429125,173.89916736536364,176.94331795167562,163.0726024469183
19,18,41.86767692912567,34.58445110497973,48.289626849038555,174.40708267868504,173.21343687210046,172.1240217699726,165.43017263989884
19,19,47.21886322489458,37.821551682489705,49.857301523779526,173.43448393937754,172.7922843304671,164.05831851873936,169.03290257716483
19,20,47.48982748566005,39.546948334498815,51.77635411308571,171.48725908151556,172.41752637313,153.04808558413146,165.45670547774822
19,21,53.689073509984624,61.76289575325233,53.76057598835324,169.58858603676683,171.508643550792,151.8023374390197,140.65062538534795
19,22,57.56863411754521,55.98840403071663,54.90642393460141,168.53717086837244,171.02774832815666,140.65133165159222,149.30481296261425
19,23,63.098112552052754,62.52368504751848,58.01237722131324,166.54254079594395,169.80778253324786,65.0118094272375,150.36825755835858
19,24,68.08713934525493,64.22870388497005,60.00344348011755,164.79203618836553,168.898788568869,23.9801287463432,13.664470556518712
19,25,75.04543361249567,70.64796066813126,61.84439436035269,162.91358965286432,167.23503759965232,21.326116885260536,1.672727284730358
19,26,81.5727072876666,57.484167047978616,64.50078364589234,161.43286861339013,165.97513247111996,69.06872603899728,23.929162803432703
19,27,79.32984963800325,49.974625875669226,66.5761715766647,160.20293664654,165.46221015359515,172.83413493124226,31.32473832362736
19,28,73.61803628880814,46.50548160952409,68.79557120580635,158.9921030572916,164.07239677601177,120.02900159030132,35.453494283146334
19,29,76.92189948826874,51.90398102083808,71.75795637369686,157.41199923323387,162.8384343421337,116.63177217819992,36.68986943329326
19,30,69.6264332969237,53.25015267827029,74.28675614927394,155.1949968808121,160.41095665382986,98.83686512805292,41.786419268395576
19,31,77.31437291661402,49.903980884214114,77.3033434855905,152.87642407050814,157.42803393212083,99.03698345846072,40.50734456189543
19,32,73.11466677443323,52.470775420681754,79.43145691351306,151.46731277784357,156.54486167980727,92.6917565501793,45.47451935378973
19,33,75.66432725130042,55.70048505538543,81.68547045787432,149.74525688225788,155.04279805835716,98.1940856832713,50.25345894256502
19,34,72.52119803012387,53.87882872207545,84.7761526563514,148.2655847355199,154.11371047175038,94.49521249490324,49.039075635251955
19,35,71.11372990672908,55.52089192569971,85.64717813266977,148.0893793881125,154.53582192303847,94.29924067493856,51.86908254392671
19,36,64.91402693264102,55.45593059847126,86.06005563710325,148.46476281919067,154.50342834340424,88.84189935614873,52.18976012767128
19,37,64.11170388940485,55.52903028577775,86.36211029979265,148.6991952003403,154.6619857750238,89.86934551545653,53.125335094060524
19,38,64.84525948065878,57.25081236227485,85.84659565537866,149.38716105989155,154.76667699727352,89.5187314789752,53.54799314007805
19,39,64.56030236604614,57.297858923281005,85.0348991432085,150.11348410923853,155.42788618003922,89.85762614535969,55.1859313658119
19,40,61.11369260526274,56.49072263863583,83.54385435088588,150.71583290038774,155.86558867795782,87.84468552903533,55.45394024463447
19,41,68.25132878529752,55.25181378195707,83.08688377731747,151.0392486332751,155.99595002078027,94.87502529600158,56.09822612121541
19,42,67.77487419700795,54.79615351285325,81.3196537156866,151.9745450585042,156.89080812022056,91.84747895645884,56.407390543533225
19,43,72.43812245381184,55.99103992952384,79.27296135176088,152.90459542603708,158.05453563971034,93.68959492366923,58.49268481064519
19,44,74.15286878796083,53.405053745342,77.41714151033251,154.36595633520233,158.96554066821227,93.84467007510472,58.67708265319905
19,45,80.39578838997416,55.86583138662652,75.39078428475807,155.0045766754266,160.6553064289444,99.47345611645233,66.8830040474373
19,46,75.98922457133894,54.59736865973092,72.43854285126251,156.69990612375233,161.96623471890544,98.9838828567396,70.47806713899439
19,47,79.71045036665522,41.816351477324645,69.61505986088879,158.47099042478308,163.43890001093837,102.57415435869363,65.29477358248285
19,48,83.16003587735496,54.07328793253491,66.93549528262255,159.21320860806307,164.16298218480082,106.9065349935016,78.9515277077468
19,49,79.02128836797606,57.60927483161704,64.30637690797684,160.85609941350796,165.3984757429665,112.21863717014853,90.6959722302182
19,50,84.20563050997558,68.09677294228632,61.74199223117768,161.7933115244817,167.0939606838714,125.02784708953192,94.18730232696238
19,51,84.57468321645815,70.56448479242461,59.19738234517855,163.45038682145744,167.90045128607184,136.96495289631645,105.3903154762245
19,52,85.01148381882123,68.0357122492175,56.469717652204686,164.96857637515654,169.2765996834435,73.03535232594484,92.80201465128924
19,53,76.18773767166863,57.46572731955822,54.29590898983366,167.1650357516404,169.9308215587022,112.47722821323607,115.99120178819244
19,54,73.70187167406307,51.32842587251916,51.70022487686568,169.33375428491482,170.76780226007176,83.57951903347194,135.8401067573614
19,55,64.6418810522409,48.718028089472966,49.14421513989102,171.4489366976069,171.75468841869085,113.23695542128854,129.57247145392222
19,56,59.646151736270575,46.38767868964518,47.87072524837781,173.207603716689,172.5202088432984,155.67142871047113,148.20467237610617
19,57,54.43628570653459,40.93674395752941,46.23023296638822,174.38733736131542,173.69074880156086,161.21590596089035,169.343608390651
19,58,51.35200677433171,38.48298343098544,44.90017581310688,175.39747743030077,175.2724261164462,169.28154949482052,172.23321088036255
19,59,49.27318775287849,37.18464997127245,43.26840182103736,177.11526646623244,176.4946474444923,179.19304739464934,178.28370172316156
19,60,46.31948805362092,35.13533006746759,41.31541256354772,178.0972877472948,177.61157341940736,178.3594454632398,178.0185405594675
19,61,42.87953886843241,32.45895676049149,40.2329799654346,178.41130495560057,178.8188465991589,179.21309491004456,178.55040946640946
19,62,40.01269755131814,29.75199131582627,39.38579710927985,179.00073544953614,179.32703676485215,178.96018526643928,178.59359991219154
19,63,35.623041192551234,27.55665623060209,39.36642426298917,179.22020301691435,179.34099832065112,177.424434508467,177.68073909633597
19,64,32.36635146064272,24.786348508733365,39.223523480558214,179.40553164020213,179.67169624006308,176.29753789440184,175.82634526942715
19,65,29.600835134041848,23.37712445251839,38.830302061841714,179.64262946702334,179.3958913956004,177.49237554098252,178.62306592005757
19,66,27.61768004150548,22.91793484588477,38.63070157415822,179.84713626538294,179.22148470887277,178.1852041743564,176.99805936622565
19,67,24.23394591398492,20.4874595856819,38.53211813612385,179.66380145034245,179.18401204105626,177.91713994829482,179.8435205134633
19,68,21.728624501803623,15.772891737643588,38.406029536154485,179.63831123119832,179.01698584321153,176.48867421504545,175.01356368341416
19,69,19.813359123016877,13.610810329852082,38.323780923205376,179.0571469738561,178.8458239780752,177.45666171918484,176.06230964714754
19,70,16.154590691028975,12.775766306001412,38.07065085383077,178.63656376210037,179.10646222590066,176.3569401357938,174.32140423369606
19,71,12.92424122502232,12.162509056150082,37.91600194025797,178.75555157688407,178.97601707646515,171.70700395554093,178.8859218220028
19,72,12.109761232252392,11.026832612494513,38.27031292207372,179.25073216220147,178.78996187177427,173.6698717468503,178.58608114674064
19,73,11.767141262168815,10.80130664042728,38.55594326410728,179.1357126438333,178.96561771678657,174.49387578008455,179.1787558492705
19,74,11.628766218368572,10.877684452349865,38.56607656453089,179.09628036585605,179.00033028622764,174.6395348568651,179.15313262817537
19,75,11.810894605046242,10.632532147167964,38.54938210609113,179.2093052197526,178.76631177024913,174.20657712387165,178.7097164971271
19,76,12.091745341764137,10.957313443736126,38.21836876035248,179.35208705568448,178.6864307162402,173.21157329838914,178.19973021860386
19,77,12.45466511995282,11.22557023427133,38.21591742394348,179.16457349928103,178.92914479264675,171.71396789415223,178.1947240410813
19,78,12.840926175101997,11.75231467614789,38.09539440586578,179.07841310275415,179.05554421198397,170.38217360893452,172.743524406264
19,79,13.597551706359884,12.40038430678315,37.94397357740482,178.75410009905104,179.3873053684873,172.0828865704035,173.01039114915457
19,80,14.605344939437511,12.778810221245193,38.096393740592895,178.72065404680575,179.20663232412514,173.034188898608,173.55447422023008
19,81,16.10686102698514,13.000568515649666,38.37411673659199,179.09527898004845,179.06120338228718,173.79331307843418,172.46943646508925
19,82,18.161633999565872,14.912194254241433,38.717740545045025,179.3280610792217,179.712728281308,175.9755462906954,171.492654807856
19,83,19.30680585508926,16.436950591419436,39.370386098642626,179.8336496132149,179.8659477809313,175.3440949510924,173.32809081927505
19,84,20.849408369505426,17.90850850005293,40.05513319330023,179.59158917636833,179.4820963198646,176.6258544532031,174.7203297405538
19,85,22.277638986242582,19.784511126676353,41.08638004651799,178.9237800139213,178.73204878773484,177.87062827651914,178.46476870892502
19,86,23.482297317619555,20.531650655288143,42.653191349270635,177.96734855364318,177.7621133918656,178.1608879523496,179.7998637083001
19,87,24.848070133177643,21.67585220640788,43.978420024499265,177.1275041755335,176.82353652558257,179.29449543338583,179.4033643399319
19,88,26.49870114019514,22.964423668747628,45.0569218357486,175.86325917420817,176.22935170535544,179.63643971254206,178.925000929786
19,89,28.67825448123374,24.75536735264098,46.04458635602454,174.45968265340562,175.7539014217727,178.077102415685,178.39596735068545
19,90,31.06042447959889,28.796365809751908,47.38989788583985,173.51899774492026,174.1825693221239,177.60215688068698,174.5244613904102
19,91,34.77370926418051,29.682139967863343,48.780085326361835,172.4412040174522,173.9577166150485,175.7443759274588,174.83671107564993
19,92,38.47606946911739,32.590950512815006,49.847718767899906,171.52416319272857,173.2216133302057,174.53795434744978,172.41664905300976
19,93,39.87482079556888,36.10895212038621,50.854020741734296,171.13262665767246,172.690866528478,178.3329567856807,170.61716656944665
19,94,45.50468143851037,37.58011516985157,52.30481353223206,170.152082414932,171.84619676801066,167.70414141403776,166.44667180364723
19,95,48.155619538258726,48.41083842673793,54.126008785914806,167.78113416787565,171.1136108570144,158.74686355156652,157.1949753291522
19,96,49.9859924330227,43.64914315789428,55.90325354567609,165.70336025151616,170.21449221217247,122.52324527882747,149.4317809375616
19,97,56.93668377282713,63.1090812703401,57.93333765394704,164.2564268831597,169.1718550534381,166.52080352914118,141.76229861882533
19,98,59.8002492239338,70.66663361076026,60.97496492670759,162.7725027819872,167.18728824976208,2.281126666403453,140.99113750933034
19,99,67.58120453081794,62.94318052695852,63.17629238345679,161.35643700039043,165.5782258533997,178.19560246008916,3.6178455563015937
19,100,74.46224982420686,64.9095812802868,64.59675292703211,160.8098740694366,164.27963530809606,29.00240912314903,19.48390340657134
19,101,79.80508847491728,66.2490037923971,66.91877490017605,159.83477881685062,162.21501245282218,85.67145536153771,45.96717533512644
19,102,81.83127866727882,44.13580642302586,68.87671959946803,159.0009757923593,160.32333200606394,137.52897723348832,48.79472076727447
19,103,84.751291560961,50.66737421237985,72.18736495528074,157.43922238135153,158.79506554193443,123.22925805618507,49.60987360889872
19,104,76.44032585244894,53.2908689449152,75.02577438482955,156.96164159259962,157.10171628863247,99.13444687944892,51.334221214441556
19,105,80.40965117710152,53.00344467287696,78.32426823719503,155.00011796750732,154.8170742089128,97.23583296933708,48.25664958936017
19,106,73.88289721827762,50.49912648596627,80.35506767481455,153.53706116722506,153.39690472941388,86.67854813918872,47.67666663315307
19,107,76.60382033597604,54.264979956709944,82.27140828960796,151.89768602623226,152.15151898677243,91.04669153267238,51.72887996069695
19,108,82.20115340366675,47.63136152934979,84.031314049919,151.21361906599333,151.36197955934,94.4686252937344,47.03086781094481
19,109,76.89131196535585,52.00336911244656,85.47211164611372,149.79740828799746,151.01460758610366,94.00741686573932,51.10408605750332
19,110,76.4194945548386,51.704961416874745,86.12699359472423,148.970662701273,151.85777318091826,92.36066570368916,48.87154786293643
19,111,72.88617464882157,50.940598143653304,85.8092879364411,148.99540380980503,152.64235471691396,88.8708216197891,47.086211831154394
19,112,77.17923407819947,52.23480508317991,85.42004094880757,149.4447718828677,153.322136209769,92.93852290551236,48.39450308456867
19,113,83.57891072846768,54.29511727138879,84.36265336278433,151.5250069563784,154.49044865383104,101.0863126941194,52.20007038064605
19,114,83.58244310566083,49.06538776411601,81.85450261989399,152.4052744544003,155.44049272561844,95.96188932725904,47.6443682809794
19,115,81.93047915995572,54.89375981562934,79.68426805725687,153.2690869033203,155.63886911592533,97.22658913274756,48.99727581653845
19,116,79.4133734849103,54.003586939757184,77.3512447023223,154.04467985910688,156.95402863755032,96.75305003435987,45.37888768576226
19,117,84.73614809779266,56.852960557574896,75.55339958190835,155.36546994098725,156.66956083471877,98.3524927069294,51.41378014844978
19,118,79.84940189036305,55.34847507117765,73.71262059199661,157.08003105408827,157.2539452018015,98.94295968216196,52.957028502315346
19,119,77.313278974861,46.17252095947421,70.41160204048087,159.13549959677584,158.8299904415771,96.47856746181296,57.170113459625746
19,120,80.75367120341663,49.150415775576256,67.387939954387,161.01441032672406,160.36272819742055,101.06663412789928,65.06897100754986
19,121,81.71231037471692,63.19117314365205,64.36613891737402,161.7296228212682,162.8971748083881,104.4921609235462,87.64586404608878
19,122,85.07765600109569,79.6367725369149,62.40299535994427,162.4873615426292,164.50706067067946,115.00296354157504,97.30284802017223
19,123,90.64450749903776,64.03230997954853,59.83824690544814,162.46289199158562,166.97892406479832,102.25156640107647,104.97393848791393
19,124,90.10610376838076,74.9681336484832,58.35655815535577,163.98263179488566,167.83070247844014,70.83456510094776,141.3760594726543
19,125,81.84845313506375,82.37037210190714,56.48134917174649,164.44775798286096,168.5533099014104,75.08527070021661,147.5129988359897
19,126,79.56516636767141,75.09699458799959,54.40295150274262,166.62192311538814,169.5490656479402,65.75519848258001,158.111794789827
19,127,72.35227581343597,67.59963126383376,52.21604160096931,169.7195947116061,170.9657733205169,92.1557521052864,148.75553197375604
19,128,65.04617572956026,67.55325896686931,49.95653284671235,171.7808098969902,171.76204280233927,88.32779012783087,116.74466092266492
19,129,61.04849875173535,58.346181409346215,48.1614390782454,173.62867407216294,172.84615608117574,134.05430612667314,156.08475147154704
19,130,55.87532443886712,54.56020984488506,46.99507788154894,175.05749920400706,173.56567703737147,151.99036327967409,163.37550593934677
19,131,54.159049565038146,50.10844498849046,45.440622737387535,176.16154757638313,174.7207670979943,164.254206110335,169.68656201451392
19,132,51.8037555356566,45.752929425755696,43.665540010281106,177.0644746673523,176.1003446267203,171.09476777560153,172.245462397645
19,133,48.73449158211459,42.80255518836221,42.5368114086328,177.21047348765973,177.11437416015968,173.70320909250165,176.8697456070114
19,134,46.376613566002206,39.6456008755471,41.4740284384026,177.77456072903095,178.276710500241,176.74257194538944,177.14113309969625
19,135,40.94899291241301,35.807957564438155,40.06592428230875,178.70807959380923,179.07527617937933,172.01764493223803,174.5932158329453
19,136,36.913624045754354,33.26799602254534,39.60943846795803,179.16391678530715,179.80142728306856,171.7968929816789,177.11466064119736
19,137,34.057046962033716,31.414148877940477,39.11989158483141,179.38098404179036,179.72851584565552,172.21552413080147,178.26843985979266
19,138,31.496589474108923,28.79862396501382,38.7535387585605,179.5023904090223,179.42841776422836,172.22533776146616,178.90536353641858
19,139,27.341111482832737,25.53774973011116,38.58041317650951,179.88162189783034,179.3455505488426,171.73458909501372,179.4211710525951
19,140,24.055757407470708,22.1172886106243,38.22826225697625,179.81127755766826,179.03709490249426,171.31643243250733,175.40356348934634
19,141,21.95241311761418,20.376677624730323,38.42394027079729,179.4635040056045,179.10709824764163,174.4909841465807,179.52182164303653
19,142,20.56744307196414,15.446141994763943,38.41605313412468,179.53861922026888,178.7372904748075,175.4945436692749,173.15507236810387
2,0,32.431968210434455,3.4938898690744784,25.074757560677824,175.7440372517107,168.67569061382326,40.05491234179085,148.76609278082478
2,1,,,,,,,
2,2,,,,,,,
2,3,33.10934592412821,2.0055441024063994,27.852690103836476,177.67128775274597,172.3325562757628,41.192953112621645,
2,4,,,,,,,
2,5,31.316327315370117,,22.587446347660254,179.59955441761306,,34.869621828411724,
2,6,29.340529539522667,,27.02749358500087,178.77578643469815,179.07207858911545,47.65322771626075,
2,7,30.509825066385577,,20.11448000616723,175.78534369893245,,29.61860999436903,
2,8,31.7210211798542,8.119796643043308,17.91001875608397,178.55933928139078,160.47939081614268,33.87938554561237,
2,9,,47.26046271952386,30.909379828901148,,,,26.227723705325293
2,10,,47.588615723714824,33.53717075573016,,,,25.218636221222813
2,11,31.68601459108552,1.7552081939986632,20.32075665384281,,,34.261318012390326,
2,12,29.16714778140978,2.913052361374522,25.212655470251168,,179.18648834210546,23.457414986351804,
2,13,21.903191394592188,10.81752530605656,16.27927645152032,,161.67673249724805,3.4803605369360207,
2,14,,45.76940865711612,31.63210317392154,,,,26.22051178163314
2,15,,45.13430468918982,31.50407368784587,,,,26.193549405750048
2,16,34.21636139442666,0.3341571343524812,26.138191529416435,164.5593700236212,176.97229367556884,35.58187549704897,
2,17,,,,,,,
2,18,,,,,,,
2,19,38.17953300433422,52.986886032174006,14.893424368913232,170.57351139179497,173.3917266345307,41.19050928850282,61.57688804944816
2,20,7.047955565766315,25.672163989476267,17.74063184221671,179.49663215329707,,25.481493651374407,23.21564185471298
2,21,21.368505232365713,31.49605603125839,,,,115.27452733461178,
2,22,27.012754758994987,36.81655049484523,,,,116.88489046199498,
2,23,17.36345073970014,46.74793041914592,36.82065794384855,,,,24.892934010685945
2,24,16.64133360755369,45.41470710023958,36.11386926919239,,,,24.36365648961484
2,25,,44.81130261778183,35.8438808204816,,,,23.57909239272919
2,26,44.483528899469725,,20.574516295134707,168.41609614250436,172.42211100356326,53.39820341160459,
2,27,14.643746093231378,44.74630582909783,35.79811232997346,,,15.119958076214957,27.281920493898728
2,28,41.053030320027105,19.641965395473704,25.53198994352845,,169.58853154022833,175.97446629272318,
2,29,36.06499576235682,,,,,43.15729873539376,
2,30,11.72362315744657,43.76040993678476,35.55746225478345,,,,23.30373063960723
2,31,11.077676067506475,44.99909682938608,36.72508621080476,,,,25.86573367021497
2,32,25.48607866967285,47.19723143804237,,,,,130.26762226294142
2,33,24.572878126380004,42.22254740565858,,,,,
2,34,22.81515021617963,34.046557633864666,,,,,
2,35,20.69331863610432,29.711078700625094,,,,,138.77482380158608
2,36,20.55381385692457,27.649282000944897,,,,111.70376174207794,114.53446245040833
2,37,24.44778399847607,32.51988895522213,,,,94.0240049409653,109.69399611351923
2,38,23.848758286429984,32.947487795171355,,,,97.89104923721288,110.9235149478135
2,39,23.058241920872774,33.81555487028417,,,,102.1444487348491,113.34682166599836
2,40,22.2622619858664,31.626335248324043,,,,104.38260276212392,104.83006673051727
2,41,22.980030427652768,33.10558923275869,,,,100.08811149038108,110.64146773711278
2,42,24.686742128457755,30.60526056003349,,,,100.12392902118644,111.45230772471422
2,43,27.11215963666842,32.431758534235,,,,116.6189444093643,116.71040118476162
2,44,27.03447957576268,32.50262269993668,,,,117.53661937566424,119.82630057455252
2,45,31.350609374924716,35.62324806642477,,,,117.64199727023794,113.31727130218604
2,46,28.51817307967324,35.5661858965148,,,,112.49421974902056,111.41012939309056
2,47,28.21045565966308,38.51439080949547,,,,106.89151063153608,105.52031697848042
2,48,31.371520306525092,41.586088350189385,56.5013660942646,,,110.30870369745652,102.23873769716508
2,49,37.611756341548514,41.69215558979491,64.59426887490169,,,130.30968048215928,104.04468872966537
2,50,36.60588177174799,41.87645431982646,,,,120.30742885989196,113.77396533759374
2,51,24.590684569640885,44.38146220974565,,,,147.9483023277979,109.40478921126989
2,52,,45.847321685925515,10.846042939614843,,,,113.2220381223107
2,53,,39.80315356686173,48.05722504931646,,,,122.29338062154268
2,54,30.75290590289957,34.33017180773043,,,,145.9058292893477,134.87799056078885
2,55,40.04830554946223,39.6357421504525,,,,136.4291264965884,128.8332964180167
2,56,37.1707489037405,31.475274381202123,,,,,120.8969151509254
2,57,36.5966747052852,25.245615900077244,,,,137.5139991112337,128.86328314953002
2,58,36.82051544378522,24.307341096008894,,,,,133.48942781374836
2,59,36.76182258889981,26.729027799746504,,,,132.80121564678973,151.1484262214647
2,60,33.616511977549806,20.026852237871015,,,,120.10672641851372,162.18913662398904
2,61,,,,,,,
2,62,,,,,,,
2,63,,,,,,,
2,64,,42.97163243979941,35.78584257680183,,,,21.666839169280102
2,65,31.19582315019492,12.510287473227226,,,,72.47215049849824,136.34504520158896
2,66,,,,,,,
2,67,,,,,,,
2,68,,,,,,,
2,69,,13.468964562152983,,,,,152.4362281254908
2,70,,,,,,,
2,71,,,,,,,
2,72,17.206903975943487,45.92430032231914,32.99174287071204,137.34898652490716,,,30.291629374674248
2,73,16.760235666932793,46.87512605531709,32.932797653122535,140.14600916509556,,,32.21678964829756
2,74,13.682771874851552,46.865220495196915,31.460490269331164,143.0360156495745,,,27.820214624215488
2,75,,47.78100667527512,32.03281138861731,144.40640673637444,,,29.906589367556148
2,76,,48.359375213062414,33.06241253119592,148.2565534719372,151.6115046441347,,27.00841374977374
2,77,23.683411969709056,47.734827347461504,31.84388471103796,150.52176454048953,155.64997657905835,,23.98773155692913
2,78,,47.38864775940483,32.02878582387934,152.38137883718946,160.45373437975513,,26.855984380765303
2,79,,46.8335573706364,30.979784529868432,154.6414484767761,160.10428803229226,,25.802641704141266
2,80,42.14039416918708,,25.96658919400759,,178.6946484240782,47.12160979872174,
2,81,,,,,,,
2,82,2.969614359042546,4.460529883154771,24.720907495592833,175.33623678168283,162.06256659275635,34.985647351617615,
2,83,36.614262047697714,,55.62355021811162,,143.98062768537315,45.46784506361189,
2,84,20.247516713959737,,,,,47.28502655765799,
2,85,33.898172590850145,,,,,47.14762207606616,
2,86,24.58927839958306,,,,,56.93846856566598,
2,87,33.404254943897556,,,,,57.73363531500423,
2,88,11.709943016094972,23.56093143348815,7.610248730559993,174.16311055455108,170.78626071000903,74.61577793443203,46.9445046310393
2,89,17.160059983088466,,,,,74.23130576062012,
2,90,15.085222750131058,,,,,70.3319993083517,
2,91,25.74020446258941,,,,,64.34498327901211,
2,92,,,,,,,
2,93,34.49486396369163,,,,,56.148188631456634,
2,94,33.68021898392298,,20.999747214558283,158.31355496243464,178.32123894657454,47.33908036983798,
2,95,36.44602218212158,,31.577280423460337,148.02360255759413,179.34008468217525,46.279131207306726,
2,96,12.75185794383336,8.624012306528481,9.77979815001903,170.68779030418403,176.39829409235114,53.6255338421569,3.458041279694714
2,97,,,,,,,
2,98,19.078071239357076,44.99979161611374,36.96421240139735,162.08917091900244,,,29.94634658786406
2,99,32.908459154431675,,,,,47.97872224448758,
2,100,,,,,,,
2,101,34.97956623945359,,,,,52.01435735465068,
2,102,,48.44208795335117,37.82017087345568,148.31418087324911,,,28.891169102346417
2,103,,48.102832189489995,37.25226977960925,145.18261888469928,,,26.984340374966425
2,104,,47.43981294360764,37.85955242954702,144.50726947674863,,,28.11365044598563
2,105,15.710463389079557,48.47328234749298,39.648998559285815,139.45488618564923,,,29.735943921260994
2,106,13.337089824711423,47.84933859356421,39.67522623112809,136.90505177256355,,151.51915927169887,30.114814246893545
2,107,,45.72676812000125,40.16156436177091,132.89355535010637,,,29.23956472629564
2,108,,,,,,,
2,109,,44.952233756222654,40.16605518345941,129.34829580034764,,,26.56195528830995
2,110,23.486579340918055,15.632048592901532,,161.34270685054875,,105.6539314669219,109.4158912915423
2,111,16.494250594009735,18.717398270098094,,,,,134.40537704425248
2,112,7.511964109009554,18.865553587670345,,,,,
2,113,12.496104607403486,19.300060149113826,,,,,134.1612220763493
2,114,11.48138276324896,22.644340460206976,,,,,136.54438377983308
2,115,62.70595006525634,34.36936919013142,8.986503320391126,,,160.82312700979853,
2,116,63.12525223097606,,,,,165.90518146679406,
2,117,20.572142352888715,21.67310941678039,,,,111.99511999944828,106.10917051164589
2,118,19.48899316551299,20.814615785813945,,,,,96.7983732501381
2,119,23.203233914542,21.787343010797816,,,,,94.6423656519958
2,120,23.99650521309204,22.752575976968338,,,,,124.59860150820217
2,121,22.894017577399897,22.18842456920969,,,,130.90287810121862,140.29409562547264
2,122,20.860715684364433,22.25837752569568,,,,,117.61217203970052
2,123,17.735265807241362,24.39560513625796,,,,,113.0927424277205
2,124,16.68722098479705,23.16810632522679,,,,99.08202347072488,99.30749566555964
2,125,14.872058426369817,21.88229421454608,,,,85.41111718078945,99.00857527340952
2,126,16.984843232976576,23.13810133939496,,,,82.01478229043873,97.95119596149937
2,127,14.95458286398313,27.109059497293163,,,,84.8850218892634,100.8527869842718
2,128,20.730560915595515,29.318355796867337,,,,76.04002830288798,98.75505648089546
2,129,16.470171737525693,27.10915206850263,,,,80.6097000941548,100.56302947669376
2,130,19.351708911245375,24.860352745448743,,,,74.56020178222688,97.48936072162284
2,131,12.704631076292229,26.35494279530286,,,,83.90639997912606,95.3500226273237
2,132,12.571595899722732,26.754141848394404,,,,85.55522898327526,104.58357089794464
2,133,10.19592125389688,24.124014241017218,,,,87.77254729226054,94.11562572081893
2,134,11.733312598878534,22.541214735083077,,,,87.32896762208848,99.07872798106231
2,135,11.164796211925072,23.27120902206451,,,,90.21069463392386,96.36513775313148
2,136,13.998884855349386,19.939122691133413,,,,81.29897953050224,88.79574059168958
2,137,14.150066450216586,20.711389312416095,,,,86.95269516166883,96.68093549717727
2,138,12.156102272581766,18.328501373804624,,,,84.55651386473572,101.66962567978968
2,139,12.098162141853091,18.863553843621588,,,,86.54898412734079,97.98173345137415
2,140,13.848084516745969,18.972003341401347,,,,94.91828086731353,106.1891725017877
2,141,17.603755290920255,17.261063746084716,,,,,149.00214071671616
2,142,13.023384194426892,17.96536688368969,,,,,160.71192500069182
2,143,,19.049922709364164,,,,,
2,144,1.2519190002787874,50.644345768511435,38.51668878873275,135.71783573700546,,175.44367035636765,22.20654577343673
2,145,0.8002807119179333,50.221798920422785,37.19474928061474,138.24893550432463,,157.6861836702743,24.070998763746537
2,146,0.7753412623205957,50.44291695601425,35.64466874981888,141.09184624979488,,157.31422178338173,26.837471046417676
2,147,3.6663651481149304,49.36511850985297,34.45852300986982,143.0733732572674,144.58063526673118,158.40355910455372,28.32854530694414
2,148,51.09081385956664,79.38603931323726,12.194718317480042,160.9046089411549,166.29990405461928,48.07570016460011,82.34218403288271
2,149,5.4651522561693975,49.12208379346371,34.44364277347122,147.97663533670743,147.38280419508493,172.8972971394437,27.359702989472755
2,150,0.7871501497911465,49.81641043457175,33.91007445520672,150.61931848904226,148.43216797797783,163.12363836678185,29.699228319573308
2,151,3.9655762115644824,48.39169991888444,33.8752439204201,153.3833263815111,150.40156070856514,156.33606504376306,32.60424178926743
2,152,2.911650054185038,47.03500419145142,33.40314870747707,158.79715386298932,156.86208663774326,155.7956784350485,33.609133830466945
2,153,7.387743485617283,48.22239830148408,32.57534808574017,160.75602736871855,158.6377271065641,,32.435795206180245
2,154,53.90065032934756,,1.8259934624177212,179.99096969941883,173.70786945362957,,
2,155,73.33517630082167,,18.13149478970696,175.33106966277762,179.86139971489476,,
2,156,,48.62114293285675,30.99107494894008,164.7173845485123,167.51283718117128,,35.306671755351786
2,157,,49.3226633678426,30.551830608899927,164.89804500020006,165.553763172393,,34.76093674093263
2,158,,48.66098221042036,32.42398963051931,165.6433204782573,170.39737539316528,,35.3449712573603
2,159,,48.841491507309755,32.41030390483851,168.19161561316542,175.6895538536199,,33.8412254455818
2,160,,49.23037055120074,31.15048810435624,170.12436904925656,176.883734171674,,33.58165515318183
2,161,,49.243990774631925,31.25406681062837,170.41168647169255,177.9176460276351,,34.91581421283175
2,162,,49.66229574056779,30.322578163141443,171.28222837128197,178.88362141660411,,34.78669178580121
2,163,,49.702927181820904,30.23593839044013,173.74894797003748,178.2828226532717,,34.83497220869304
2,164,,49.68542266090497,30.33712641637392,175.69092521243928,179.75333948395445,,34.260540570911296
2,165,,49.98731350142175,29.872615206814483,176.02174368785444,178.48411956709342,,34.57790926146702
2,166,,50.80256729819038,29.275724647459715,176.1118114611778,178.08888942975574,,33.85148183678552
2,167,,50.941012420698016,28.804690139490056,175.30409542729234,177.9600880772925,,33.71356282575616
2,168,,50.42718474318603,28.983521532828888,175.22595887625306,177.01183334093477,,34.090923221361784
2,169,,50.63894647638616,29.091619896194356,175.0154774622975,177.74387690598076,,34.68666798849304
2,170,,50.44239129999951,29.02136548517429,175.31272253690287,179.414855527074,,35.19629530126356
2,171,7.101426845724294,51.0385011838575,28.53983762930138,173.90696541276495,177.0594293030876,,36.50151220692601
2,172,,50.40906056402769,29.44105170316068,172.74490485672777,175.21054427246278,,36.86430498335777
2,173,,50.2863112420813,29.318925541735304,171.023904340012,169.87658819066417,,38.1646772833653
2,174,20.59140055182308,51.28427392717713,30.885256712603866,169.43049461166143,171.64872991796912,,38.24852457697767
2,175,22.250055118141375,51.80015145918972,31.11060750810083,169.0097428197855,169.49964571204194,,36.615166700510336
2,176,,51.3012725248992,33.6273218934595,168.5927343301271,172.03728986793334,,36.22146172082677
2,177,7.013514526096309,52.4232184736118,33.799400011447446,166.5169274583265,169.5165473982532,106.10720637437626,35.65591812339333
2,178,2.736675799982037,51.09132193610941,35.12872177729991,165.27386269451395,167.1735803702559,122.7960145597617,34.70624181108909
2,179,4.756602263204204,53.186815646485286,34.98311347427309,161.73256535318305,156.47032241886245,126.49340504947232,33.6171822106593
2,180,0.6959403680234528,51.8877814577522,36.1315902834296,157.99729181090694,156.96403785528912,117.190537656132,31.97135401619055
2,181,0.4402527019913074,52.28207755672901,37.93568722381843,152.7652158000117,158.65264983569585,,29.838634118863112
2,182,,51.21692102112936,39.11143680217209,149.62698395867895,156.2748617287918,,31.95335631498396
2,183,,,,,,,
2,184,,,10.286959476155042,163.22854130873938,162.547278155724,,
2,185,,,,,,,
2,186,15.222386339229908,51.78295365502861,41.77004479132934,139.35529150342336,148.0788016330643,141.85877908341246,27.75004137976677
2,187,,,,,,,
2,188,6.362315752412754,52.9645912713497,42.705358779174574,134.98916744406154,144.03313640382228,,28.411977355308423
2,189,113.72672346936037,51.883040453076575,42.14898450801567,133.65681799623636,142.0402054923723,128.10495498991818,25.94713730675444
2,190,111.58765078834944,50.84236852244063,42.990993853563786,131.52096401386086,139.6898100290734,111.75955520493994,27.02110659531477
2,191,,,,,,,
2,192,3.989811811415447,32.45431192796031,,,,109.9658473604404,155.0800750329401
2,193,,51.284560929038335,46.46825278450153,126.26983719715892,140.5294251480238,,27.067714673955063
2,194,5.7648084461883835,51.382270178456984,47.43689605801701,125.45248142631272,139.83575671297876,,24.980755155050357
2,195,2.5144535216501716,50.952854090619574,47.43368227334457,124.83380657118826,140.64100187230224,,25.834661403118535
2,196,59.60116160714089,33.88468063415082,,,,107.1456979405552,
2,197,58.08855637478522,,,,,108.45106978987376,
2,198,56.18394060401972,,,,,108.57951887856682,
2,199,59.06689961038977,,,,,107.34694078775075,
2,200,59.68525415270688,,,,,109.43459658161132,
2,201,68.048173568311,,,,,110.02208872558468,
2,202,66.06968735094433,,,,,108.98883891973604,
2,203,5.792638797479521,25.64627512363646,,,,82.56653377003174,129.07470562447054
2,204,8.272707651293258,31.689147567453528,,,,90.41707148627076,142.85075889122567
2,205,1.1630068437146388,18.981239670745776,,,,82.33835548211181,
2,206,0.0835896895482986,14.609442847732664,,,,94.45699165046514,126.95179855198336
2,207,1.1409881045668189,15.113619093712686,,,,86.82359343616808,115.09009831986155
2,208,6.99535817047482,27.72818233232204,,,,75.57080940016681,
2,209,65.99232424473223,,,,,98.72213170770902,
2,210,,,,,,,
2,211,,,,,,,
2,212,62.86045665050431,,,,,94.3571462167495,
2,213,,,,,,,
2,214,,46.00438355545788,45.272407678657835,114.45425829285482,129.07942506754904,,23.79508351541086
2,215,63.3618184145606,,,,,98.79449088161674,
2,216,63.95821939061988,,,,,100.7714897759111,
2,217,58.511378229283075,1.4333501444332928,,,,104.84623267443315,
2,218,51.1010299774963,22.26601211886713,,,,110.24063308528964,
2,219,56.508980648869056,39.30027011796463,3.2990954853619496,170.36726190127908,148.62444676183748,72.43052107663807,
2,220,52.63199296254629,13.836282773870318,10.221976027269433,162.06370538549157,148.51413502294457,73.65124909032816,
2,221,14.261692453966583,52.27429673293539,41.13113459490159,134.86517189015115,143.4874968206842,164.9784459421441,22.95940044109567
2,222,,52.217644667384334,39.29463620367732,138.2529438319963,144.36264360964185,,24.21457348345284
2,223,4.128637488999249,52.94122370775137,40.52445337371325,140.5856768272206,146.36674526048267,148.91511451004243,29.50494279953275
2,224,5.796633866061208,54.01050089137334,40.29298279934819,143.6570803306468,149.43465425514896,146.96847732926696,29.809400195020675
2,225,12.21274063562771,52.80214360830659,38.80918862387615,146.3641769576686,150.32607791327453,140.0078550350346,29.365529229957225
2,226,30.105409228870272,69.09217370296896,0.1265111304627786,171.8195350467218,167.77301886793836,51.33616610724547,53.94036550541422
2,227,,53.665906433445166,36.24871610538983,150.5716303033167,151.0356378339394,,33.73083026068426
2,228,,53.177461562583304,36.81170608403789,154.73974277402584,155.7856265839142,,34.546522008058744
2,229,,51.9497548011332,35.17257394008264,155.6520627535452,156.64813160234095,,33.722122260231046
2,230,12.801435764814242,53.21710588145673,33.85595539115989,159.16498227564836,159.93278373925713,,35.494683732832826
2,231,6.487644679563278,51.84074165453344,34.231459348790686,160.9017943850549,162.29482483868284,167.66601468478578,37.73210615591627
2,232,19.55457712158778,52.73264102011612,34.59624326770965,162.5347283467121,165.80081266106288,,36.50972300878999
2,233,35.5730891695414,53.211294662978254,32.70623868547201,165.56862350586405,165.28249658466396,,35.38938156853575
2,234,46.50933086170018,35.47802465550007,17.277390528816,175.99532520567303,167.2234459691621,18.26777806810309,2.8000487472642095
2,235,48.69499482242566,53.87414344091966,34.76030252859323,165.8957883759156,173.17244989053208,,37.6367215345276
2,236,,53.08534200867619,35.229439502168,167.2535125546908,175.60029445683858,,38.190373097999014
2,237,37.006738405246345,53.67472272888143,35.7698373663414,167.66543736774463,175.61061591630371,,39.7044323489779
2,238,,53.75707384535226,34.35045487933693,169.91674670779724,174.56181420709967,,39.161311812317635
2,239,,54.270157821490656,34.24070905382922,170.81934769952463,176.064477609433,,38.691685570600846
2,240,,54.54621861874967,34.05069777577588,171.0851715623457,176.11734429190923,,38.102760645038686
2,241,,54.45271028369904,33.715661992105126,172.69208487848323,176.4479220348617,,40.60522806320589
2,242,18.678009311991275,,26.163665231578427,154.71538326091306,172.66494995917688,46.222073111701285,
2,243,,55.80671844300893,31.934045239962032,174.6386635920022,175.72193519572713,,41.527279645624446
2,244,,55.169678941645735,31.70468026660952,176.2814405672102,177.67559103850695,,41.463106186662195
2,245,,55.48816183913717,30.21965761792896,178.3347194092405,178.69966445253695,,41.67861456723656
2,246,,55.70537926838467,29.88846155121426,177.62212176945727,177.31479142584854,,40.95071535065288
2,247,,56.236118270578,28.911761041700625,178.25853278631973,176.6858095445336,,40.73218891976662
2,248,,56.35356479179076,27.865204486621067,177.66579574106854,173.61697508441014,,40.5925752685281
2,249,,56.27819035002397,28.286019123998763,176.22433712628953,173.06662358934898,,40.7660213861703
2,250,,56.157119185783394,28.589342895401213,176.6842164045635,173.90693918580584,,40.59030244586113
2,251,26.33267752836557,56.152011778761135,28.71646396333377,177.72168163812182,174.33273613108298,,39.87108825608757
2,252,33.67933715314108,56.025856597610606,27.972556433737644,178.66038899294873,173.69297866644126,,40.35354481524994
2,253,37.304285433257895,56.16316975447122,27.862336277699782,178.3687278379395,172.41837282153568,,40.59992278526246
2,254,21.953352019293945,,15.403898924986697,172.03404270761132,172.714826059238,43.77355347267978,
2,255,29.03312154056004,,20.48822735019464,163.58248239567737,173.70268523287427,47.815615484235664,
2,256,12.24896989837005,39.36094464442506,28.150086204010545,161.855220078136,174.11296726630218,40.36720896696482,
2,257,,55.45465276856596,30.457365391360728,178.27105443894231,174.8225609389539,,41.68317110364771
2,258,18.334609462718912,42.987115259886735,25.614381518009495,162.09013015984692,174.08090885233295,47.969811915584295,
2,259,21.801880721370395,46.98236629202288,18.34530772267751,168.21007836721213,174.4287799587742,,
2,260,,53.08207148499782,32.099179137191214,173.04959271064547,171.9350401614044,,37.90897069188291
2,261,15.050301987158065,41.46178591039732,23.80021959442815,166.64097621340989,173.93650690178671,99.76689284282882,
2,262,14.282601450472628,39.74744247979024,24.014178258806144,163.36880677175878,170.36883605105712,97.03237837301916,
2,263,52.251118199374645,11.192974748497887,19.748261628737513,173.78352369333507,161.77664972914187,2.5808606634216074,91.9244771780044
2,264,18.02415233927442,51.84068005842624,37.91274510793879,162.870838795179,167.5306720288704,,38.29489209100765
2,265,13.75360630777036,50.238454177550175,36.621272507543424,160.66144657291366,164.47494152162844,122.73406105688947,36.45436364255632
2,266,16.077769402065556,50.5375657790929,35.508011689319105,156.95965983012073,160.08068729653533,130.40895775644825,38.48008688935326
2,267,10.926562903908588,51.66962094548273,36.808454967649034,152.39176374475753,158.78076981764858,141.40705895162708,37.05932429661352
2,268,9.57413743246701,51.47351425274716,38.678555923769494,151.41537317343543,158.21659813783168,149.5695109860025,35.580188542740444
2,269,3.8044053879031594,51.69942433122985,38.029212928861945,148.06046435280248,156.31618735254648,,36.802364484362315
2,270,0.8764249744765449,52.99060489681703,40.05290112404485,146.14841154955795,155.04929653815535,156.17280582430928,36.10110793923466
2,271,4.417356876180077,52.267504917892225,41.72341628922547,142.71035857454564,155.04457344398386,109.2800857423342,34.699394718753304
2,272,6.837703632445663,50.467682876518495,42.521200870227275,141.20032701464464,154.10069895306722,153.6657195701394,34.60347253586388
2,273,1.9605173878446625,51.45755114855216,42.79481914291095,141.51413455535706,151.67293056330914,160.4539395853805,34.55476668012612
2,274,28.759968226257342,9.988242412251214,,,,151.07434885619645,
2,275,3.3156414755842603,50.56308961507765,43.60286911228496,136.92650093117177,147.9073963157941,,33.46759487054226
2,276,10.185767092000818,51.90781473500646,45.550065545612775,133.75771460748334,143.45086018538385,171.69069695113205,31.819469495954905
2,277,33.42946241733021,16.162429008594813,5.873648922513602,,,147.29868180608273,155.7938004780422
2,278,33.150821194604646,9.57064691811736,6.305733427992925,,,149.8265914620957,
2,279,38.04228721897042,10.558481180143575,15.163512615958108,,,158.11602068289412,150.8957012430692
2,280,,,,,,,
2,281,52.37658913664481,51.02417582739994,49.4788455181922,124.2347515957705,141.86590783239353,,24.969989406267747
2,282,88.02801426481574,49.396998060972464,48.46197115058072,121.80124476226275,137.83170690300767,,26.35582643868829
2,283,52.82264169392742,41.13711308456982,31.150539943231557,,172.60962056256912,68.40956994594515,
2,284,105.6975280898835,46.73700251757034,46.653853187651855,117.91354158669212,134.24325240736778,,28.26394601308187
2,285,31.057668295466353,,,,,172.37418336579822,
2,286,115.24485852217644,45.88768902619966,47.53439389957624,114.29710718820954,129.13348429002383,,20.150511771617676
2,287,,43.44439540112751,44.84004202210257,107.06797614775346,124.65996731858677,,22.606366586113634
2,288,,41.9124057399239,44.69662740926353,109.58036090359778,123.3651387799245,,21.909835936680818
2,289,11.114770166589446,32.14044301696099,18.216951285512454,,,174.79219644420334,163.02876099198463
2,290,,40.09217610624529,39.4050846383695,99.84645837612244,116.9909394453572,,24.3747935245164
2,291,,45.31163355271188,43.12654716076256,102.13100819054738,113.72189419738392,,23.15996232708991
2,292,,47.14523381675688,45.94795654995868,106.04462383235796,114.95115926899248,,24.07702744531904
2,293,,46.57146030713035,43.8969511586556,104.08912315129326,112.34332586630316,,22.071308130906623
2,294,,44.20278169900269,44.48300702521616,105.66359259998364,115.54909938574404,,21.546300738045336
2,295,,43.13865850497416,40.47956312957831,101.19440366922866,111.99582836305638,,23.46399462609025
2,296,,43.229606257305335,42.307484375091875,105.77500415998432,115.35016938058484,,23.74894711496359
2,297,83.38047300448434,45.92989880764774,45.28185082376633,108.92402096303628,122.20634894194828,,22.054129800642453
2,298,115.730218793048,47.53128640362787,46.092895411069456,113.17500164472666,125.6488529886232,,23.308867798927828
2,299,102.18175046514595,47.71697950476339,45.65636156697709,117.93954546280548,129.1960245754387,,22.97955301181495
2,300,108.3580158169883,47.89238645192416,45.34653342960392,120.02292535756165,129.42166903621765,,26.1492071091682
2,301,80.59705521916592,49.08155713586129,44.667955061316135,120.82015557006186,130.16055192851414,,25.49619318224747
2,302,31.00307452954367,19.04829982951651,,,,161.94660546544242,
2,303,18.57987635261527,26.463134219889387,,,,164.6036674449592,163.646440885052
2,304,19.538943709542377,23.212135306056553,,,,166.72183913091243,164.72186937420148
2,305,50.025993910603745,38.80006440370017,24.31578328006323,,,80.88764818782668,
2,306,30.683117187695704,53.40274659853902,42.69360359985603,135.8594937302336,142.73463647539083,,28.31973855428342
2,307,32.306022840121464,53.57398426725673,42.15402794963349,140.69343055651055,144.68952495165223,,28.323620679786067
2,308,23.028923936793337,53.70757432807572,41.683030026537104,142.60046031301275,144.8215704991623,,28.2891423984228
2,309,17.417246878611724,55.052932706765894,41.620115451419096,143.03974520189044,145.93777853341396,,26.475733210594008
2,310,13.608299129633853,55.96836819487144,42.42131346270497,147.4031138575279,150.89010367894954,52.60123724878027,29.962263068871476
2,311,14.92292504077075,56.43462044585314,41.48636333103454,149.2530234552802,153.6509560709199,76.50885582973632,30.576229876883772
2,312,20.507505912184016,55.12743530208577,41.33119419828022,151.10348958207524,155.94196735831883,175.7251142600534,32.48843727928157
2,313,5.135594050976208,54.480990916198486,38.84446900650721,155.40317495228467,156.36783447097156,156.9950097523814,34.96988797560492
2,314,2.9427109676893743,55.82488017876949,38.26999845797436,157.0450408279678,157.2396184865317,,33.89172401674427
2,315,4.817441139496895,56.75270539592817,37.08041741936737,160.6487855622903,160.46106390058273,152.78375774662214,35.65774955264296
2,316,5.528781845500825,54.85644129460261,36.03970869325554,162.42538922227615,161.2144894017821,166.49332948006068,34.70926309737088
2,317,15.473333683444798,54.87595841052519,35.944967838333284,165.03548420812146,165.25774492647923,150.34654831873712,36.20115549348068
2,318,,54.1594469405976,33.857366860431576,165.5152346282126,164.27535772777236,,39.03380510628556
2,319,6.07032177139393,55.19844782798098,34.51620151449436,166.652572233208,167.28053962805618,169.8188747257862,40.267860061466195
2,320,7.455944500523501,55.091790704580035,34.52015171641293,167.5735585797505,169.00251350842697,178.27805241350077,39.7118575648697
2,321,10.02601799947243,54.99392831728058,34.47892345461038,170.28222655500468,173.03980902475155,,36.77510531649294
2,322,9.654063572138917,53.8441214913512,33.72326439058667,172.83680037124125,176.2683756311677,177.6043713544309,37.82842901014738
2,323,9.337755930338028,54.35463708068656,34.19079889492834,171.88163416210938,176.1000229103369,169.9533162195056,40.23660189583781
2,324,,55.298483125306845,33.53612385474831,173.69959723288312,178.83179305195785,,40.3589703652187
2,325,12.072172564030993,56.26421543209346,33.21300587779154,175.84293623506198,177.35242992474394,175.32117323939676,40.95492036878507
2,326,5.766182998481752,55.53153987969563,33.08197404267175,177.3752773298989,179.23022738506896,,40.56901554637786
2,327,,56.23126263107433,31.845817616535427,177.55704838374788,178.88634684892432,,40.52078361922683
2,328,,56.53843382146991,30.66557575205423,178.118607695756,178.8578213088442,,41.971953628647114
2,329,,57.203213649938114,29.46800268099088,176.49003155171292,175.54334598276418,,41.71329031776926
2,330,,56.82721344531506,29.16521113328994,177.61684013811777,176.54529623038837,,40.100429590013334
2,331,,57.085573517640775,27.196025078862736,179.1747943694011,175.59672811503205,,39.69906358889951
2,332,,57.15401884694065,27.5553673317344,176.86150787217107,174.5894734591303,,39.38437403489706
2,333,,57.87315519470953,26.707233196575853,175.82759227429236,175.10984495594246,,38.760135059337955
2,334,,58.4877669615329,25.8432000775553,174.0960323960819,172.9402891498843,,38.0279627046615
2,335,,58.182674140211354,26.918091335140257,173.26427299434124,174.20668221431742,,38.99646790043225
2,336,,58.10527199522471,27.258258521654167,172.91454899583397,173.61877584924835,,40.24244737455189
2,337,,58.5633820692573,27.97368525271513,173.260032328365,176.01053649634358,,40.32088473484906
2,338,,59.58218824096256,28.017694484051756,174.2298684045301,176.29729737462458,,39.71191850066981
2,339,,59.12430137767678,27.93980956507784,173.86211410015264,176.00260141868512,,40.073329364574676
2,340,,59.15613056130326,27.98174100287934,174.4673105399678,176.49060175320227,,39.24208689244659
2,341,,59.335106943957015,27.167453637324375,174.5186137286862,176.11079677197057,,39.55231749950388
2,342,,58.84323847476717,26.762270347780312,176.04566304529286,174.3611010722388,,39.142962108836755
2,343,,59.213533975564495,26.367225925480938,176.0762493055104,174.44713473653673,,39.97348694046465
2,344,,58.62290694709787,26.686220390661877,177.05987363881474,174.9418278614207,,40.05448909234433
2,345,,58.60501402185924,26.328888248090863,176.2012494577307,175.42502048074766,,39.93060617434468
2,346,61.97742569528412,58.534687353844845,26.75400499806784,175.22159607261156,177.8171904954277,,40.253633425108774
2,347,,58.12876460968825,27.28187414637549,175.22543836819463,178.9464869798447,,39.257704852664226
2,348,62.26587652012913,58.98316826732617,25.875296888653175,175.40590737002697,177.0045538121026,,38.45928448827072
2,349,,58.13577241816626,26.8436909707488,175.1207310441563,176.4160810097851,,37.09287737171351
2,350,62.060391597667945,57.9886785333381,26.432892342522436,174.47468052762048,176.25057827192512,,36.25210075476153
2,351,62.72816619799914,57.52826353139551,27.46445115553556,174.49291863646698,177.80635466911528,56.039423582176475,36.34518072493817
2,352,62.779282646579745,56.42929331483555,26.747987347799995,174.22324495385075,175.49472585146944,,35.21754125155418
2,353,61.655260927397485,55.52498729636723,26.902082067720084,172.9683801203931,175.4008764243522,54.523776010024626,34.275780605091185
2,354,60.76136416030194,54.928680413914634,26.99645750386776,173.49458757888524,174.52979028311947,,33.73702167064016
2,355,61.171676123975665,54.48565427153924,27.156918015131293,173.72968750529574,175.53681810978156,,33.84620349905801
2,356,,53.48320252596432,28.44636827839569,174.26636912515218,176.50822613934255,,34.195430931240935
2,357,,53.69681319051075,28.06231423361214,174.53865006777517,176.67474768638002,,34.67735035246607
2,358,,53.4061228975425,27.749409971942917,174.58740030768578,175.9692360945185,,34.498416004727694
2,359,,53.115007482467725,27.8371159082616,174.89662386361468,176.81465905142255,,34.47514397970135
2,360,112.52238508079064,53.82914264112683,26.94485556071551,173.66440373426417,174.15803421906307,103.13278120019098,34.68623406112225
2,361,,53.31664354375506,27.21645535971676,174.5503595704197,175.04726867755042,,34.59952258196577
2,362,,52.7046702015672,26.834362198152604,174.00528201275208,174.7290819720638,,34.129879521844536
2,363,,52.654246719174544,27.649190891617135,174.09982987320052,176.19799592069847,,33.75157965686424
2,364,,51.70532635166917,28.497515727556596,173.612400615469,175.8816302277858,,33.49709889359969
2,365,,51.44913538861552,29.347726393211666,173.27363446352882,177.3988769983418,,33.35231988248078
2,366,109.29611745119804,52.08320844448188,28.734923524223024,173.70880917053208,176.64469469643072,,33.438807840805985
2,367,105.28639704014206,51.50469187150378,28.691879459773705,173.33883954436365,176.97028366011935,115.60001764971491,33.962099998140395
2,368,113.3018535652964,50.44485750838411,29.34474734387821,173.7027111245396,176.76594982712248,99.30929639811022,33.39564614291003
2,369,102.3492249632354,51.19792691237028,29.19822022915019,173.68799145838685,176.36726389356997,103.9850200898769,34.01473365452363
2,370,,51.909482365648486,30.797583045836,172.77648026105885,178.81624078572736,,34.559052063305565
2,371,,52.26638854907347,29.93926477195443,172.17933191052768,176.91243464814772,,34.46182017100398
2,372,12.007424283392188,53.086532171823535,29.735692621895037,172.52878132946063,176.9962249068384,20.46614057252009,35.82007371408347
2,373,11.378706654785455,,,,,152.13416091478413,
2,374,8.168061746413485,10.099723972014884,,,,148.61451148906053,177.1250705975374
2,375,90.7689862471961,52.76438843415517,28.951773028788622,173.24514618535542,176.28573567007717,116.36705696339736,36.19385020225352
2,376,,52.55624138172937,28.81611802458593,172.810755058458,176.20870090698028,,35.54731652907196
2,377,2.5090577042943303,51.918544921283626,28.99913624177998,174.32149769105908,176.0324876745766,29.20316870255853,33.176588187913794
2,378,0.844981399054475,51.69790018197836,29.32440423318413,174.59724399474982,177.0514261692012,29.9195257021159,32.61121543587072
2,379,2.2383542674810046,52.19560965502868,29.132101253368788,174.1317084636213,178.06923626632698,29.728757719930726,32.05546600576374
2,380,6.836871021945116,52.9175461890011,28.914840147797577,173.87588104463333,177.17033955777947,25.483806159489436,31.378224105830732
2,381,4.769628753732846,52.42816797436517,28.342031062647894,174.68512340178086,177.4674725008797,25.51584737251725,29.744469819689467
2,382,4.420564654671543,52.35477558915923,28.48772631962727,175.23668997930432,177.7073973941002,27.013319296589057,29.479394276173142
2,383,3.047847121633847,51.568002356883625,29.266510807891724,174.17219420920148,177.8577338096458,28.35794686551196,28.89526771225254
2,384,0.6341784745536935,50.816559501882494,29.629584462093607,172.87073454686785,177.11619249119084,30.059923202767397,28.76568424113716
2,385,2.422201724533609,51.532299173723054,29.763005330731932,172.44212367494038,178.4298194558082,29.612604683057807,28.10392763333297
2,386,1.4066389497202805,50.884815313596974,28.704278337175506,172.9396351988008,176.9287645939149,32.0354158488033,28.48568591316059
2,387,1.6986606033404774,50.26575050093191,28.498668482834915,173.98747887268212,176.28011511114943,31.924804424786505,28.07138867015987
2,388,7.2019493291342425,49.97787491193553,28.789744257138235,173.80027245861393,176.33712483468733,34.09594784489068,27.834028004222052
2,389,11.13309934996836,50.06419929725265,27.579139833031725,174.26286529293114,173.9236585856597,34.92915158553919,27.655583817277503
2,390,11.810824212172482,49.88910006185877,28.046481796346235,174.96919755205488,174.71735390231058,35.64098356906704,27.471766658102073
2,391,15.354514812343634,49.99867360045942,28.441305885117092,175.42744799341483,175.27641364029563,37.96682191182759,27.636912848187865
2,392,12.032226047051896,50.27741831972706,27.605656530342937,175.24698496549698,173.8257712553933,36.21564861341073,27.23826809425213
2,393,12.307932406953382,50.283986762666395,27.14631080795936,175.76520282764565,172.6807816041874,35.46428803370349,27.40533447881448
2,394,10.117621202762704,50.93250813201899,26.814387034168405,175.65494425316533,172.3461562232392,34.80235506101538,27.43151517890345
2,395,18.593629754497684,50.970775202732746,26.56410684447011,176.33988058713683,172.54245780539512,35.934501551236345,27.59464690421158
2,396,25.63436801122336,50.98106307607315,26.728807577495445,176.32817290744126,173.23862557723177,38.669436222981275,27.759487164208476
2,397,26.57128031108917,50.37372433635166,27.098130367419095,175.55112287512728,172.3653315838897,42.25980695408778,28.18188406624904
2,398,24.14235450163061,50.83586690717792,26.804167736534716,175.58633633732416,172.62411138581135,39.429743769838126,28.454380327476848
2,399,23.983753716324323,50.491090617397695,27.712107500983436,174.37606156673883,174.3613284186864,36.882452291467985,28.842517029801577
2,400,26.330843677768883,50.11338389145808,27.93559022745498,174.14370952341795,175.01846613265292,39.611120229182895,28.13584255782518
2,401,25.72871105879597,49.64743960581314,28.24034039715224,174.89357261642405,175.80830739128666,39.659586190275704,28.39159838182513
2,402,23.507711584536523,49.2424276450761,29.124238158001724,174.78813541804718,177.15962673888674,42.258833425289936,28.62587266059482
2,403,22.11512196892426,48.679382066620455,29.165158971047248,175.36480261946204,177.83525368347625,46.24305943873964,30.155291714524676
2,404,25.60084935996526,48.91942181790662,29.246931885123654,174.34147976116088,176.4742064409223,48.79835198052703,30.4370673014083
2,405,18.86946550896868,48.745255611419395,30.480979784417393,172.28311923307112,174.76075498006873,41.60008086468206,30.954063158915492
2,406,,49.63895480081845,30.627517462500055,173.5010224750351,177.06234234073202,,31.815439691025297
2,407,6.390577574622119,49.51679519159562,30.26220941068966,173.20271384916097,174.80112720776046,27.332929859631747,32.66092788133058
2,408,6.231199625610365,49.450202241427206,30.493436086052792,172.65017975055272,174.7070615747532,27.491951174722065,32.05624576145807
2,409,2.1329366024698624,49.43327290652909,31.133093382383212,171.3496148344945,173.2084862893717,25.078546594032805,31.814269984782165
2,410,4.61918504401486,49.10111424970468,31.61634492808776,170.36316266275213,174.17786500115824,26.32427294050697,30.840143013608163
2,411,98.85796897350532,48.53123553706393,30.99004679104409,170.76714019833867,172.6857713757636,159.21192847558694,29.97862177239238
2,412,3.304263452223237,46.89448734564469,31.00326462282585,170.56385917164832,171.8249025769111,31.990366350561917,30.65687688255173
2,413,1.5094189278463912,45.73595311044604,31.161992544445344,170.36589335743636,171.13091212278687,42.06110828478238,27.13135805438988
2,414,1.9789115698475768,44.935914071707955,32.433831464102624,169.45717175137358,171.80102264166666,41.354949851961784,28.1707140781385
2,415,2.9968781406436533,41.98094150867541,31.67562463385018,170.39935742865512,172.20099915387948,47.09288980773686,19.853413562142418
2,416,9.325690799505717,38.46572759033425,31.186273144330304,172.15237544876632,173.10517023756952,57.28299492241057,17.34609794046642
2,417,13.696118528775775,33.40012520290769,32.046531158543964,172.4169963989969,174.1125958055612,64.8232527570884,13.93188022651819
2,418,14.360588162894164,30.703256004380467,32.45955516152807,171.14714691280463,174.1431625455591,79.11243039028992,8.223451206045041
2,419,18.17405705253529,23.61435228632239,32.191457289841274,172.62367928909225,174.10479735078638,93.18331548718172,15.66547820315644
2,420,18.444839654072855,21.8830288839426,32.721902059248,172.4312900256232,175.38816004864486,104.60415339992846,125.44363883534484
2,421,23.346303837244264,17.297071015861782,29.476611815264928,170.88029051993956,170.65554028289722,122.23567775436864,142.6856363576043
2,422,31.159992829371625,19.68504998149558,23.482672035967095,166.1546012447323,173.26603585516534,130.4231910697115,150.82239353437237
2,423,32.34153795967202,18.632184417472462,24.473940189321485,170.470261245449,174.26308958595865,149.4061769243718,151.18418810292118
2,424,34.144359879636916,16.882751077850788,24.72578996159489,168.28570130371216,172.0767155604136,173.47198095160692,155.40202785338684
2,425,30.22578905690308,20.06337584154872,29.784826262082156,167.64221049736898,173.56348626616423,175.50671421304065,150.38902254844018
2,426,28.681061132058776,16.453567672391177,29.47092128945358,166.9562919215328,171.81314176193277,176.5203422297336,162.37789270860532
2,427,24.26307520491866,11.340792287244517,16.598319807532427,175.95603341810494,172.37336234250492,171.91214383040096,178.00001538653993
2,428,21.567590669076708,15.818781805508069,27.00735901359447,164.0455317306094,176.15584486514828,176.9345879220829,162.78002985043847
2,429,3.687909840469062,8.75156947351094,32.41096754217531,173.31041327111905,176.4580397319743,170.9050928474451,151.73111665210286
20,0,16.170781482716095,20.249308100896364,42.10610623154192,,,38.624640650637495,51.318639362808
20,1,16.193376078183796,20.25255213959233,42.09520841081318,,,38.634742925599234,51.336063769677786
20,2,16.17107644209213,20.253761106573,42.12467847189985,,,38.62816671901486,51.3190289298473
20,3,16.183687547642897,20.12563643299004,42.19117332374413,,,38.62350560565845,51.12521642092194
20,4,16.539746252623463,20.261133211146376,42.11729322777144,,,39.185788793032096,50.75161082135909
20,5,17.139155190547704,19.874811351736163,42.40772247206732,,,39.643025386731935,50.84237902111485
20,6,17.253890671573476,20.00108319824647,42.32215162988129,,,39.408564075198306,51.06106455641233
20,7,17.079633760231726,20.361652077257325,42.30419173346581,,,39.16358819530554,51.12403309289685
20,8,16.445483120939887,20.321827468579187,42.23032554540426,,,39.30583962705258,51.185609037450995
20,9,16.442306733969954,20.158165029742005,42.18233240503545,,,39.40466809515819,50.840114065167256
20,10,16.39351716507175,20.262683862392393,42.277885046816984,,,38.94704655318647,50.66622352226788
20,11,16.79178305567583,20.21279107437802,42.113083792882115,,,39.036105415124865,50.45142943067909
20,12,16.90982261035636,20.211695690274897,41.941295819765514,,,38.951843459065735,50.480129684891615
20,13,16.680405745504927,19.941358192186986,41.97059320956075,,,39.094660959371424,50.110248678583424
20,14,16.963254252674503,19.804112714151383,42.27947232631048,,,39.5152242577783,49.98130224977476
20,15,16.558818261343234,19.624400591902813,42.424586388806794,,,39.283560776479256,50.62584368365351
20,16,16.30640479600301,19.657649293980818,42.478446557827816,,,38.73723929033111,50.74432346589643
20,17,16.471401807426343,19.577650709537014,42.645018771584986,,,39.06096727654365,50.575581598854306
20,18,16.34466884696666,19.70883713500218,42.87069018289198,,,38.884544516347745,50.81270279561122
20,19,16.853877552582578,19.870688525854312,42.85305485206864,,,39.46488442168546,50.66645369477959
20,20,16.938637940920195,19.613119778580433,42.9815509260521,,,39.54737277049803,50.446051901153446
20,21,16.93286827811023,19.827441366762557,43.12376490181854,,,39.5195684267666,50.72560086375495
20,22,16.907419919441086,19.75376932017205,43.163050970508166,,,39.632193426040836,50.61450986190037
20,23,17.26563121195104,19.91597802321676,43.00263285402037,,,39.954414196429944,50.706652241889685
20,24,16.88891387287227,19.72960224499898,43.161053044855585,,,39.40701876911981,50.75624120212404
20,25,17.18840814891915,19.781835541213027,43.190389512285606,,,39.865675597329435,51.15854283365565
20,26,16.823186055200832,19.78947197070965,43.71041356283141,,,39.66144609561362,51.10498938380109
20,27,16.838320409976088,20.58479315922712,44.35279145533195,,,39.87720873322244,51.52284296547659
20,28,16.1939404097216,20.50657563874031,44.75144863898436,,,39.25712189212547,52.23448492708117
20,29,16.824297677425534,20.197233300790735,45.6871716567587,,,39.84891563218779,51.78785855466244
20,30,16.461208579937615,19.935576726571465,47.256347566708314,,,39.3804768235484,51.41743587595119
20,31,17.324771088858764,19.879829190094743,48.434404177701175,,,39.39170897550077,50.46931109201904
20,32,17.61361198839478,19.792446009605847,50.14793674028144,,,39.987822907094944,49.32083697503994
20,33,17.002141568531297,19.973298318231723,52.68487851834291,,,40.904679505186046,49.98227392912801
20,34,17.192330248283678,19.642741808387544,54.19884883799556,,,41.60819073149395,50.74018195672037
20,35,16.67478745218247,19.938666330426788,55.701469291141045,,,40.154726222777285,50.12871916412532
20,36,17.21548242651112,20.323836463233548,57.71795708088001,,,42.32317449522262,50.21898433002052
20,37,17.716189222735757,20.521540309600223,60.32218139189768,,,43.43608245285129,51.10416093229669
20,38,17.132143255564348,20.381944956215136,62.7123432822387,,,42.136922532850114,51.43028886563508
20,39,16.547788486781915,20.031093908030662,64.63841045939273,,,41.42251336927254,51.88331673052727
20,40,17.159685772203453,20.23354174532601,67.11708486577507,,,42.31823850507613,51.37872609365445
20,41,17.27042073001011,20.328407691707454,70.38279872310075,,,42.08064354131104,51.87816480251148
20,42,17.336709749471446,20.438209505731653,73.36202294784529,,,42.04007286413232,52.17015450048355
20,43,17.989970135176826,20.960378985544292,76.2613303057677,,,42.95058064110477,51.7386739051889
20,44,18.44037439556554,21.054674667343747,78.37927027934182,,,43.74509337840214,52.855518179135856
20,45,18.79838643014657,22.45943199091968,80.95312831057764,,,44.244084148472176,54.27936614473192
20,46,18.337551560496184,23.708412759385148,83.75914484332804,,,44.11915399870659,54.70039173430637
20,47,19.135694243684423,24.720485857133585,86.9035477894827,,,44.1806617931607,55.43210834377535
20,48,18.74141541148469,26.63558157123079,88.82168359175984,,,41.93448819132218,55.749582687659384
20,49,18.705975692292157,28.271892675024233,92.0917197584124,,,43.44253356283882,57.134381350283654
20,50,20.039797652316008,28.009562628935072,94.5623307246498,,,47.105067831546634,56.60022968219993
20,51,19.113200946772903,30.95648837398263,97.47113651486988,,,46.36805595146073,60.00836930587624
20,52,18.55217685015644,33.29465243735265,99.28731461686738,,,45.08595643993747,61.0264041107427
20,53,18.922294352390292,33.90972830521167,103.31634866844756,,,46.195608034334875,59.79989619146278
20,54,20.575198903814876,31.019235036548206,105.613067172905,,,47.5237995501751,59.15408617344012
20,55,21.385172452700417,29.526883513094575,109.3910457705812,,,48.067195685544014,61.97334577776925
20,56,21.5249589666776,29.40055679725698,113.32711937321362,,,49.9889519567897,62.6381127795624
20,57,23.402355523776908,33.4419195247943,116.8716086225277,,,49.875198345741865,65.48830465943124
20,58,22.835194079925422,32.21627941161056,120.65421005989708,,,49.751935138852794,64.1473828754408
20,59,23.178848808337644,30.600898027677264,123.56760636366724,,,49.098460917221104,62.61218179667167
20,60,23.444175484330067,32.04129052640631,125.92706073925694,,,51.279404790583136,64.58903579676485
20,61,24.3959016768102,33.125288354363015,127.70760895233556,,,51.231120287034784,65.86649818649488
20,62,23.738148021548337,32.28271279542605,130.53450679197746,,,51.99087937540568,67.49978742625618
20,63,23.36320361524107,34.042835600359446,134.07647632915794,,,52.849378953132934,67.61147669364526
20,64,24.015310705569636,34.16470615559464,139.41092143154034,,,53.63352088990397,67.69082056903717
20,65,25.195078691831633,33.774419438628286,142.21928350342446,,,54.68788351538981,68.65752757818206
20,66,25.917072122378418,36.2148497630503,145.3974797010938,93.59306713269496,89.14515888999523,53.79788859148034,70.91532766508018
20,67,24.662692680730068,36.047528728202074,149.48195585353244,91.42053941179424,86.35084090974199,54.1160783744318,71.23041127829464
20,68,24.71404380528976,34.86650203661931,154.20579035432985,86.65028968750846,81.87303228438249,55.365316031394144,70.20578856852327
20,69,24.730194562126897,36.068292084919904,156.4471067651855,84.05995731055808,81.3007766082613,54.60068756045957,72.39028034198968
20,70,24.77687596441884,40.948453023906744,159.5638387132006,83.42035489681973,77.1203221077942,53.894013977889074,74.39245706914691
20,71,25.87058344397589,41.2304843067023,165.84149058630976,79.44913904709573,72.14418621674758,54.63080309297818,75.41840479996289
20,72,25.210503074232033,41.59307338789128,168.6971859786474,77.10160452973778,69.39939590895166,53.92837158373981,76.26725319877842
20,73,24.133330201074852,41.77990907586073,173.60136222823596,75.02434734147495,63.672624279695256,53.214660422769576,74.98931881914694
20,74,21.88092481568092,38.94432899168022,176.48841355995907,72.04853048768152,61.38005950252044,53.67897297414507,75.27962265930955
20,75,23.173864878398497,39.920452232551185,177.36537440707755,65.86584608656618,58.09136878320887,52.507451474046675,74.02545342594091
20,76,24.468178045859897,39.049385998515234,168.8507939802929,56.30011941817641,56.16588859044887,52.31811023319998,76.74908590438335
20,77,21.890251232375455,41.39910016655981,167.03134684012034,56.512629252338385,53.25664654366152,51.91884403386038,78.19308899452201
20,78,21.602839376369054,42.31818409106815,164.54098373664223,54.47295175760288,50.78520813569734,52.467349879691454,78.24553491600622
20,79,22.382094471178203,41.023288879229675,162.3135580845829,53.44591389276224,48.292173590646485,53.155047724735354,78.35231364829437
20,80,21.84590960928007,41.331740234736856,160.78100801619055,52.79272023432513,48.1185412051602,53.04428227751361,78.42830842468449
20,81,22.674607959245495,39.70670515621473,158.50510465059463,49.34228859425433,48.83090329644809,53.876767179981094,77.89268860444112
20,82,23.026060560050126,39.85729511144141,160.10483294443458,50.16351677795708,51.23173949527419,53.454921705458815,73.14958798168837
20,83,23.151454261735395,39.95139858615923,167.6505206308513,59.51819040124863,54.206848357991234,53.52240958989586,76.46810208551686
20,84,27.20226063426057,40.72042306738751,172.81054959539662,68.27901415443071,55.02954145080196,57.481982840933775,74.162913741541
20,85,27.714634105747532,39.309479049431594,179.4503554285665,73.19569714213958,62.793448673361674,58.4490954114371,73.43404549580333
20,86,26.320177904232644,39.280826234659024,176.07723297295377,75.64843591714035,66.43568482121867,56.878018367851226,70.55594985166626
20,87,27.21408661419517,37.79727566560971,169.79377535952935,79.12878306609639,74.4279564698863,54.45108137704384,68.85133515956502
20,88,26.2767736909778,37.949543996716066,164.5490453967893,83.90327716549008,80.91235869123487,53.63276609989611,69.21274571537629
20,89,26.517027732735578,36.60059233796689,154.42919885960566,89.85992235545716,91.73052506455318,53.222874131681834,68.80057321110091
20,90,26.75494237339213,35.6225176160631,144.01504098026643,97.34604501787608,99.74874384485116,55.62408500781682,67.45369534258298
20,91,25.30018862853212,35.40720447378598,144.11658227159708,99.08332727773154,100.213415376018,55.57521717776193,65.91634730455387
20,92,26.733520760878584,36.64510125187112,137.38847122751474,104.03338627633391,104.75976775529656,58.00005420226294,67.0780451362125
20,93,25.40391968347554,34.61692770979576,130.41836090732363,,,56.86632357138683,64.89418421222187
20,94,26.13104412697221,29.748173332882097,125.79490318794112,,,55.26101195330782,62.56151485417582
20,95,24.103774442278944,31.219430582724545,121.8888860945568,,,53.17701470745395,61.53198798179476
20,96,25.86592851503004,29.84138827384892,117.71063464896616,,,52.54398469344201,60.115434146431234
20,97,24.410248694593413,30.0177473438648,111.4567003243894,,,51.41344151494429,59.318817416756175
20,98,24.195355545143467,29.407921518432907,105.39182461118013,,,52.15273228363396,59.46426933205031
20,99,22.77346806478544,27.777981088787534,101.77815261297448,,,47.55163760964333,55.61770456537768
20,100,21.458372100727058,29.3195378920569,95.99766028308883,,,45.89644566575518,56.19099884352344
20,101,21.493740022978344,26.95758741728027,91.52042178295676,,,45.258394528639776,53.85092449524886
20,102,17.171412298383803,28.562356916791813,85.77011634198139,,,46.676996352520085,57.34218951841779
20,103,18.863413705533205,25.75960248163376,80.2171477742714,,,43.574318738170966,53.20273306980657
20,104,14.70670429604696,22.36262724196485,71.72849226967756,,,38.36563776420334,52.0077024543661
20,105,15.559121084994471,22.384850420384534,62.82530616938372,,,42.85090209565037,50.00999740756265
20,106,14.807317235536935,22.013519493545623,54.22953575506884,,,40.680738079256685,50.19403927744209
20,107,14.385556841416513,23.412053547125925,47.39410490892348,,,37.947131544656,50.81196882707736
20,108,15.262145001028529,22.60328919453827,43.28874388099799,,,39.32956851358009,49.84335095877072
20,109,15.702785550460696,22.067082714762712,41.25238762530471,,,39.44772394323187,49.80640763353255
20,110,15.616593180436492,22.040365700153817,40.58074062636706,,,40.011317636354185,49.40504899929627
20,111,16.087893571751746,21.4245482291188,39.49823041351401,,,40.419472383734195,48.52897471931378
20,112,16.447906351903654,21.431028089294497,39.662359496026355,,,40.6134245880751,48.493894327616914
20,113,16.19214668388245,21.387791315271976,39.75574733672384,,,40.450686144445065,48.844636758077776
20,114,16.277791585030457,21.273599162855923,39.983028628598966,,,40.16554315699657,48.72991184943937
20,115,16.114008358498054,21.446863568968045,39.72763495550747,,,39.9216323386524,49.33562947761679
20,116,16.182299721501842,21.581393295060806,39.18072772215984,,,40.12299841420885,49.18181454339003
20,117,16.632599522347363,21.67647317704216,38.7974676795669,,,40.31239469087382,49.01947975356523
20,118,16.920443396288885,21.424428601284426,38.81460814987936,,,40.527031646171864,48.57432702673893
20,119,16.743882054452392,21.476925296775484,38.53640103434832,,,40.70958406035045,48.812187980192505
20,120,16.233806375624038,21.38357606502951,38.39905610192445,,,41.01335036026193,49.32608545014512
20,121,16.044562951509043,21.57005303618315,38.54666496302504,,,41.361185125687825,49.10747101136726
20,122,16.00762338990657,21.092928672231636,38.25930051835776,,,41.41225033621704,48.82944275852629
20,123,15.88485716723612,21.271982959004184,38.43614631423991,,,41.53290063432653,48.90824491681413
20,124,15.532453005888511,21.07218661426935,38.68899058075921,,,41.483473360719046,48.87392110539943
20,125,15.4980015037954,21.053347098692633,38.6092835486225,,,41.53072825873509,48.76315244080092
20,126,15.450024315483894,20.977095515442215,38.82302566011145,,,41.39401193394348,48.75504390343524
20,127,15.09142011120728,21.06734279142743,39.03118768344424,,,41.179058936990025,48.389535708436554
20,128,15.206926297193466,20.97136648796485,38.883410316206295,,,41.0064360213417,48.60600316713337
20,129,15.724713939549105,20.984334052915315,38.852440368451425,,,41.02562513644786,48.717783912780355
20,130,15.898643813992232,20.92682146526262,38.68791905821414,,,40.74061540777445,48.76664808833886
20,131,15.753978403386128,20.89051615628749,38.672440367949875,,,40.92538125047384,48.61180899382175
20,132,16.092256628065346,20.98548068849424,38.58039957227801,,,41.13163309705473,48.06359176013104
20,133,16.991883703631522,21.31070240500919,38.57425167677661,,,41.628321616974766,48.418318227194526
20,134,16.328446295944996,21.13897732578766,38.79994161106003,,,41.0601259442936,48.33464592213605
20,135,17.80386028409314,20.53810174303292,38.27220337913769,,,43.133746794398135,47.36373501722063
20,136,18.16383845750684,20.592059210104782,38.25642879435985,,,44.23958232751508,47.32173996029085
20,137,17.481334205188123,20.85137377871624,38.35953691664473,,,44.27314135802684,47.75987877728735
20,138,15.839992055985972,21.138917419939276,38.40450461081045,,,42.66938276825165,48.194866434538135
20,139,15.62441247235707,21.553851220518776,38.55566349141432,,,41.40744296324087,49.043569703061934
20,140,15.790689016107176,21.646570500340257,38.94937535439547,,,41.80261172541988,49.467559617819575
20,141,15.425059197272402,21.298976101641458,39.33704544846153,,,41.18497172524342,49.49825083729308
20,142,15.318904376233172,21.27751906310479,39.128498814827104,,,40.98785311086274,48.95556354284397
20,143,16.117948355521083,21.32249471695225,39.39467039491158,,,41.53432608750752,49.081175877996394
20,144,16.335684108622665,22.11967286850406,39.44340146523584,,,41.843035848759015,49.036393908599656
20,145,16.403293483668143,22.335069361490874,39.61671915993115,,,41.90137744180154,49.17269049356877
20,146,16.187042394257,22.47323685013069,39.69835920451611,,,41.911277936217566,49.05670033054232
20,147,16.212359885195276,22.520494543548025,39.93580656533157,,,41.89929744820677,49.02904236405321
20,148,16.511990506565027,22.592085138728542,39.788752118061744,,,42.295855401056286,49.08810114566432
20,149,16.102551784328877,22.45853082420712,39.82846848889413,,,42.29715530649833,48.688317626681865
20,150,15.633550990282492,22.158734045633377,39.92764560282428,,,41.68613203637406,48.46483905355126
20,151,15.441233820688549,21.95860411141272,40.35759332773353,,,41.95347953653932,48.37068389068412
20,152,15.29972635819624,21.86586007597384,40.59370193267927,,,41.309492646737446,48.27446967340919
20,153,15.122962133883298,22.118853948810237,40.75293032170511,,,41.40305011109909,48.23735873336189
20,154,14.89922096686778,21.89689351180247,41.518348802682944,,,41.30767716885344,48.09203535319997
20,155,14.548878996545875,22.085164873492495,41.74715143550846,,,41.050773857153835,48.40730791248487
20,156,14.54915025166489,22.071446027418823,42.06382289723885,,,41.30539736800478,47.94761483555171
20,157,14.697844196484096,22.2604169913383,42.81418176868369,,,40.85807160540986,48.1855263180554
20,158,13.86141875044818,22.32219978974768,44.285700438963,,,40.171275541376666,48.19975722360336
20,159,14.110414940714918,22.098610544421888,45.5260043754072,,,40.41749416856251,48.57377671181002
20,160,14.21620465783754,21.800337910901895,47.063436195400215,,,40.55532282058768,48.813888596879906
20,161,15.096449749492567,21.973769411795544,46.67235074079684,,,40.7293886132501,49.59198756713925
20,162,15.121642359617145,21.90625500312163,47.90160731927099,,,40.18017944183831,50.60580674996018
20,163,16.173666336522373,21.226572810050385,50.52342091308492,,,40.513049285084904,49.90375235472353
20,164,15.516208526094148,21.58483145618724,52.536690315043046,,,40.32474984827341,49.74329301388297
20,165,16.03513744906712,22.33319220206507,55.519212616846985,,,41.10096890294008,50.459766919839105
20,166,15.258922322442071,22.73262811444827,58.8786169570236,,,42.31133977363068,49.966778113160714
20,167,15.657593482446313,22.06904546491038,60.97643489910817,,,42.66039709638851,50.22272576296309
20,168,15.7365225656296,22.151976500243805,62.77846246208836,,,42.60172330784712,50.623218195877584
20,169,15.845472489875243,22.673668058440825,64.64116389398417,,,41.79934786459594,50.56200579178902
20,170,15.44258930744378,22.76487140406143,67.36842054129218,,,41.69118440766735,50.97040691964167
20,171,16.32550967903894,22.850524094204054,69.83185916540327,,,42.689784037684674,51.25667970204354
20,172,16.115576704793238,22.969275568800217,72.84653029536618,,,42.95453010062585,51.03512644890917
20,173,16.516900929913877,22.571679942674567,75.16329492073743,,,43.14996478055326,51.64471195642878
20,174,17.06052200816889,23.208669470178176,79.48498139658687,,,42.89103062220995,51.613028834478705
20,175,15.374769680776916,24.498223631514872,82.13679370335842,,,43.10290786343617,52.68265557480473
20,176,16.023392280528157,24.69672004704021,83.44345657527673,,,43.09140642294243,53.429573912534245
20,177,15.626496791702913,25.21431724456626,86.18416070659498,,,41.47510148364171,54.29414876242269
20,178,15.912788762565238,26.1836318059682,89.61168520057586,,,38.8669196986503,54.53155091652944
20,179,16.231113025722344,27.545943069853625,91.9944137735274,,,40.99197439666013,55.83498357979257
20,180,17.457482194820543,28.51197575574456,94.7768689525013,,,44.19776356957274,54.82169988527191
20,181,17.969066205820575,29.261168322740392,98.44142110796425,,,44.16083914735216,54.81703900353389
20,182,19.543789427558643,28.6818780812866,102.30013293891868,,,46.41677895347608,54.75346693490842
20,183,20.263277477452824,29.4536992443779,104.70846022692042,,,46.2735429757908,56.46707459160371
20,184,19.639854486806836,29.994355673170418,108.54745103157612,,,46.61761720880683,58.749752029564235
20,185,20.29225690050838,29.33745555929732,111.61763147822532,,,48.285147306602504,61.79133089767736
20,186,22.91417959799698,30.973282838898403,115.6433750082104,,,50.16552254192926,62.8908771821228
20,187,21.776991091008497,31.611770359390498,119.67807356696171,,,47.86656364198894,62.14790079820066
20,188,19.54249015882303,28.63240799259517,125.17331730030055,,,48.345591566044966,59.288133688964514
20,189,20.521704439718025,29.98186305323796,129.8809311833583,,104.73413347370165,50.32629399871353,62.4611298680706
20,190,21.44075997922154,29.02861303169701,133.60444565099658,102.33562331780088,100.78461186531784,49.810714427480235,62.87402719926166
20,191,21.272629858049164,28.95018558877028,136.737888013206,99.6183363316267,97.87016432889394,50.0674739362632,63.08569977123778
20,192,24.26971784606306,29.7027868219978,140.05875176960717,95.8039798977526,94.85194861139055,52.74190413259956,63.210869119706295
20,193,24.199847473465343,32.07076550154257,146.02113691951135,93.21271587340831,89.5148721664649,51.7496439571718,64.7056428401259
20,194,25.032699837025312,33.314233693862704,149.7196050931407,90.15756114782836,86.37755554692782,52.70715702058452,67.47808725237077
20,195,25.399169028333457,36.504384563540626,154.75014573586182,87.28976698158567,81.32929285940362,53.54853948506637,69.0538860584257
20,196,26.150463176559978,34.465395308948686,159.27921562457644,83.82851769315495,77.12858509414178,53.45053668495337,65.27920420651634
20,197,25.648213348716233,35.152760038877375,165.37418478370984,80.27202318581249,71.1073904420438,54.36090197948422,66.24764857142078
20,198,25.26166828366364,34.30015918125831,173.71648468921265,73.4785828636884,65.94321932586531,54.221668797312944,66.28629791781732
20,199,23.517401005134715,36.31431840007671,179.5839379846969,68.21986300728437,62.30448212706821,51.75547806709522,66.88834835055816
20,200,21.635109698538177,38.126625973821575,172.0974673350616,60.33729406855609,55.47837525773112,52.76659704731002,69.4618735705476
20,201,22.170127836696924,39.58195867271936,169.29035861560592,57.33790960904191,54.266035810778305,53.95684919235503,74.3344049330162
20,202,22.6663704428218,37.65286416516999,160.63389817720878,51.10782901004857,48.13710354358998,53.16779330330279,71.7207627010975
20,203,23.19173484712466,38.21709440201507,160.48156665095078,48.505072492215895,49.37223949256547,52.37036412633384,71.36853367258784
20,204,23.318436331988824,38.3415484721138,157.60309975473368,48.0150766640159,46.40363324184731,52.656703916900135,71.9317705158958
20,205,23.1297316380022,37.724287265736486,154.7499785811866,46.65094020700104,45.12520689911779,52.807361868540745,71.98680430764122
20,206,23.10911008925942,37.00048186062319,158.487053979872,51.61531789159452,46.905872420371246,53.575724388386135,73.67390749589606
20,207,20.273594395648946,38.30766922640362,163.27652640454147,56.20996572125768,50.58992339302009,50.30398060319269,72.64583419465175
20,208,22.44511185909621,42.262813319366,169.77992750067168,64.53463438498629,53.50154485761142,53.06559275885532,75.32614868807339
20,209,29.060036797142978,40.69497854593199,177.11067983087952,70.6453595471293,59.35987873835273,58.87033950182959,71.82986052527603
20,210,26.42059066753491,38.22651061023845,177.3555102669862,73.56376362227957,64.77044057558652,55.534108185421275,68.63077248067387
20,211,28.94657901613356,36.68201642365575,166.77372426212477,81.53212538876917,73.35503755472539,55.75242905315148,66.94412397157373
20,212,27.67271094926634,36.75647220072371,158.2670885840768,87.50133652422993,81.97533993646486,53.5202219826812,65.88530547612385
20,213,27.060549080335885,37.19644715612076,153.78511457897747,92.3263680939798,85.89773234234642,54.2510085595753,66.59602681520282
20,214,26.60458221948184,37.7571435620132,146.77129467562946,97.9409628014362,93.9438351049131,53.53088023191977,67.95613314764825
20,215,23.95463616343391,36.61393011685888,139.49869482583782,102.25669066526751,100.51747774809805,53.47923805786426,66.91515032621727
20,216,24.31627311359298,34.57368870041211,134.94715239699656,105.69081665082544,104.34776596033996,55.10839311647994,67.21850533873416
20,217,23.45740568777249,34.995940203722014,129.44737867066874,,,52.769109975518795,67.50840959678342
20,218,24.430819688559552,31.93261746222527,124.188125411709,,,53.11979627784221,65.1657215204634
20,219,23.214784029141533,33.34321790923706,119.81478636575176,,,52.0675335152114,64.44785120897804
20,220,22.26876834410462,33.78907346325409,114.21584623464788,,,50.55765298572418,62.90149482674703
20,221,20.79852669546402,32.15508784022311,109.16393009957493,,,49.35920870388851,62.06256801172376
20,222,19.822586328257643,30.802280914916807,102.4946257913084,,,50.28682073029584,60.34667106410354
20,223,21.046499809286388,29.221352471509512,98.438468253938,,,48.77549055073585,57.25076271755054
20,224,19.485126503480668,29.01746771056153,92.83438053599248,,,43.45752318137083,53.98355370776027
20,225,17.060464078820104,29.436282694035267,87.6637733134915,,,41.76770995584099,54.67405122173087
20,226,17.057403295900123,28.93700200980674,82.49497980396575,,,44.37387191017093,54.58859264538122
20,227,14.744744760760424,26.16834226835743,75.90850044832557,,,39.657073781592736,52.61076753933433
20,228,15.589384640666143,24.220179984520552,67.4717291593279,,,42.34587165041199,52.75604298231951
20,229,14.878390895521065,21.78256788585325,61.70457168522986,,,39.651813642868376,49.95912237880872
20,230,16.1326455582313,21.79818187117217,52.166086855911814,,,39.62965410725376,48.851672550691475
20,231,15.97043924421242,21.232691347203012,43.00386407221871,,,40.25030858075007,47.98743582541936
20,232,16.71865820130802,20.94490999237268,40.171715388939944,,,41.03105537087294,47.090301360271624
21,0,,,1.962510206745627,177.52877968822492,173.22136369227067,,
21,1,,,1.9661177095853035,177.55463074187372,173.2031706538383,,
21,2,,,1.751222863878414,177.18207257754867,174.11766303720543,,
21,3,,,1.5396356914003178,177.20960529690194,173.97807148005018,,
21,4,,,1.4688451950066417,177.0924763430071,173.7642457653923,,
21,5,,,1.5303576880032006,176.43472056955792,173.87890411701545,,
21,6,,,1.1864842499483483,176.16158168477492,174.85035937590726,,
21,7,,,1.0323416408265884,176.98609963679533,176.80643915790276,,
21,8,,,39.33076086164785,173.94337081781345,171.26685476464323,,
21,9,,,1.0594139916442429,173.29119378466544,178.5438527212072,,
21,10,,,0.6978462949200881,172.33837825373382,175.9103582649697,,
21,11,,,0.1151262498912643,169.11498783988955,174.12406377579566,,
21,12,,,1.9369209828762264,167.95855602963886,170.42346111256035,,
21,13,,,0.4912263446597802,164.62707846811392,167.7052280101844,,
21,14,,,1.3871226649958632,160.460126434344,168.16287282991289,,
21,15,,75.34039638911045,0.8344761789070478,157.3572508213278,165.7270440817699,,162.46008042689255
21,16,82.72357961456733,77.94705512621418,0.4313238002729168,155.31856683094216,162.34369643386253,158.17727706235277,165.80299584628168
21,17,84.26756200480894,78.59631566920194,0.2709094201108807,152.08817161171186,161.03514936040776,156.63152209492523,164.4957939982367
21,18,82.88232027777751,79.26373738146685,0.0186982801754381,149.3736911286302,158.39014050576878,148.1224215202573,163.58483023421897
21,19,83.27606496085745,80.87077078650773,1.710475229252418,145.55893349083686,155.86923855444545,144.91587492621025,161.365727122064
21,20,86.33277471685597,,1.9790878504760296,143.00794698809472,154.26623808675438,149.81231618253358,
21,21,103.49376771531747,,1.2915526857738304,139.898651224276,151.13982214273793,174.46703571165452,
21,22,106.39104490786016,,0.2140342858846502,136.92073033644485,145.04403256502624,175.92900529090164,
21,23,103.6037301931336,,0.5548614784021391,134.92397286741823,62.644555213226134,174.48251333304717,
21,24,104.18255656435105,72.90636933976084,0.1236543357454792,130.72203210454967,140.11122487008856,169.693743147857,138.82741105986057
21,25,104.89794287836716,70.42403686552531,0.6730007123578691,128.0420029656714,138.89775400271202,171.3729233252924,134.01548535655533
21,26,,50.01644211774133,64.62473593757554,155.35747851836004,155.1162789442958,,126.61083461410584
21,27,,51.42346804305036,65.76032977399703,153.42082497168806,155.44522990989674,,126.9262961641806
21,28,,47.91700113906329,68.01844553804936,150.6676933703881,154.6623130850161,,122.4040153719282
21,29,,50.23024085977866,69.87613040360856,149.9614246090129,153.2714442959548,,125.45053331800987
21,30,32.59265098407054,,74.52189893806518,146.30366539784558,151.95563071593727,113.64150117373488,
21,31,105.22752002115622,97.5716115608502,1.0734066715091004,113.68440296124332,119.92347859340065,163.95613096401635,158.9484664272097
21,32,102.59707655035857,101.42335648126526,0.3779504423648027,112.1696928812078,120.41462753445332,160.76940756246867,165.27042254591998
21,33,0.433658265437997,157.83084814806628,82.75177808703748,140.73722711547575,146.84388777221665,36.09379868983126,136.04579700134732
21,34,17.49488440446997,126.76069894351798,85.17210671823564,138.75170415520572,144.3603558793958,55.89493004888757,68.91345872004327
21,35,55.72847706588309,150.5234622897593,87.82644574479124,136.5426073827469,142.67748808237437,97.0702312698794,160.9908926549519
21,36,78.0108099215576,28.343600552759447,89.92289250906312,134.729962341174,141.48961892024647,104.61257043456476,17.343022765686044
21,37,2.6206473870455977,18.7156806706311,91.39617847552148,133.68857305648947,140.46013729949925,41.9709485681404,24.081276545814152
21,38,30.654829213398717,38.16196352880047,94.7575087762835,131.57874224378642,137.97082592811765,18.218808218787135,5.03526815063219
21,39,103.29896135995703,100.28192855769647,0.6440223664111815,96.29638340986928,97.046661487092,156.5799078477687,119.74124985973776
21,40,12.217516130137849,25.153696571279596,99.8331798426927,126.4146925669034,135.51094205451236,32.17702869371349,4.153964279942366
21,41,1.6046155036645475,14.150977495511066,104.0737076309698,123.76357734241968,133.08024843997367,39.89650742389573,11.837688700250515
21,42,2.097965443050762,16.762022338062827,105.70561269834566,124.21717181635434,130.60634831416462,35.483438194933456,10.427646208343726
21,43,9.110151897944892,27.056097630908553,111.84516861509768,119.47156419872375,126.51700201089508,29.970275621223756,1.241660675012791
21,44,18.42361051664331,24.700496177221893,115.03433234092552,116.54780624840464,124.18319808724662,20.952854322373277,4.796976293740139
21,45,8.411516780907967,6.234461183224409,117.16354961079446,114.4385969009312,122.64638650119086,25.577732869517696,4.845255072197759
21,46,0.3203767879215842,9.4868953348042,122.59846863331867,111.35321641877864,119.56778464121588,30.96143491983774,0.0949671279430061
21,47,0.0488244950098085,6.395915840255877,123.89613958649508,109.87068033084203,118.99551100003566,29.11808334070562,5.953436471896841
21,48,4.481008122808337,7.078540630194562,127.5175168384692,106.4973609366662,115.924843539699,27.11869122133887,7.517579757609492
21,49,6.928207661380499,9.885211373262669,131.6229782438792,103.0635806596088,113.25321443270272,15.22076816559245,1.541619475600031
21,50,1.8338182412236788,8.41621545114127,136.76242297690104,98.76119444641928,111.65279268376568,30.18404896896234,0.2449848739832448
21,51,5.181829637587917,11.375599206707989,140.7211916787257,97.07747273969102,107.23350989382664,16.997051616840206,1.654812051787096
21,52,1.8287135135519144,8.858670472741213,143.11536856737763,95.2218434179572,105.78059823309104,25.796651196170544,2.2759336077965013
21,53,6.533198376425214,10.222720831612987,144.89179369061858,94.05672287183008,104.26997134930758,19.407423812849647,4.793267601735592
21,54,11.71391238456769,10.053585809400078,151.0298691115667,90.73448572007754,99.503685470129,16.497066052370336,7.1964591665488875
21,55,9.760898837888853,7.645578990754822,154.13948092053604,88.93912092205748,97.84040409050452,19.7949778784332,6.0474933839727605
21,56,8.559867820096851,14.359373457255796,164.6977544489624,82.57764154810609,89.01562813303772,16.966594677607826,5.097889023530832
21,57,11.456275259914609,17.281638163525816,166.52102695070624,80.69682394914757,86.46415642836696,15.34287919600485,5.4922626855480505
21,58,9.960254238738685,15.83447329434755,170.88994754350793,80.86163910015975,80.5285016623606,17.076878143324485,5.201520327975749
21,59,2.9848043571009018,14.516972888070272,179.0978589841328,74.435780653578,72.88270322560226,22.309794588680347,8.088474438054952
21,60,10.768736562716532,15.905313440856675,173.49214363824993,71.0018423051219,68.64602597550872,10.040617953363586,3.998948313192999
21,61,2.899030150699605,9.86201436106466,168.46308155196408,70.8550364408216,63.23664364445051,18.876982243702873,5.645552657826886
21,62,13.038252138774473,17.98519875166722,162.63835319238524,62.81497104892545,61.76444018994634,9.041480691151984,1.4888374664067976
21,63,14.947586347477458,19.88661066363004,162.97745709159173,63.802663304374015,60.626819643167735,10.390112828998312,0.7749922984019406
21,64,13.982672952165338,15.278374431788302,159.11816404015673,63.842184846786495,55.269360965716714,9.18141427426126,5.664343906631716
21,65,14.245040550242711,19.637869353719044,155.63191426873186,58.11467114291457,54.83029952793698,11.059559933641882,2.993854381135637
21,66,14.498897610608251,21.872013771080105,156.2132509335022,58.35260987285152,55.3326331309792,11.26995242665664,0.1044126147761713
21,67,14.28887496779682,20.67159000776636,156.6161202775042,57.087000276324304,56.17689355373581,10.378502285425784,0.1669269249860027
21,68,16.503779072825967,11.911433332766943,152.00554894757545,51.7760362006272,54.0198211698691,8.524236158082024,5.941518997630071
21,69,17.17267160252596,12.552485515292162,147.72883525601003,50.06623651844692,50.35496310910436,7.785167830294456,8.20764048978042
21,70,18.30986680168142,9.48026365812012,147.51509982759197,49.793524681069286,49.72062124679941,9.411395539016723,13.089434763963936
21,71,19.47163347490201,8.61937593852,145.10250914508492,46.805765063838386,49.68215453757296,7.3189829640484225,14.31588959009606
21,72,22.314506997541276,6.000017651254974,143.44550203971045,45.57061331775583,47.99159715544231,8.213251538117984,16.939982292519122
21,73,22.925312116838537,10.345100127284235,141.10734312445916,43.70673460279244,46.96669147492872,7.764180772655236,15.885468989471592
21,74,22.200309374020428,12.954761564012315,142.05295202190226,44.60629563394161,46.08863822658892,9.490409976467786,13.057917042328796
21,75,24.965795415540036,10.106281718353102,137.83512246113844,43.80090897349158,41.83392999662144,8.206071290631181,14.939962673126043
21,76,27.02462812183552,10.124739811557106,137.30844029933775,43.73383608581284,41.26334740073027,7.012281477093657,18.21692925466368
21,77,27.49600493253553,7.942716541635799,133.44397719914426,40.19793196214478,40.21096272874024,6.786261747492512,13.067759223134752
21,78,27.301468325578423,8.209635094321344,131.59871998317283,39.176119258464425,39.17359077853384,7.057552650143335,11.810600993704576
21,79,25.96264929758476,10.004433077202766,131.0490989555085,37.788651450914216,39.340952221291566,7.881390784562499,10.952306733006004
21,80,26.302907533234738,11.775522138399875,130.59682795085936,37.506069996814595,38.885397342430934,7.631170347590856,10.089223739694678
21,81,27.69275646689741,11.853306977108206,130.27321015328732,37.42495899487247,38.4945157609428,7.619817134586407,10.278667247232892
21,82,29.19936300502201,10.346521877509998,129.84116861309263,37.78182261000716,38.34901301340109,7.234695325697922,13.910269419670817
21,83,28.39964198481377,11.49564927938554,129.72899229995818,37.148659313156635,37.99636025661008,7.889128997088316,14.853560029198432
21,84,28.73421185406228,12.855941936564156,127.641598570803,36.2529686592668,37.73833529432657,8.517885842717526,15.295267563755312
21,85,29.739338927272613,13.178880591750572,129.0775119612759,37.230408466913296,37.64370220104083,7.19932716382416,14.741681078000036
21,86,29.48621148309443,12.484756489238388,129.40477137050104,37.13515489065712,38.03548561315751,7.4239561500075775,12.77571432721324
21,87,29.999263978487186,12.559835476093289,129.33127459422067,37.07095716465367,38.05799827557009,6.820130862431957,12.474436355224142
21,88,29.83263680988206,12.36545121802473,129.72945298882678,37.66269142347365,37.767720041258954,7.499960019929897,11.93798406477903
21,89,30.20450432885902,11.864527838578418,129.55220422165047,37.54813361827313,37.69855239858199,7.434984962656819,12.228004812418169
21,90,29.856941921182447,13.80090650781754,129.55475231549588,37.26525908370409,37.88158386071865,7.47582248972683,10.892242546698846
21,91,29.70940454905304,13.097930162616152,129.57760487540384,37.1836429890288,37.768624691529766,8.273095301637214,11.70309762707751
21,92,29.081731267684177,12.876305004256707,129.98032892348886,37.24647812473153,37.929812561785,8.971392936761381,11.574275416759816
21,93,29.357882041636746,13.20120329239468,129.8442231849932,36.937604172068625,38.17342219867592,8.60446543855701,11.066091392019976
21,94,29.29912603462593,13.17154679278702,129.7344257278217,36.897191152312665,38.10641287346252,8.004263301742732,11.865740637426535
21,95,29.338405742151817,13.72134588226722,129.90696214155807,36.92711874835081,38.32015506263333,8.16646967170794,11.686093072315996
21,96,29.118661732734196,13.408090391670044,130.0940301554019,37.07561198445731,38.32483460600206,9.29389107878912,12.49664170486073
21,97,27.685905964932967,13.149203235535422,130.46633628063532,37.554981682296386,38.64691341977156,10.932992617183144,13.656487465876213
21,98,27.844125609352872,14.406317428956072,130.8213141784738,37.74594599711206,38.905739097274214,10.704946070826468,14.108919377388196
21,99,28.62866332541248,14.75591284663023,130.73387043557057,37.60407606193066,39.22995182352159,9.975862195515225,14.266089839584703
21,100,28.807925345888258,14.400545586837662,130.95463995435864,37.86551368141713,39.24881049141996,9.54109017819901,14.670776670925536
21,101,28.712909711318225,12.923159332452098,131.51592008387638,38.394855214892665,39.08148903490707,8.529016441352976,15.8343418059602
21,102,27.391410800498875,11.941940290252727,132.60260365638354,38.963233769656114,39.34107912442619,8.695330342444272,16.027818565885607
21,103,24.10718667480936,11.503658902883869,133.64602409060265,39.85840530026641,39.668084256899206,10.398426109442784,16.079532997386615
21,104,23.690417731803052,12.89148493180137,133.2657786744117,39.18767851784306,39.810733902290046,10.3241464319701,16.160572675176688
21,105,25.72268747029086,10.864771469321216,132.5870517758491,38.86907380128223,39.71118260748281,9.336011493391595,16.00814266376675
21,106,25.156124555587432,10.007262675488972,133.33864972257726,39.291414190340994,40.3513151202657,8.786438973471125,15.551365163378078
21,107,25.24348357993984,11.58619390088215,134.59678499996522,42.00196968725508,39.88261488761228,7.722340235393803,10.417657630528009
21,108,113.17179257485678,,4.6699520809668025,48.33632266252471,50.26601882339245,162.25105803014768,
21,109,115.21933963177662,,2.8799167429357646,51.17070394168899,50.387960795697595,163.9700526580872,
21,110,22.74004045845005,10.870872410068674,142.908959303046,44.74054611778583,47.34957719603143,6.3510505321259565,22.488096858326177
21,111,114.27102971042284,,4.140054529180547,55.87783345756154,55.214153629590825,163.49325377605484,
21,112,114.70878157467024,,3.693411782569099,57.99608655452517,57.59954139098475,163.23927152792203,
21,113,113.1389167997981,,3.1207506735813975,60.80254666750624,57.10841967177186,160.52351785501034,
21,114,114.66553435316612,,4.567453884304038,62.22478003456757,62.40234546831946,162.00210574792857,
21,115,15.28792819064249,23.144733420067595,165.10029367278753,66.01732898836849,60.104803134810865,11.28119186309898,17.095231500383854
21,116,112.54406874535616,,8.856953962152678,67.80211321285343,78.17678684442906,160.94448153899884,
21,117,112.27070379130744,,5.393278882326992,71.10787070639454,75.36937541503286,160.89518298561362,
21,118,113.82748054551308,,5.208846875921472,73.23424063365798,78.58259366858515,162.1749453102392,
21,119,113.3705912926811,,4.595192005733773,75.82846370919229,80.33534898546459,162.62648851251703,
21,120,16.33789302601478,12.12485155442348,177.85827550533244,74.68881277517593,78.10487887509015,12.37707989313527,21.28003749027856
21,121,114.7309939807883,,0.8333896515331067,79.12221463792935,81.49445284387205,165.36970185653897,
21,122,17.507140591423898,16.426691339328002,158.65993834035075,89.82412258348296,91.2136329754944,7.064255346755386,12.826099735134864
21,123,113.79938314794148,,0.8733997377485798,83.29948264320012,87.4616027476292,165.98796145022237,
21,124,111.1072507688056,122.59245625826595,0.0074606085247999,84.68977795095341,86.450347576857,162.53174583636718,138.03682166060358
21,125,110.67638290533068,101.31157644740416,0.0309776402184994,87.52637572048286,36.8801011790097,163.57503797834715,158.4036317466853
21,126,108.3723106056197,100.78922819179796,0.693233930774864,91.1597632600568,40.4832150955786,160.5659911195361,161.08917910910912
21,127,108.10207803275762,103.0874177269912,1.0502598983848483,93.43776327304704,41.72681043870341,158.6136814024486,112.9814910283246
21,128,106.6467982390558,101.97137965369404,0.62779466203058,95.89956452219536,96.97376192061438,158.60793731833957,164.5709899972864
21,129,4.138980840696802,13.151548508064634,126.3589602558465,109.83428189523032,115.86986896796616,35.21136202970624,6.281784199935433
21,130,106.17435195799682,99.08131832769038,1.4460148436427993,99.7567919700226,98.56548380402754,161.003635356005,159.36972514303335
21,131,127.30422735691776,6.562792652272804,116.9962902038457,115.31092414618148,123.3601815270258,145.08522133069994,15.135832101634035
21,132,7.479899980361672,7.675946434797464,112.86975043825784,117.79236348860778,125.83551592014388,24.25204517982699,8.647412219125298
21,133,5.128031310008282,4.944487385319482,109.43661997883792,119.67909903217225,128.6154375751009,28.36513929292291,12.592557403797482
21,134,6.742654192762963,7.05534842039939,105.7234194618612,122.3103271277186,130.18795604002574,21.772025502377772,20.67067254431119
21,135,3.769195774983041,65.10880113507893,102.51981659546482,124.8168542578348,132.23952022896003,26.002933799842488,32.31513323517494
21,136,3.2184923406578005,38.50501685485008,99.24878779322252,127.63989285309044,134.9959138667862,22.41368634403495,11.672598149118484
21,137,104.05773003555348,116.53132109058022,96.72723875474806,130.7416131093079,136.16375731501566,122.8595434426161,87.69107326044217
21,138,132.19804155616197,71.97792881650261,92.80382851268922,132.4656032266981,138.51467091695577,139.39060993721006,40.670298115458415
21,139,,151.5965060015335,90.56790950831112,134.75264494357955,139.7438478814424,,129.59745840244102
21,140,137.09448057936055,149.2112359777786,86.99704665633811,136.79857799512237,141.9054205384671,178.80192127188238,129.1731266682319
21,141,135.047154162111,150.53955187036388,84.5868208455725,138.695559982293,142.98375960248063,154.75979458576396,124.44952434152364
21,142,100.6786024517592,92.641916428295,1.8327187782008971,122.5432958201176,127.4655383402008,165.53964963850495,160.05987316672574
21,143,,,80.38096792768818,142.39857624461806,146.31530513873517,,
21,144,,,77.15711364918334,143.25181029819294,147.94680917098592,,
21,145,,,75.64442320303746,144.3968059712641,149.4049140424046,,
21,146,,,73.20955829314295,146.13288602674749,151.2805017421723,,
21,147,,,70.76713810835996,147.16497311249668,152.6233070767979,,
21,148,,,69.2434626392497,148.04305330439706,154.70426656295376,,
21,149,,,68.31514871929497,149.48232102995013,154.91198737820753,,
21,150,,45.44274590854269,65.10937548006818,151.43815282016223,155.70803787966423,,128.88620243645408
21,151,87.57490097764114,84.04461628742109,0.6767676154332806,141.29944487801936,148.00537017547563,153.63875871072025,156.65378377650234
21,152,86.52543236377619,,0.8057208232306909,142.58917319902065,150.17833439346973,150.3447732154871,
21,153,,,0.9538562124955124,144.10686851141827,152.47316207114025,,
21,154,95.61157964161777,,1.0236012818674187,146.84691617307365,157.4037727558896,168.98708408698403,
21,155,92.41976166077367,,0.7221351542838832,148.8886181236715,159.6792333453832,172.5584391984179,
21,156,88.35393154466914,,1.0436937019720198,151.43557615138758,162.4901904708551,164.73258554421605,
21,157,85.37462645292713,85.59782207999811,1.029238878960656,154.5263804817341,164.15029551980538,162.2663194834892,176.80883314072847
21,158,,,0.7542132057380402,158.5270804072754,166.9974904203814,,
21,159,,,0.3854424137436128,161.50219555841915,168.39666900727576,,
21,160,,,0.4597884889272813,164.50551589616947,171.15582976282843,,
21,161,,,0.2421580091880605,166.2503431288943,172.74264512721714,,
21,162,,,0.20070916970143,167.10515190947018,174.62232875022795,,
21,163,,,0.022194023050983,169.10390669683005,173.0126897041235,,
21,164,,,45.621914295527766,168.56887263239184,167.70489711425208,,
21,165,,,0.3959279471196191,171.4905585332751,177.56710144460246,,
21,166,,,0.4739790815421233,173.15602727378328,175.5868501091972,,
21,167,,,0.6528985185450774,174.43912470552567,174.07671659786348,,
21,168,,,0.649655772308766,175.30052074343786,174.76488926257457,,
21,169,,,1.0312341782510852,175.21199575120255,178.67915056708668,,
21,170,,,1.746518417786971,175.4918750133232,179.97148000522915,,
21,171,,,1.7897005019588763,174.80937951768448,179.52644622200685,,
21,172,,,1.9764484514628176,174.02758130281316,179.84550113300253,,
21,173,,,2.1187528385275267,174.44271319115677,179.83327922908137,,
21,174,,,2.1186152773413016,174.36797537255364,177.98433946597376,,
21,175,,,2.0776482326335577,173.81508058166057,177.93016984429408,,
21,176,,,2.190087117335348,174.03844382929154,177.67653598416837,,
21,177,,,2.089098500381304,173.65936781009827,176.9218655384746,,
21,178,,,2.1598184046441844,173.34241419856735,176.9134833709687,,
21,179,,,1.6070890987940851,172.63965206785497,175.79883787136487,,
21,180,,,1.3753733087326292,172.00923374347613,174.22370322013342,,
21,181,,,0.6252307326713812,171.57174046154293,172.27948288649029,,
21,182,,,0.1687992907569349,170.89400055633593,170.17074099365863,,
21,183,,,0.1785885101805706,169.38634614328524,168.33817102845305,,
21,184,,,0.3713456495141585,166.80017403429963,171.18307932333803,,
21,185,,,0.1672482323960577,165.60078866519171,169.18265072051278,,
21,186,,,0.2648980090650759,164.72533935229882,166.03829709905398,,
21,187,,,0.7595106124422026,162.2828456622532,165.57060004459248,,
21,188,,,1.8125808681534552,158.994478394534,165.71509402932057,,
21,189,,,2.1825029653842782,157.45135134023462,165.47135499970452,,
21,190,94.70543716044186,,2.9865255757266027,155.16061813494858,79.0270035492373,168.97629508056374,
21,191,96.88809896369254,,2.2627590098710866,152.6638846940847,77.71737369248342,170.10738502363984,
21,192,,,1.3061203225525313,150.3388519317336,74.88027884368066,,
21,193,,,50.879055500984066,166.98808328269013,164.60357625535886,,
21,194,92.45115666940396,,1.9292063733276936,145.80855980757943,71.75217146585108,154.1424407648988,
21,195,98.24450036555577,85.3560882355164,2.6547187646878134,143.15971068585193,156.36482284946038,166.5455153979745,149.44743167199283
21,196,105.62138413845165,84.29407584881096,3.0824341004901976,139.59975674588367,154.96512321943158,173.3607338926727,151.570501741333
21,197,108.39263727498567,81.27680530641896,1.875312857743075,138.676000933935,151.76063215025331,175.78678437620934,141.00424016548794
21,198,,,,,,,
21,199,111.82399793275938,76.71884050923956,0.9201697101613868,135.2976689701792,146.30903352328514,39.2684706526524,143.9703511701373
21,200,110.55527826926654,73.55481765210129,0.0586515261206614,134.03780563420062,143.40545916258387,40.8269671559093,141.28756141209288
21,201,111.45034668237332,74.19564600898197,0.8026401808252326,132.0810681248215,57.285743575864224,45.11213554333811,139.7407344121368
21,202,112.10388273963078,79.6982039369217,0.68263261441428,130.41888703164437,137.36059283406212,108.00389144515086,141.21045382899302
21,203,111.86737809805224,87.34127304397461,1.8223340020987708,130.0092039563259,134.74745005898126,179.7148008513933,150.4956866739821
21,204,2.084546476882696,27.424215012594864,63.25624908533512,156.62141492495851,156.44005496949512,91.41167635443824,65.70949214003375
21,205,89.54647104544081,88.23761049722935,64.15156471861752,155.90103948880537,156.22430804339686,1.6770517040902344,174.8490070896565
21,206,66.12340275617204,93.1580045616936,65.70690104412326,154.97432230050563,155.496064208117,23.680134086117448,169.5112376378196
21,207,118.822317919804,87.01095808481786,66.28399626258329,154.13644167365374,155.2424676173445,27.803953536056373,176.0659834479207
21,208,119.67028739493684,91.10790980035962,68.33912091297373,152.76453196003217,154.10053467947523,150.60522967107607,174.07122757967713
21,209,104.08112424822946,98.99252849110528,3.6160703380160943,118.4928697506282,120.2494811007018,168.38221750870932,174.62821430100533
21,210,103.08432358291736,104.96804308803944,3.0906191867402883,116.20964403243345,118.43768701313653,167.02723071918413,171.91701117841967
21,211,102.02389601780362,106.17049292972038,1.3168289073738204,114.15832195151334,116.12689669788315,164.6698858837551,172.30830924613196
21,212,102.8612142726948,106.9316946664101,0.4840535842791467,113.13232074354364,116.36933398460516,165.1741050846594,172.70706615875335
21,213,102.8227528568262,100.11375921445392,0.5736978066542845,109.88991413214232,110.50528564896187,163.78719914433458,157.42625263194736
21,214,102.5672746640299,,0.5106639453860322,108.06020291676248,111.36747829482132,160.32181063932003,
21,215,51.03092413349073,158.57244407969372,82.33930454587001,141.56976603568054,143.59851847847762,3.8436575415427208,153.2648530218454
21,216,32.918857227634945,96.9177545347858,84.23883863599312,138.9818724779623,142.49526085434206,13.523449207536316,48.36621569494496
21,217,52.06872699831071,58.51770396608008,86.69247939914924,138.29512845303665,140.1708344635083,2.92844506039691,15.9161967397507
21,218,106.58678661688356,93.70113328680836,0.8535317141433788,98.21042019055923,102.81601092269212,164.0166741825827,153.26536045247065
21,219,106.46380349084222,,0.8270303394374281,94.6257601491456,102.55373751570042,161.66487057242583,
21,220,17.05557063826142,30.39527554286728,94.80106918520885,133.35509851544103,137.29740230564752,34.72105270982508,6.00427649970761
21,221,107.88394976290569,,0.8464290747029951,91.9702207231174,97.79715845074264,161.69883596708274,
21,222,11.132281909328752,25.757784905597564,101.4976568290919,129.02563016712384,133.02634451856332,39.82304728593936,13.038826802300374
21,223,6.4587254130110034,24.25171853331466,102.74963939762688,128.16310944904922,132.46126996185615,44.092766846700286,17.711664360168196
21,224,15.928796316255852,1.751099873910243,105.4840447463838,125.37286243466004,131.21780420570377,36.41146120569216,19.28896880761843
21,225,19.333690888880497,1.043253095000442,108.38037516367068,123.91253323890076,128.4846241042962,29.59749817857932,17.48495311433094
21,226,9.908582529484995,4.3278743142258875,111.68505765634691,121.0556370772797,126.95069493206417,33.538764408279015,12.094371497336052
21,227,8.482549434109092,2.0786534006709796,114.6196786375557,118.5119037647424,125.27695756002348,28.735777987650906,12.402030581654062
21,228,2.8749805296066877,0.0089481680489452,119.0220892950443,118.15059870672528,122.00735019073224,29.038104688039628,16.01700020716375
21,229,4.2501171084694045,6.000524824238492,119.90318355918092,116.1241069085604,122.52803173564524,32.10992675092778,12.948198467644035
21,230,7.038907136146772,6.778579181322265,122.0343583593792,115.19266372328114,121.22186821761902,31.03363551789281,11.045879230038183
21,231,8.740470778467456,8.339771426865939,128.21670667582958,111.9880258131278,117.24131702887377,31.928229427482268,8.703922757632776
21,232,8.062426710596068,18.284161470555027,130.36252118115237,109.3832800723968,116.50466676035744,36.564228401075624,6.089361724035749
21,233,4.298311897451804,17.57063862969487,134.43629384886825,108.12689600914496,113.05586864846352,31.230275142954817,4.598626192319449
21,234,9.09439769336384,19.26795009161412,137.89806754958585,107.95949342843554,108.69842766109213,22.4068860396622,6.399875167520857
21,235,8.029745214423523,16.931726296796903,141.57368779365984,104.88622440480536,107.3616218041897,19.454694462117995,6.348991720631292
21,236,10.351979500599262,17.937773225487877,145.81756462701173,98.2627600315206,105.9843703742053,18.87840751925756,6.369140427643581
21,237,10.288925387229863,10.307258389334716,150.9381812075809,97.589254995409,99.61862352040876,18.71146632762718,7.273092848266048
21,238,9.998357465440929,13.642571942589752,155.20825146117434,94.4496435342572,96.6837622919667,21.913482133265447,0.9528428621232388
21,239,5.8929781413844475,15.93544997646378,163.89517360306402,87.20394952078794,90.04584075082438,27.35003891379477,1.564077515724982
21,240,9.347981949817068,18.97830683500645,166.52413213789114,85.14684267623117,89.03631187540532,24.712242602440725,0.0074589256809978
21,241,6.2846864165283645,19.912378546960735,174.84445448255752,78.67143448650535,82.43608743530743,29.844893769096725,0.7797642559710933
21,242,12.368024666217844,26.133203389806688,179.31907134435502,77.0303110834847,78.35870341764499,14.091104682813311,5.05444433972376
21,243,11.005966278111377,20.953221688444952,174.33818688969782,74.34476606052836,72.05470311182536,14.500459922781912,2.065491079772098
21,244,9.43764092961354,22.42325331584494,167.9648720851852,64.08654853357511,70.29031114987156,14.871201945364655,4.742597764330469
21,245,9.596398676359446,24.10552667188742,168.48551670265857,65.35284984856013,69.97491687967552,13.412540352061717,5.573706190258787
21,246,9.895079341599526,20.690841810221503,162.08628968454832,63.79381452450183,62.79023062216601,13.424362960945128,0.0051580869637724
21,247,9.231152799556677,21.59907452467308,160.92194469858453,63.97200582383609,60.65115695203028,14.174721313302095,0.7368108999424058
21,248,9.832414830019385,27.711600148080503,163.33241215735868,65.41763828719294,61.836706977608415,14.072081639359228,3.984127380479189
21,249,9.322708601149062,25.99762126044939,155.64164079287167,55.95683103960932,57.61338050116631,13.014756265442845,4.72581604180799
21,250,10.940060621312483,26.238464967384065,154.5693483474757,54.8511964762513,56.64833340077543,12.205981214124726,1.7098349890353652
21,251,12.879790473890235,28.227966674055672,149.77741286347694,48.08949199215498,54.88249884465965,9.810381638039583,3.942768197162815
21,252,13.480594942350317,23.447961233458756,149.96535584405908,48.1798790495646,54.53097883014106,8.705808233748497,0.7997944713238105
21,253,15.927142642338303,22.640954011555728,151.844761439318,50.547838246364954,55.35539007219605,7.7196391478742035,1.4257882089857847
21,254,18.208831503623234,20.75490909403667,146.99908463998207,49.06518752808813,49.95097759654535,6.4663318852342355,3.1533532372117357
21,255,23.49294804548549,16.77950379563138,146.6411601999281,50.764159390009155,47.95811044077467,5.731249174730294,3.2737124959247184
21,256,23.395048126689897,15.623999965183598,142.60265199834993,45.39062889052807,46.70891838157311,5.445122982295699,5.543131018530219
21,257,23.613329278536263,17.956703244218843,140.52587480842337,44.00363115709368,45.20299576921401,5.641976112632022,1.929421734136875
21,258,20.39386520564832,16.41692455512787,142.0197143715694,44.7603064803781,45.83227945542862,6.36183877114289,3.3427877649566504
21,259,25.79317916515193,12.655849614351055,137.98309424252696,44.21642519892298,40.95598573667148,4.6605546701919005,4.966752762349193
21,260,25.97433269232027,14.708186197056577,134.26464505906648,40.42286612126993,40.19860577197373,4.30755400691525,8.10686170288662
21,261,26.76271976466155,15.722497887331636,134.36253287594766,40.71329696358451,39.85273720509207,4.430740983858385,4.409735143373119
21,262,25.642924044702625,10.852501631964454,134.12646188573936,40.61933166580111,40.01479031761849,4.9015120231166245,10.14936892172427
21,263,25.769212236401124,14.972674338306655,134.0330968208983,39.86199064093902,41.1377752618828,5.003640873641298,9.286384528254306
21,264,26.7852679196699,12.48806463276122,133.70752628738927,40.00133657383719,40.8082683280761,4.447613787136923,10.460473089864646
21,265,26.402603689501433,15.120896127803231,133.8015591286046,40.25115166434471,40.86598697773708,4.414448528319501,9.820347985148276
21,266,23.51211978376487,14.320172384436011,133.11060684620512,39.31101788579731,40.57248241986043,5.0263866897989296,9.862451299900927
21,267,23.60870237912914,10.113191356515957,132.42527116810533,38.594002806030026,40.721291068599655,5.026180350600106,12.002045645596503
21,268,27.29404212307333,7.291630862926739,131.5891078918996,37.873080574583334,40.20394260096457,3.660283505198574,13.28818896237759
21,269,27.26980324700064,7.941370424859303,131.22855968414558,37.58046124226646,40.25440727173835,3.155634830575283,12.220995546686908
21,270,25.23483682617364,10.30941207571025,131.0663939222539,37.06809125835877,40.758627227406855,3.1683743262619166,10.543819813375167
21,271,25.32116198899074,12.626747056610414,130.3129538581839,36.579982871897755,40.42299270719962,2.6024343187558068,9.204353826252154
21,272,24.790729374931853,14.02499465883782,130.3862592929313,36.53729917320384,40.10073919946037,3.038908073910592,7.998055088177537
21,273,24.80765814047966,13.996102883905673,128.18295712043442,36.31649297241067,37.38517845288471,3.421701156454811,7.85808824624634
21,274,25.03751913262069,12.357251358797653,130.88954422488894,36.628465897626874,39.94068948646373,2.8957002957758644,11.070004263501508
21,275,25.313371952566477,10.789373797668851,130.95018091700754,36.54234445091382,39.904174987024966,2.3785713425356834,13.568835732860212
21,276,25.418369612439587,12.25120336765528,131.48629894227005,36.80672793392366,40.28564528663336,2.6227415721409324,14.035637038545062
21,277,25.06328670475604,12.01711411368342,130.88212768610796,36.55238040219545,39.75480089512013,3.5068994107651617,14.733628721938768
21,278,24.45067846714945,11.697738918466452,130.91252915924073,36.77945813592795,39.776799582302274,4.471505524529172,15.994907974404116
21,279,24.46267825182562,11.255872020544311,130.48823821329964,36.6281589647968,39.54112208671963,4.689613226861617,19.347034480124
21,280,24.52154088437332,10.472066718893776,130.81081483534433,36.71074525022329,39.699632099274375,4.83697697784692,19.48811580859125
21,281,24.80314074550182,11.615663815774932,131.03193813679118,36.74116324337826,39.93250702836475,5.255320152426747,18.86253359564689
21,282,106.3903333198474,,2.651400846048077,41.80374774965827,40.013579730159584,158.99783361630512,
21,283,106.69323755220957,,3.707975175813781,42.6553580690039,41.516258729378514,159.77268475714652,
21,284,106.96769507712716,,3.843109290480292,44.76160254985616,43.59182983776266,159.93214134524104,
21,285,107.2712616313701,,5.262412993089442,45.82148265762591,49.03293940056273,160.07992155085267,
21,286,107.44204569739122,,6.107291631532814,46.44974627691046,51.68930215285222,161.36909961196648,
21,287,105.21263541408308,,6.406972572867478,47.94526081183538,55.06495085133954,158.74702200341713,
21,288,105.87224226247142,,4.043677315397198,51.31768619453823,53.37720249851353,159.73758639909929,
21,289,107.5341273931135,,3.251842633879754,53.06665236374055,53.64178486545586,159.25513118941706,
21,290,106.37411076856424,,3.5547631673979727,56.08256861154753,53.030088437279325,159.18773295589736,
21,291,107.04327409763069,,3.343960150989388,58.76942176447531,56.617157156210645,158.31136309201844,
21,292,106.37788771264717,,3.093246303476817,61.641825900356096,58.89499855521381,158.20460779128513,
21,293,104.86375255638814,,8.465018438103701,63.152140873484626,73.45643213548065,158.102656278102,
21,294,104.89537321563144,,5.837071662475839,64.90097562771776,74.00100733380299,158.93003722772724,
21,295,105.77534625137142,,1.1581302890175054,67.28042449806277,72.23221125104767,158.4824157452585,
21,296,103.74392109152052,,2.509817704727821,70.01855319037146,75.25650940809012,159.96825758412288,
21,297,103.64741403639496,,4.077243010674736,72.08154064493459,82.34195275180497,159.5212796646957,
21,298,102.95729333982234,,1.3011663940845353,74.58040020634365,78.72973313837639,160.79905355821967,
21,299,22.209559612741728,7.170610270049555,163.14602328638722,82.5947560892909,87.3738692735624,6.698655465911286,10.609329339865129
21,300,103.35639414565196,,0.0989657043571769,79.54891248922391,81.56010095971664,162.2103639430417,
21,301,19.121122777710323,8.63577295100972,145.04726741184334,94.35808489892224,101.8670935415806,6.6579810807978905,5.459206383203202
21,302,98.82338251069598,,1.2710201155900014,84.30677177440643,89.95284817014614,158.28252521294417,
21,303,11.999529245477332,15.794733589412449,133.72346414177653,102.58729398275914,110.10863457717878,9.202667698156018,5.727426725518237
21,304,100.30282884998977,,23.9315996510306,91.6165172889742,48.51984526181823,158.69329974209916,
21,305,99.95854078595232,,6.168790261437842,93.90629942576592,44.657483214462815,158.5635253621553,
21,306,98.40072863777756,95.63295997283618,1.1723414591903905,96.34584450346112,102.13012238483552,157.71594175457213,78.21263689642849
21,307,22.20587188335583,21.356759805824247,114.69273919759247,116.53672585946848,121.58989849587547,8.679758992335216,2.001070643103968
21,308,15.542693604233635,11.37840989951253,110.43902699890984,119.4070790360104,124.45581220945388,13.001573280540116,1.8567484857560956
21,309,37.25550191845269,78.03811275024081,105.60156865141012,122.50293483273391,128.1034586622346,10.966752036995462,49.00348755135409
21,310,39.80721618553316,123.54321905241646,103.88517232740116,124.8806343045183,129.41322977235544,10.128610580586178,90.1350027166924
21,311,47.21458035788541,132.86835117130258,99.49635458427612,127.41412100946914,132.9512925612713,11.109563099792982,102.27123189138058
21,312,45.73100335099048,145.76449273518932,97.41413626230256,129.81505394198547,133.85801387971284,11.41177093852897,113.79771775953566
21,313,150.37361320502268,160.0291304017654,94.5158127199333,131.84145606639328,135.63900534952415,164.4248673458932,123.6204703454214
21,314,146.03337662152555,151.26705614703425,91.80879252164851,133.36267319078027,137.13994967488668,122.15673477357907,124.27647627321502
21,315,142.88240419695182,158.018861241616,88.4251843572747,134.00792712830963,140.3597378491779,129.63226688636925,113.86465481866584
21,316,,68.99411573175904,85.9113904144093,135.3884302466677,142.0919134098474,,155.23278102902734
21,317,104.17188901476814,83.61854194635646,2.6739088341837203,123.54659696219774,128.1996365760192,166.9270732148813,138.02187118368963
21,318,108.36305358624966,79.09670717229727,1.1011896224554312,125.8840544053963,133.36209632627154,173.54359460566312,132.72878511782116
21,319,,61.00091268237939,79.33307246203488,140.39622108507345,147.3544971022725,,142.33513277297124
21,320,43.17165018921649,55.57540203684802,76.77661213272738,141.72250727960298,150.2881335190627,,137.51842615951034
21,321,,51.1988106546253,73.2271964345053,143.3417676143239,153.02897573244533,,133.0781575300752
21,322,,48.4187468221708,71.01255098198124,145.6535685749435,153.6566090227911,,127.5815951324298
21,323,,48.735345640314,69.00304889946875,147.24309484264973,155.33620924499863,,132.43006591257844
21,324,,,65.54297671483967,148.9448290981784,156.3639822848855,,
21,325,,,63.588451358857895,151.66223203586358,157.21778186745144,,
21,326,87.71099857577127,,2.0447235779778907,143.44695540789257,156.56283520401485,158.28174612294447,
21,327,87.10329745270644,,1.073547597212073,147.08119658366127,157.61937802971235,160.0769607118918,
21,328,85.61539982379273,,0.8566257646764668,148.75440387959492,158.0421957567914,160.15878896874318,
21,329,85.4041350247486,,0.4175969054519548,149.87705350280334,158.08993890213716,159.6152021995018,
21,330,82.3334626267741,,1.2957406508888436,153.058466689948,163.03713769764593,155.42618547769274,
21,331,,,1.2880630310073808,155.62651451293044,166.67114077480937,,
21,332,,,0.6231843130033725,158.8862786153269,166.5667447009861,,
21,333,,,0.2363943058398736,162.1356611761275,169.17156824303456,,
21,334,,,0.1985357464782677,164.971994145755,168.70214251478868,,
21,335,,,0.9193140444117456,168.45615692844493,168.0225199554435,,
21,336,,,1.088010435997618,170.02514604474013,168.67399138015176,,
21,337,,,0.9693027182623368,170.80672482814896,169.71343108857496,,
21,338,,,0.6209680968187679,172.43960180078363,170.38143957457763,,
21,339,,,0.841470226468852,173.70425890971484,171.84662356481343,,
21,340,,,1.1384972774698543,173.86189293264644,172.8123224236344,,
21,341,,,1.8467866365905552,174.39399304783575,175.80179232560732,,
21,342,,,1.88421606579979,173.94118200306855,179.745710554961,,
21,343,,,2.3490642970812563,174.07932885550747,179.4717220993396,,
21,344,,,2.237927116437938,172.71109953999644,179.73052103162863,,
21,345,,,2.230470635665967,172.54918678250206,179.80333002444806,,
21,346,,,2.0888512603566927,172.1034223397355,178.70091682434972,,
21,347,,,2.0522016772689873,172.69806749158374,178.4606865394878,,
22,0,,,2.533604219342521,176.34190980833708,94.59089288394703,,
22,1,,,2.508140877868271,176.34627304722815,94.62987257978858,,
22,2,,,2.062516468439258,175.16064076077555,92.19521342158768,,
22,3,,,2.079113512982962,174.09600845166713,89.14139214694468,,
22,4,,,0.5519605423015265,174.00391437234956,178.82989580230426,,
22,5,,,0.3253177792088729,171.8558360137941,179.0380365847294,,
22,6,,,0.374159592691709,168.98596245284511,82.67740438790536,,
22,7,,,43.960152383994505,171.74491079749433,171.0159291668452,,
22,8,,,1.2839188253112352,161.4506389652029,166.82084447668726,,
22,9,,,47.43141122087421,169.80535594741374,168.12060038853178,,
22,10,,,50.235712167133826,167.77332825409397,166.7069229013458,,
22,11,,,2.478132712364062,149.1542462035337,75.17956270446095,,
22,12,82.23984845581057,,5.12902209100667,146.8845305276269,75.7951501513079,154.7264989744085,
22,13,91.04119916044132,,25.62785633446936,143.51911231959457,96.03704260533536,171.41559620249907,
22,14,89.81289873573483,,28.076236645488407,140.32624636394644,95.40289825082992,165.6724042334152,
22,15,89.42927122042504,,0.1913953243492837,138.79585810756558,61.62626013069107,160.39598258749746,
22,16,99.20978757620044,,1.595169056889638,136.61143989505877,138.51590975125777,174.38170685234255,
22,17,99.38989873418257,85.45815217113281,1.8233718781740935,135.0877865263895,136.74128333045354,171.81719393812338,157.2842750778848
22,18,104.37158256112356,85.86262736464629,1.6105149170281492,132.65001776234118,135.0186341796985,175.14738675516995,156.8265311334879
22,19,110.0248593960353,84.77758126959286,1.7955982466481335,130.90692323389536,134.95089703662742,179.11251666045368,150.5129546273652
22,20,109.26766483198504,81.50809857350784,1.875615656545321,129.2352217614717,133.40133874814046,176.13987652415767,142.9093908728023
22,21,110.19843671124818,78.98068746441052,2.6048823594302144,128.12408660009777,131.78953623837126,177.66553375875893,142.74035733830834
22,22,112.13082043821768,77.07980462963005,2.0407388714681938,126.3287857332772,130.60162675629812,177.39245983379257,139.39205748223665
22,23,116.10537151624354,75.89054308015642,2.973021499688969,124.9111995197793,127.90871811025566,49.861425591489215,139.8692637000545
22,24,,57.61051774603699,66.6041346722721,155.338203558675,154.2961847830215,,138.47455806393472
22,25,,57.68953402299729,67.92116107837388,154.08607537290678,153.4148208692274,,138.3989058678722
22,26,,60.104278606725714,69.01736840170271,152.04806995378777,153.1691562479018,,140.6587576632144
22,27,,58.174355436008874,69.77637239115019,151.6461172162172,152.9455086598795,,137.26030276023903
22,28,,63.21971602799146,72.31595900040925,150.64917124291938,152.43636388009224,,142.8503399991595
22,29,,64.87069024982537,74.0930681072169,149.99865002782855,152.07227017774176,,145.00005567775926
22,30,,63.87085860980236,74.69849516593536,149.2012057754515,151.63405949165633,,146.2054541825782
22,31,106.29625037154467,96.23499839840972,2.209132233494961,114.29539565942616,119.02896354961184,164.65957285845482,157.43162320957276
22,32,104.20406568194832,102.72629818177484,1.755651480654156,112.89588720415357,117.74403434997598,162.58367095535326,169.105597609773
22,33,103.43402766219424,105.5156000017173,1.095342795821681,112.18654619612732,117.66424970106172,162.70542816134835,166.53450649904778
22,34,104.32050862766717,111.04172729209694,1.0557726033287935,111.1868925829938,113.2682841183088,163.58703641317206,171.09863290019584
22,35,104.4957346156654,111.76788557582744,0.277031522582405,109.83913094903396,112.65791110796218,164.07721792039678,170.70457084271493
22,36,104.29717492941076,104.7625915551196,1.2520415229226465,108.75216931516049,113.29226260894076,164.70584426540373,160.0437400437614
22,37,102.40376739298262,104.22234564739092,4.3282360972927645,106.37701741985047,115.77097460632912,161.22409093297088,163.68809331210207
22,38,103.04373162638032,101.12462351847418,4.1962403439340346,105.4299115568841,115.8864337947648,161.39017603348677,159.78247781416394
22,39,101.96883910551782,,5.076559157053276,104.62538444893242,116.10485655033791,160.4511143107407,
22,40,103.09249165355992,99.22806652911424,5.801832930497125,103.1666731044796,115.00244871049254,160.90892123726098,157.79549797975724
22,41,167.6613767575099,158.5505818052904,92.25980019034064,137.82190625110144,141.92119018358156,111.35192420753069,108.72795529680552
22,42,166.47355026122662,157.28925576721417,95.5631241705342,137.04725177940074,140.2396626709122,134.31982753426928,108.8806376487646
22,43,174.05446405551396,163.83506839108944,98.64548759916686,135.3732600770089,138.46018839624935,161.41305108699234,96.7927038205362
22,44,166.6990971952025,178.54215980131383,100.28104036030264,134.5829861729048,137.11151905005383,168.92736914262315,163.15627273853465
22,45,172.30682496320316,165.52237030776027,102.5660457077314,133.51744589942786,136.26410263969905,173.97810235429358,30.060470091302353
22,46,177.03403447369075,141.2757916398253,106.17220307637186,132.5532154616307,134.34692954765848,167.2255845754299,123.86091034903154
22,47,105.56604159054868,103.97387784105572,9.305767801854255,96.06789076504312,111.6761120954405,161.1049205036976,121.31581287198938
22,48,175.13217162916365,30.866245377987703,110.26100544370588,130.40667920767902,131.2697504040935,169.19028293992446,20.277962509750804
22,49,165.86486983701477,49.980994474674006,111.70713934692,130.97643241719038,129.84824721154018,157.74541175490833,60.63351364767512
22,50,172.66661599917623,6.727948849404511,114.25469001802324,127.76569376462612,129.5357778670098,163.53840828802203,14.40034480332618
22,51,148.31811544006743,14.4958626149443,117.81093539665082,125.4916703479808,127.40252517060796,140.70812034803276,22.290809414482315
22,52,32.40563319151131,3.2631218682420404,119.7319224344108,124.2134908810217,125.43022318926324,22.565258028810863,12.995168126976155
22,53,19.468486250145418,2.687510084466932,120.851680306625,124.1063230662415,124.08587576552564,9.494716564385218,11.432063901856424
22,54,39.11484214750112,8.715638021024606,122.52768280659694,123.58831190383624,122.98069734580136,29.15807137853582,17.758810384596476
22,55,44.16257862606603,0.5618557624464583,123.21210850289076,122.86702263018384,122.38881340030518,34.29815524677124,9.503315204016207
22,56,29.142822056220528,3.386047793222608,123.1771841522152,123.28058058072178,122.47795509085267,20.32840304482925,5.6138731205686785
22,57,21.852505624899248,6.755808702774766,122.8979717155817,123.38300654227754,122.95667592650322,13.841638783404305,2.5066870150764444
22,58,30.86851641294408,3.8182694313231487,122.8418548924266,124.06373449533268,123.08884202244006,21.93760236331956,5.881643517431763
22,59,32.69741380669057,3.5081026374431543,122.61953463734302,124.04548221967896,123.46852725630386,22.505897367682284,7.241326019106103
22,60,31.182510954248663,5.7972911102653,122.34145821343228,124.65615866592752,123.58004939230482,21.742075606545743,5.738862623484942
22,61,29.52435368842124,7.277383412819248,122.13560632821866,124.76802970344012,123.7586017626411,19.816141909634247,4.82589200843362
22,62,31.09360348528495,7.307072067663261,122.37345430465707,124.667013447862,123.66494617333652,21.17240332458652,4.555346948432302
22,63,33.33838681990249,5.812431177845832,122.94330319669206,124.37686965967364,123.3599089385363,23.61613111516842,4.807994973022528
22,64,33.37273813747845,6.257070898205945,123.02387187673467,124.38835894707532,123.21079046182172,23.48131047292505,4.51304498220855
22,65,28.8254750420662,6.721222126279066,122.4634440185955,124.1838978278291,123.93114222142307,18.84310921743603,2.875974058677171
22,66,25.43859358253443,6.19697448020081,122.27875363997887,124.00759627364468,124.02007070568848,16.117179265408986,3.788902145809896
22,67,19.280760946275976,9.258451494003896,120.8530319698681,123.86095386507434,125.0005440883862,10.512767699822152,0.926128457127728
22,68,23.160834517727196,0.9206854999476553,120.8528196753914,123.46885588982524,125.36164092908574,13.648570225067974,8.581730660743464
22,69,26.46083887447209,5.0553537981161165,119.67355842204547,123.4653106894328,126.60307012997696,16.94115589663249,4.702847785783567
22,70,31.368235980446688,2.3414450909228313,118.64803330944268,123.84101466475389,126.8432018476519,20.33456182392615,11.0334109544219
22,71,36.10450697411024,3.178117740171927,115.94301476592884,125.55733593621868,127.99043047202451,23.47310835588014,14.262068439665232
22,72,49.662059060751595,2.0797619878340092,113.80147472708477,126.3366240555926,129.22881759510588,39.34182638478731,7.314791823610744
22,73,22.343167848478863,36.18817544511938,111.60475512435374,127.57540829416035,129.95836664436018,13.12867653796185,25.998169512845568
22,74,30.47766126525652,16.136002222558943,109.795277389439,128.79172782361232,130.2586349624041,18.42321320794675,7.465736167065192
22,75,41.64262936584646,135.33503783893613,107.8831993920953,128.97023359974324,131.68675558756982,28.026487671590008,121.02558704455886
22,76,42.35268850848371,153.71913678981542,103.84838464288556,131.7249550181203,133.18381911315973,30.46580998861787,139.99856934195333
22,77,173.00171854574435,165.15115736979735,101.27941070771006,132.83899597314064,135.44013272505214,157.52186310857226,150.46834667408652
22,78,165.40181163533288,136.0900571909411,98.22338870526058,134.63904655779533,138.04134113695798,147.36749383773665,124.27758943450831
22,79,57.72996260926806,166.44464264755004,94.01776300396725,136.64452206163492,140.46044087357893,36.52265529148371,102.4788123061698
22,80,63.60540545420086,164.01414216098382,91.56834984603448,139.08629226123156,142.0340415062351,35.50937962352237,105.20996866801
22,81,11.098792997174437,162.53784275973487,87.8240103761056,141.26318550676095,144.2356318542086,44.19101222246259,108.97271614723412
22,82,105.72848773169234,101.52061213339157,5.491786242124142,97.12771048950977,105.78902742703625,161.1789962221079,155.37814432171913
22,83,105.27330448359608,101.7925678810806,4.288327648816184,98.2247805456864,107.39627458000678,161.57126231193544,159.76742161254714
22,84,105.62302270307836,101.63180725674604,1.691235350205305,98.71676821941917,104.2830370534212,159.8108030041736,133.20145009505023
22,85,104.63538279956477,103.088073996418,1.4228417307906065,100.00657874863592,106.00799037294333,162.4849657726426,140.40089780309674
22,86,105.01193650958716,100.65982933924008,2.9767470246333865,101.19733183986747,109.5107751128023,161.67272787320005,156.98059156830985
22,87,104.76740057104792,99.54137099188613,2.321797761540919,102.61254755946,109.58749263997088,163.03401792926175,159.58538969804522
22,88,104.77045529681796,99.7701462951704,1.3872616200493415,104.42341857817908,108.92131587957908,162.3282873479108,152.7786517013036
22,89,104.918924327744,105.90922315237782,0.9866132168789894,105.854240434822,110.19887457931804,163.31531091498445,169.48208076171233
22,90,106.49129219354197,107.46630308888231,0.0271489299190823,106.84513014781491,108.80742920072538,165.37284930260685,169.51705290615493
22,91,106.68556432414714,108.03066484427352,0.7730513304705078,109.06917023319323,109.97324904873491,164.91616267802246,176.0841945202976
22,92,105.36827338624867,110.63720930400363,0.1241338281656973,110.28390096549552,112.09277388481222,164.94456916486598,170.98363281739907
22,93,105.10534822241564,107.01406316661276,0.5305134173577082,111.31801700934018,112.68393356023184,164.92893113274687,167.01556673388015
22,94,,61.345900192315746,64.77531348436356,155.02366312073244,157.54749946189125,,143.08149221052935
22,95,,58.88102385089238,63.80651858804907,155.73894353889366,157.85745528997836,,140.00273522427227
22,96,108.55709682325455,100.10550910068515,2.576407118262264,115.35510630914617,117.22475183932174,167.46827671794378,158.6459768813821
22,97,107.7695295711799,104.5825276593917,2.2729031481983233,116.90598423201024,119.33465031073936,166.63645686855983,168.59454699535203
22,98,105.76869608713132,102.34309069130732,2.800304140945862,119.42307340934384,123.28821876429264,164.46320169686643,166.0933499673702
22,99,107.90952478281392,104.18518766881256,2.210715946537975,122.36445998195508,125.36834176515904,167.18990364789332,167.52118151982083
22,100,108.72942670567858,,2.4152670855087868,123.90861092693356,126.4840898549845,168.64414918758877,
22,101,109.5556943443938,,2.2861714047136066,125.35796828453586,127.9111298391924,171.30821862182214,
22,102,111.00857835943242,84.74942036052649,2.7532622771020807,127.15789707441618,127.3103884128784,177.06627029496497,138.0471201501521
22,103,112.47085077379909,84.21222344337296,1.6912707672871123,128.272763920018,130.43522984131192,178.59103498422925,
22,104,110.97499825743566,82.1945212851877,0.6448913597099523,129.967005887241,132.8219956789056,179.9738601361791,138.52673419384814
22,105,110.84151366819653,82.43939801854039,0.8457750886579111,130.4000696132696,133.06045903309897,179.30359358663716,139.20094057874346
22,106,108.32993435235024,81.52454787318405,0.0951408475267945,131.39543572815674,135.27703675916425,177.56111520631137,139.17049406082273
22,107,106.94748567494668,78.48968516277998,0.4523650520933476,133.67808918552734,137.88982869890336,176.62074406773823,136.39142676536625
22,108,108.95394890322083,81.27684082644889,0.7139158647324539,135.78756039693454,143.7737252999736,179.12687020726912,145.68615621645216
22,109,106.34599131800744,86.70594166012661,0.2822067685222524,137.29620497432748,144.99323766304045,179.536021367871,156.417772641583
22,110,98.5547730231426,86.99537293702184,0.1895393268088563,139.4072197773565,145.8539581085342,168.11647317240352,157.91350458285504
22,111,96.95404824839588,84.18828835426285,0.0278960057888393,140.34840362536667,148.15642368798706,167.28862182949993,155.44241168525392
22,112,95.0003829346467,,0.608559343472157,141.54909151202816,69.00881467868966,167.80478060546147,
22,113,95.63403325055926,,1.0094905060032984,142.75748688674113,70.60309928377403,169.12949106418938,
22,114,95.52684752165987,,1.2906195651049033,143.95113552226766,71.83338149402475,168.95103410133902,
22,115,91.10669196969108,,1.2364006583970322,146.02712816446683,156.2244908586192,164.90181879752205,
22,116,88.82399481816833,,0.3828363934281413,149.63063741536766,155.8380852082365,162.0118270205295,
22,117,86.96824227436151,,1.19202259394621,152.52716957452893,156.7562483061072,161.56546333024951,
22,118,84.93855559631133,,1.1389175264074018,154.7667129714846,159.8884527478041,160.24003123688854,
22,119,82.47386446101332,,1.2385872153550028,156.22018991919143,161.6501174425967,157.64120993244188,
22,120,81.05971818543418,,0.5427123101054837,158.3795824914925,163.30279718493682,159.99675703451308,
22,121,80.35004179349355,,1.8235959542137696,160.5648122812453,162.83727427346926,161.89298230039256,
22,122,,,0.1741696932776406,161.8084442747004,167.01128961455112,,
22,123,,,0.6207951175621805,164.35276791417706,169.78558038012764,,
22,124,,,0.0423721066796887,166.55907973226005,174.9006720740377,,
22,125,,,0.7333957109979382,168.69132499113906,177.46311305098416,,
22,126,,,0.2394071318496859,170.79405017591276,175.57743165676771,,
22,127,,,0.0377744527291026,172.11365806139543,179.21550656005925,,
22,128,,,0.6583947438567115,173.02942005454705,179.6325007331268,,
22,129,,,1.1807317856488988,173.33432004836718,178.51176724253688,,
22,130,,,1.5110550035526231,173.8701503998162,177.39653392243872,,
22,131,,,2.205349914251706,174.1150848554655,88.12330695602596,,
22,132,,,2.0027269719052754,174.4812551948098,88.75118673168156,,
22,133,,,2.07512743466067,175.00003377264835,88.92658709029152,,
22,134,,,1.7336738708665085,176.3298296101262,90.02887358803711,,
22,135,,,1.0935160263246029,177.1071413748094,89.94709486066726,,
22,136,,,0.7856026252814564,177.9266540690563,91.28446841188962,,
22,137,,,0.7877612441920169,178.2053755577043,91.53754033663128,,
22,138,,,0.6796053378904584,178.2444845905011,91.75845635431826,,
22,139,,,0.4671559481260526,178.25499916459972,91.9319584823539,,
22,140,,,0.3905948391149511,177.96182366372608,92.16824435153728,,
22,141,,,0.160664448792258,178.08961017164552,92.07424582916168,,
22,142,,,0.1666253799360768,177.9326910664336,91.82547819467356,,
22,143,,,0.0061874680870273,178.01325694779615,91.83554223538074,,
22,144,,,0.1998343786527535,177.82050192305942,91.27892918088602,,
22,145,,,0.1047604710276179,177.1147452050366,90.24440495538214,,
22,146,,,0.2916287008806904,176.57628821595492,89.50523182153239,,
22,147,,,0.2206928052042097,176.36238428000928,89.30561825753891,,
22,148,,,0.8807838386399652,175.90484595208758,88.1282748531076,,
22,149,,,1.39078859939728,175.31197102984802,178.97671938092822,,
22,150,,,0.0677619994405439,173.58370611621515,178.6479019906011,,
22,151,,,0.6134436488478814,172.3516982123653,178.78628984584145,,
22,152,,,0.7383177135047946,170.8281637668166,179.73526354909586,,
22,153,,,0.2315372655730841,169.97001180159185,178.29538108762696,,
22,154,,,0.0805092133118084,168.10763152152884,176.4496508552066,,
22,155,,,0.4034156451483487,166.57080680588857,174.16999535522058,,
22,156,,,0.3483656446127403,164.93565644945744,175.07388623148813,,
22,157,,43.06448521688147,64.77079085158078,158.68279493583137,157.40367364854015,,124.56660270071848
22,158,,44.6897908939807,65.28772803180306,158.04946683033018,157.07383135920682,,125.05028773350244
22,159,,45.315075956253786,65.98947937586449,157.67518968052235,156.0011508057661,,124.08651857263312
22,160,,48.33890835806857,67.45436524010015,157.51864857215904,154.79112114216278,,125.66054582060764
22,161,,50.062029897646504,69.8611546354739,156.4854415023989,152.7842527836409,,128.61069008940902
22,162,,48.73339011343494,71.16340703934141,154.41836448197125,152.37703558281174,,126.63348075058931
22,163,,56.275982329677795,72.75206269595375,152.93702973750032,151.95309123107742,,135.40040685671755
22,164,,52.33911692759446,73.91907226144626,151.76708969160796,151.69753240497113,,130.595150847875
22,165,,52.01702506753491,73.98195323289025,151.72600896838176,151.81612635686008,,129.34313944297938
22,166,,51.449088547015144,73.96930498068781,151.86270906001835,152.43038534633635,,129.03284888383254
22,167,,49.329066175334624,73.85663862206042,152.13030555216295,152.7697843210822,,126.1460346971352
22,168,3.4390507920948714,52.60774462993355,73.82044761202238,152.0605948594235,153.37430280284423,,130.33769100225052
22,169,101.447582511528,73.15691991733493,0.2642755315923806,140.14511497506763,67.1366535476232,176.8749506596679,138.375551956265
22,170,105.15048481477092,70.15220274583109,0.1470268789656482,138.68972919342798,65.41311410050996,179.3885228765822,133.46276461383758
22,171,0.0130865104121977,60.664074532542806,77.21836039423287,149.08794448581332,152.0546929286746,,138.39649608546273
22,172,104.0847400274613,70.62636090121975,1.5668269542154531,136.55748229806068,62.91059156068641,177.34689486374714,135.18922408504176
22,173,,57.424048041552766,80.04054413945363,147.40765115223266,150.52796819517286,,139.42934703344366
22,174,150.15087339219008,58.36631899939761,81.116405479383,145.5630916405434,150.73809329141278,,144.910636857714
22,175,153.80478152807294,67.31329859761642,82.78063992178653,144.3850495949837,149.87512938298767,149.99133101318048,153.32139138151564
22,176,49.43634597304816,161.44134218038096,84.12975994490705,143.08630156837413,149.54488272927313,83.78042747716867,113.32248793732695
22,177,43.75029223997794,159.85046571634504,84.23262133679366,143.5963995603822,149.20295889392892,8.733040307404181,115.6683412305616
22,178,51.42695633076301,161.92498620908262,84.77264969783444,142.90368158360573,149.20109997653833,21.312780807383888,131.4280888655046
22,179,48.59175132645442,154.25781112979706,86.7103325684001,142.06784411426233,148.23686659383284,17.508748873041437,118.40559994961664
22,180,42.71770570266162,4.784620240007157,88.62073321367846,139.6310603616877,147.85301825762477,14.914353637656442,14.905924453091208
22,181,46.96522894540225,1.821820344745216,90.55939195394208,138.2246514139551,146.95016360208177,19.12863924408124,18.11994123829176
22,182,60.440393416890934,42.142492914511784,91.94726426928791,137.73341154516177,145.74216385300014,35.28648271269713,20.968550575150346
22,183,64.39642339380573,35.30017271793388,92.51746868668168,137.2053616511414,144.9409312331237,38.345102147362,15.5095250481372
22,184,67.3247335690759,111.89665620479936,95.32102468683732,135.92752162479152,143.40007823478143,45.56597064326146,89.58448847027488
22,185,54.513511032290545,73.96034653800268,98.06324774593624,134.7245910488229,142.31935534634252,31.991936347716777,53.72631103561616
22,186,37.820576284087366,30.37242212755253,99.65414773772032,133.8114019630636,141.7498110157751,16.74537461868429,10.425022395012803
22,187,30.18457274831522,23.72238610965409,101.6379424501069,133.07295366659773,140.5129144617183,10.063860701103646,6.142703344681687
22,188,26.11367508419299,27.552204021290944,103.8314516555599,131.8428008318712,138.86501162973158,8.521907881383132,10.177074271876329
22,189,25.32160452269698,19.58846609213477,105.6478776554504,129.63611291286583,137.98718257723945,7.375096449246884,3.453959227020081
22,190,26.771656152712865,12.32164138834213,108.89220384226034,128.7414489899851,135.28769265935543,9.574733494373636,1.016070125900033
22,191,28.29991062169442,15.657096640954803,111.35673236679597,126.56483623323145,134.48805014263007,9.805584715516366,2.031900960885106
22,192,33.94548086556971,5.824709821203345,113.49040237282188,126.87138763502963,132.3042068675286,17.891389426376914,7.597328018328505
22,193,35.05848632444306,3.887234486088092,114.55306451760768,126.61425838903774,131.2361059679177,19.526481290307057,18.072068798998252
22,194,34.67218053301408,6.2642945775330885,115.00730821213688,126.25732383035592,131.07192535571792,19.411227680269334,6.475622306105019
22,195,37.00535273022614,1.947118644358414,117.09638199782644,124.75527064771866,130.7453974711948,18.79939334406593,10.53536209217143
22,196,33.34048501170134,13.142955005175418,117.47520227840305,123.32310593249356,130.7563578561889,13.59252955190994,0.5523146325865015
22,197,105.82091541448976,,0.5018829898794361,109.20968046334886,109.1695005399572,161.6543056397514,
22,198,105.64302492410376,,0.2060968693508325,108.25739322631956,109.50062321194154,162.12805782973783,
22,199,104.67237385698638,102.2147609065464,0.291618392256554,107.36158119467324,108.94542322742984,160.3207769483739,156.83055491559944
22,200,22.18588524977447,20.182541871254102,123.5504283595203,119.19191122489828,126.47000013545892,3.07637481287964,5.341769162916153
22,201,24.65146314818462,22.47015985714012,124.6314503960672,118.72705749127935,125.7725512339198,4.514712929539319,6.341677823084084
22,202,23.03489629133236,21.158969257725207,126.2005295644325,117.9587464755047,124.64990765012084,3.2880086340468084,3.862783916936943
22,203,23.305006933106732,20.866387968911862,127.20486968788076,117.078125999351,124.1446506838872,3.995919164208068,3.6984667218020126
22,204,20.551203873131833,16.699827775077207,127.09409969442343,117.17449557686304,124.0697154938457,1.4554046560336016,1.7338592175527232
22,205,104.99391416899589,105.65269359961806,0.6220543992667315,99.45616934510142,101.1761249918811,159.25047799864834,154.28532949213758
22,206,105.40940665701989,111.43621791418258,0.4259821912886479,98.5758170505286,98.2921792792969,160.38910846683325,158.08079993223777
22,207,104.3582732178169,107.39197903525792,0.790091884514656,97.2986531314929,98.421047166742,157.62468447878712,153.8542526009702
22,208,105.11202333529022,104.18586237234057,0.529124152414688,96.87064660490526,97.93183135799922,157.207908219822,157.7973632084545
22,209,105.29628232691634,108.54317185627264,1.3367868609491724,95.82309509670806,98.1412407235206,158.092541902524,162.07435793142113
22,210,105.10440867458156,108.66856219192084,1.7340883567837186,94.5897657026604,97.26218556104932,157.72411592435222,71.15045079283625
22,211,106.47324044352796,,1.8044373560832017,93.36424678434491,95.61535529648806,158.2257830647611,
22,212,106.26783404714362,,2.343826699753746,93.06692272212808,96.37878505029214,155.62452105560223,
22,213,108.54430650824956,,3.3820186714810703,92.4307039695174,97.00272578362583,158.32571059476754,
22,214,108.19872222683397,109.72348145993384,4.804413031253496,92.08952557452778,98.56194903960152,158.08462197600772,122.94520895017536
22,215,107.683257187884,,5.330032186595782,91.41183894825782,97.98637321586574,157.4931806543311,
22,216,27.06180872976481,23.053128363805783,125.26405414876828,116.40570692867936,124.74883728544636,5.979810944756621,2.8235684616998955
22,217,25.722843570985532,25.5633009265704,123.45898315439456,117.3407521158012,127.045866083333,4.067151906374358,4.020615605383465
22,218,27.154554748746605,23.32636635697975,122.19805109595164,118.10479196847024,128.40350175476934,5.537567232880418,3.6971700939252106
22,219,28.119937301129635,22.236478699048465,119.27024782121916,119.1217960187608,130.9112595932541,5.826954294282023,3.3012084960533796
22,220,27.83716625125884,21.244437848780898,117.35429327283116,120.03040517096696,132.05032475979496,5.739637632679497,3.485059326816342
22,221,29.065427301341444,24.309782777914982,118.12640683181816,119.84423212034643,131.57141452778998,6.588904657630257,6.283549945008063
22,222,32.69222691742413,24.20194487772144,117.20442926772216,120.7732675330751,131.5766396979426,9.69551343580762,7.101137576513397
22,223,35.958782670512775,24.49148089660814,115.37852185175764,121.88577820013629,132.30171941041922,10.567318284944156,5.413583804571886
22,224,34.17497970788566,21.944469698346143,111.35043831737808,123.75900379021134,134.79123470659013,9.161920784670714,4.3931950916174225
22,225,33.37327978551973,14.923680193033649,110.20675868802142,124.8366962486949,135.43903208175473,11.251796515025392,0.4065931506490884
22,226,40.18291545171507,23.200000321429144,107.86020393520138,125.6774479807352,137.70121716036448,18.611798704037557,6.270236501055897
22,227,41.51936508051389,23.928741602298803,105.12164268027848,126.26994191397038,139.11900558187915,20.376707012416404,8.979724671386547
22,228,36.09478312749145,16.952637141222752,103.61965122898415,127.6142491128466,139.74382710694383,16.432007175067344,3.162893277133682
22,229,61.843447252249724,111.82788843752944,101.14078710841989,129.70034144574842,140.5790929828459,39.27303356275754,92.93645810056492
22,230,70.13112768449075,161.90292479126865,99.63579082978788,130.80506998462073,140.91091906340918,49.41541749717918,140.75441762841726
22,231,77.06876729398898,170.67187094695322,97.26448089008814,132.95091626597036,141.62297746116766,53.369198291090854,169.37264078071485
22,232,76.81011306897679,163.26742671115736,92.53131060177306,135.01331535018565,143.91225951491472,52.683646335150925,143.47696415968662
22,233,70.44442754370127,156.28703047303108,90.756285196337,135.75713312539807,145.37574987028825,43.502868963366616,162.99261461651292
22,234,82.60600728260715,150.42062742279305,88.46721640538692,137.8965713735605,145.29797518016974,46.445683584944426,116.93913560771904
22,235,62.57421300206043,162.38366110353292,86.07732329653956,140.46306453980517,146.41801767930133,15.29589437522928,111.26282103084796
22,236,106.44981347416136,106.9713294923451,3.4651403815013073,95.19798090109454,99.46848528910456,160.609149070103,160.21014930916388
22,237,106.32189700391926,104.13809819074908,3.118240782718706,96.56177384355595,101.48133861456702,161.77950070664556,159.80026332760156
22,238,106.02182409953618,104.44127012291128,2.24516711331455,98.03997704931612,102.03502182758336,160.46496506555127,158.34536318400075
22,239,105.24533813096096,106.57907561021489,2.9041315738141065,98.5750135969035,103.42625263577314,161.56999618608944,159.63902636546587
22,240,105.65468521003744,106.51075226749658,1.1875774630858935,99.49097778107026,103.19201558585664,162.4150711298166,156.36139390729403
22,241,105.31652965269,101.6837813504181,2.5267528172079707,100.12344348823542,106.58520894463376,163.60102502033226,150.8223346486009
22,242,105.41089811898333,100.12193324264668,2.9307284380290417,101.48953990497508,108.70306879426694,163.03551538893018,150.89096268049855
22,243,104.8359278865542,95.7937367224138,2.1249598688215054,102.98536739461656,109.23004447555124,162.50974396319813,142.41934180949156
22,244,105.91663917482262,93.82154493940637,2.30164105937965,103.46488736228574,110.07769369461089,163.66608834344257,139.10292876457666
22,245,103.53454768704992,,2.3642850971894624,105.009810340765,111.64394154171303,161.32783565414778,
22,246,103.57558365336092,91.64730131292102,1.8633538363948297,106.67685820313122,112.83695178075564,159.81265847676565,141.6792050076512
22,247,104.37012045698032,94.60334116203244,1.510389307879186,108.0351837935401,108.9692099913983,160.01395025787588,140.01724462029583
22,248,105.18100766943242,,1.3134704263709878,109.57340136009758,109.45618271725924,162.04506796241083,
22,249,104.69563176275793,111.25908968507484,1.3028330377620772,110.71612315759492,109.07590595815124,164.1714068741377,178.48995759887103
22,250,104.37858957844595,110.24787889981955,1.913548748319449,112.44405045488968,109.16885346794996,164.117628322491,177.60607135579863
22,251,103.1204465011596,,2.2084409354267267,113.66703311463684,112.21190921643972,164.2429114816511,
22,252,103.07732722915104,,1.7223343076143969,115.3088067580335,115.65090213386952,166.13027375553477,
22,253,103.59840363892027,,1.247125876508097,116.1060334817546,117.80468567808424,166.29484070868148,
22,254,103.04782576233248,103.810257457779,0.1719249327075775,116.06682765467473,118.39789174927056,165.72030430433543,164.99239149371147
22,255,103.86418660456044,101.55415103416934,0.0589374681151229,116.991687455489,120.50451518919309,166.33305398751688,160.29659542081444
22,256,104.87876226709086,107.87288697687012,0.0055126420952026,118.67287050846042,124.52503366653724,165.95374193712385,171.51957000634633
22,257,103.05720510394214,107.0216995921242,0.0349102196287199,120.706459556543,126.16786801939335,164.9410601869487,177.7504622501305
22,258,106.81348939246516,104.55630120732354,0.203124747909477,122.89988836645242,128.12590283352293,170.35858363361837,174.82419723999936
22,259,108.79279025371368,106.93579355938697,0.4757204776507773,124.74774514831246,129.3233413938289,172.98374092628742,
22,260,109.21126531893108,86.99970681384526,0.3746861756854332,126.35238110940912,131.57190741257094,174.89764937074133,140.93215994058764
22,261,107.8162865792835,83.34559074656738,0.914165817742293,127.26955321372331,132.44055390154165,174.43885797890982,135.77546104786475
22,262,110.55898272549965,83.51199537313839,0.6174077012701775,128.7852529510569,131.83378932876025,179.8749143513339,137.33086635981206
22,263,108.7631647256952,80.01869054936094,0.4098292316256949,130.5884439047385,135.54732257309414,178.5382220387831,137.93849650288823
22,264,103.9310501024732,78.69499196859086,0.4727744043629451,132.52486288990065,136.80174560910834,173.98702914271323,140.14533181818996
22,265,102.23165713281344,80.94195196801655,0.1238595389904734,134.06909202854283,139.31581957554377,174.26033390095557,141.72937917346323
22,266,105.19112274057896,,0.7993779442297506,134.43058233198684,141.98493448018095,178.48419284391468,
22,267,103.64063732734566,,0.4270103257466319,136.72612854997203,143.58788216221038,177.78989651228528,
22,268,97.46041255099168,,0.1807589333748774,138.99263359758967,144.49644452629033,169.71800982761684,
22,269,94.42270408323688,,0.5686915816750515,140.49143171702633,149.17402294544686,166.63715850684267,
22,270,97.15121822286544,,1.5140002601718052,142.59018857329923,67.46037512781561,170.47619754387586,
22,271,104.61455726810942,,1.5052230848842183,144.4211406656914,67.20384357038844,,
22,272,102.04670254782371,,2.0449114745899513,146.7223997983397,68.43434719738264,,
22,273,99.95212134933848,,2.4472553264150614,147.70285784197327,69.80081118941779,170.34497886804152,
22,274,,,38.9140954060269,175.781781021312,172.01920437529128,,
22,275,,,0.6224031047544017,153.42348192308486,160.26921232839416,,
22,276,,,38.09648242970818,177.23543077099515,172.42883597820563,,
22,277,,,37.77758617941823,177.0590202997596,172.51078676264427,,
22,278,,,37.38950366225103,176.98058190696312,172.80282450041156,,
22,279,,,36.982677086278606,177.33105826764867,172.76856235496743,,
22,280,,,36.80859393905849,177.49285737557852,172.7652610817534,,
22,281,,,36.819879765935426,177.30397014808568,172.4221085304138,,
22,282,,,36.78416647775859,177.26454794180052,172.38546832580695,,
22,283,,,36.905380927051134,177.17791671562577,172.25469167688345,,
22,284,,,36.718092691272005,177.5425257663783,172.11772756177726,,
22,285,,,36.758451494388815,177.3912563761858,172.00944032153245,,
22,286,,,36.755862815073606,177.4946640743642,172.00856164363003,,
22,287,,,36.692971134271666,177.5382155033845,172.05957513016318,,
22,288,,,36.3257168892632,177.55653548737695,172.370993064314,,
22,289,,,36.292643696870456,177.5100539217029,172.36772133058918,,
22,290,,,36.3249963462165,177.47935768254666,172.45682377627725,,
22,291,,,36.23499309502268,177.6299138815771,172.47815404324194,,
22,292,,,36.21209882414475,177.8337680091586,172.4570719486527,,
22,293,,,36.210398275763225,177.8728706201429,172.46377533744032,,
22,294,,,36.23583960934587,178.06157731163944,172.42465778640965,,
22,295,,,1.865636567521766,177.75437045344657,91.40706638725256,,
22,296,,,1.8958285929499796,177.68869362669105,91.4123986361305,,
22,297,,,1.9745358608695271,177.68456471577645,91.89560350672572,,
22,298,,,2.191377207333757,177.09031253558308,93.7579263699498,,
22,299,,,1.774909242108273,176.7952346853222,93.20071121880063,,
22,300,,,1.7832743009333791,176.76832264550734,93.23676743596444,,
22,301,,,1.622743478131892,176.576024120757,92.79232681481082,,
22,302,,,1.409804498192274,176.597278912554,92.81903820700208,,
22,303,,,1.1736576296474606,176.52696716464823,93.17421126727676,,
22,304,,,1.1522011428420775,176.3870844527273,93.39126647984313,,
22,305,,,0.9515951745013276,176.37895069901342,93.05024623580655,,
22,306,,,0.9504451803876202,176.3299493481926,92.947813876021,,
22,307,,,0.6836131706214122,176.24572344272633,93.30860412212908,,
22,308,,,0.4345180193341679,176.00059975744264,92.91426103269566,,
22,309,,,0.5919302258943635,175.83444389457495,93.05055769193328,,
22,310,,,0.8067396640258586,175.56772548396967,92.17273433153358,,
22,311,,,0.8973745439538859,175.1634090451182,90.98686739219424,,
22,312,,,0.8235668961809146,175.2659065317112,90.2392545718772,,
22,313,,,0.952978518990208,175.47696437478135,88.8731889234584,,
22,314,,,1.0586847403941386,175.35484965860405,88.10476924062277,,
22,315,,,0.902570399967762,174.1952123350404,87.70763567731068,,
22,316,,,0.612587100991786,172.4475255944665,87.03274262566939,,
22,317,,,0.0166363356932397,171.13383600360143,175.65847410350568,,
22,318,,,0.4037751710811201,169.18778572078264,173.2006204788007,,
22,319,,,1.0891447112226365,167.05817161970583,170.46976830164513,,
22,320,,,0.4259062027571828,164.6026109642996,169.99763379676511,,
22,321,,,0.1091151175206083,162.6194680740682,,,
22,322,,,0.4044092973797629,159.1908393557774,82.22334659217132,,
22,323,,,1.0576030325672705,156.74114557301766,80.84377603802676,,
22,324,,,63.56954926935546,155.9620451640001,156.96477266740231,,
22,325,,,65.00601019484313,154.48968339583436,156.2112291526694,,
22,326,,,65.38953202756993,153.90822761040093,155.38278548693697,,
22,327,,45.86557453657099,66.35799254104381,152.85927348561177,154.66176591695384,,125.92090846719688
22,328,,,68.07772416761539,150.97975295209488,154.52894895654464,,
22,329,,,69.0519313490141,149.44834784759698,153.86768871571357,,
22,330,,,70.48392532187465,148.95367392125,153.06205227452836,,
22,331,,,71.66253114155877,147.59938417167805,152.3243200314187,,
22,332,,,72.92564659720314,146.53976755155134,151.82798673257673,,
22,333,,,73.52665423240896,146.2100361212115,151.39045157224712,,
22,334,,,74.43373429566643,146.0210136134168,150.90278053679808,,
22,335,,49.89715424705101,75.84805269458289,145.17929780832176,149.9079813450488,,131.66235838175
22,336,,54.718090332203005,77.32996693136074,144.80489087570325,149.32589811868544,,137.52332731185368
22,337,7.141723782777467,61.6811818935478,80.00650516136321,143.33064450644403,148.0469322444697,,142.51976501787294
22,338,,59.29894020332712,81.62546661491439,141.7731812890991,147.26947864150154,,139.89011614798795
22,339,107.1786959293543,77.74036363778127,1.0322548591149177,127.7760728480841,52.88975910661122,174.35555291145383,133.44869569319576
22,340,108.54895947665078,80.66324917775655,0.4407480748825464,126.97551245153468,132.44675221542894,175.80440476518606,137.27766618582822
22,341,107.17076095950983,83.71285694417675,0.3306298754300001,125.40128742700584,132.06291975608994,173.185909995924,141.4709089974785
22,342,179.33118259300704,153.72398852950909,88.5799021879625,137.63699016462985,141.0182175252776,102.60334131894126,125.46171802696436
22,343,175.18160693566534,154.36330949742072,90.05761923833136,136.38934603317392,140.0490699927586,110.04054140190313,120.78856696424042
22,344,168.80195481759944,156.30575232864703,91.85715165393856,135.58639967372005,138.98747625326828,108.35969959226856,144.39104103006727
22,345,130.14628095857194,157.57531722116406,94.1208189942326,134.2494829776457,138.6730197218908,104.36239525357864,117.09705429792952
22,346,153.72144665360182,176.38973805739846,95.44800544589648,133.52025808379494,137.50837479951835,132.01093979526487,161.31477977644133
22,347,161.73916598834865,141.59787730375524,96.54745954698608,132.6290460839389,136.71008146026506,142.75821635608278,118.31514010072443
22,348,173.78448388049844,154.1410225112256,98.1371442913793,131.4028765072839,136.27850431286325,157.0638834948733,129.50539082174856
22,349,137.5236313482605,159.30221092862897,99.58746417744122,130.8450067220483,135.21626059326135,121.357018362387,136.13821211709214
22,350,129.3669046215369,163.17593138694423,101.97924326904229,129.44324537133411,133.78302660253885,113.69183456116592,141.33820048954004
22,351,104.49511259201088,109.847210462046,0.1122844096133947,113.39800821490586,119.41787388264956,165.42123647593695,173.4978579902239
22,352,71.95989017705044,113.1867242361884,104.26214284895032,128.559555496464,132.23560443724088,58.57509861873835,92.44920302757636
22,353,48.53845629953909,90.99108088291231,105.68082084721514,127.17684573870235,131.49245427258907,35.03931309126693,72.87706248143284
22,354,61.98812616524291,70.21032536624834,107.28062568754623,125.68097222845616,131.05127160199913,46.29183462625074,52.7375477015872
22,355,80.30414637973455,76.00486111739204,110.04643457523578,124.66955941645342,129.54001302082278,64.70761801174514,58.07543521825033
22,356,55.466799287888456,50.17593158614057,111.93599203429578,123.68839188091988,128.57150906154237,38.633264799044525,32.7924655705067
22,357,104.41763416358876,105.36771584751644,3.809307034151787,107.66867223380676,115.87612858438456,162.2669771370037,166.9344987435993
22,358,41.12517366669273,54.78488105232398,116.86083636008652,120.8176426294538,126.17667238108906,25.38031046996448,35.806478585792966
22,359,107.07917460940789,99.60356619992014,3.805372797449293,106.00598026896624,115.62422724775756,165.7985362751022,156.60795839143927
22,360,32.047282122903766,40.22382608494222,121.15650003158368,118.0959914008968,124.33199236992304,17.815460005864043,23.36768034804609
22,361,32.77563136230647,25.176658007705537,122.3550814090216,117.1500104219831,124.19928060260416,19.372517463775793,9.871735534718905
22,362,105.25487815105132,106.86587155959364,5.764216975884429,102.89369519611256,113.6102985410144,162.5389034835766,155.73968525028084
22,363,106.53696581168876,108.62397480100836,5.44374912793339,101.67474813869109,112.47124471327902,164.05400350235496,148.2438946288416
22,364,108.22326234094916,102.75806217446018,4.844920449567655,100.81494998465732,110.7236914539803,165.3754494714857,156.26471542336353
22,365,107.391375768589,101.8095539993275,4.457902467527744,100.2335592441192,109.3582424203635,163.54516223491626,138.51071635483623
22,366,107.4071385570289,102.5021056142513,4.110939339005762,99.4465243191069,108.11935727087784,162.75279202946595,128.29078680263322
22,367,107.97953601660376,110.41268290908872,4.93140235467387,98.70455995039144,108.6918449116626,162.26680277594846,139.29047931644803
22,368,108.11650038473265,114.5567108551974,5.278241418693331,98.49226896531243,108.87347451945192,163.18711676153924,143.61770645461166
22,369,108.53258874110466,,4.7020340370872695,98.07218530130116,106.9613187869702,164.15300202903066,
22,370,107.03620119169308,106.14405727101988,4.2782269656384635,97.54461914013962,104.77417003359452,162.33652262660473,127.12886915076942
22,371,107.75770663583218,106.17302186834463,4.166020085517723,97.39095235917372,104.04379879428382,161.8328875616885,125.96690616407628
22,372,108.2161975643899,104.71743047733707,4.301797278635772,96.75761152848216,103.8491978958404,161.92107718203528,122.3724329389626
22,373,108.85739557314444,109.8589981081599,4.516040612773529,96.1378103210858,103.99432563617206,162.24092783731822,130.19214236446484
22,374,108.78274153314294,,4.599924593885611,95.96954291481936,103.35388440911731,162.5513587798847,
22,375,108.49933915298506,,4.7281675548910345,94.77033627617462,101.74672168532614,162.93193960564437,
22,376,109.17984796126828,,4.660527271284936,94.2269614778555,101.40862242617648,162.69639633931683,
22,377,110.25695057193072,,4.484137954261412,93.52316305946668,100.96706340268834,163.88410908437626,
22,378,110.15583988849993,,4.550900642580021,93.09563791049526,100.8054283942811,163.73180169667,
22,379,110.02812786395538,,4.513705738088202,92.91842283368842,100.82000077538396,163.47555598454267,
23,0,109.065517237807,,5.595681239839541,92.7448106854598,101.9544118008967,163.01361129787853,
23,1,109.04619761092,,5.662143306749872,92.74471257008427,102.05132913644783,162.9928988457518,
23,2,,,35.919377555989065,179.38965079608812,174.16235899228204,,
23,3,,,35.885398614482106,179.57213646792667,173.79116705949596,,
23,4,,,35.997445169955384,179.61079356361896,173.7451042916196,,
23,5,,,36.03693193482921,179.61177984326022,173.60103327037467,,
23,6,,,36.4572913511451,179.44814677355654,173.51716255903025,,
23,7,,,36.49166911326835,179.53749634089502,173.35070242450433,,
23,8,,,37.06454021224858,179.12668562863328,172.89423266645957,,
23,9,,,37.35816275925427,178.81590010904728,172.83699407678634,,
23,10,,,37.82730406592015,177.80419695502556,172.5264199173017,,
23,11,,,38.75924960131709,177.31620335695192,171.9572417552296,,
23,12,,,39.73137109337362,175.97153878454856,171.8652048097165,,
23,13,,,40.70794073219516,174.84350934460784,171.50965007719978,,
23,14,,,41.327119943164774,174.40819496765397,171.04054152756154,,
23,15,,,43.37186795427083,173.04461268726726,170.282089450564,,
23,16,,,44.26264819013237,171.90697452647146,169.34537071304393,,
23,17,,,45.5179859047676,171.05490820932798,168.60189657247696,,
23,18,,,47.09793327268375,170.02850608507023,167.5120976387744,,
23,19,,,48.37082667211297,169.68525278789272,166.74532202340762,,
23,20,,,49.335305942600925,169.2452072149762,165.78889796615096,,
23,21,,,50.220454520711456,168.8402946910395,164.52655088888616,,
23,22,,,50.98475672337593,168.29580691204384,164.08088439011874,,
23,23,,,51.69086787499192,167.2606237352072,163.49863141763402,,
23,24,,40.469301783931314,52.461781002918,166.00743039365898,163.2819178937933,,122.295866156171
23,25,,40.70250719170153,54.43412354303753,164.86311163422425,162.58834216093467,,120.4144064355528
23,26,,42.18169643136781,55.63757523568342,163.78424843081822,161.93176587778004,,122.40653288909851
23,27,,50.30037134856697,57.997443936103735,163.0292064144133,160.89199871414,,130.49990249142763
23,28,,,59.227076535209555,162.12021288729812,160.40334698239778,,
23,29,,,60.231849217917336,161.27236923145807,160.47903328180757,,
23,30,20.844561401637517,,61.2882239178962,160.4031594224886,160.09413964029596,,
23,31,18.319399824216863,,62.43700450004619,159.04158916112067,159.7030698233236,,
23,32,17.827580663631366,,63.24475990132986,158.4208302727788,159.257813309669,,
23,33,18.279068780667192,,65.0414433924108,156.73487693760617,158.35287995128826,,
23,34,,103.38145551571743,66.0032054803977,155.3594313450474,157.46997208162247,,23.542366220859307
23,35,,93.49720656458533,67.4899901133167,153.91514249180216,156.9678756196982,,18.62821153152534
23,36,,95.22009417500396,69.20758451465835,152.58808632594042,155.883782678777,,21.139285523762357
23,37,17.930543169849276,99.55177619075842,69.99398258606057,152.03277165384412,154.93712391100948,,27.162925272643445
23,38,14.005982128641682,110.7335535808563,71.28102522150608,151.01315963158476,154.59467879318595,71.89645126834391,37.770950586067784
23,39,10.418502330322385,101.48150559718415,72.00706568222864,150.71546123836805,154.147754639869,,27.41384214788468
23,40,6.630217423966779,96.3872499170444,73.32379620545689,150.60368355483163,154.20847034314684,,179.3451726379717
23,41,7.571488467968323,100.25190503628204,74.6381513406307,150.14745792942904,153.26455950155392,79.95819117369183,25.638216646017824
23,42,3.351181819913044,110.67155836606965,75.60928691054897,149.44153227968496,152.33268912604868,71.8526513319824,31.631286901756177
23,43,1.6518238053881082,112.28099371377829,76.63074728069552,148.8018217794523,151.44617711892238,,33.87609836686469
23,44,13.986500476926215,105.13898761168296,79.08055602640556,148.0583023950074,150.58210557247372,86.14652923739634,28.12156428888276
23,45,20.353249015681424,93.12132539423156,80.26813244891805,146.21134357331806,149.49654077588232,36.35004941768166,11.507870847097749
23,46,20.358798478998153,89.65632688747861,82.60111066429391,144.10714649008824,147.06318110831768,46.17849579489714,9.1003949621181
23,47,23.43888214766222,72.47529175582495,83.98038377146936,142.65055843437764,146.06610778580682,42.60598727466758,0.7622610274268841
23,48,22.0318412195428,69.9670355681337,86.82716508849668,141.24600583432235,144.3374253032508,36.105979433039,6.317943534943401
23,49,31.36592928698783,83.57460474422969,89.25923555355268,139.9858818176987,142.75607151275554,52.97200414201789,3.3864619656572157
23,50,60.431679488481464,95.42920725966542,91.10092429517252,138.895542189555,141.9862348588587,23.902263817845174,18.936603770311223
23,51,26.15339068205597,88.7829056602617,92.937702602609,137.49788728010222,140.7676055434068,46.53543646079514,11.437062344494194
23,52,35.150956049205405,46.488265354186645,94.23214593493952,136.7185958439391,140.2600240532509,41.20617843674109,21.732056343169607
23,53,33.671584882546064,37.56617123793553,96.1052023491994,136.13442704510143,138.56915882866568,41.179377068547055,22.230010188692212
23,54,9.19550799081246,28.21307648796789,97.33951184673212,135.3393999511949,138.1729012595624,55.693346784315224,33.758718551934216
23,55,8.754946452810762,16.081766932555116,98.74532833585984,134.69321856677973,136.70851976830087,55.29810238238862,45.740295234705265
23,56,27.60706150594197,15.710032626231651,101.6449215519317,132.58903885582365,135.44186095746673,39.84096525198501,42.299808203111944
23,57,14.774508856549431,15.615534453292227,103.7685882568454,130.94858496248776,133.29467362708877,51.89306016545014,51.11169257638047
23,58,40.586489281422836,15.716204725378905,107.18436640612816,128.29976286697612,131.05154817030808,27.781547230775875,49.372018626907135
23,59,23.170770350162243,11.70405071535794,109.56333935767177,126.67321865788642,129.60561873768037,51.32699068508539,47.07083759075571
23,60,26.689594583213307,10.525098256375166,110.76590910708802,126.71333756190054,128.64826132431838,43.10148348374149,46.60826697555119
23,61,17.19581794347646,7.508238657363327,112.61298390697117,125.93761009448156,127.71367467810812,43.95057221765457,47.98239208497449
23,62,5.635519902852695,11.042794921662232,115.04903640350604,124.65613179265232,126.17236685057738,20.508303084305048,43.70416564677792
23,63,7.063348399923898,11.273424142116507,118.43088813779306,122.32904263600004,124.63995409371276,20.92141203012252,40.40688369132325
23,64,8.003583317589422,7.729699464651321,118.54225402976104,121.54126673698934,125.8972705231484,23.784359358960263,52.45813605008985
23,65,9.1405401362918,9.198493784223224,120.6202656609882,119.8562498818634,124.32413296037132,24.188932109914788,48.46742556844251
23,66,9.314000807269576,10.896672639302082,121.78100190158436,118.92485777215629,123.24668489926152,21.994970860166383,48.781952984538194
23,67,10.047616895494514,16.40908582062082,123.26033394787488,117.30438437708384,121.6049825109569,23.099181472451257,51.65402558060218
23,68,7.4105325688675645,3.986858873199939,128.66306498564686,114.38592590554452,119.53588554760856,43.61279454369165,57.38564026423525
23,69,11.62089040191984,8.38566609478241,131.95514951828872,113.6260574185569,117.1692058416902,42.487327011985414,53.25763674454992
23,70,16.027503655191346,10.218330106347183,134.29443645925497,112.05138334444828,114.72030882734384,19.399217748632005,62.48002363696521
23,71,18.579771645447305,8.446036923184984,141.485291167484,107.85602028754909,109.64423640263622,19.66371415340007,63.69895782288866
23,72,19.82629282336748,3.165030929862921,145.4437963212957,103.37390772819067,107.49285504228364,16.94954728294791,68.19936060148137
23,73,19.36111609453887,7.051005758424545,148.661724943467,100.3318674083362,105.00136795564534,19.430130956973827,68.28388830382623
23,74,19.737811785126407,8.081344612577427,152.05181381306846,98.22444268223002,102.33631888409155,34.64284406340947,60.921981874437925
23,75,14.672157843676588,0.3000205573057014,159.50314936103638,91.99360270336793,97.09056276386885,17.05132123879395,65.41509891482073
23,76,13.371487107039949,3.728005540295873,162.71162487664282,90.0141954825437,93.57080101703312,16.57001061335133,62.48538011651206
23,77,12.92437094122296,1.1680693521601349,172.43709391762712,82.76031994860972,84.29007512456339,16.191203535271676,62.58464408250226
23,78,12.50670430481436,0.3397249522156276,176.6565108413479,79.72734065560594,81.01666689484318,17.51749695660519,62.5753997719835
23,79,13.665735746668044,5.05649909292247,179.57041282459593,79.3372631791228,75.60347770289322,16.952708816580113,66.1655142975704
23,80,15.354310841139696,2.208753091364299,176.37180755644778,73.93338536557147,74.56258481765812,18.48124139052902,68.20316938150445
23,81,17.262751680225307,1.7333293203658695,170.8727920611248,68.352995818668,72.05365844597303,15.23141130110587,66.0455384255558
23,82,16.694704238505846,0.6031587328355301,165.40036742908248,62.312680954519934,69.28647680110618,15.617037668525311,63.66554440260218
23,83,17.695981799776828,2.8351640915252827,162.40694255076687,61.586912493400185,65.50568695842283,14.928310878608045,59.32252423358105
23,84,19.87578813882683,4.655252903392433,160.0792208799645,60.63130577074811,63.21581159789465,17.75376389650238,58.091498338700326
23,85,21.24795147848938,12.300008081922613,160.33450751444624,61.08176010313425,62.654760510398155,15.51396377729064,58.96770685083814
23,86,22.25080921512094,13.103825693325684,160.62590337124078,61.031140994165646,62.41207439906077,15.427850977227084,60.20741423060617
23,87,21.555128463404483,15.185382667602504,156.30378603728252,55.617748262918155,60.62076925274453,15.118562143252372,58.5098043146157
23,88,21.492312560097297,13.738727478954768,152.0233026896637,52.829167654975336,57.36465198010461,13.690274149080906,60.17551247089915
23,89,22.83352551275288,15.377149601738722,148.68891664726962,49.228572974275195,56.03965227232105,13.48731788926408,55.578223483084386
23,90,25.181503583384167,14.368086171789797,144.79080046055708,45.34119904721094,54.06867913197346,12.840507038155868,56.239629070807105
23,91,26.98870039511075,10.471072329324809,141.94304350470105,43.713232891681706,52.55307973314684,12.109980163156065,59.411496654713126
23,92,26.751493044588504,15.318967820502618,140.3494682576474,43.344415019408515,49.779973887691895,12.028105540062253,52.51870072355466
23,93,27.691242989229835,12.109402073053216,139.0889887621326,43.32076357272554,47.01735151230304,11.831182840763423,51.975407816628795
23,94,29.12947077319954,12.853177477946687,139.09592924884038,41.72647582532518,47.3615582770109,9.926897465256744,47.17716414211745
23,95,30.356633998236596,11.435216556406075,134.05610854937677,37.68222476243932,45.57784014753009,10.165911064542485,47.17071208104342
23,96,28.373674504794018,15.345182288082128,129.10124883104007,32.5720686601147,44.73229008899803,11.041037175884265,42.096552887580685
23,97,30.726702816114877,14.922723070808743,126.81809902652915,32.50267132332174,41.70213731255396,9.101659215766537,42.636320796801215
23,98,28.8535332127332,21.584040660574583,127.21015756432244,32.47430105226171,42.06251953834709,10.80976909615869,39.9028470376228
23,99,30.187602169582725,25.556354462272186,125.34329617126012,31.542373411016335,41.44136948689087,9.923437047062375,36.22221859287138
23,100,31.476863675469144,21.940692465691495,124.8587276572168,31.09896390722338,41.169811182373344,9.020547443336245,38.37073726837099
23,101,31.0747914787173,22.686248133317555,122.14705653879584,28.447313873517917,40.9484362847884,9.94119198874953,37.9970387853834
23,102,30.60246490157881,20.81273986820371,122.11461352582936,28.488378328778353,40.42547005974035,10.45048664143118,38.98405665214524
23,103,31.276386958824094,19.803768117870945,119.54093282536616,27.99178486115498,37.52650915815117,10.523172454344436,38.12613652337783
23,104,32.75971003284494,20.23335722075152,118.72745780875688,27.582637425434683,37.16103565097975,9.481736141212304,36.782733009979125
23,105,35.1558805638786,17.137066472620916,116.6907030110888,27.04583096080301,35.93148539810763,8.035802245053796,37.299786544037026
23,106,36.667245445353586,15.169264499210488,115.1997188869688,26.368983470294925,35.1022641231463,6.7715057573781765,38.78933212543777
23,107,37.66433584652012,15.18575258380959,115.04760138652227,26.91777612964519,34.80277331988476,128.90210214556356,39.83531650859872
23,108,36.49497614710007,15.47568772975066,114.63872441283692,26.71970545822678,34.81245849649408,5.845988645603364,41.25237251259379
23,109,36.28865064849014,14.971804866610654,115.11155140722796,26.74596654134706,35.78151207891518,6.2679476746417295,42.24414338881639
23,110,37.480784230168574,18.9008159424741,114.94380130297456,26.825228611485887,35.604495526911734,5.215932023516238,42.06716930849889
23,111,37.71220860776707,18.114801122295237,115.35120474602252,26.742010850753484,36.12086515551001,5.626474000061782,42.18761127650958
23,112,38.30018175637298,17.572432720763498,115.52617195073616,27.04597767708078,36.1275691789234,5.75147611086064,42.617604118958795
23,113,37.900841929117135,20.339185442479938,115.66971378591664,27.16008721603689,36.30702138936005,130.2612217341032,41.4129303504717
23,114,37.286369975603215,20.696239132843317,115.6653714912112,26.932893586285815,36.2740498340164,129.77091249121918,41.1501822977987
23,115,37.94597379144588,19.626775078359596,115.1216888881767,26.64829607786768,35.91541267343976,129.94818883038226,41.81147409106531
23,116,37.80746628209028,19.407665092249164,115.40168601197207,26.300900920148425,36.213003440567725,129.68016545844995,42.7165374104229
23,117,38.05573874078282,18.921754473394447,117.97296579660394,26.50352087643674,37.6093926994964,129.9712578576054,41.87108061470931
23,118,38.08858210210795,18.456162083315014,118.1967713488697,26.68694406034691,37.61816740701789,129.87529247085757,42.07179470485312
23,119,37.96566664316031,18.625548517722205,118.71863960214216,26.573704887681707,38.19538305168719,130.02881762699192,42.204839092599265
23,120,38.03432098985654,18.37879605467021,116.60578204721511,26.625598615280182,36.37987155061412,130.28276199475675,42.61017129979037
23,121,37.57993508803424,19.200391807245687,116.67808850630288,26.314062144766584,36.58373202734485,129.62477269822355,42.612538272680176
23,122,39.13322211837732,20.463490548934946,116.87854544595724,26.54831685383522,36.33524853504185,131.28683698908702,40.79866785518383
23,123,38.66258741028376,20.504619369567003,117.50107667143229,26.785107346005084,36.51256497164359,130.9402941675543,41.40558682190979
23,124,40.16065216268936,21.42177371544383,117.71006983400268,27.086894488091954,36.70318862268099,132.25983293129613,40.47135015177714
23,125,40.660614870036035,22.64865462890612,116.82032577791436,27.12166784253271,36.26581543836673,132.17505307324214,40.59756352804963
23,126,40.37133016951726,23.161913660247176,116.3962655288862,27.01166514229412,36.2524925365027,132.3022792566636,40.70821328914936
23,127,39.41112489509807,22.39787140913212,115.56752848257756,26.62257186547981,36.036914176354074,5.139018452605149,41.545860991443405
23,128,35.33581281537626,22.112634894182385,116.61675612290011,26.93166461874647,36.89625227998592,7.779803367684965,41.50817317681589
23,129,35.60517522124922,20.555293454800783,116.6564433390499,27.41487833368149,36.69923345441487,7.653991323687928,43.19869343798866
23,130,34.666301043176894,19.88258884817435,117.99859167454596,26.556578264913423,39.48068755621001,8.792790947858082,43.44153895825271
23,131,32.43885916867549,19.87004024704806,120.93203191192777,28.528023678201375,40.19336021679897,9.691181670429554,41.41550821469784
23,132,29.711732949141147,21.433465868263617,121.42171249536356,28.971857166767524,40.52592526476232,11.23146837451844,40.111627162604506
23,133,30.299759724178823,24.50080203240553,124.2625450785175,30.25889157236709,41.89906222746322,9.420679772097476,38.07896613817291
23,134,28.605870498066373,20.597205288458905,125.22862848443076,30.265093093020223,42.54649988178811,11.113165073030768,38.78810527252544
23,135,27.17250917655197,19.698289954490185,130.94233642259647,34.13096809005374,45.75778265807297,11.303229942321918,38.890326844865264
23,136,24.754079507596533,15.12259879024894,132.58966081460426,32.903992297477046,46.8832065780378,12.40582953147574,43.204375571064865
23,137,26.728362634201556,17.298895992591465,137.94875587192033,40.330236318846154,48.749635442894366,10.908710411678156,44.2897210382021
23,138,25.561279517976057,19.58160479525175,139.75405343669556,40.28240992599247,52.36748643696025,9.985400863402186,43.446866740284534
23,139,25.267916799092195,19.970528887311332,137.7783473726774,39.059541898104385,51.65007418060278,9.79171189828344,42.42930303168717
23,140,23.820077437400546,24.45213334882296,140.19158373665397,41.37203328211437,52.69802158094976,9.223060725456252,41.141940866312126
23,141,21.30164858479248,22.619548177158975,148.90891713692892,50.08416536832733,55.275985235027385,9.812884395199385,39.4303091617579
23,142,21.034802076677764,18.720229218382443,152.5247513437677,53.75612765201604,56.99790553980883,9.555544014213604,42.27497080190533
23,143,20.47138590962096,21.31428754405648,155.19011803941717,54.13363087439571,59.863935740925456,11.07702768913433,42.00608998387421
23,144,18.11825155394194,21.05284408828793,156.94105611016147,55.09342498158523,62.00325259730947,10.98164191613284,39.139373740741576
23,145,18.672856362361273,21.19397449585225,167.85231714294198,64.83765997393158,68.87539521513858,12.194986581706887,40.66356078350632
23,146,17.70435765831571,20.674711292469933,178.23029416124845,75.7039753937597,73.48951814846393,29.16964040308834,42.42157174464794
23,147,19.665514467788896,15.916274199534742,178.93130490331416,75.48580478048618,77.89365543123608,26.42143983220291,42.09105699923567
23,148,21.736095248617634,17.705773303697985,169.00205387289006,83.0211949947397,86.2087162068882,10.632438935053855,42.99839083407832
23,149,24.39803216704316,18.1802266140215,163.4036498497308,88.7444583860208,89.6062719794506,20.04195514459288,43.78669628139284
23,150,21.19146497773074,22.87384680980516,159.20839569974655,92.49697322926042,91.9630013652708,14.753591553840328,40.35895433908997
23,151,21.807109099189677,23.946293072339984,149.43417262124197,97.99749151441311,100.47671994849688,24.655711595394543,37.062837502392355
23,152,17.033646188973016,22.909120200334044,145.5898752637893,103.30586144456832,102.636259259063,28.142872266301744,36.87807082744098
23,153,15.377307887118205,24.29288353794158,140.84108945688993,105.29642396875634,106.81598373947972,29.255577090804547,34.293171088783495
23,154,16.992403232342532,26.575020345530028,137.87324106806432,106.90497965575082,109.91671445841234,32.90863305020312,31.290180154848365
23,155,7.992746006272059,23.823764428247006,132.75963593975467,111.48144542040538,113.46989871416524,19.547016780083545,35.26703221096669
23,156,6.273821620917901,23.08790576253621,126.91829096673884,115.88942779746569,117.24850412074292,18.471434437310236,31.915174896762487
23,157,7.1463230949958065,21.45567952398779,122.57081488798326,118.64109591886744,119.22071228512124,18.095069336382196,33.04128998261426
23,158,5.765489076966489,25.16801681270223,119.90717303461888,120.3654045433564,121.3288731769839,50.39455419511424,32.600695480581734
23,159,7.622954454743561,22.14352913648064,116.1599894380012,122.25782458478196,124.42278184297884,46.108026449930115,32.843300234805305
23,160,5.234910221979503,20.996753711144525,112.73520028466014,123.49632510872846,127.80944443298408,52.37701527162086,37.094433197167504
23,161,14.925379723605408,18.06418760451981,109.48348889918933,125.58427826663409,129.80038271542162,42.17355127365676,35.599952308045424
23,162,16.718806272253865,26.15832034295136,104.74928193017163,127.57775573260508,133.51289422459,44.84842218154499,33.295930009002966
23,163,16.13260337123539,40.00049994153898,103.09711668113422,129.0094131385039,134.5994529949597,42.6306987710464,19.870740553009902
23,164,34.45754070008985,61.166300622624696,100.95975418991192,130.4003391633079,136.2185464213428,32.44779562733595,2.0272504656870134
23,165,31.29227569953293,68.19287550900101,98.10936956499484,131.8819033586061,138.2392710854766,28.037039505507504,4.212347917578812
23,166,14.012891036400744,61.744665946656475,95.5167326586756,133.9372476142478,140.7638325993121,82.5057580146871,1.2712194350957124
23,167,31.88769223074387,75.09559306548047,93.72223007589712,135.50872471233157,142.76216209818386,29.331139195872673,7.47482852774865
23,168,46.91438521322056,74.74722162610466,91.23855421791116,136.8612334011483,143.8667053054547,14.846561183128948,8.364627612154734
23,169,18.47132698297095,82.5455940163303,87.67616015864596,139.32718835319048,145.54137860921094,37.87901327740117,12.098826510541071
23,170,32.31766821638987,91.38338026111995,86.04261543670702,140.6381998740462,146.71228371230188,29.435311125285867,23.757413517210068
23,171,1.748381838288496,95.952364508276,84.46592331192564,142.20136868170633,147.84054944357592,60.81183733713459,28.65492756543907
23,172,30.427938513335583,116.12442874918194,82.58905057739328,144.01068720590882,148.57349529778708,23.282875486474502,46.329370063303266
23,173,33.60641993524172,93.15637386907272,80.34609440732154,144.91772335824962,150.0979643309731,87.23758505132265,28.574245695525985
23,174,64.2183339729537,110.41991793558512,78.74958949367851,146.36167175869556,150.81671181057987,12.36934166085206,48.2732490076063
23,175,18.79796323002382,98.6534994300861,77.74165656222806,146.8852427397925,151.63984818474853,64.71733997149688,37.04725928665032
23,176,11.671118487361534,96.93952798822268,75.70951274115531,147.6707050006947,152.21801316966906,,28.6782494278179
23,177,9.869170247392091,62.76835138634971,74.8535339321108,148.47565405299372,152.657933164457,,146.17275496693065
23,178,16.42295337017294,50.44032722634753,73.57037661062381,148.62333731752574,154.1462463598245,,133.80585009826612
23,179,9.877780531148364,37.306341755487175,72.67865737901323,148.82867916369304,154.58974340236628,,115.21754606673773
23,180,3.9593787060617345,35.49805166186459,70.16208696789805,150.75796876468897,155.10105401266372,,111.6250722161318
23,181,,33.08825916973021,68.13174549099439,152.44575062555484,155.2639076730566,,108.77441236085949
23,182,6.69935861127094,33.46694566054037,67.11725169182137,153.0260542398025,155.51177599359187,,109.56072571107526
23,183,5.273563682285528,28.469870706406017,66.26296575524047,154.40383123343406,155.556220130225,,101.20354406409936
23,184,7.8263581636876,28.265481717222904,65.68229996497742,155.1512140586001,155.8570691340219,,100.40671090199358
23,185,9.27481908898184,27.647368835959053,64.77723005581909,155.61317010976725,156.0738198192807,,99.8245191871524
23,186,,27.7459681790237,62.79495564295677,156.3565126049605,157.40687340979034,,100.64074981646442
23,187,9.208167275215782,26.150845316695367,61.504482854400614,157.01251437433731,157.92762226692014,,99.03929792003348
23,188,11.0262369265807,24.768359994757805,60.33151249950451,157.97138015714805,159.14811664841883,,99.4804341289646
23,189,,24.7469093572943,59.808824827443594,159.0604178596629,160.36917933192663,,101.77084232983894
23,190,12.234846973040105,25.353922442225212,59.19893660425595,160.31081583979088,161.16468395790952,,102.77785540740928
23,191,,24.904728149629793,57.828966144520145,160.7680046381843,161.7338113565442,,101.69953870509477
23,192,,25.75284701603744,56.18957654187289,161.6028522593867,163.4627669337624,,103.18658721445335
23,193,,27.860165662023768,55.59320102948466,162.61966252167272,163.59934037935827,,105.26698559155273
23,194,,30.52647649645874,54.13857614473937,163.5312175584714,164.36373441647297,,109.2143945550714
23,195,,28.137244055168637,53.12816069994503,163.74696988780778,164.99980234998503,,106.9761961663587
23,196,,28.488212081425164,52.8092358035433,164.15662911288447,165.4178122520667,,107.71306622712636
23,197,,,51.80054186829476,165.2516282718332,165.33573450890214,,
23,198,,,50.77425728525395,165.71401081708242,165.88308783995276,,
23,199,,28.066318791093792,50.33070675448257,166.0183066953729,166.68389669778068,,106.9530781872775
23,200,,27.852088945870193,49.27566118842425,166.8245395963123,167.02273772750246,,107.2952829548342
23,201,,27.70991225972614,48.301277179077765,168.27818998349505,167.2071003611051,,106.57605765046966
23,202,,,47.389731184710584,168.47019452170454,168.42737109151062,,
23,203,,,46.46170867044616,169.77699111098147,168.87444081844032,,
23,204,,,44.28413222389963,171.1512595759138,169.3759336988862,,
23,205,,,43.28114473298063,171.7677990589613,170.3122576445264,,
23,206,,,40.53882100239494,175.01461094553665,171.0929958628104,,
23,207,,,39.16660889447324,176.48874316248035,171.81277854806748,,
23,208,,,38.67509373471628,176.85828153284316,171.74899101995695,,
23,209,,,37.57169187122967,177.69258112748486,172.0551635177474,,
23,210,,,37.30663235755497,178.21801693317636,171.85152848925424,,
23,211,,,37.193443594085544,178.58555291698949,171.85504640678482,,
23,212,,,37.000184518277614,178.96930709335294,171.88749519478972,,
23,213,,,36.84553605947633,179.19634174763925,171.96296666882674,,
23,214,,,36.57636927956355,179.56661613963664,172.1789147776898,,
23,215,,,36.55128368818659,179.56379461191602,172.1175553765086,,
23,216,,,36.49460587428212,179.5716356148491,172.0346031810213,,
23,217,,,36.53061102445761,179.4578934146646,172.02390474306304,,
23,218,,,36.5325902135308,179.45572663501417,172.06304482468695,,
23,219,,,36.568809933989094,179.41916777527905,172.16630191292333,,
23,220,,,36.51212326530455,179.31786603426417,172.312617745966,,
23,221,,,36.57093484285379,179.2290167245545,172.27513250622965,,
23,222,,,36.64086157100815,179.21947199138887,172.1535749708623,,
23,223,,,36.659270105209096,179.2041292192329,172.1630447397917,,
23,224,,,36.62990273430553,179.14055463478448,172.26970513639594,,
23,225,,,36.68758723295832,179.0238864170229,172.3074521294515,,
23,226,,,36.6966834697854,179.03829661759363,172.28610594810525,,
23,227,,,36.76706802557688,178.9675080613589,172.21097442051794,,
23,228,,,36.813256720916925,179.17903064638236,172.08566146932966,,
23,229,,,37.03350083803481,179.00119951848237,171.79922950884333,,
23,230,,,37.00402866479117,178.84875854222744,171.85518521564896,,
23,231,,,37.08240193968427,178.56397718056175,171.88040295769932,,
23,232,,,37.37209489448175,178.25288288095982,171.75083837602048,,
23,233,,,37.5914582466491,178.2474198045249,171.65886472407504,,
23,234,,,37.919209679012305,178.1716767730932,171.54256570467717,,
23,235,,,38.46765530199334,177.42142481544062,171.30207227356263,,
23,236,,,38.832984125431494,176.87131679588708,171.4591017074186,,
23,237,,,39.349994464161945,176.27324544951463,171.11093965524617,,
23,238,,,40.17869133448309,175.54304266632886,170.32472385692645,,
23,239,,,41.293746876209504,174.01435184657564,170.33298914593624,,
23,240,,,42.2440339042984,172.94862390959753,169.61325170205862,,
23,241,,,43.649143716344234,171.08237384203863,169.56659138409486,,
23,242,,,44.29160137063136,170.57432634768043,168.9837313336161,,
23,243,,,45.64427526633356,169.90822403036293,167.9695015063296,,
23,244,,,46.98485580026948,169.54065381994016,166.96430334160758,,
23,245,,,47.87886355243487,168.68593186029372,166.30552292608664,,
23,246,,,48.42473816317276,167.9745585047667,165.56245079069416,,
23,247,,,48.9580090739508,167.694981260766,164.86310040909214,,
23,248,,,50.12404025491948,167.4296107535002,164.3921473175031,,
23,249,,,51.23320304988725,166.58144483006205,163.9563922560003,,
23,250,,,52.49021580516377,165.19064344102526,163.54347720074094,,
23,251,,39.50322193504069,53.43159970626141,163.5593208291034,162.9858339874844,,119.57234285270816
23,252,,37.893791826777054,55.376048764629765,162.63947031237606,162.3568433392515,,117.04061171098658
23,253,,37.02905557685161,56.39298646049919,161.55654850506383,162.43824862473832,,116.51404210124994
23,254,,43.59220888875051,58.044646525380855,160.01736034024694,162.02569871566814,,121.83404385535574
23,255,13.995198141157502,46.06304303857446,58.87692196329177,159.49450787356844,161.62690579031434,,123.77054836352816
23,256,,49.09125501793433,59.759610746836195,158.8758525105719,161.30847561088908,,126.03017223448582
23,257,,52.54750216124878,61.35551998174553,158.12160148229935,160.95345745749344,,130.76112883728956
23,258,,53.08583914081019,62.84438253300083,157.521799135526,159.3286358964093,,24.83591549950258
23,259,37.44449744341001,50.185966619875835,63.36870027604888,157.12851238378187,158.42826071782196,,133.1622360229503
23,260,38.05262572950829,49.32214241561553,64.39431859126623,156.2982176980842,157.8670666731566,,129.68388306923123
23,261,35.65505754359593,39.99841919576646,64.73065810746205,155.93640738816595,157.69976679287808,,116.91853905767196
23,262,,54.18741006845766,65.5707224834668,155.7703601128901,156.79790626093578,,137.667313908741
23,263,,75.30125352871983,66.44064991131798,154.7009709690616,155.74165717135085,,166.0057577201569
23,264,,94.3209572923832,67.5688837510699,153.35455289572002,155.0445221968105,,15.84248784553636
23,265,15.438537329336006,98.67230423167736,68.450986564359,152.81182746810663,154.40785989995413,,23.796400000370166
23,266,,102.01701082616994,69.41904096290062,152.10944476351642,154.3448947356116,,29.114939861982812
23,267,30.977095222908012,130.4027723071177,69.96401335213379,151.04241091294284,153.72835972276917,,53.18572747991832
23,268,78.26247960988118,130.99823580492404,71.14536252699075,150.05593824095018,153.6718526276747,23.276347854645977,61.28038561624031
23,269,87.46661566053807,129.22395554541094,72.12386197837749,149.17935209024714,152.69282741996568,29.7540405127358,67.48677463431105
23,270,87.85749368304538,133.37401065497312,73.75561623529894,148.59986391525078,151.55385701117427,30.57739715973841,69.41021781187037
23,271,88.39979982501167,125.29835651406404,75.34883057715756,147.50734604651277,150.49110538936557,29.347673153344832,61.3468470657168
23,272,78.42895113185138,114.91369140995968,77.14191863081511,145.4047212060703,149.4915671342907,17.43299764504944,47.087179528428514
23,273,97.99611953649718,125.79509059100982,79.92313881912817,143.28136146582497,149.18974411837027,34.30897130914209,55.25945746681368
23,274,105.029977570958,125.98924603782568,81.35899630948194,142.78105062085965,148.53810958889673,38.02307013134224,58.04995888190467
23,275,80.81694351819128,117.0639653366484,82.9915162787018,141.66685436208377,147.3378487372969,16.09539146936881,44.60906375345421
23,276,89.81039598160811,109.36998075787064,84.57880834983128,140.79026382997236,146.17797700627588,22.3297177422291,35.43156913922
23,277,78.4651892219878,112.54242215495512,85.94086967971637,140.4917700023082,145.271562951181,12.25728399322448,38.92240713151919
23,278,73.44402393326978,106.64923940647992,87.95094973981232,139.91610769445342,143.99466196023295,11.765819467218789,34.256989809302496
23,279,43.01893888498378,66.12341314146661,88.88675256630172,139.49024056826832,143.67600358355023,16.068285602517243,0.7968512043272216
23,280,41.97015257100847,62.10312134237221,90.38763285353828,138.7354300603218,143.3594529423094,17.603601185194275,4.677108978429513
23,281,47.80009446975599,65.25152646451318,92.62459450565144,137.0955426448338,141.83675190080703,12.915358385077576,0.2096088616814872
23,282,38.60844273547481,47.3160835877774,94.76245423497323,136.10842707434287,141.07047831629478,21.00448172279153,12.300106278153836
23,283,26.58719948300771,38.630933613610296,95.56818450815196,135.2184410240054,140.5352685420082,32.98060194724024,18.649746756112354
23,284,18.97982340004865,31.08424358639491,97.47888087395091,134.18912837027287,139.1218418796038,42.18571125672203,23.150271292508936
23,285,18.83898525157673,20.924071699827316,98.74896901557544,133.0326970454229,138.4997232145811,43.98230837323181,32.1921316489127
23,286,13.439458836734383,14.266035647598766,99.96959162539424,131.83678990768917,137.60827625688768,45.825577806197415,39.67487420988341
23,287,17.5046607282126,10.942007678989995,101.68822416386924,130.67112013590392,136.59345065009427,41.494371169102486,41.86296732592467
23,288,20.566107576872465,12.544743456640164,104.45969835731464,129.08240249783807,133.93083358065422,43.3543820176787,44.09107509004666
23,289,17.019953015586267,17.68507387705798,106.71038424272322,127.15292994698495,131.94844625913163,43.72634329485933,42.356412466847075
23,290,17.569101604747125,13.955385142123069,108.0950626570883,126.23815631264544,131.0394746863634,43.39936351042596,39.218777516808714
23,291,14.098638328805972,17.91271214853856,110.18001062537957,126.2236036071348,129.41696266380393,47.672659766416615,40.40366573600717
23,292,7.701439461676473,19.191501519711064,111.82172463704622,125.45673700703465,128.49573418610325,49.03977447892324,38.48490149735514
23,293,9.153965753820172,13.85169188238607,113.982723220593,124.30620164677836,127.12209015939906,47.759094956675874,43.43697046137101
23,294,7.907196600918104,15.318927233728864,115.48993674177208,122.58373996832968,126.58264076605694,44.67357511480389,45.12585544472319
23,295,10.748343580116188,20.2937810011753,117.89770488479482,120.20548585400292,126.03109078069258,43.4643495336349,41.69081383361001
23,296,10.04572298754364,20.524012272727205,121.93691706799233,118.79176582961736,122.7685521046698,47.553377030263555,40.530107994812795
23,297,12.653440334260091,24.31169307988227,124.06512684054488,118.43063583840608,119.60142519399052,46.26782473325128,34.37556809468219
23,298,10.364210098503092,26.076757634957943,128.7199319735211,116.45500570046192,116.26313490710716,49.23332360672084,31.152319154191307
23,299,17.045774613701372,20.797296112849377,132.5669503826463,114.50159980705848,113.10096897776111,38.53809895820055,34.64863932720001
23,300,24.80455810280585,19.614390961058294,137.9342724940512,111.11078058808364,109.23851032601944,34.25349258248881,32.116625914552024
23,301,20.68156929354394,15.602030145602,145.08176019020206,107.41675718591748,102.80046094764336,39.227395870271174,38.24487415688005
23,302,20.043391115286113,18.78823865921401,147.4858602699864,107.72994908255296,99.27255376061424,34.8160215778645,33.051591426212724
23,303,18.438074278718425,20.15950066036235,152.58405093013752,104.4426950645712,94.63823256062491,36.494891377896465,30.029362733625188
23,304,26.927121665923483,26.12315575363956,161.2204834736353,96.33594468942832,89.71874806240972,28.778840843314235,27.29471178616437
23,305,25.614293772166537,20.45059314236215,168.09688125438706,88.61605699145433,84.67592085038402,28.2655901320716,29.992782236402036
23,306,19.83354682642552,16.017923194001646,173.55165787378618,83.51828850557314,80.20842546477635,35.4532867411471,33.09403143518239
23,307,25.901805640742083,17.408199943441716,177.0725324941104,80.85865812099162,77.46454836949921,32.78030150572621,32.35426855710399
23,308,15.702481895240348,16.492892077312323,174.68900947456072,71.5847587751185,72.6655606809714,42.894070679259656,34.46167907652532
23,309,17.71936678792522,19.491948128902525,169.7583564237584,66.59364847638926,70.12581496349453,37.796513085992856,35.50624436847233
23,310,19.05816642026616,16.962303605905984,166.81287128339895,63.93418270562152,68.033904649219,38.5425210353549,35.753885591184556
23,311,22.36779052872084,22.544973619907573,162.45867912282117,62.156709707766,63.414919292046136,32.77263175145127,32.580516843751894
23,312,18.30730077898232,17.60949633097104,162.54863897648212,61.50826477382017,63.31285122224241,14.567637542184158,37.49374334624613
23,313,19.716466605414745,17.551992794539398,158.61692361932083,59.12447943724444,59.84528368996866,13.43118659938855,39.04328007824862
23,314,20.99533700484097,17.991309901344103,152.63964480815844,53.582524527283994,56.42271058562677,13.809460400097803,45.91324705386975
23,315,23.477981185140905,23.24116139914508,149.863757395728,50.81691142615277,55.13708146190982,13.1480463777415,41.76242180235924
23,316,23.928655671726784,21.19731751373916,149.5279974054447,49.4669024901072,54.71142974796801,12.57498718126674,45.123809727147986
23,317,23.384288958131876,17.289074052646313,150.31716273111385,49.7245740873523,54.5256836389877,14.335537828023137,45.694307670202065
23,318,24.685813520536342,18.939263430193137,144.34399931363967,42.77683929669595,53.02775367219279,13.15763188720358,42.47065444853858
23,319,24.63994669956077,19.06341195892993,141.67889398280184,41.72893221933895,49.74914876307086,12.63210097007221,42.93447296232753
23,320,24.43215446018782,19.05822507779435,141.52913758972926,41.29033082687279,49.2425641381134,13.726091647669993,43.666931066121
23,321,25.53128672199728,16.694564105700636,136.66248665812776,36.46144873209632,47.64082347795175,15.019852150251603,46.385131240735426
23,322,26.736533922233317,13.453416682507555,129.79262252424178,32.41610611660479,43.626812654508605,111.83858859597838,45.81978202113655
23,323,28.82187781397065,17.770052869974695,128.3705673144484,31.30840155965425,42.31926474986989,114.40132833964503,40.98248893674044
23,324,29.706007328034612,23.26359415414466,126.2710962956449,30.221819120172768,41.49494715625846,12.416671634836874,36.34720363473452
23,325,30.420593724670383,20.27076713345757,126.08203294215716,29.633322020188217,41.49507590293685,15.041256317197377,38.19692522822603
23,326,29.94803714800594,21.43879007262343,123.80152584790072,27.602012579713357,41.18307734456126,16.561999332608735,38.23090104856578
23,327,31.640761670380417,22.367393484974023,124.70986517681608,28.152823943953884,41.351625567808526,14.983754172154471,39.23843673951708
23,328,31.38134641467588,22.819621673126125,120.67166197913058,27.396526170481614,37.85313152930085,13.13635772099768,41.40553333701628
23,329,29.98941885064101,20.708474316111285,119.9310591583887,26.717895823351903,37.12078597468784,12.67946423399844,42.89574427088232
23,330,30.7881441606758,22.97572353971328,119.9139956788598,26.860595636851663,37.70418423099052,14.024666532023245,41.99391783320537
23,331,30.900175880641186,23.782150987691608,119.87400923343226,26.82728386114843,38.00077624440516,13.300553552402356,43.44024634828385
23,332,31.20947357323471,24.039258663899584,119.28750707630338,26.578722906105536,37.54765084086864,13.307439625583244,43.11622955402855
23,333,30.88717100426743,24.282122563700508,119.56930770083464,26.41189549199204,38.13686432767086,13.923365189254287,43.58196485540209
23,334,27.89467348978788,24.779509819158168,119.83162727689718,26.5623752328744,38.24917350558895,13.281855842336348,42.56151042167189
23,335,27.923214125904785,25.193812413686345,119.27356427743108,26.29389330550169,38.11392852837235,13.445051247016773,41.83912790106954
23,336,29.544999198681474,24.73160828801441,121.60817529392428,26.168734051699047,40.837272893548416,14.56267673208206,43.26689729387238
23,337,28.53038801263373,25.43741909470976,121.79315423975126,26.086317975033175,41.3606207745166,14.382384823827726,42.79442262735318
23,338,29.22372765018265,23.58174560555516,118.64445348788144,26.28540622176485,37.97420559858456,14.1807430639106,45.05635565851447
23,339,30.071766118424943,22.662460589067695,118.17769633914804,26.303291411804977,37.521210232571995,14.354818502714645,45.82839698275814
23,340,31.851554927776252,21.241565916690096,117.70483793592427,26.585902790804347,36.984921393108046,13.347901681828017,45.9413419031086
23,341,32.68533275006365,20.657729138777217,118.00473048425324,26.7063774161956,37.15784465652195,12.720665725724729,46.96003435895391
23,342,34.62817426573226,21.661163071256347,118.40161935071166,26.841081622059317,37.348905530346144,12.325564062897206,47.096640757412594
23,343,34.11740451642163,21.407745688713632,117.47395153923114,26.73582828856622,36.45172912189566,12.454766981399988,46.63469441362213
23,344,33.94094142243016,20.681322570692416,117.72755135753552,27.134653322199966,36.11644581918401,12.486691708821288,47.011188508522025
23,345,33.930589783960066,21.177806364992566,117.45510531132702,26.842432297763143,35.91644913482466,13.357014637072233,46.79316256993351
23,346,33.353814811547664,21.11881838611731,123.99068214103433,27.46616231347655,42.11133793761466,13.425892590942825,46.498830467284506
23,347,35.705060409204826,22.00273818240467,117.27680402011087,27.01966439304171,35.54472251137482,12.143179311752665,46.69534498728085
23,348,34.45021481915273,22.501305794479375,117.16958302775905,27.20061318762559,35.60693989601742,12.436462189196671,47.10468031837502
23,349,36.54366696267768,22.01858679940193,116.5270945107524,27.198646512500964,35.439797813570394,122.0112269011966,46.72080916797349
23,350,36.536628215061825,20.84505644537477,114.63547137089388,26.518730102905767,34.574052458488396,12.119659350421385,47.353175021106466
23,351,36.41544374483584,20.45092460788972,115.1291802074097,27.16844056213047,34.353638673466875,12.857753301138612,46.69632157501963
23,352,35.989844052528376,20.037461232008894,114.36885160727968,26.53876381808136,33.82800004475061,12.864658822812975,46.37842785023771
23,353,36.392295450021,20.68523833977598,114.73367278505772,26.566134055981525,34.234679940163694,12.857257290438726,46.34277304303516
23,354,36.51449634641805,20.179108268028084,115.1138454139566,26.594061973625625,34.20877826694308,13.079847924000708,46.43208656008188
23,355,35.94496482482053,20.28369098391983,115.20779541677103,26.651443310095576,34.17625156863198,13.174306276489402,46.72828061995251
23,356,35.85339752798667,19.836178464179586,115.2207143062083,26.61880300100701,33.95236976146515,13.522660871838228,47.16322383070441
23,357,34.94104815571704,20.456308854092526,115.94137650473188,26.767871278699463,34.39372031730449,13.8248122135998,46.74058828892516
23,358,33.59134337875705,20.941357122402604,116.1011010443617,26.604711586810055,34.54521084327257,13.721253988409496,46.57197622556484
23,359,30.58575233167659,20.646592574175884,116.8851063995938,26.427546221183572,35.191951157730315,13.870011055601116,47.02032253225523
23,360,35.04452189294088,20.342149324062895,118.4322041412814,26.7052349443336,36.162567767307195,12.538521202943484,49.15277307028176
23,361,34.93217766395378,20.87027052908159,118.61332666698844,26.71532628696975,36.59654141951136,12.334836748646977,54.409953750022176
23,362,35.36893764504488,21.419767914443632,122.60370394337576,27.181314538893304,40.81725710149953,14.401726942231088,56.9576652682478
23,363,28.985971680038677,24.57913231359808,124.26877003747008,27.670015203874367,42.10664023701213,108.6544310482906,53.61487489550247
23,364,28.45185990447652,27.2374565015307,122.85530741867672,27.899270495955538,41.20912881248441,17.0928863613234,52.4781387060555
23,365,28.304961967794767,27.51584435589784,129.34205008364395,29.792371336669103,46.03051805371268,18.509725426259457,52.779801642933336
23,366,28.586605241635272,24.490326303199375,131.22683434231504,31.46533085545172,46.74558005166279,16.21250829751553,60.070969169651406
23,367,25.162682707366645,27.06273632373197,137.87278564001625,35.857257397627656,50.107325697048424,15.99942456195835,58.92198491800703
23,368,23.9340460747626,19.952019426570835,140.77573854277756,36.94969362280907,53.89859193906313,18.172903997240297,69.99503206087338
23,369,22.737260394876262,20.495072068618235,146.25792420778976,42.56833834377986,56.08188641116038,22.381045674665053,66.52325977622849
23,370,22.937297056885356,27.39323707564139,154.53707406141328,51.67846856155804,58.785189085723545,20.84760905186183,61.32462059487703
23,371,20.72826371756213,21.72391264081903,158.15088600850518,55.38917903180336,60.41561203513828,20.269100061574065,66.83308982886139
23,372,19.53915394142655,21.064220679575303,162.80265458569352,60.9123105963129,62.61010472288928,17.482362067942965,66.29858484282015
23,373,18.246656269230893,21.89231999596562,171.79399918554637,66.56781961132549,70.1655513639912,17.057695109594764,64.16647571755493
23,374,18.258644288529112,22.814635065101264,179.94378649385268,73.10568314643145,76.86757056725756,19.226272695840112,61.22580564898525
23,375,18.08023363784028,20.689760712081977,175.4108370899601,77.0773955744826,80.0992622089273,20.45987545158303,62.81779255571519
23,376,23.99480075745821,17.937063389411843,167.09124209944673,83.77071145324972,87.28293682828698,48.97334439848806,67.33359551200618
23,377,25.531110271206753,17.489585692242464,156.14822547436813,93.9862633542328,93.87393207710994,44.17858611078475,67.96240569534336
23,378,28.17888055698232,25.28382235412383,150.5200428998565,99.98209760156514,98.2504504712484,44.12485862390964,59.32587186377235
23,379,20.960912634208142,19.584679082384596,143.69109963154202,103.01975656048606,105.20524265495531,43.17729236688045,65.70798992649708
23,380,18.460220112542057,25.440529918422214,134.72206261822728,110.22032839920978,109.76813396653962,34.15098806873756,62.79368812254491
23,381,16.483414474730576,24.223615608891635,128.84262103781796,112.5905427584218,116.11910809778334,27.685542134216867,53.53659690258922
23,382,7.335452618092302,19.059297562076683,123.60268021802558,115.28116562293138,118.91601251956789,38.00995323182087,58.69599169278532
23,383,7.8811647379853715,21.55800156474515,116.57293982856548,120.07614155894518,122.75710029896292,31.25914738522035,59.13503961504531
23,384,17.33326284866033,19.942082548459982,114.36925973214696,121.24793789718623,125.3258804243505,47.726855293902815,56.484239620173575
23,385,12.00198323355338,22.670740769828065,110.40553128585104,124.17977261875946,128.17793011915978,48.46915289172917,50.399388224254814
23,386,10.440769957796077,26.17948101642001,106.21862486929363,127.57480432493082,131.22817122373638,51.455177701426265,48.86186758858374
23,387,27.240937950201232,14.810746309874425,102.123608067676,129.27585772743834,134.60417464282392,42.70017836253409,54.91505521721864
23,388,29.66954715331745,20.30371491791276,97.64304151886292,131.09986649976665,138.81887168980313,44.8372243539564,46.89599294841841
23,389,18.75790245202167,24.881131573108306,96.5633639420632,133.3554907227881,138.90909837990097,45.770014070933634,42.36700433204386
23,390,32.30991192499965,35.33026148987003,93.3643518203069,135.3178346925291,141.28707967018585,33.395539676224544,32.307942153768984
23,391,77.2126077308095,94.68300165963008,89.52194648884183,136.77385871082612,144.82467022019725,5.458306744228143,16.780215954676123
23,392,54.031698820596866,32.561747189496955,85.58763370170303,138.91607450147265,146.7645091948119,11.428398994009116,38.39621489068604
23,393,52.78409251793707,57.55314806125943,83.29029272903985,141.78213878089733,147.1001106438261,10.115843475796524,10.978655519309946
23,394,79.13614955917919,93.02693867788491,81.61378133628575,143.47021047002443,147.25982135354224,14.918831315430293,22.52922928501046
23,395,63.592715127522126,100.32488294448514,78.45438804460103,145.55126247485518,148.10766610965203,0.0344037212611391,31.446705905603153
23,396,65.86182839124979,92.40810873823298,78.28496786998832,145.79402861843724,149.14137731116242,0.8829744942693513,26.489564672266717
23,397,75.07170999304003,107.42742039532304,75.97456123649529,146.98798146277986,150.046925226743,18.516612499482605,46.61828233836861
23,398,82.18255081662157,116.34118511812228,75.11219659333433,147.51483290152814,150.50655899964752,26.0290221496894,52.09739514347816
23,399,68.87117304682963,137.9080769408921,73.57075107698394,148.9232001926446,151.33491174389786,7.485876788676442,137.13378748670996
23,400,65.4913672981101,122.1100166916716,71.63441576276323,150.58485913845112,152.8962137436936,,151.4123218897804
23,401,37.898954197873046,56.946315708365745,69.22148238390999,152.60545347697237,153.66216301147068,,139.07850047379165
23,402,39.68940946019389,56.37107808518346,66.64855638231091,154.33274465623853,154.9703177177355,,135.14343549885476
23,403,52.90030928385252,53.9648364733649,65.12681752823083,155.88082185412716,155.22185775348848,,133.19210657034836
23,404,85.08554635983981,,63.16043242727464,157.08622607536438,156.40692307606392,,
23,405,90.1211561677848,51.3567538716366,60.80121983835742,158.70286633016983,157.7667002774464,,132.6781141960353
23,406,95.5935747323777,43.287942787165754,59.51548388591533,159.99111264112307,158.94511785200302,,121.79914163872142
23,407,92.52818244346258,37.5850570070441,58.6744488762756,161.1195861990488,160.4115876490248,,115.12429565624647
23,408,,35.31588059452761,57.043581037050814,162.52652656769962,161.76106291516535,,113.92788914976556
23,409,,33.007468604687354,55.699557093396926,163.29798798118702,162.51776351925548,,111.17904160000718
23,410,,31.771123958872806,54.14811961775923,164.31108419569276,162.8351969655477,,109.93435628376398
23,411,,30.333561419773034,52.64836147630827,165.00885255907528,163.29042617869973,,106.7281593327994
23,412,,33.396664114274834,52.02877953633883,165.48950552417662,163.658681644534,,110.93209210078588
23,413,,,51.61274891753293,166.64044698021297,163.87433169520796,,
23,414,,,50.79874931072611,167.5546951506983,164.25868089856,,
23,415,,,49.741499511415,168.31560852143073,164.70776433366106,,
23,416,,,49.318115998065245,168.4000981975887,165.08461505919982,,
23,417,,34.58834387077892,48.4483732455125,169.29266446607224,165.89611014681498,,113.8677075713318
23,418,,,48.03494589668599,169.45809267914686,166.7584429225922,,
23,419,,,46.24897725233322,170.82031352813152,168.23026023995587,,
23,420,,,45.13929928107842,171.66849090859102,169.29366753492056,,
23,421,,,43.696115587516,172.73132006679583,168.98571180322972,,
23,422,,,42.16220437502897,174.0313048403949,170.1822940212953,,
23,423,,,41.28475992017038,175.0865876505077,170.38202669530855,,
23,424,,,40.28983113369384,176.67103479468628,170.52138398444956,,
23,425,,,39.44587274227656,177.26487533657314,171.22999516764975,,
23,426,,,38.80188178985447,177.67849352369902,171.92723262042873,,
23,427,,,37.89606018941244,178.01579888481749,172.074665147363,,
23,428,,,37.47697336647284,178.2533144278781,171.95900021107164,,
23,429,,,36.87079266016238,178.83752967295,172.28148493958528,,
23,430,,,36.36132170473691,179.42756296984624,172.96199266280126,,
23,431,,,36.152923816439554,179.34654303928812,172.90353431017613,,
24,0,,,51.474826361742664,174.18344455924776,169.6389644805603,,
24,1,,,51.47022533010191,174.16070578911436,169.66708848001008,,
24,2,,,53.20569391966166,172.91507668572598,167.7715798512247,,
24,3,,,56.37884604878385,171.05013315484692,165.04816539493208,,
24,4,,,59.402887234819055,167.84774204388495,162.78389715125846,,
24,5,,,63.02500753761308,162.8353236689231,160.9016754171159,,
24,6,,,66.44849627221394,157.65415550048976,158.54087259738267,,
24,7,,,71.12479903447992,153.91734125304964,153.93665522856404,,
24,8,,,74.35927607164992,150.88136314391406,151.0989806929875,,
24,9,,,77.42576063907205,146.1754073397526,149.1046434628064,,
24,10,,,81.6501331005066,143.06788733848265,145.6037910070919,,
24,11,,,83.78272481583988,141.44679386079733,142.7489022656476,,
24,12,,59.154773011855575,87.44041518054657,137.16849230024988,139.65787728618955,,136.16575874480245
24,13,,,90.26835000582732,133.48105089672706,136.66899115202614,,
24,14,70.14143080854976,,92.88750590927827,131.37434568160378,133.667748119729,161.15630392092757,
24,15,,56.5866398159996,96.29848203383708,127.89447422016842,131.11425291954703,,133.78182733946664
24,16,,57.92423848756144,99.02641285969769,124.69532937655694,128.2778877442094,,136.83200323441247
24,17,,56.82244494059941,103.77081159928808,121.90221673722014,125.91075900996772,,139.35830941713346
24,18,,,106.67949930878602,119.25574807205405,122.01422015082711,,
24,19,18.748559552864783,173.80140050013145,111.08741953583642,115.93809386094588,119.66365999966472,,93.43408301005783
24,20,21.923241445200805,44.08036830951911,113.56573884400387,113.7989487354266,116.44253945429772,0.4580767205201876,4.235339985786112
24,21,33.09228049727249,31.524280522033187,115.93282319386935,110.88252415066496,115.1672732998259,10.130153616088242,10.755317650488388
24,22,39.506890601898554,34.4147163268985,120.31559675608165,107.665751244294,111.10997197414667,15.72307452068186,12.407032377193792
24,23,41.02048720451791,24.298038088376455,123.554727877989,104.4535714612414,107.15507246240178,13.829522630591914,10.136796319121371
24,24,32.33144960276403,26.203282891441127,129.59189008808835,100.41154273163542,102.31246865863956,10.240764091588115,10.740578814534972
24,25,32.419496671253874,29.16105614913813,134.3105139960186,96.00098732019508,99.2234031558298,8.608373975375157,15.842548745627074
24,26,16.919369360264604,30.51410004868239,136.0422847341368,95.00837033890753,97.35587193228798,3.136880500821116,17.64184547365999
24,27,26.84362686446267,27.59333193473073,140.67721497694873,90.50117098836878,93.7600209645474,2.173939491048795,17.641080840179065
24,28,22.184707699380684,21.6960445620044,142.89055305268158,88.49403589971347,91.43509612719868,0.0529808231710828,11.99470807295694
24,29,19.87047887080753,30.414084278778947,147.83846078917156,84.87542139581714,88.10459415547864,2.0257089000359234,18.1339042181605
24,30,14.79091262374084,25.23153704149142,151.2046133447508,81.8455056205813,86.11125042183305,3.4289809979220096,14.485309967331077
24,31,12.122693131647722,31.33683981688842,154.6217032291509,78.95423784622979,83.08649796128842,2.7664136354006374,20.980879996435853
24,32,15.449279507224816,48.37621436714607,158.34060106933666,76.21621966064468,80.16256080050476,1.436296431987418,35.23858948117818
24,33,15.206107799352218,32.79904368226591,162.7384868072254,73.26002496504792,77.12113999458515,2.5804748265477064,21.48733515508377
24,34,16.99977172147755,36.56681446782719,166.93552566743352,71.33543746127555,73.19714072553917,5.309722562298426,25.2895329192172
24,35,17.502937529489902,34.16397403164097,170.12774386988602,68.62349036911252,70.92632131155766,3.8143920516060352,20.45013788328187
24,36,16.752181430887067,35.81568675814452,172.3748824126439,67.251185329717,69.54056619286645,3.767175013257799,20.01633669627413
24,37,18.694241144738974,28.94634906716552,175.92789390993664,66.2254894724726,66.57087921961504,2.635810017358003,12.790737042106128
24,38,20.19089308234365,26.10499202131302,179.64487577959022,63.280676990795286,64.24924638621205,3.4859493908216437,10.359688369863427
24,39,27.07662849913595,32.56915577718718,176.05183755305296,62.11921738176442,61.955332557748385,7.420463059393779,13.815760018160042
24,40,30.6354279203944,26.819925270913416,173.65001747669834,59.7195953361671,61.68914738961706,8.659572752708488,8.564976577800195
24,41,29.94366464629204,26.49987316369666,168.68000712806514,58.623135320068336,57.375366671178206,9.141445076082404,8.596488174692388
24,42,26.97356043763575,22.59791391984403,165.78535656202388,57.58782939609262,55.796752010030815,5.3128970129548,4.698996025722348
24,43,26.695551774185123,26.090509548693767,161.13498501619617,54.133969636643045,53.99278978247867,4.877528320002225,7.506821096644033
24,44,18.456410204600733,30.020682130858347,154.32446027862267,49.82774256373038,50.259123251345585,0.1543951350317018,8.973005221923591
24,45,18.157033849735253,28.06712781681424,152.55995517114297,48.20759456689573,49.65048912728417,0.0993566047869937,7.325458076704506
24,46,17.723945627671483,28.719025397241325,151.4672366600588,47.80764884211926,49.314938645505386,0.3125363193941277,8.696272684506077
24,47,19.227062906007504,25.760950002823552,148.39109807917504,47.17333762439869,46.70790156874862,0.2815899628277306,6.102732701306717
24,48,21.41892352741553,27.844039783326743,146.5057787802169,46.426856462767546,45.89664722732165,1.6402272827285946,6.958225360001641
24,49,19.839768034788573,28.103359136590655,143.81415851395576,43.93590127536349,44.755789313673766,0.2703024876989567,7.664629646003326
24,50,20.290698360479738,24.30437839628933,142.26856421399611,43.12821098076225,42.7500289584454,0.3935343285628778,4.559806014283663
24,51,20.326107850022726,24.463704622857662,142.14075692477084,43.11378444488122,42.743611050646265,0.911841844436562,5.660651916365524
24,52,23.609190993857744,26.804737175441268,141.8893421658927,43.61190568344109,42.55776550939142,1.1886302058372458,7.745304275930779
24,53,24.855857856835225,26.811544447496075,141.3591790625097,43.23644086428205,42.54474253628675,3.791095700602411,6.491208766999931
24,54,24.01339412148124,26.98243067635139,141.1696096746022,43.148372046509856,42.455672321503485,3.163002614153005,5.205190994137872
24,55,22.81989115602159,26.802512344259817,140.9575200526152,42.39854104425588,42.55803740292848,2.3410733246469273,6.164275476707863
24,56,26.522045491207,23.688680755067843,140.329999081571,42.46526926059828,41.845679400094824,4.472736697682046,3.258316310318627
24,57,26.914702348644088,21.712977147800604,140.26086919919717,42.39332447895454,41.80581663150541,4.587122245554674,2.457822280682819
24,58,24.98239420364717,21.68748556521703,140.64764030942575,42.698669018030984,41.94625100739436,1.825041871529115,1.4480509275516529
24,59,25.943486442546543,21.364086876243285,140.99799883109193,42.497279352174296,42.268063003889274,2.5813594099915584,1.78958336706012
24,60,25.684020712889883,21.45850831443108,141.19960096839512,42.58483836407776,42.421899237057765,2.73404848945143,3.071222698547433
24,61,27.631155037639772,22.55758612945831,141.4126711391915,42.58244929988768,42.59554687874882,4.474058127759016,5.502073737101524
24,62,27.824090108199496,23.32932743232837,141.36413786720112,41.947896593149096,42.69164390290312,5.203357048796762,5.925477560544157
24,63,26.82878528677036,23.295300290461373,141.57513514083595,42.014706316951646,42.65138151401932,4.386769326303782,6.559060016681163
24,64,25.73460256280729,22.926486769842647,141.64811334477548,42.12293996809703,42.73635889362093,3.317236563730491,6.037450041350827
24,65,25.826491507442313,23.072556484981835,141.33520058697732,41.87215518125087,42.60391373233511,3.546756593211175,5.916975120612157
24,66,25.34123797259042,23.13878863275484,141.64623479473053,42.09591189011941,42.36221668254973,3.3430880446342774,4.958745099666669
24,67,25.64013446166774,23.556248639088043,142.08716525451177,42.24579741710773,42.50087970127256,3.721439957771105,4.462563402002756
24,68,25.335409223056153,24.974508544223504,141.80556400449333,42.47493932534832,42.218062220389605,3.4269247513900885,4.723087307139599
24,69,22.818470758674767,22.89967950311878,142.35713084811204,42.385970077436966,42.74343817045779,1.7265763543314117,3.68442471137
24,70,25.063766981457448,22.277055288413344,142.54853840645532,42.42737299958138,42.59381521914957,3.9293666927706257,2.2559265181000208
24,71,25.10800017708872,21.059683444111073,144.22437553567502,42.33510275555795,44.190354628287984,5.766616116508775,2.26213157252202
24,72,23.937621018967235,22.734677499854463,143.1540865966356,42.38245773421049,43.13316621468007,5.52588432547768,4.144995039596522
24,73,22.82565672194385,27.56938561838741,144.56845539704668,42.46638747716038,44.81508052058426,5.748187276102646,5.105320657645914
24,74,18.966850578687353,28.278565386643304,146.56563163834429,43.47596106231708,45.89965251486418,1.902379923481804,4.331473971913263
24,75,23.50248577121484,30.51608187786376,153.0569428702253,47.7004860600873,49.27455808330157,4.3818764568237505,10.525926840220691
24,76,25.363187077156685,31.147457558873423,154.94212152811625,47.917224446953675,50.5948112598553,5.690292038143679,7.544958256158134
24,77,27.269491697145252,34.097771090240904,159.23698370384793,52.64960095736007,51.17074322974528,6.926594840810287,10.536672148284858
24,78,35.534008111749195,32.49140491829765,164.50242324459737,55.0468301122517,54.461559101227,14.746764066370975,9.49605437174953
24,79,43.929569298986095,28.489856601402973,,57.88777863479309,,19.33623902005224,9.333333018725323
24,80,42.19905922364501,31.097870776784497,174.09989314272838,59.21878794381703,62.12487434955398,19.15008581553913,9.271305550629812
24,81,41.125884232012965,30.54863015214316,179.30842775638405,62.29725978336192,64.98014033483098,19.578757681962017,9.764152856570346
24,82,36.69364422263828,23.942369819056584,177.76683606673114,64.5378498071114,66.58521715243073,13.106607058850324,5.717692811334218
24,83,31.671529653561965,29.106445017899222,171.8427523607394,67.35543072938601,70.59653524612183,7.9631960052994115,11.510156524770585
24,84,32.22855212550906,29.667966318122847,166.73501653851866,70.64454184560527,74.19510410453765,11.070850477112131,11.06201318229744
24,85,34.47520357181501,29.975642408344132,,73.3935354326401,,15.401923213001746,11.16085387862012
24,86,29.789173183689925,31.83901784462455,156.12701927898158,76.83164195165821,82.29338955417582,9.280643952026011,13.55147488038146
24,87,30.694409317008915,30.252184149387237,152.16560739799695,80.55922668967261,85.43180577352807,10.544804834582449,12.125632370650656
24,88,35.65970795288778,27.94852634285952,147.631886341725,83.51973579701435,88.96585665386135,12.337710856909323,10.78602216770277
24,89,37.9573313020605,19.76485620397975,141.96737244105122,87.47024488766041,93.56455610597554,13.03786246571662,7.288572077091524
24,90,46.03180693796091,41.43985817875292,137.98793500547774,92.36499010680964,94.92002827505227,21.77445746792982,22.646768008937507
24,91,38.079198431329566,32.68867480119428,132.09148977263814,95.64509391005537,100.32799459687548,14.423965711803516,13.761366039398911
24,92,47.20353837051012,37.50732530769007,127.69935310467228,99.47728777908834,105.21395231387368,22.0718565236551,15.264579086797882
24,93,40.67268559799774,46.105373897899064,122.36117083861136,105.1602757579602,108.83703447111384,16.064026468790065,24.680666918853166
24,94,44.32099789311741,56.1768660280757,117.92202227032335,109.1672936389308,111.56263483985464,20.568090445280163,26.284783043564943
24,95,39.13793025666483,164.4517478575687,113.41570578413972,112.9593520776016,114.82662301500147,8.488050309335941,97.81138507407748
24,96,12.799830027111938,172.20310690882982,109.49497422140465,115.70059993122992,118.3092525088794,,97.05592837012604
24,97,,,106.09099143235164,118.77261439132675,122.34452103277629,,
24,98,,65.05183800737512,101.36135565533507,122.81769204823576,126.06128773382454,,142.8560991607048
24,99,,59.25139823522489,97.03038084903288,126.19231672455128,129.356028498538,,135.10128709760062
24,100,,,93.69662440198267,129.63635391350363,132.08704456853607,,
24,101,,,89.64177865332864,134.0509913243671,135.07512420834058,,
24,102,,,85.51983902058896,137.69424750792524,138.33703375082425,,
24,103,,,83.07623762331227,141.07137173989827,141.05087725127262,,
24,104,,,78.72247353332773,144.70624536801606,145.9500975370032,,
24,105,,,75.37617556377198,147.74204658331467,148.88837972923744,,
24,106,,,71.65910510673757,151.7416538451548,151.58839668870633,,
24,107,,,68.13821194677831,155.91506251505646,154.7177893298974,,
24,108,,,65.50926466194636,159.17073137178485,159.03310138686197,,
24,109,,,62.1903113271754,163.968786333578,162.57363219416496,,
24,110,,,56.26568406228361,168.63715385691395,166.08220829195557,,
24,111,,,52.75462579808729,171.88101478359957,169.09958423937587,,
24,112,,,50.66688281064146,174.30642460392718,170.98030554009694,,
24,113,,,49.10687853415584,176.5401889262746,172.21620863155488,,
24,114,,,46.89619092972025,178.0697623010505,174.33601838818996,,
24,115,,,45.61465109785452,179.34457685611451,174.84046144659953,,
24,116,,,45.13880650844412,179.62427251256025,174.89955748474702,,
24,117,,,45.08029558221415,179.11972724951525,174.0814230670346,,
24,118,,,44.77871064256989,178.79560570413562,174.23113485994,,
24,119,,,44.59029050583246,178.58368829334418,174.45070971570095,,
24,120,,,44.50601338527004,178.37529509520314,174.45031554674475,,
24,121,,,44.56577826006931,178.31135449739875,174.5285335081123,,
24,122,,,44.5538022093779,178.29022369782538,174.34078208122398,,
24,123,,,44.496474728337894,178.2953568899835,174.32615970464343,,
24,124,,,44.45958596551337,178.20135859044623,174.14927638058413,,
24,125,,,44.456617648165654,178.19626401652408,174.23815502363342,,
24,126,,,44.47410618838581,178.3627478471577,174.17083956208108,,
24,127,,,44.44152884125941,178.31021883824943,174.2349025037888,,
24,128,,,44.490962873383005,178.33034409633495,174.12303146991604,,
24,129,,,44.42840088759064,178.2179363096205,174.1760470906134,,
24,130,,,44.480825012939064,178.22855740191753,174.1977919546052,,
24,131,,,44.47361253491343,178.30430838613495,174.0536503960435,,
24,132,,,44.44888892052701,178.19697320263853,174.03325182304604,,
24,133,,,44.45803737488436,178.21085951012583,174.04546195616496,,
24,134,,,44.48639153732291,178.18665569418044,174.03247433703154,,
24,135,,,44.431657513022344,178.15697637960272,174.04999004698615,,
24,136,,,44.44904799748522,178.16505780308407,173.99701669870475,,
24,137,,,44.456343879559725,178.15286657025646,173.97692765010896,,
24,138,,,44.61383593665503,178.24596782054016,173.7386149617265,,
24,139,,,44.96331511636289,178.45084165787014,173.57209438853383,,
24,140,,,45.30184191600896,178.64311121019406,173.36370768352015,,
24,141,,,46.72297783883432,179.97156365549213,172.31836570077752,,
24,142,,,48.09651208366798,177.45862096837385,171.05686952973394,,
24,143,,,49.09635810423186,175.8914384566108,170.4029222783568,,
24,144,,,51.092106263848336,174.50270392005606,167.5852809806244,,
24,145,,,52.878921830612626,172.56421560920117,165.73126561688625,,
24,146,,,55.51860388800139,170.13338624628508,163.78126972772674,,
24,147,,,57.4232575287831,168.7643330212355,162.10767985936238,,
24,148,,,60.131501284256125,165.57177677993965,159.65144351161518,,
24,149,,,62.31104714736564,162.32206389159543,158.4864612440434,,
24,150,,,67.29914495530676,157.9547360254099,154.10624003212683,,
24,151,,,70.45674310631006,153.9074124801039,151.32571146347726,,
24,152,,,73.99569723824635,149.57042326088512,149.4468354395805,,
24,153,,,78.69350435205881,144.70933805834096,145.006772596445,,
24,154,,,81.292834740012,142.05011414390606,142.99533471684424,,
24,155,68.25894432942546,57.46590527415392,84.59136866280667,138.62094675959756,140.04153926690722,,134.33689667929156
24,156,68.18062777859197,60.32200532710615,87.78288090495573,134.2761237174262,137.71327121895106,154.27983285364564,136.6079947497449
24,157,68.79141175620074,59.419451711539466,89.752159936996,131.97325698344198,135.9888807016998,156.58881593119077,135.14143967457815
24,158,,60.02043299593318,93.9763318355242,128.88741366835634,132.69016724986224,,137.9126797307625
24,159,,56.55314380213297,96.74612578658396,125.07565345873948,129.3365620388297,,133.39255958407512
24,160,26.199979243727928,57.66017171771972,101.86139634573188,122.55069141936404,124.74068411446198,,135.85773636018288
24,161,30.18429569294241,59.32941175540312,105.98668306388646,119.08152029083466,122.7374066582518,,139.41973664969657
24,162,63.99221488285835,,110.76235116314903,115.2475462515135,118.59907944060171,,
24,163,41.026638458639376,76.51007254298318,113.84494975074897,112.8072793206728,115.83015906715386,,
24,164,175.4530711012332,169.17619675883753,117.55434372137034,110.17770616334026,111.08923329840748,101.56053844679526,95.6003353745833
24,165,29.171057531228765,174.63536932132257,119.5370172906938,108.07836139640304,108.29238530866832,0.198738745451279,100.66014863015768
24,166,42.10364902018016,43.61486905806442,124.07312542900672,104.94371586256322,104.5291925899984,20.50324798561585,27.452390510155578
24,167,35.77438454112012,40.98197252094016,127.7413870333328,101.11308589536031,102.76976297591642,15.1806320744346,28.052595811680423
24,168,32.6304456508469,26.519258124582738,132.80957574045703,97.05676184116088,99.03334803772717,12.041601326119451,15.294241086376624
24,169,26.52954256919134,46.39492605252003,137.33333018327355,94.44429370843253,94.41870040835616,6.704890922076136,35.1675111146033
24,170,25.766872887426754,37.073647691328446,141.35744820966616,90.00004734135679,92.5180484465642,7.633044197948783,31.11538624893183
24,171,23.948757534966305,37.44288624199222,144.2582503977059,87.92968908686149,89.4635925713002,4.5839025307425985,29.296665784791863
24,172,25.381697168381628,22.041950185221,148.73934940382017,83.82628341488324,87.00618491540224,6.951315080965266,13.231503350909456
24,173,23.161031655229625,23.176054626995576,152.0024550248138,81.96684148273884,83.09110275168148,6.898700571009084,14.375526928439015
24,174,23.61510169627156,25.041543322135777,156.34838752683387,78.43717328240282,79.86119254578394,9.46580320025741,21.35483925158577
24,175,18.69718330185389,25.878656538758257,159.4393637316053,76.60325558475319,77.6685258152771,6.261988262776057,18.724481993948643
24,176,22.28536248442741,26.75937262683583,163.93737392461333,73.33064871940608,74.72476051835298,9.764045430141758,17.050813639081532
24,177,25.120766753954666,21.771982179047104,168.2106802651858,70.95149584311501,71.30820055660217,13.296192284110155,13.660173618507198
24,178,20.330572340000103,25.405262980342386,170.28463995236083,69.38908590839635,69.90608543233404,8.08564504228265,13.701060189913914
24,179,19.441118308418467,23.955241464389076,174.54052249017306,68.14247711694377,66.27944837454523,3.9151948018196134,12.21207353346056
24,180,23.677032558622503,20.99918471060273,178.21377075008903,65.17227587013271,64.64704374928537,5.702972212014353,9.644571040374323
24,181,27.039141037759727,20.00412670095485,178.84829779444564,63.53519468090921,63.165416064633455,9.946109833057417,8.75808839891703
24,182,25.666492041489867,21.402166976127155,175.63794018137668,61.50973714565309,62.58809160100463,5.913661522726883,7.794081076591365
24,183,27.26693286008807,25.352740672862662,169.61877686475097,58.953055246339055,58.627477112410794,5.809557573266314,11.80122500791961
24,184,26.02396912396428,20.598476078190053,164.7053916359867,55.591770179531686,56.91661949906502,5.690484066488135,7.246836108930193
24,185,24.76565353345586,23.821878109704137,160.59508052048744,53.57568575754206,53.385912538414736,2.7230142817213876,8.409398457544016
24,186,14.637081196261803,25.362674688392715,157.02574394330708,50.4552302348342,52.53166028771731,1.933829443437291,8.422270121618364
24,187,14.34539234614501,24.948658101616974,154.6244244507811,49.12790540519756,51.33660049840967,2.684211497192918,9.170089011275744
24,188,13.407835078255586,25.467370760961664,154.11152105152428,48.892345188600146,51.18337170424251,5.097897304953729,8.947281553196875
24,189,12.319792718113575,22.28533478078951,150.31587533588169,47.53482398740621,47.99573293287335,5.53348862170308,6.809653500338583
24,190,13.442102691124262,25.29111308217611,145.0019192652909,44.79737155726206,44.75209597410238,3.323297711235802,7.336073513679325
24,191,14.523768042731806,23.103349387093353,144.42757605360268,44.86746553589947,44.46439142211773,4.695550288914753,5.107500434334004
24,192,15.953907215939008,25.57153053993398,143.33192641213597,44.24788197257606,44.38383208150137,3.7719031099982274,8.912499047117468
24,193,16.030016734766004,25.527769604621337,142.77369245005252,43.93473901960933,44.355520163948654,2.8746564721298618,9.38113758832604
24,194,21.131758290646182,26.834721678692752,141.72609805039104,43.74110594152199,43.90697123540361,0.0856067190902632,8.0398297322359
24,195,21.965474645843543,27.55765844770071,142.13165636053387,43.436937576882436,43.75703670990945,1.1209004918865144,8.323683921952217
24,196,27.082498696784764,28.51871363677403,142.27517330119832,43.918121715223215,43.86435763838283,3.6090348235793193,6.018351376529899
24,197,26.644538501779373,28.85374142647673,142.25942961599645,43.965481823734216,43.928029652289894,3.8587519077798023,4.617399756055216
25,0,26.77217740353155,34.03693561050344,1.5899760853391187,178.4403987399293,174.3406763868067,19.3033970953572,
25,1,26.78163628414869,33.934205632135516,1.5902653331837426,178.44299730431092,174.34401023509386,19.32254042046132,
25,2,26.68770026617348,34.00209602543187,1.5569813892205244,178.4065950927801,174.2865817755629,19.393091822309575,
25,3,26.655674000855697,34.10784308896974,1.557676390107548,178.35693748769316,174.255062975424,19.18080636316722,
25,4,26.621149517066744,34.29092094452135,1.599413604098835,178.2026111998132,174.24878190094964,19.079328904070277,
25,5,26.260986334975623,33.81206276652061,1.578698123834506,178.14076550432193,174.21993606304036,18.835377318907188,
25,6,26.398893401163303,34.37326589346245,1.4338319123462524,177.81869398764562,174.51605856545368,18.979126539314112,
25,7,26.504353286566054,34.34339096243242,1.370909568632261,177.62746546644897,174.73700879815257,19.09332562113603,
25,8,26.3691641787007,33.7561766739854,1.2987721950314943,177.2492640504439,174.79292545656836,19.063294722137112,
25,9,26.154503240969454,33.43284388631883,1.2164600989928196,176.60906698631024,174.97911035727634,19.00582945332417,
25,10,25.958177367116654,33.49156080282339,1.2749322223148316,176.2455021907538,175.3070916865012,18.778503254598025,
25,11,25.902907521681044,33.22848951248364,1.2367077808216438,176.12308629819765,176.29787866342284,18.853259216183947,
25,12,25.5126232909916,32.875450142920556,0.7130457301490825,175.0292636309882,175.5892519863691,18.902819596562708,
25,13,25.413531481255756,32.17730728572708,0.0388059800310192,174.0139542167206,175.7344835922953,19.023560495885864,
25,14,24.267120862192535,31.87116329665016,0.6634020865486029,172.8639288969412,177.4049317118748,18.373898621773417,
25,15,23.398310435643197,32.015365366600726,1.5905168071998133,172.03330570069534,179.95038004150797,17.964052144857117,
25,16,22.676869240889893,31.05266795009192,2.3738199292924875,170.69357539320973,177.15248159784466,17.96067535279356,
25,17,22.600493782600367,30.6402131050872,0.8834964847921151,166.63458601438745,175.62431496046796,18.4632045724463,
25,18,22.956748687552658,31.76559829612926,0.0427949510586333,163.4033185217339,174.82575164989518,20.14179155934747,
25,19,22.82017256755091,32.85626188204951,0.0617430344409645,159.37525345505375,172.72273484785055,20.484617107696103,
25,20,21.714390486723193,31.79523238955967,0.5196340374760798,156.77990446267518,170.3485115537975,20.606292251881495,24.862372318118855
25,21,21.777178111354058,32.423678471756816,0.4234687448125805,154.9041096520428,168.9739423352517,20.44461648059724,21.14687947413065
25,22,21.112618607137367,31.31193067986593,1.4664591128784072,152.43240540332616,168.88633397295038,17.42038149437473,
25,23,21.77835049501665,32.00868745698203,0.221525810652045,151.2561605795363,165.09972540096197,18.677996004874075,
25,24,22.014314540828774,32.21494472601485,0.7720059184739118,149.0635926912802,161.02410716737717,20.190920987542793,
25,25,22.95302188613693,31.021164940905784,1.4579757615199658,144.47620961377706,157.9566910188199,18.326412559013207,22.841284658291983
25,26,24.565440343901003,31.757567638416,0.9919197752976114,141.34788810917243,152.65099282216468,18.519832954815723,47.86879680870599
25,27,22.651933720699308,29.62179880966942,0.7306574394825718,138.4627738025112,149.3462585923719,17.380779243187757,50.59177828765253
25,28,22.799696182545244,28.828993697633628,0.9364569740573624,134.4023784986683,141.09933574589195,17.71070357415636,47.524476462879754
25,29,22.14061853975981,121.39125543816614,0.6296005650294871,130.35421717678398,135.7062554190009,17.60719366157682,179.50054632398897
25,30,19.557667955052484,118.44796032665504,0.3043584262337745,127.28496551264156,131.91124708193882,16.07188671091444,177.64827919724644
25,31,20.2181743929716,27.615610840027504,0.44296849907683,143.0398058356066,158.28674953404422,16.87982526017569,67.95047097023345
25,32,18.636147783041952,24.44736883783339,2.324405317193729,122.03874091166476,122.2764344976762,12.692691102928578,44.19734799166296
25,33,19.692393264127865,28.00151312507476,3.3201344629234697,140.92054531884364,149.148538400222,16.77810605001696,21.42458892557736
25,34,20.872545227069384,28.8944549077504,4.211491215002345,140.1356793250365,148.5167138278018,14.158604239465664,19.46524191377166
25,35,19.42919373109048,24.164430950891383,3.27917506485208,137.52900164316546,144.83924360913971,13.41086408967764,
25,36,18.585053319493532,25.533816038651807,5.287159905008722,135.7636878037435,138.55913090779836,19.582014984619377,17.684760797025493
25,37,17.915264184833145,25.11092707634865,3.6806666357759825,133.2533897179642,138.34094855141575,20.707947483326645,23.97953947858244
25,38,19.528354863683727,22.4886238836916,1.182285937774002,130.62587389038086,139.43829778198716,14.653285071972483,62.46280417269024
25,39,16.837447829897016,25.491659380862643,5.280343285231263,128.6064367586467,131.629926807755,22.3026354148825,17.808681331751945
25,40,20.38965952087412,25.43719558453026,2.538899791951241,127.20638451017264,134.0717849793181,20.138846934052378,59.23772254831188
25,41,18.130020078881824,19.431209623905033,1.2722267395787354,123.94536128341052,131.36298800395284,16.750795207365876,
25,42,16.770112292199176,21.309897152998055,2.211989272463828,122.7307932128026,128.98769481891375,23.096734430338813,29.636825509362293
25,43,16.477779964110816,20.55988126407295,3.0208762314472195,120.24071535991646,126.5391238022512,16.572678056851274,89.21339534848657
25,44,15.799294682283788,21.471622306313293,5.494477974092844,117.28208186320616,118.97532518945212,19.06555389049666,85.5348356352327
25,45,14.976337902534445,19.79547947026073,6.48667619978906,114.6724828837444,113.4262136083404,16.16574974394883,81.18165071847562
25,46,15.668362893585128,8.09454763659867,10.368823118084396,112.70578667795374,104.98500843872598,14.592679807934134,123.66108783843788
25,47,16.45187204151292,7.459885959395738,6.861201476794591,109.89424928809042,103.58020934176832,15.885352140518863,117.38775846101022
25,48,16.822132528359123,8.945047048081635,1.5178540403360696,107.92224665515847,105.85015511398656,14.61624628605672,124.14753678480037
25,49,17.601594049036056,5.2445931286873835,0.2685658547426471,103.52178559704048,102.76732767830948,14.812259138148686,116.24737268370116
25,50,16.322422408957735,5.944500747436948,6.400813200948384,101.26480672387648,92.26265967690767,14.73456986873238,110.75374563731384
25,51,15.31907790845408,7.817727269488798,5.758490171180672,99.4895054696994,89.03011615323057,13.0141121123117,111.09774825625504
25,52,14.849218213361208,4.123039229814283,7.747062880884303,99.25304845362696,85.19020080921369,11.961384027500308,110.7553867553316
25,53,15.837624601352294,3.118106638334159,10.25187732981254,95.42398202984556,78.54821179510692,11.887410340063523,116.82873224690309
25,54,14.905861987575443,3.653275293720932,9.709262872623906,93.44201275166294,78.80047958451486,11.963715864027035,121.63788057355212
25,55,13.192882288991902,8.635719930392447,2.786337613112403,90.69720687826262,81.00099641412491,13.768046093178974,
25,56,13.297760644960356,5.859967583012244,3.60023676835247,88.12918677209869,76.21800189179378,11.937853465555513,100.07393043314246
25,57,12.82165680384388,14.935163345731224,3.619585495241558,86.71762113437696,75.23995220044422,11.534330529797309,72.45083141569772
25,58,10.160815754719891,3.470259591553635,0.0934961887360284,85.08077401764277,78.32574692781921,12.882577262113031,105.09352870143802
25,59,10.845347510091518,4.543848560225008,1.4875102780292222,83.25466586909025,78.70890107536053,12.653941115938434,93.11464769624384
25,60,11.269809010996653,1.006348699601227,2.0339933005583117,82.35385770024355,83.0618152878628,12.900458014675593,103.93370369419046
25,61,12.240620221277156,0.3716576491914016,0.73414085828182,81.19216697409153,81.17595064131106,10.7116153063736,126.92723337631604
25,62,12.771904501745771,26.027027617589603,0.9327144999048932,80.06864892377018,78.97354760329078,10.579270029830354,127.76957713799352
25,63,12.218496502025015,,2.8885321902229895,78.32437500590993,79.24898518738534,12.996870828046283,
25,64,11.65772336408296,8.84458295181149,4.57395492165334,75.81406838449266,76.6384517957019,11.81275499129381,60.82926790547241
25,65,11.600193825497168,10.301402579744645,3.64894825751951,74.28840134494315,68.72370586244305,12.209680974569176,59.132879195675315
25,66,10.974285453080824,13.525197340599282,4.285418144320282,74.13825712944197,68.45827669129802,11.902190053969154,60.06442054481576
25,67,10.189138006701247,34.984323822975824,4.184740505989697,73.83755000965003,69.34339901189763,11.21737587904775,43.570521594864225
25,68,10.963177417803278,39.03098249044749,2.9500390357921247,73.11888171818215,66.28449543285512,10.810426480255556,57.18115214142205
25,69,11.205801762338607,37.23565281212833,2.6033577853101293,72.81609665060921,62.674620919507106,10.945193989319714,80.11560828014909
25,70,11.13996084003336,36.399516167614095,2.293507232098966,72.63433992467245,64.26282603604466,10.597443034436528,72.98549112031476
25,71,10.507356392764471,38.18226411982055,2.34361250400826,72.06416992421214,64.36399302806215,11.63810972657901,89.68494569946739
25,72,10.20249918596358,41.46167970845452,1.861413345128352,72.27095388536662,63.59744332251746,10.83220038394584,95.76721364754668
25,73,15.806113605971074,34.27380854402182,0.972488896531486,54.831436077435846,49.16302952960545,7.943991182471847,168.9326797779246
25,74,16.802141914234955,30.060818406541447,0.4017668506575911,60.12245686712974,57.735633916071905,6.98626268473165,170.00999014489702
25,75,18.15455503146839,29.43185038081285,2.2619404322728416,67.39217422629771,67.87371562712545,8.665130033328149,63.890879275550255
25,76,18.8162625189054,11.98879257489031,3.82873866225336,72.98715817655608,74.79001599260128,4.939240870829475,149.73424144596376
25,77,20.990062049554176,15.547269378423389,3.299802827589746,80.32430983358327,86.52494322363827,2.609522076049419,173.3300826835478
25,78,22.686634914760763,23.78199168605969,2.6113714654027707,83.18364582135519,87.7916856775374,6.176823014692843,170.11497714604604
25,79,23.670046675755547,21.609273025968783,0.3454234642483175,90.5627373694022,97.95957245999122,4.648297795617078,162.56403342290463
25,80,24.85796340603836,,4.266079041513734,96.9004376663862,102.43431363190936,11.59232406513668,
25,81,25.52328514412485,,1.9447472167464424,103.79733052749457,109.01601986928004,9.44370536538251,
25,82,25.439422543054768,32.80400142670385,0.9052287468310252,109.81892167613232,117.9812718095282,10.800692958185476,32.079573208254516
25,83,26.325861090781096,29.070799992848396,0.9159874187083596,115.95913850771193,120.4892343534195,14.159904461611443,
25,84,27.087061729891907,30.89864556823474,1.712141740094648,123.2648754121684,123.05515313091666,17.36747361149496,49.68593424353447
25,85,28.0370018149133,120.5555509941712,2.062127654620299,132.30198006602296,142.81509095621948,17.737617172341594,179.58010895590837
25,86,25.348972725012665,32.44947949895176,0.0249679179364729,142.8384464980414,151.53985840767209,18.21294702598535,
25,87,23.5430975215485,30.715534539746915,0.2985770920564954,150.1268650241414,157.8561629548605,18.238335040101497,49.41592736479915
25,88,24.19645739306848,29.57535424640953,1.39835850080187,158.55010347219908,170.13333125775657,18.298794190506538,
25,89,24.70029469851836,31.115157360707205,1.4759611529334162,162.2545006107209,176.1378079836119,17.460962715283976,
25,90,25.215625891762333,32.216924554599,1.001100629336004,167.37344180665255,178.06010614622562,16.511673181956784,
25,91,26.119639410252724,33.378224961946806,1.3785594999817476,172.03515676944667,177.0691464287811,15.401379708553783,
25,92,26.629404392318076,34.521106959304085,1.47948448338027,174.00900959943385,174.635009939285,15.177878449349487,
25,93,26.476428239234117,34.80460924091971,2.477957909571556,175.36796780072385,174.69725060059196,15.637225343135633,
25,94,26.409279907839966,34.73379636245853,2.562743066772031,176.08150827498568,174.29199455106215,15.830235155328497,
25,95,25.59004921860924,33.82552599879106,2.093333030481862,176.37768959308613,173.677363617144,16.29617890143084,
25,96,25.156532920099806,34.32163502114813,2.139378421311648,176.6949523121237,172.707728869616,16.277321390313645,
25,97,24.44600431861689,34.51658939558046,2.088579971397344,177.0787856495045,172.2971492962496,16.07103801368379,
25,98,24.54354700579949,35.377182759650495,1.9268770967070483,177.2779102729218,171.9129107709609,16.34640806868749,
25,99,24.156219619851253,32.62543171936837,2.0637494029267,177.6381494534069,173.22916116272202,16.546147976114852,
25,100,23.788722310010503,32.80608755048056,2.2959785417993372,177.85221953988915,173.76180704065663,17.16826843414647,
25,101,23.11130250853333,28.291725365130937,2.338223709682052,178.16990685461585,173.60666740128949,17.418706716658548,
25,102,21.737788541072835,25.45585481096181,2.513037196781266,178.30025457305717,174.0701960981376,17.882886960183402,
25,103,19.27528986307335,24.231611283117036,2.6108612968728218,178.1127354753056,174.20654940510258,18.235150746184996,
25,104,18.705779341487993,23.62705307442868,2.5650256120780135,178.46135874944684,174.67152867806496,18.20035018550769,
25,105,18.305034353302915,20.67408668673374,2.875119046420601,178.78007656666227,175.25640043526525,18.55767743027392,
25,106,18.35460572542176,,2.885974511547006,178.74557097889542,175.60451819179272,18.79974623735647,
25,107,18.559276698145982,,2.890693162850273,178.72204906844811,176.48188486994476,18.911201466931143,
25,108,18.487707420016168,20.670854872858957,2.936924520868809,178.897131270651,176.5097250282517,18.61752299755067,
25,109,18.55912088158412,21.55361018269292,2.909819545274277,178.85488313285884,175.78796126448415,18.45675798852771,
25,110,18.98388212912463,22.11298800275785,3.180357980414251,178.87916318715878,176.27928416833157,18.855035489194155,
25,111,19.506017253767315,20.780176778952328,2.841503212458943,178.79802983902442,176.97271302692562,18.748013318052532,
25,112,19.606786814433647,20.913147014402675,3.044440106991055,178.90337348999375,177.07679194534714,18.324201730052753,
25,113,19.311452670770823,21.92770204863503,3.1439199783961005,178.99795176505896,176.05095071763688,17.414119879185854,
25,114,19.409738755448895,23.211033613473884,3.043479694047342,178.91243401640438,175.4053620907045,16.597416524243403,
25,115,19.28434197933719,22.03947266286581,3.1662420901068975,179.0024388485574,175.1918756752811,16.362304595206908,
25,116,19.133566422890915,22.91614084952383,2.8715827306443114,179.04083957125502,174.75747870299006,16.15878801756866,
25,117,19.350481285808332,24.235464911453203,2.823720977827999,179.20631712001816,174.90706006602676,16.772828363510932,
25,118,19.75157897378309,23.012569693080337,2.5634750161745004,179.27991724376045,174.8685216294355,17.410827948570734,
25,119,19.54794153045769,23.321096748462494,2.35186710187346,178.9643775393168,174.60194570464589,17.055246961667784,
25,120,19.606558459043995,24.736745294825045,2.252089249666675,178.7994646986575,174.06409730420003,16.624787983353063,
25,121,20.10830640860975,25.56314696011335,2.285455891133,178.65044934917418,173.92883591967436,16.449857027829374,
25,122,20.654326084657676,26.382620713963057,2.29939898687311,178.57075873236937,173.8227897984176,16.537292084296105,
25,123,20.818543493887333,27.24869197333972,2.3606110023948133,178.59271865273226,173.88983363750697,16.200303865038244,
25,124,20.754266546896183,27.358067206540813,2.39052425482287,178.363514325763,173.88623506471893,16.00543342377058,
25,125,20.911176144093453,27.59321453454834,2.472169603215201,178.39165674608708,174.07995387838642,16.03948692246014,
25,126,21.058857358752125,27.87291315061777,2.7117340722860734,178.40629565002527,174.14379404848856,16.04375356060432,
25,127,21.314758122072888,27.018916930562007,2.641879283323323,178.02983512421582,174.6661553725749,15.702113422490504,
25,128,21.43209939482401,27.61687869353844,2.8002134355595523,178.04535596073762,174.71369596684846,15.540127039791674,
25,129,21.20416877172763,27.826354898083597,2.5541218082578694,177.33459108348265,174.6250120758585,15.502558180106972,
25,130,21.213870414910794,28.35664345336785,2.6614458571720916,177.17097272624696,174.88643367553365,15.693733743681625,
25,131,20.87619869053027,30.004684311071003,2.3882493502472126,176.2051817829679,174.38333452646887,15.03091189601139,
25,132,20.727008143642887,31.21342038976936,2.79381812683525,175.63866261488113,176.90622508277033,16.246095946424038,
25,133,21.40558432622945,29.83991261110525,3.0911408602289043,174.99994872134388,179.79569933453723,17.701536938408925,
25,134,21.23172115603651,30.322765471835982,3.0845338388448806,172.56158201403343,176.88927486512466,18.574195931022487,
25,135,20.749973949636892,27.784647895956176,2.825309565462496,170.5143396710609,172.64356757762275,19.3242180047866,
25,136,19.40160442848552,30.44323520963426,2.551013633834961,167.84120401983705,171.1232320742337,18.99087037633218,
25,137,16.938161684603372,27.17284260322107,3.8362738119972986,165.00849985785592,167.60982655951528,18.30067881966792,
25,138,18.56697841761013,23.52439422022219,1.472164222272317,160.98785329102066,167.04276091892956,20.09865659208657,
25,139,17.238347335863608,23.762296146224056,0.0142026235939579,157.10338748098107,166.50762335481815,17.278163871706035,40.72454327262992
25,140,25.65498921559393,32.44008979798306,0.6625617752356796,171.06466505999833,178.62821893920977,16.435610056700348,
25,141,23.72709945066629,31.91293555322913,0.0620579484553433,168.99783178035293,178.21309522832948,16.224964462991817,
25,142,22.466620104562335,32.64366337455043,0.2744033250941008,167.47710669355192,179.8428473905301,16.672223821118752,
25,143,22.202491135785493,30.56616080786776,0.1954911952696763,165.87325694990847,177.75553358376516,17.063628455209734,24.39146800528532
25,144,22.212397504769513,30.163653470096317,1.1017753224533624,164.65913024709263,176.51573692826858,16.112224340378184,
25,145,21.68081856375323,28.398266638454594,0.9728023057107686,162.59852670721952,174.9460160607659,16.11071639377521,
25,146,20.77244129547396,28.38692539740074,1.034491513554338,161.22224792013228,173.4562507324069,15.763381030487464,
25,147,20.417791304153912,28.397557578317272,1.0646914591252434,158.84163534686874,170.23573285107605,16.141049770197057,
25,148,19.287189494458964,27.30723225814393,1.311796503355648,153.60557155743626,166.4060054037063,15.744483735366726,70.23393968693789
25,149,16.414442824298316,26.342940955716312,0.0488816673525528,148.909691462824,164.04053529957366,15.475877482604425,66.88079699240821
25,150,17.954662772226396,25.4885777143253,0.0007076738118238,146.69073506101373,160.9240674665153,17.005268163145303,
25,151,18.550278558253417,24.407730905513713,0.5012778796637789,144.32131786749454,158.74893383276222,17.497479958522334,
25,152,17.774671534604604,26.010455366209666,1.191102863903862,142.66795007065772,155.5737968623407,17.873854109682824,25.864029690947643
25,153,19.5058459668555,23.87862726194851,2.897846243348258,141.05338250511315,150.93847351985073,14.148979424951644,72.13960622181055
25,154,18.40538627264833,23.82261397059394,1.658948088028528,138.8925628945433,147.87886045951083,14.755112919073047,21.474138390604473
25,155,17.787291614632494,22.382271975295772,1.5614471745639116,136.0427448018623,145.70672255609037,15.063851796038236,
25,156,18.303756283539915,,2.0015156265643577,133.52047301685147,143.12209348834438,13.639666598504151,
25,157,17.124139934503816,19.786846432192103,1.8084524244786904,130.18618607080774,138.0972379079023,14.980087833198574,65.3364019718888
25,158,17.302601434929578,73.1311741968473,1.4049957312986152,128.24456215343832,136.34186572165356,14.851074483384744,167.3863380457539
25,159,15.92428954676184,18.131490746233457,1.7189842712354348,124.88934760024914,131.5632675945047,15.05134112888619,54.802448587520594
25,160,14.589698333153995,,1.6732211739185925,123.21928084967398,128.67417410759637,16.411774513839195,
25,161,16.0927356813794,,3.5445661453282424,120.69703610413497,124.16946751742576,11.410987537365529,
25,162,16.730000216934716,23.049213481375553,4.388770297450258,118.17423214807138,119.28967744516102,14.879882840091906,44.469620635430424
25,163,15.62787668019052,2.459496836021119,2.578946923550134,115.3388097017855,116.84706975165668,11.593506869344615,138.55187157412763
25,164,16.214415664437382,5.21977276312565,2.7445254309028657,113.48759787438333,114.76130600971062,12.722546910463112,133.22384085249703
25,165,15.194411070559129,9.386463332648487,4.159967942987243,110.77239528324782,106.3513344163222,12.34078225799335,120.19992516776549
25,166,14.430939575270072,7.219040411681624,0.6317709475201625,107.5326583271629,107.22623521944892,12.132438977298104,114.42083456797566
25,167,14.410936340196551,8.336747138863416,3.2600080575571364,104.775541070228,108.33160622908407,13.484778034938842,111.10537270296535
25,168,14.467550776508734,4.764532953546952,3.133593537121452,102.10371375256092,95.78980568414876,10.311930736181294,114.29573633753984
25,169,12.744079586181169,3.5073346741352784,11.09034100151224,99.14077480355417,82.84290450110737,11.46751067347734,118.80880635394358
25,170,13.738342962042823,,11.754468791023584,95.39092467609,78.06900285298872,9.315202703000402,
25,171,12.483909954275276,,1.9808057195618056,93.10596706813745,84.61439011569661,9.96477815887426,
25,172,10.554973199359573,,1.206260910385344,89.86570553552424,79.45925822492588,11.559564279004483,
25,173,10.510562267745394,3.676231003609216,3.3660572991423576,87.91556221643704,82.43396206668076,9.837163391158107,
25,174,10.338952719740156,2.853507740387506,2.2465162590811394,84.48261643677824,77.61226709214611,10.580207946157929,
25,175,11.109305255217356,3.1597002172007262,3.186193679865323,81.8944528146277,75.30828127513385,9.486998054441184,
25,176,11.538609382642704,3.314242971981356,2.091089961565041,80.1180291604106,72.29565491584565,10.639589595591136,
25,177,13.21439608183334,,2.4033006747629018,78.00724592901705,67.6730822895557,10.168156162995862,
25,178,12.4865357458898,45.39385713961361,2.307433322789601,75.77998330173908,59.890354361722416,10.655496262885976,139.98808585054337
25,179,12.753403285705172,10.083988596796775,2.0493398453825176,72.55820777214166,57.1048053975012,11.106161343252356,55.65147689983716
25,180,11.918527578726035,41.395131532853455,0.4152606559199834,71.30254114617009,55.13189150153087,8.850642568529754,63.45721094963329
25,181,11.853544387300529,,1.8130186678229956,70.22757142131825,55.44507376026882,9.173670568849005,
25,182,11.572371775052638,11.385934072821312,1.900279045663997,69.16827856274882,61.11938278508491,10.210705320266998,80.89628564417139
25,183,11.642818965373198,32.12140329181362,1.7476093392095562,67.5817541567456,59.637603686593216,7.99535605188108,59.62696352720491
25,184,16.549322002017366,37.367298530416825,0.4793188629071244,55.39308942460064,52.475650909725935,10.5111327201394,
25,185,49.82814294440549,34.847278341142385,1.5665752389837688,61.67136748489352,62.12864479790554,16.34347415408499,173.34179631340544
25,186,18.159325081926387,27.591541449942415,1.235290687614781,68.74203265156817,72.54763215167192,12.50522673677272,58.335077548278235
25,187,19.718308191557743,12.066469477981714,3.930219042044331,74.03413464231787,78.71237501409409,9.725818073895509,144.058919217007
25,188,22.04959234415603,0.323927041010413,10.862707585342962,79.3722923399437,78.71021874872342,10.163204416711586,129.28260563333183
25,189,55.83375080843161,27.096033637904583,14.048527154854064,83.77880655364356,77.81006177278739,12.35223650316828,
25,190,22.995797972486105,11.631891855630602,14.636600951398252,90.57407774557468,85.12591791145807,9.740449382433342,169.98293693313352
25,191,22.492159506656247,14.911601179733193,8.198158632267024,95.0561749689484,92.78750697101162,13.380173331968043,176.85601954191318
25,192,25.861407930950374,30.895592421970377,0.9307942197266824,102.07632493442212,104.75840135367196,16.28393031192252,38.63020663972407
25,193,24.74884684196483,4.324838923116626,6.144119272806035,109.5607523360639,110.96190353821014,11.442368588418876,49.25172446354648
25,194,23.448247291592484,31.697599741831542,2.1881711474737653,116.24572079110295,118.02116729591624,10.468638310220657,
25,195,24.734746184626253,33.92302275969242,0.4721653274730693,123.97286061670604,125.82195352399552,21.298190525995015,26.81084846987715
25,196,28.817161694365172,34.09094334542717,0.1327426860915931,132.08761734799006,139.07353861922587,17.850323600433175,57.42993213820411
25,197,27.37270234759257,32.47309931094631,0.2543111867912605,143.7970760243812,149.66431669478985,19.14359577268842,
25,198,24.36313934789786,33.31832474467374,1.385881939249505,151.46736771485996,158.0689205409994,19.77975001858237,
25,199,24.609320466946,30.97816886869262,0.6083952387892256,158.07784502138048,170.03565744112632,19.78714862243891,
25,200,24.83655000155249,33.67817838133565,0.978462873067665,163.50630345527904,176.29864173972976,18.36339480743648,
25,201,25.681731141165656,34.06993368357013,3.2262231500038414,171.9396608737561,176.87607039768187,17.069686834631458,
25,202,28.06968892422123,35.297701953090744,3.3767828273563416,176.3674630813168,178.8407860916182,17.731959893885573,
25,203,28.032756778255795,35.62900197262239,3.781769410667037,178.01683887759825,176.83869572271928,17.523895314921397,
25,204,28.120345202383604,36.920947866066776,3.59905975893565,178.11421680160095,176.729316442722,17.38027522411806,
25,205,28.484999531890068,36.31742504162173,3.686342779565601,178.37212620700996,178.0288662958307,17.61768569365879,
25,206,28.38290778637899,37.12318571532592,3.11844206814201,178.02126168572144,176.82519097328034,17.637689774664445,
25,207,28.2760972895648,36.50179543348646,2.7838158868909857,177.58325555940962,175.6533236972734,17.292533492663793,
25,208,27.626468815893137,37.321368694713954,2.6591309774886867,177.43492364035023,174.17255160662182,16.75689906343604,
25,209,26.71488650101256,36.774712342308945,2.297821527491086,176.87860432567672,173.48892480569222,15.644393963829293,
25,210,27.103865825533937,36.11747612187563,1.7755303965472329,177.39576130606048,173.25860557731838,16.569049647795413,
25,211,27.573154222934143,36.439422926479935,2.0430433513579613,178.01236717916353,174.0259024372268,16.8966023169723,
25,212,27.63508247413004,36.86707521954408,2.202345423301216,178.1111601449614,174.99634118425104,16.834674422678304,
25,213,27.330771056914116,36.579720882333994,1.8787289754212655,177.72227517810978,174.38215009206544,16.18565981874947,
25,214,27.10516066277614,36.6530275998303,1.9689105264030464,178.02398178651185,174.52427483197445,16.233260425477983,
25,215,27.481900536035095,37.62482296007391,2.117052539747902,178.20411340383916,174.7153210117673,16.09808417023638,
25,216,27.719124829873024,37.97847929076239,2.1368451010939458,178.3877875920005,174.78367970784225,16.260929809247507,
25,217,27.9903220391375,38.67953871638661,2.1569925909745526,178.15691138044713,174.47244142541626,16.141659535121132,
25,218,28.140931090571,38.40987420771702,2.2916997226015083,178.02730702667057,174.574546722352,16.081746886520854,27.99194757822317
25,219,28.202040629920827,39.428328636394525,2.2469706338567184,178.15054997058525,174.53444735017524,16.037562000448105,27.338895193686735
25,220,28.04588468964867,38.36421327818761,2.3433117354475836,178.40915626590854,174.36613184510682,15.155811379958951,
25,221,27.733854081084058,38.06513064714271,2.3318692936517698,178.4672487137787,174.38077246220308,15.688167346249037,
25,222,27.556590434377767,37.72537690675745,2.445718593108109,178.538097823021,174.43652158825248,15.95018998337417,
25,223,27.679604564937545,37.923757197215096,2.536106940469113,178.6673362435215,174.58339227742655,16.43638043376849,
25,224,27.406074087682068,37.96854183157026,2.8976082754890498,178.92880063128706,175.14551683295358,16.38750030537571,
25,225,27.625811678752708,37.76995560073594,2.6687924719249985,179.2117062896075,174.87529368500043,16.776252379583422,
25,226,28.004491363596895,37.104382004614365,2.7393838558318597,179.61257583154395,175.37922778024205,17.092139734723208,
25,227,28.096796087559422,38.557503555534225,2.651013189236483,179.32009378094634,174.8462000030139,17.051626715760797,
25,228,27.414462185451885,39.15518015150752,2.792663017591966,179.1627713323045,174.68317009491122,16.231191305404547,
25,229,26.8107285636676,38.78321204351179,2.7476325929881305,179.2492082719602,174.43779286342976,15.122835253318438,
25,230,26.94777081748636,38.67715694714524,2.6466581567246563,179.08707301538524,174.2252825539625,15.319395736197128,
25,231,26.877834457137716,39.37538972926369,2.6280585110005625,178.82620129674834,174.1186358001953,15.551414231741443,
25,232,26.68754700507311,40.07453449461169,2.5790828581823897,178.77468693917237,173.48688584368193,15.31849754103338,
25,233,26.939164607985905,39.99384649079895,2.436096505214042,178.70707747549966,173.30167798161074,15.647279110408498,
25,234,26.900749717894275,39.86159258230306,2.410330168996321,178.5471491971208,173.2053674621081,15.542993035483551,
25,235,27.083003194273815,39.830141170039184,2.4132897318421502,178.6863326892491,173.1661608119421,15.56486341100217,
25,236,27.200165689280432,39.11372483628761,2.488396625635511,178.8149518172464,173.48646993784453,15.79295058580168,
25,237,27.006847047956235,39.81372150625992,2.4281081180981614,178.71575940524536,173.34581828195493,15.492974529711928,
25,238,26.9157363663032,39.33754884256928,2.5242325809291515,178.6926214367612,173.58134710452444,15.371315006029167,
25,239,26.850501132464565,39.99184096135007,2.55391828878197,178.53589483432842,173.74841051130431,15.507327914972844,
25,240,27.089319743544447,39.09144355825133,2.76036285958944,178.5922578501051,173.74927828760016,15.779332650071174,
25,241,27.260123197963,38.90857675454259,3.010407900149699,178.92062967413534,174.01621009649034,15.950417839554468,
25,242,27.35510262748499,38.60658271320038,3.0973571672948483,178.99016984902397,174.06727717733713,16.07171017802056,
25,243,27.143510170323243,38.52664085182849,2.819530912447412,178.54605849292207,173.66810309180315,15.995864776438944,
25,244,26.947152352214815,37.68236883394756,2.5864646619958234,178.00661049116283,174.10335100063435,16.178982561142362,
25,245,26.4640526199962,37.695153122436714,2.4401476662486123,177.07653737051697,174.11300612512446,16.00436551173868,
25,246,26.519706751603287,37.04497835820527,2.1802801343950224,175.52798825681694,175.12388750607397,16.975192382020627,
25,247,26.546089932313844,36.84841894056979,1.8702659452743993,173.7300628773337,176.52390985560714,18.46804911879628,
25,248,25.01876151154051,35.72019565396253,1.9893311502893696,171.87189723811076,179.9945027020524,16.895353496543592,
25,249,25.972253323707964,34.2423300288549,3.0340329021660137,170.6739305318927,176.11341128121944,18.483552459557263,
25,250,29.02926422167596,34.54948755955765,0.5634264358399006,177.8885303505113,168.9661544410585,16.007102190195678,6.970590722870875
25,251,29.13577005668372,34.45374834937175,0.5240687916312257,177.8923695389554,169.05287872718338,16.169176033001207,7.220001568193224
25,252,29.22830800544202,34.58870882085295,0.7535442995500254,178.0864765045635,169.14893136468936,16.150455568691715,6.757216707859229
25,253,29.108625368295005,34.43944961974027,0.4838213233764635,178.00838208116988,168.96634881793517,16.141997146669837,6.855409718387542
25,254,29.05312102452462,34.467021776084366,0.5250532114729631,178.1519842519632,168.978354847817,16.173346138573642,6.936477777694749
25,255,28.53458445187812,33.45443631997645,0.4761700715172351,177.30445175310064,169.45144288448603,15.909768647627274,6.855695779340854
25,256,28.18342664818465,32.44351155173378,0.4374421325435033,176.7331985137999,170.17186230487104,16.019523800964674,7.844918009023056
25,257,28.05015577602662,32.486759272925475,0.5225907955941336,176.60704847042462,171.0976407087207,16.00457071768515,8.136716417143848
25,258,27.86942836994175,32.23005108282428,0.4639993429372005,176.28731979128952,171.9401225093302,16.03171632054234,9.014702347899451
25,259,26.673238253455395,32.21285239769678,0.4661416960290474,175.35683861692792,172.58615407724076,16.196917845317,9.415403674572064
25,260,25.367999880694533,31.688404059565027,0.123514791876853,173.71044227051212,173.0272973066246,16.627207691333968,10.247979605210778
25,261,24.689267005397028,33.51616973764252,0.6761128008644313,173.79563909493928,174.25494343965616,16.606087893176962,7.797424465431378
25,262,24.156736045036485,31.835105586269258,0.8790685232399645,173.29424555697565,176.75520248922265,16.464339037919164,
25,263,23.119971204221407,32.2930598974709,1.04099471791385,171.19288099030027,178.5652292759487,15.25669910799902,6.812529127071681
25,264,21.841289378553487,30.88953471753947,0.6150638975372584,169.08003531984164,178.4269924309663,13.603429804939475,4.094467116416469
25,265,20.297576427217543,29.875231353226432,0.2215469475954198,166.9348035535469,179.52061968608663,13.856507178889304,5.071078989610424
25,266,21.0215906886851,28.30998599337681,0.1083751556941158,164.7967511773014,177.55416960675453,16.16716573733097,
25,267,20.380743901278667,27.6738999344002,0.0948184971689089,163.16114985208748,177.17927072002325,15.59886495874771,
25,268,19.60681355235487,27.453385516237336,0.8120495631820456,162.27412504572436,174.1717365197268,15.064797951196976,
25,269,18.4475523970364,26.79604469703045,1.2804692424044275,160.13175221555835,172.91091547679522,14.897324790016071,65.06874379424575
25,270,18.708689244597423,25.601866015049534,2.240695635613412,158.82605877072658,168.11439961347713,15.011939561338057,64.35365404019798
25,271,17.598135060780773,26.252992107234626,0.070543581552573,153.2659662379563,167.6867066224692,14.56945035030636,65.57329775827871
25,272,16.476020148102855,24.994866060017145,1.6750091758126917,149.84064379877162,167.13297822375029,14.50988921041579,
25,273,16.28720636349595,23.632471425906683,0.6878607329009259,147.85058409152654,161.97996913084197,14.850151051715317,
25,274,16.492935344432023,22.708925961941564,0.1525895425875261,146.2174226331844,159.37520564733904,15.928123216203817,50.371656971952405
25,275,16.717357366056216,19.07673064432052,0.5248680561963266,144.47812554514934,157.10077144344606,14.682363705773044,61.81499024313456
25,276,17.44744573103024,18.547583961224937,1.3039783431077352,143.14037482975908,153.63547302984395,14.135338748897915,
25,277,17.018234384961957,19.391283351764805,1.346213010445496,142.08112055730007,152.98467450241083,13.624727386894143,
25,278,17.12637352456468,20.48306529016788,1.6189004694233389,140.54043667355472,150.5464811146804,14.39277514636111,61.111873341963616
25,279,17.066334807066607,70.03585378707878,1.293316107316014,137.08765176640495,145.6971388419632,15.562749486280916,171.53548254032276
25,280,15.96513816140123,18.388423337840827,1.402424379802303,134.94767680445227,143.09359416383015,14.60325389816388,63.1031510698805
25,281,15.917191938935284,17.527075272581325,2.66835597811158,132.60644548503163,138.46860585909974,14.430759734213384,51.38869236820952
25,282,15.341145098570404,70.68287139818214,1.4556225033643604,129.21743036279207,137.69562635191377,13.002146407778476,170.4557407633579
25,283,13.223021289106452,,1.9596577604109655,126.70733235982294,134.59580638108778,15.783336492451792,
25,284,13.830037165208678,,1.5620204779504514,124.03592920697866,132.37544750605707,13.351254755416702,
25,285,13.55625114161802,17.901805679965303,3.228912923722545,120.679155400676,127.15254085711533,13.87929653189466,
25,286,13.259001132035705,,5.853575311338576,117.1526319341706,119.12541910662254,13.831848262061785,
25,287,12.920152921963451,5.484641791920075,6.798478757059672,114.5638230053175,112.86593707150666,12.789426224720332,125.55268563657756
25,288,12.639111845200498,9.714994092351862,1.4999097743890206,111.8345523886909,113.91010450292822,11.870118160470543,127.84389310785672
25,289,13.11335208092787,6.506832606346807,1.5075717865378526,109.12901431075731,109.99189025589104,11.326144326406434,130.56173628797805
25,290,12.718967661612217,7.666303013012465,2.164073512125569,106.07484917645218,105.45320354898024,12.53919832724865,119.4891140020543
25,291,11.370995105575286,9.140669301021337,0.9496625900888064,101.51146127487104,99.95607603741,11.751236579505935,113.85096918470936
25,292,12.876692657440264,7.007888792736484,9.124313542150224,100.54708577092032,91.21656335830708,13.349384138593145,120.17336316361472
25,293,12.799561257286111,5.103531320698406,0.0156025247845471,95.75522782316288,90.28964850447512,10.896666311554368,132.64266729822282
25,294,8.904823479530704,2.534041399555955,0.5649428221974473,93.44826845487906,90.37008145620936,12.809903704625809,
25,295,7.718432276357928,2.589642772896434,7.316813506536903,88.83918073115255,91.72851163093952,10.049179928479427,
25,296,8.416414162077935,1.3645782324055318,0.5260195559540687,86.24106414446399,82.36035217029404,11.27903581924412,59.08302307085008
25,297,8.970262679310697,2.697850150499475,2.1583563080704926,84.8523842477845,77.17656481707843,12.646187210659017,
25,298,9.896115686604304,7.922187148101336,3.414156402777946,82.23771674252698,80.95710079773541,12.649681738890148,
25,299,9.968906513305768,12.478772497573484,0.8392825976387264,81.4058681519536,79.39427050403337,11.840249491658856,88.03531184625011
25,300,10.621344101522268,44.5477152711319,1.596714714606699,78.60767650642984,75.55686615995677,11.340120675957651,149.45960834041267
25,301,16.78678991693771,37.42740273479459,1.3098120524644483,58.1934933605574,56.32977243414653,12.08828125359899,131.9446254170729
25,302,48.63245623859291,,0.8392504775462528,62.26956322870837,65.81609029562219,173.54599231922967,
25,303,48.93330120111932,23.260384327053423,0.7461450003082014,69.01811001919071,73.82733518242358,170.18254838628687,67.49535561463978
25,304,17.40844842487152,9.805486818220295,3.8199321498409016,76.06212993060713,86.27788699245595,8.18209764090237,141.04329292831312
25,305,19.24426147282048,7.584619837242373,5.414254486363367,79.82355647068927,91.36025562841216,4.6520885281903945,146.35652427446163
25,306,22.171117386402837,17.0509146168468,0.6071342520252072,87.16872175269368,97.00452149118736,5.886085938457208,178.2934427678612
25,307,23.957795103465415,15.55790393200494,1.5146412481397895,93.80036249864013,104.15766402567712,7.576661044393871,168.68532686598545
25,308,24.381208408609183,14.388800211689926,4.780540545604515,99.51122475434916,108.075382564403,11.918005757881874,
25,309,23.772819973302088,,0.4236423845336783,104.77000635482084,110.22741660945016,12.568812354430838,
25,310,24.515113152078335,33.17885794037785,3.0839586741472846,112.5389523949828,111.3301346763738,13.83315708672512,22.741271972119065
25,311,25.06609268271252,29.820124722485073,1.0008765514004665,119.38113309876924,119.25387041472749,16.217534610631013,47.38877941527887
25,312,91.70973745682409,32.80815678330929,0.6651751325819953,128.84148146105738,128.38695496576904,134.7143181958907,44.86465466869748
25,313,25.99820482479688,120.57666893582432,0.2335165197464017,138.4875626960569,147.1121316734058,18.107602620915163,176.8616560753381
25,314,23.391647236005756,30.847809507004023,1.0211133543097737,148.58078607185965,158.75309952570404,19.882677721559013,
25,315,22.49039677857817,,0.8109440581382444,156.34337804034425,169.09107544289816,17.614464861949777,
25,316,25.831143025026517,,3.3878994985718593,161.479346602397,179.94775904155813,19.76143355440828,
25,317,26.073554536660097,29.11015174291843,1.4474382000461157,169.81049719933105,179.82688161868967,18.414182267749155,
25,318,27.328382929429335,31.70879754287063,2.2613944733197626,174.6002888923624,177.49497682876614,17.99915130847942,
25,319,27.7170440198464,31.926700474132776,2.030685403405347,176.4201560932596,174.99383670305482,18.5316924751521,
25,320,27.589756802899256,31.76521411597868,1.9901365606487151,176.9600982890764,174.5341626178616,18.70372375164427,
25,321,27.21147957451914,31.182935107771858,2.1638368082791497,177.35169067654513,174.16474668231223,18.84908815492609,
25,322,27.41419083000476,32.64424712240828,1.9930162616037757,177.08971497353437,174.69541047363032,18.93900467970155,
25,323,27.70410800649755,32.81913483485994,2.358384269107633,177.89681303435984,174.49609114659398,19.047748811473184,
25,324,27.71793212345237,34.23946862949878,2.18409950913087,177.0428263059552,174.96993184383825,18.2997929914494,
25,325,28.142583760638875,34.62392270559444,2.169363448212883,177.08127130953756,175.15876569876187,18.189533624053865,
25,326,28.2493305749833,34.790702318714295,2.0774636086724314,177.2163993625457,174.52050445782757,18.02991830297474,
25,327,28.26836421212046,34.36125013118327,2.3255877033679044,177.53203559335728,174.8075880263981,18.335001814724887,
25,328,27.89488101219842,35.54373841616141,2.1965704578211778,177.7149386905064,174.4655134965547,17.87475531714282,
25,329,27.896924188267977,35.16924731912526,2.4015110092691727,178.09134332648168,174.72583143737634,18.20930956548767,
25,330,27.90493416558508,35.30930718242207,2.874975599656255,178.19449307614096,175.42307228639993,18.201633620874674,
25,331,28.091463606237745,34.96039150466016,2.9593700199673796,178.28275248011536,175.65289448126148,18.308333299281347,
25,332,28.1434131999347,34.930772092103176,2.972350761141316,178.3304165206176,175.53560046638688,18.412393857441774,
25,333,28.224065022932507,35.436071095873345,2.9612987299537874,178.56097756300318,175.50759286739572,18.36748800089447,
25,334,28.191797133524584,35.45491748040659,2.813047883648621,178.53625974743127,175.58518506259418,18.101287565740964,
25,335,27.77674307814089,34.26299225584381,2.9182780421805705,178.65764783706166,175.68042034927728,17.873708825645465,
25,336,27.26625441966889,33.11770435822634,2.89851142615505,178.65655901759786,175.6171396866949,17.739274556285398,
25,337,26.681575591409565,32.11937424867028,2.9295929516097465,178.6797517415358,175.7905007236261,17.899816522249797,
26,0,84.6081788956111,71.00018066020945,0.1255914254410694,178.4256553077338,177.3085122407652,37.219128053548246,21.190154012880264
26,1,84.64273649251945,163.5875015155668,0.1341461111831757,178.4367570949262,177.31696631820657,37.15416162721255,176.49991078911282
26,2,85.62081115972244,166.163388541053,0.0317683518011015,178.55155828172673,177.82719164954835,36.88571160430422,174.96264438187643
26,3,84.75572599880083,164.1998547488721,0.0031210797728008,178.4439244223497,177.48275968043023,37.18918268861475,176.61247838133005
26,4,85.1486059932561,69.87669597355975,0.2046787021990378,177.8821849447779,177.27155094969487,36.707245908542966,20.66466457024041
26,5,85.2177768874385,166.11392184942562,0.2674810530714336,178.116674409496,177.21457877214343,37.69624246344466,175.14983977804584
26,6,85.4996425894923,168.27691684262425,0.2815472288241621,178.3133749906793,177.18120735234984,37.47528140015968,171.19963919334603
26,7,86.27744263957759,170.71407567576264,0.1282487215895109,177.86642540886194,177.87229292314422,37.97701418364226,169.0034542097388
26,8,86.0464027819746,166.13858923941683,0.1256949301235224,177.08333538375683,177.88674140309837,38.241406663506794,173.98044526210867
26,9,87.16022260935338,72.89809242549596,0.209926466778874,176.77538487486024,176.82858443921714,37.38978487537563,23.168620979288715
26,10,86.57306611203174,73.93932530766118,0.1327473569377997,175.19004526514203,178.15013405492527,37.78424588444798,22.59676111407332
26,11,88.45499918530965,76.93464008761914,0.3969741662187162,173.5613250264176,178.51068854077533,37.673218283423566,31.946568294791984
26,12,90.6624679924976,80.54235536402415,0.1176583896498866,170.43554593620527,176.4229536951216,38.77752938735715,25.691303272865092
26,13,92.45407187236964,170.66924890390453,1.1137858527058613,166.8683249536688,174.865862946216,38.30928709996153,160.60134683151037
26,14,93.61932102655636,171.9434317118091,1.1173269601779294,163.23643053592804,173.102742500614,38.63952824961012,168.8068305684262
26,15,93.4417709557364,82.54583939819588,1.361317633424569,159.78542266430853,170.74388738257747,38.291564860782216,29.290480508717767
26,16,94.67644280640656,83.21307944231424,1.4207850333782082,156.8213842509697,168.92523668538564,38.534227052768905,28.23743804120399
26,17,94.82527217503537,94.06752136778096,0.3878692895618568,152.84238190823748,165.73864605987595,35.92240593210132,36.49115703399261
26,18,91.54943412000212,86.97820261860024,1.1504883657029772,148.62321858718403,161.63948642809137,37.69120829097988,31.312301129865045
26,19,92.66779163785677,87.52133158522065,0.5046713147924037,145.71309988400122,155.91872034211772,38.74752445610847,29.638598503192565
26,20,91.7519997250785,82.80900287251681,0.3636945743660685,142.96018188639326,151.89523585610567,38.21934545330341,27.05929101680852
26,21,86.76989105299069,81.23879925946831,1.6795475820100108,141.0108498542928,148.361743374472,35.660585868034865,28.583445847505907
26,22,86.30315832835039,81.74773710428519,1.840417406697332,137.77167599013524,143.78578950645965,32.791975025815965,28.09208146663986
26,23,87.61925760462537,82.87905918300885,1.9911036300707448,133.37200461454046,139.09159043421977,35.21815425936305,24.432385277316715
26,24,86.36481869601349,85.69530154599161,1.3968182784948473,130.68932231470092,138.02182689324383,33.24320930390951,28.306024909955468
26,25,87.61530361490321,78.22589907771786,1.1223315696519252,128.3952265644247,134.06445903498272,33.448596658023945,25.15924517234118
26,26,87.82145833827087,76.17651055518175,0.980907281694032,125.2270193827448,130.011492016199,33.81711038100216,23.393557570347003
26,27,85.6184500401589,78.06500476274111,0.6634157070107732,122.83131770016917,127.42925935081244,35.44800127766699,27.885272971953473
26,28,87.16871154444662,83.906533208155,1.5843189351017095,119.38419438323356,123.63657474182332,35.82057677400168,40.17952716843017
26,29,87.07403007273305,,1.9228663138002873,115.38059656147644,121.32428575988644,36.43916333288002,
26,30,87.78445322252855,84.37657921263602,1.5416268796187191,113.4354525348296,111.52030641989718,35.99427998461065,122.98908113510711
26,31,88.23267177594533,,1.7247282530478134,110.33991670144646,108.54141571404124,35.69393969526837,
26,32,88.02385429070482,73.91082454102221,9.345691376796344,108.41945302047574,98.35183787653048,37.15407345387055,41.20657599628681
26,33,89.71589079193338,84.95591504402212,11.583504136397886,106.20052923324,93.39067272258782,37.21269257887866,109.28011011495964
26,34,90.06568545263679,74.36192364705528,15.967539168094994,103.14530187990142,89.73700162642187,37.70742128132765,18.11402305317399
26,35,90.08006462453154,77.40764197831045,14.920771118214883,100.54402173129606,87.03473405620159,37.42920451774938,107.1232182100386
26,36,89.97305021246655,51.175996187329346,17.666617905444678,98.74349338240958,82.8678179363023,40.85141281236266,69.52726253251636
26,37,89.25099602964488,64.38027206055716,14.913619511644558,94.15351217113488,83.40720288583483,40.456715526915495,104.97268082172592
26,38,88.18359019801672,37.284782971395,11.628719112635116,90.91866702474444,84.41993810789499,40.25713525049919,83.5913950975836
26,39,88.96077043207758,43.678221452785195,0.3617673583944374,88.46784301978003,87.10500127471309,40.978983539178245,94.68591252015328
26,40,87.87267195205885,33.46678994258963,12.426010502407848,85.95709319448986,79.57251595140522,38.67203633429861,78.45537527826606
26,41,87.32502018010396,73.90707049225747,14.691825062554638,82.84922478023981,76.65110308090858,37.8858663703062,12.164214778392695
26,42,89.45293289316238,82.04305090632347,15.793505943691532,77.73997800715964,70.8278454336789,37.552548312382115,12.871139324531253
26,43,89.42339845244858,81.3609853893627,7.2993462112654,75.7621339078851,71.11934728837231,36.7260042574558,14.322504588113404
26,44,90.19377894231062,78.82472275807307,6.625790671516389,72.7308460900678,70.53755809151306,35.627408080782295,10.427201264171329
26,45,88.37674127393794,81.91088292134798,9.485226827631289,71.17541039880794,67.10958522714404,30.985577567012875,16.21548869744659
26,46,95.14493896963634,80.62608191290161,12.532053030114618,68.79208597402516,62.60719524831392,36.47236642970263,14.725554202543004
26,47,93.28103523837326,84.70924512137903,7.728819052259432,64.16270281167215,57.83798749452569,32.61610367645406,11.932445624287858
26,48,94.26113747478296,86.66451434833998,11.287557814892276,60.84005476601021,53.17570458518108,33.493966284299674,14.222849061285036
26,49,94.11013535067006,88.34823901742716,10.26718535282227,59.045006669139866,52.17683376991383,29.89536051226306,16.79518561442805
26,50,92.79863382058068,84.52732133114077,16.024630259395643,58.09792129401335,49.05117516094046,19.379988168158107,18.524703475675583
26,51,90.7289159631356,77.21436214833135,14.151553987430733,57.32210352447425,47.61893287662102,18.66708696738028,14.15474958676524
26,52,91.38103508354672,78.25153794536959,16.235037364194024,55.90167682260141,46.56960696272131,22.079095422894273,11.494813882253824
26,53,64.67393907037332,75.201946958145,13.809204867208468,55.194539638701144,44.47798430748203,57.44947722186582,15.322308641426558
26,54,87.85363680869924,79.74324592803787,10.142067586882192,53.76438836057656,46.93671456576304,14.128308675208354,17.930541115833165
26,55,88.6746193274284,76.69272814341349,3.49969139542415,52.49011990965068,48.973175066271985,29.89842180273065,17.532119751848306
26,56,88.77516055095448,79.89267509867051,3.79971380772942,51.38453504151094,48.31283673731004,15.674924775373992,20.143568160658543
26,57,7.12575622381408,79.1071047683017,4.089040919709486,51.29025922555984,47.15943923942184,38.083048549195006,19.840668671930857
26,58,2.706559903100968,69.29001888435897,5.020233193024954,49.95161624975719,45.13321672412648,39.711521452567894,10.205541006372156
26,59,86.85202518468182,73.68974141058436,3.798507334220641,48.934593501328685,44.92709206419411,16.971791971383364,12.80360239726371
26,60,85.3523054490903,73.25609410714742,4.869133414760896,48.350044627040134,42.810369931515766,13.853681788575637,12.407148936156196
26,61,87.05330760927197,77.987455276564,3.090690074992204,46.03112933139764,41.40208984416861,25.25738523447036,17.53744272040807
26,62,44.910453973732295,64.91543899738993,0.0939025108533431,44.763707366771506,40.80897165461531,45.13537368313271,2.672415581046085
26,63,42.4036490596535,65.51251274763028,2.9587385591128177,43.95952196704903,38.22672913178789,41.50894392946549,3.836514293570522
26,64,49.57209599425458,65.61239746715887,1.415168535009138,44.60274607068339,38.50279712426013,42.357361098416554,2.720968399039231
26,65,30.721466688834283,67.05230831220749,3.8094776220120337,44.172509118948085,36.91004241609243,57.44582016186799,7.87100926680543
26,66,29.858035745789874,66.63277847211609,3.243006747373403,43.15763339974712,38.88995583749664,60.01846133171877,9.971527418694688
26,67,16.485488532353564,66.73559106739401,3.360728869101077,43.34793587981717,38.72491020986632,53.92995065934222,11.957451178824003
26,68,14.580811140205396,69.47390634996783,2.6006781708819324,43.15335652421603,39.531775591220054,51.31623748614615,16.26572042292604
26,69,27.791350025851365,68.55381969949373,2.8195762295038307,43.04406551161457,38.82754883289,61.16760986955942,15.468421325819357
26,70,81.22538706964039,69.0103173194164,2.1522135860116136,42.41476262476081,39.74509295152211,21.0085975861919,13.56719967387427
26,71,82.65288998024333,72.87310058411325,1.804387674185709,41.283788356269056,40.56064457691748,25.84166598505316,12.75196288190842
26,72,83.22103541497155,71.61952843645423,1.5998018776952665,41.23971539971614,39.18116958152785,24.63687107430528,11.036642742188242
26,73,83.33843213648231,73.54960712156408,1.7918375317153434,41.17981141846021,39.65332738931093,24.7798039398249,11.931487410605207
26,74,83.45101248988156,70.73069569456725,2.412073159857074,40.37060284401026,39.15510283828565,24.688679176872864,8.40124298256986
26,75,83.61144311166518,70.53522182148157,2.326986369353273,40.31168524432493,38.59476322422537,22.823753180926275,9.176020023198264
26,76,83.30461658524146,68.99370476004943,2.2397096896975928,40.13907096340291,38.515803386684574,24.865936497929223,4.536635275482283
26,77,82.2194647916095,68.23428993385443,1.7126223293208185,40.6559144176133,39.466854417273346,24.09608774261067,5.173634293947505
26,78,81.81596928176324,70.14013684042425,0.7288109543810124,41.903264541101734,41.016578340536114,23.56327060325513,11.75467032708582
26,79,88.41237576601618,66.43981612526692,2.478571164743311,44.50502541580568,42.48239015808131,19.72852834945359,0.5668704155598464
26,80,93.12069688372522,74.22839619026227,5.620453179035912,47.97941997891562,47.151260521281046,26.831814663986137,3.0260003353181935
26,81,33.498181987188794,70.03959054906531,3.7463252130935105,50.5023736781154,50.06651021870849,63.56431438148148,7.74010394420644
26,82,95.80876654838494,73.89044841501152,4.971558793444784,55.93592045351427,55.75646542367931,34.564313947097034,12.55501287452988
26,83,90.1375527981152,78.44422077229025,13.65980533491058,60.08960560342797,54.807999481009205,22.4441118026252,17.872466087747856
26,84,89.86204311407985,78.09401489130762,9.043664091432444,64.54471099031039,64.41038166488867,29.04496388948831,18.434522077404857
26,85,82.4101439544945,79.87122637891149,13.31971798344029,73.01047312252304,69.7364970023223,24.18381686041126,21.087069510031387
26,86,86.15436536316516,80.92249125299949,5.384844069909299,77.82113376984738,77.51448634389031,33.28202498034654,17.926198971585602
26,87,84.62499025930492,72.45381465743641,5.608642887679798,86.10408579610237,91.75693404239092,37.50049754706918,15.558932520566083
26,88,89.40415015848522,57.32271147121435,1.5762845175261022,93.11010163007975,97.8838639425862,39.75268329119457,122.45334743832784
26,89,88.41883952629132,82.59553383728627,8.953763737900433,98.84268989490148,95.6108464615994,41.0181666096921,16.468270414415425
26,90,87.56273810188674,85.07801468987496,3.770150838525295,105.8213519362633,99.8455450204852,39.00949429776835,18.148331529362196
26,91,83.81779447444795,69.72570052350298,1.0120277762125138,111.3320554295021,110.4268150190464,38.48479814048221,35.07492306300116
26,92,81.91071582361153,79.62943632187086,0.6568839069430628,118.57136309321136,117.43729210755644,37.68642962538127,23.8720708430124
26,93,87.61990104611085,154.59160965033388,1.8380128522996748,125.61677003872562,122.92247051435338,37.912238881798,136.8501080107071
26,94,86.38570699551474,83.65509800046573,0.8137212878300025,131.41303225427615,135.73778793307747,37.79993043401384,28.36822790811237
26,95,81.71340791955728,75.67046399736121,1.5731419197771928,139.4053700881996,143.10601122867965,37.32554453727493,28.10537769857671
26,96,86.56015695967623,79.05765350999042,1.952342652408661,148.06591490205102,152.41734487891412,39.50541241566655,32.79837697042377
26,97,90.7590347619467,82.79743272029835,1.7103844547643947,156.7671330271782,159.7262786206887,40.29783254350076,28.023272648662186
26,98,88.17942624503338,73.55354508946536,0.1273971679945183,161.11681698625662,169.30198753373756,41.60802440975046,23.423229053011937
26,99,88.94784524790118,174.49240500366764,0.5043124106649374,166.24124836568768,175.90298660132913,41.6719395811638,154.18478028841986
26,100,89.56822626596318,175.66888767873957,0.8639080149064302,173.4850351028532,179.47237747703167,41.92641051035197,151.79915530779456
26,101,89.07456902665015,178.50049551126108,1.373785416621234,176.57775987361703,179.99625412711268,41.2046652870282,146.9468192562896
26,102,88.05071801612114,179.44216990890104,1.1376620388832042,178.37715775163292,178.434719647066,41.135960604528165,148.3590692238655
26,103,86.4575335338877,173.8945770007681,1.0097189758194458,178.6533860073603,178.21680360565438,41.701208749174725,156.7412772718807
26,104,84.04523743301375,167.6160014970558,1.5841724456787216,179.8197382891521,178.50230208457316,38.24677801927773,163.2282543782284
26,105,83.67833521176361,72.96300354452755,1.691879358158505,179.8086740524332,179.07596037723457,37.234966022716904,21.642535658254864
26,106,83.51532570752269,70.8524331086327,1.8513765182336248,179.92241743149003,177.4364002181547,37.70274425653704,20.66378202283267
26,107,83.64715262015069,68.5929846927475,1.7448720216302516,179.73596892498665,176.6443260548904,37.92239982147528,19.646752219520284
26,108,83.76346462126975,68.19621622804986,1.5946172719354474,179.7273832884811,175.94651305331905,37.61440992933599,19.30225479019054
26,109,83.94621813748326,68.21784957241006,1.191026420927319,179.6711843656062,175.88305157136713,37.6630566438781,18.97375446045967
26,110,83.87061406938305,67.40501922713176,1.4179252226340002,179.64285065258724,176.4127570841115,37.709366653290466,18.886798931005657
26,111,83.85682604471864,67.95301638213718,1.346970886410754,179.33247245251906,176.18207309720657,37.87987882566315,19.48633729118957
26,112,83.71971738723262,68.08192087433237,1.2654489261913933,179.38007579351762,176.2202539513723,38.04787965425294,19.5878721527568
26,113,84.05662301385135,68.89680992868855,1.312557615944609,179.77446632384195,176.1967384295816,37.87981394424047,20.168669248920317
26,114,84.94112068948853,68.57661095918189,1.0783545550836988,179.59057973972867,176.48898359369798,38.32958811285766,20.285378194374992
26,115,84.89369049391495,68.16793788543654,1.2373608029326315,179.80032036812335,176.3069653975398,38.08537021772687,19.89507702197251
26,116,85.07614528386516,68.06771717086583,1.2415087201454822,179.7157260285365,176.81223717996434,38.290915571928885,19.684977291746044
26,117,85.23599777305952,160.82399998730435,1.253525594158023,179.86293261355837,176.8236468219095,38.5042376905892,172.44993890192114
26,118,84.92201253002274,68.07845716721307,1.1780101531316445,179.90417668460887,176.8471985518442,38.25081132182788,19.031291771140346
26,119,84.48545564445446,69.18948017236902,1.327268390446304,179.96191666358257,176.53920626953328,37.623129858135435,18.99935747923483
26,120,83.75196276099477,69.88198126405517,1.360688535090049,179.67120719054137,177.3816262786925,37.371696769732445,18.402034663788204
26,121,84.53723838151107,69.74847276076912,1.5822437440442294,179.62843732048037,177.2676004949412,37.57088827287692,18.331829002773805
26,122,84.61031879956487,70.33564068212844,1.4660386671118877,179.4514273527584,176.49165454146242,37.84011999047899,18.96650678769806
26,123,83.76241627555612,69.93452228704226,1.353929767111146,179.24367477001206,176.2686214508217,37.69240352995455,19.26321531651739
26,124,83.55776501406078,70.05276050784573,1.449606104754006,179.37298141364664,176.3189538394102,37.09788443591022,18.9794302277565
26,125,83.25081323776973,72.36815096573355,1.3752757504165865,179.18084589807964,175.92701990828346,37.843751000305666,20.40997884748708
26,126,85.6963574935944,71.32783775721894,1.4450560765864076,179.2045892854807,176.02018579756867,39.279474936564746,21.3635618593545
26,127,86.19045185021851,163.39444840679354,1.417802998993528,178.84155302470975,176.1121931742059,39.22830579805965,165.9888169935594
26,128,85.30727900297667,162.37472825154418,1.4323877934669806,178.6638472617641,175.79163706545552,39.152220184913105,166.75749316035274
26,129,85.57711107335861,71.99361553074013,1.6364137270300905,178.58483340470713,176.0103829703895,39.25371037906341,21.61902635903334
26,130,85.74026292031866,163.7095900770112,1.5748902447965367,179.06476934295264,176.28001509199012,39.5572495021978,164.6384802545229
26,131,86.43998359858377,166.96981753979824,1.5499201514093424,179.143238348779,176.13147623920358,39.94285663072806,160.80553831104692
26,132,88.10967784471744,168.49738200078357,1.3378021270463754,179.1082873916367,176.20733757574686,40.4684204710097,159.8275223290992
26,133,88.30730806587859,168.69886510915876,1.2774953877509942,179.09459774085724,176.5728633320227,40.31827469775212,159.28764730291368
26,134,88.31969924161179,166.98679577849737,1.4156543865820037,179.06006896353128,176.72764484546,40.09878588215921,160.89240044029924
26,135,88.38532708529347,170.71530148157288,1.3349048753321089,179.29349973278207,176.6558651357526,40.33197010811046,157.02378596988328
26,136,88.41366201305378,168.68386290174516,1.485441452936675,179.1116354658868,176.5357719855965,40.22523089899978,159.12840658763642
26,137,88.29710973806151,167.697903142012,1.244739413162225,178.97280349818917,175.90182467207802,40.36246005351192,160.8991403176319
26,138,88.70232360170625,168.72106163786975,1.342169426210178,178.72612651837323,176.10045655757634,40.61851800501075,159.15299677909323
26,139,89.31438970275924,172.05244763405807,1.2515457790420277,178.78384541943043,176.89199634434695,40.4084314837708,155.46652399728117
26,140,89.4933169364093,170.99270578291646,1.411710440615844,178.46578350129474,177.40831819429994,40.52768697438636,156.30005113285574
26,141,88.74603960124544,169.01141619479753,1.3721558354854857,177.98343421848446,177.0811491141302,40.3733683423007,157.6186709820705
26,142,89.15396849004858,169.7567912148328,0.7834739648110924,176.44528492821257,177.24749054758288,41.03633099583419,156.8692993019902
26,143,89.87787151140805,167.85749970243862,0.7409877862672297,175.0805924067884,177.05181703613667,41.568876628441295,161.0631977852612
26,144,89.3858578684673,167.3153852530748,0.7836853519101908,173.5636391375205,176.77855147733288,41.293411660071584,161.448720277199
26,145,88.99779471374544,164.33070572126135,0.6895355555662563,172.52527816057994,177.67572890910864,40.79583752892109,161.0528820492825
26,146,87.58846283783829,83.14914618937102,0.0791629496290151,168.95404905532226,179.4655278118084,39.62721480491253,26.250071254338973
26,147,87.98641390513798,79.99448128663076,0.1751092556826366,166.05554892317417,176.00283443482718,38.072815374690315,23.36380847107458
26,148,89.27026073019711,76.42233653386977,0.0602703538476053,161.40268865868842,172.44841470743873,39.81100953361312,22.255783464784
26,149,90.17619504228064,81.64335406071685,1.102906109108538,159.26271797785043,167.70991531165544,39.09400880709449,28.45830305359767
26,150,89.08369241656122,80.31827323372828,0.025714381918631,156.23984206839344,166.77776167762005,38.09632238234386,26.71454147841569
26,151,88.21644026462603,78.12100068602706,0.1146456925708769,153.15861712441122,164.15617613114827,37.48756526534542,26.372745023003535
26,152,87.75306023991142,79.9115820221782,1.1119005908752058,149.90188810507075,159.4622194690965,38.44913725790799,29.302571158379873
26,153,89.28357576018408,76.0384475192404,1.409723255465715,146.03236675336427,153.7456078409715,38.7433512780997,25.828454841945724
26,154,85.61632646869046,74.86757484794832,0.7536914637338913,143.57457102820993,152.18150469170826,35.99283446678249,23.933839726999256
26,155,84.4811276986421,80.67681302045412,0.1935505280652764,140.92107470603423,149.71792627696357,35.961711692018994,27.900125789243436
26,156,88.63054686569386,80.93456958739358,0.6964257056494224,138.93213140895767,143.8048753443082,36.97603344737239,23.07921976894853
26,157,86.06239252411687,80.28844357418708,0.0972811053651611,134.90345443932557,140.31046031309197,33.764124854690884,23.312060606835413
26,158,90.33917893227472,167.1364475187197,0.4065997144917002,128.36303424274098,132.72776669331043,35.45796916559505,116.21018767477206
26,159,88.79808287815439,95.22079404732833,1.3379564713454617,126.0702846821503,126.77555901819753,36.467439568638504,154.47963164897962
26,160,90.23030604020784,175.7725584583706,1.569682340950795,123.97640572094537,123.98864675935322,37.291449906944635,108.3638407734261
26,161,90.933660505506,92.79325972583084,1.955228352736069,121.30636031019534,120.23358977768808,34.20115173701188,121.84669111034032
26,162,90.40005398351032,93.83803930330131,3.532720048054751,117.28154472841308,110.9200241139794,36.63213305045678,145.2332392873134
26,163,91.6504320404978,98.59209937297388,1.459382534526256,113.09093355405012,111.79996026711886,36.86006569218427,128.32183801369507
26,164,89.78371796551284,80.00806552855947,6.22883979654293,108.03033802770574,104.14913461238712,38.14986125605998,25.31231363274552
26,165,91.01755139533216,84.0884658667567,5.774604640586548,105.36064892475687,101.96872042906908,37.8401807436428,39.94019898249324
26,166,92.5665006858998,83.81825240288583,4.880229745461638,102.65082777349876,98.88678717497385,36.59121519093679,126.04221619693018
26,167,91.93960849913276,82.85428951462791,8.495373972138744,101.41781594189747,93.47117921391036,38.89729778939187,117.15428174169368
26,168,91.12796602147408,51.541065804747966,10.931583697312991,98.56147750709086,88.85283594742236,39.21128179786789,87.67410076783503
26,169,94.62601031039922,65.05503549345102,11.85764537257204,94.61997752527851,85.69876211216831,37.6215258959275,127.18270750077848
26,170,87.80060597623803,5.404713526120753,1.0759930220394014,91.69416512652238,93.78000874320966,35.627456854807,59.076651874678326
26,171,87.5484491474808,43.67062607392517,0.1309199207847632,87.99663736365355,91.28072971677956,36.48249891994472,88.45314330664645
26,172,83.99839431505706,78.08536489808623,1.5766251138853415,84.82750103816636,86.20162959850883,35.747416656306946,9.295675982603278
26,173,86.64049326880188,84.44708875568871,2.283619519639065,81.5264207606364,79.61746975464534,33.07521783154515,14.845789037389022
26,174,86.95863140140354,84.43818045709762,0.3746761793164513,75.62381715288413,74.92498096093104,33.782047546272715,16.158821041596426
26,175,88.46968870452403,85.10587019744156,1.1750851905788988,72.89876839428223,71.47535096132862,35.559402013504574,14.046739371740316
26,176,85.58295590556861,80.78250124157381,5.362626207382874,71.21595689052144,68.1832530022879,32.03808776976311,15.339382620735982
26,177,89.69616644726598,81.43729317866267,7.561313189855133,68.06798191872502,63.19836236702166,26.371347862058816,15.450111401048137
26,178,87.7170011303161,82.69210565593302,7.343389808736579,64.89285361375443,60.60604642233652,31.84309208856755,13.813275602754803
26,179,39.89301665927669,77.88683678572892,4.796927864004586,61.99502904741469,60.72466539478115,28.59068469615426,24.23419211748235
26,180,84.19882471688584,78.80707627705236,4.959185069378927,59.922611455141094,54.233444587839074,18.067678464741704,18.73997180744538
26,181,72.22544721636885,67.49118619158983,2.4039403715077214,59.73450576699617,58.96842923266482,24.289140463702314,0.7750841007699469
26,182,1.422937484982315,66.73266628861448,2.644644120832772,58.48706236572356,55.3978144221408,43.21011480797692,4.916890629844523
26,183,9.672059425249984,66.43703061108661,1.98894670539567,56.43653915346546,55.18956833112909,51.23445427555648,7.876517539197681
26,184,87.53205292753499,71.64962390057421,3.0092532565718733,53.95260186884568,53.7190404993677,6.766756813068411,3.612414849680445
26,185,85.41739131222644,77.30086070403371,3.384640798041129,53.565522089802386,50.684306332681835,6.709641664855995,19.47597502218379
26,186,89.27294011657254,80.6553065206321,7.241659821879902,51.04780081889375,46.0049114821755,23.495592170747265,12.877386201244644
26,187,86.4660340893167,80.91435574128128,3.1550856191108028,50.52484503814616,46.69233914788175,7.717182323993916,19.83933108250777
26,188,10.635455113493585,75.31041033113804,3.724810638190083,50.226876619304065,47.95803248179669,33.58709760790367,1.560932105950945
26,189,8.875671356064442,69.46203207267466,3.174428801543295,48.84903710750465,46.095323603310774,33.50856366362439,5.132290585649093
26,190,9.649062209663136,72.42927991254858,4.111280092829128,49.2706426139155,44.45416251236187,29.76408088894424,13.021116333953511
26,191,2.525696169091243,65.94208691598665,0.4460371858817831,50.17162620606893,43.48339796497798,34.46154871367872,1.88996797453107
26,192,26.570410182201268,62.106660915063394,3.5443125373658737,50.67461765880236,42.48531154630472,1.6977820131963195,37.81228963801254
26,193,85.2041219343377,74.02208431656656,6.594354692456077,46.829080930665526,41.369813240072304,1.9985353416445155,0.124929138985595
26,194,89.21369703832531,74.26362271610786,5.734690915811548,45.478888076973384,40.221077770994015,4.180869852096512,23.006139994049057
26,195,7.704209681361444,69.87591527139234,1.2616585667903368,44.92876718493467,41.48329394496493,33.407922508724305,5.20382352489973
26,196,1.3735477697055305,69.37983480230731,8.609482166711986,44.475052957100885,38.479771792843465,33.16115721491772,8.071404400446928
26,197,5.78119816257748,67.665147428838,2.628684612355218,45.02109357146883,40.845613539360095,39.17757888655439,10.896834572152857
26,198,82.40537689740395,73.72279622540825,0.2730607939012612,43.48861488568815,41.095703732536286,20.757694045257864,16.335142769682225
26,199,17.492210516478135,72.04074743034806,2.8389193631305156,42.86020052093247,42.06409151963582,45.35365003851967,13.622928393707552
26,200,18.040068609268385,75.1090066902508,2.2747492560139,42.33712495320002,42.93176920393956,49.152959825149864,16.581647574654443
26,201,17.96684052028335,74.09855216899133,2.8313332841669467,42.1614895063605,43.13056802669084,48.501620032416994,15.971318052910888
26,202,82.18094213715403,75.02304658968616,2.5719833267285654,41.12110723396895,43.6710232088924,17.409967297149144,16.0381685965882
26,203,82.22623481954294,74.78760680039447,2.7637946042513826,40.99530633214597,43.486842781631104,19.819474447513905,15.236815277320495
26,204,81.3679100752386,76.9336053712977,2.604466174979335,41.156755942458034,43.16956968415888,19.854705251948303,19.52328172412698
26,205,80.98549938131855,76.35184765035848,2.219868289019433,41.13448188097747,43.088291519622274,18.7095559423781,20.033972119347403
26,206,82.17147550840272,79.04375811069127,1.3369382000301295,41.06627550743718,43.012840557823566,19.95593178602747,22.271170293782692
26,207,2.837010430668059,77.45425893818336,0.9764383265704564,41.76172063844909,42.24904954089393,34.662323844530405,20.593274439574788
26,208,2.931153105237366,76.87097167324274,1.09863584808847,42.06195835481886,42.45609680793123,34.43755033653723,20.50126051146857
26,209,8.850818536848998,78.34089881459329,1.800669770656525,43.06368995042172,43.68101388132777,39.87680138418501,18.935483152470255
26,210,18.63368048484744,73.13917563319467,2.3919323100640155,44.87789885309233,42.6010477069967,49.127922646619645,16.236895845071807
26,211,20.970010951270712,71.87797202871164,9.867775737864708,45.51052022747227,40.854321525718824,49.63202069651822,6.464122808371179
26,212,24.381566741793662,69.95735886729345,4.7805340036351245,51.40989825529026,48.774194772138905,59.13113339451886,13.307252845171462
26,213,17.113282684714438,74.77362227498661,3.608889557739963,53.38785408886041,49.1701675179164,58.065023433108905,18.482525786368814
26,214,89.25629732129505,76.50166365756252,13.624359229535756,56.79203131441594,48.61829081269659,19.694610323688217,17.67759224174513
26,215,91.13729650627432,83.36927836736979,11.303721371489454,62.03977287251359,58.764914909879174,31.0291814424594,21.922090008926848
26,216,89.78478241191708,79.56405390775026,8.123318181939522,65.92760265555579,67.25558061556123,31.4824346814741,13.910434872193488
26,217,87.72281431828334,78.86689169868752,16.426822753211265,74.04916674643408,68.84043085564392,32.51229059275727,16.85051597569649
26,218,89.84566776325877,43.20473923875264,14.8946732714355,78.655882300842,69.43055344704702,38.20194611907269,95.26738179323658
26,219,92.18607755516086,64.1481388060419,4.287605516820999,84.23614546327249,87.15688523345402,41.53330095795276,95.39790726393112
26,220,93.42105343465607,60.36880490787039,18.232337424283724,92.40176584011566,77.40516634778552,41.14229828003653,77.12763337014559
26,221,89.56647530323085,80.63935282959132,10.281118618014617,99.38471691675416,89.87753753837173,38.47751952351991,41.990541236713185
26,222,88.2553900566714,81.67812327079767,5.0753191384545895,104.67253025841124,97.4881159056754,37.43022978229233,37.38867984805032
26,223,85.55246996994546,,1.9764183428660516,111.93746977619512,106.48155836112711,34.49527415006315,
26,224,85.26026522162358,80.58949152936992,1.0248374519063,117.54629640867444,114.28664754550375,36.07670620275805,21.599405341049696
26,225,85.04109346522064,74.30668894812217,0.6950944879888575,124.06568203118648,122.1216548245182,34.882554140111765,29.850045423376503
26,226,87.57968759775044,87.45968506953767,0.6554303930202949,129.25792097370137,130.65029189254713,35.88211353119377,33.23656922410018
26,227,86.48439381120912,78.87099347396274,1.633289579386075,135.3024628047567,139.59183261823893,36.15416111117184,30.9503969833413
26,228,87.54183615061092,80.89276275150911,1.8881222729467189,144.70679169324566,147.80005088947357,40.95604778139166,38.7480010315128
26,229,86.67844972955804,88.10410064903823,1.8414193244503192,150.73194781740165,155.86697948029175,38.2660393740294,42.2201776550392
26,230,85.85903097942366,80.59684943930849,1.2939687190790996,157.95685831671764,164.7876449946748,43.82051187733377,30.01359266041755
26,231,84.1565773985601,75.7560381552626,0.4398665697121057,162.626404619242,170.32074799275807,40.8690359633094,27.152666730642206
26,232,83.40654804168959,166.65307178534948,0.2231299371747429,167.47524005296572,175.44260801144492,39.563691785350215,177.7644347493606
26,233,81.81968105931476,75.97719054493791,1.332326514483825,174.47636264939564,176.9402882306255,40.68347351551654,26.97495594667199
26,234,82.62989360871693,167.59532724143335,1.5167936328277465,176.77932487506598,176.17612475429186,41.30200382891897,146.05559515869808
26,235,82.59117877644918,149.98876147534523,0.997824112335052,177.01740451108526,176.91670530380256,40.69361350435651,130.5432749123599
26,236,83.29950195537948,159.0637244836944,0.8675421384049574,176.13767312874123,177.76226856913527,39.528243910516466,138.7176655366934
26,237,82.69876693471784,158.76179392615288,0.4003959171495336,176.19804293768587,177.99569917745885,39.34489692296754,138.3294989737348
26,238,82.81358557771463,156.48982663673723,0.5149915692657245,177.19601553233915,177.78835589603628,40.552162070799234,135.69347387055382
26,239,82.86281151503646,158.74146461809295,0.7131279253147648,177.6136332941854,178.007587493618,40.820151964309645,137.73823604530529
26,240,83.13873142600254,163.18122317302678,0.5333082010520186,177.4988441583812,178.12095404040488,39.94704616312151,143.02679221190826
26,241,82.68150258131985,175.15374226322845,0.5326802292857746,177.07680301075976,178.98478261056823,39.747409043482115,155.1499769403442
26,242,82.69603531221122,178.00747881799563,0.5315573930335395,177.08766061388877,179.24306935235452,39.62383224177353,160.87848026583063
26,243,82.76935060802111,174.81345317055798,0.5040547111161606,177.09337222329862,179.11164473623825,39.95385742012843,165.4224341622692
26,244,82.89778305933261,176.32616347074435,0.5050587807219945,176.99330812382158,179.1033786186055,39.87024863180659,164.5796722061521
26,245,82.93890300360502,174.67867116866034,0.5125605525433994,177.0394868862281,179.0501341036516,39.209481425567986,164.86875814101683
26,246,83.70487680739593,174.44974570678573,0.5549616090423977,177.1023831981146,179.08828739193416,40.14307429840338,166.20983528615247
26,247,83.21168999446587,174.95880189816802,0.6980882972221799,177.39023575584443,179.0461118505677,40.27667313491851,164.80854867390616
26,248,82.69906948810004,70.23799301398586,0.9875892545927664,177.47862697919027,176.8955777609282,41.99842355276733,24.89041694223116
26,249,83.03769846833548,69.90924013908528,1.0460872017051532,177.46619900576866,176.9420939870615,42.47179802582546,24.526234793897956
26,250,83.39189372281767,70.22987674608245,1.0091183730993996,177.35848017410717,176.94720303997366,42.69580043102558,24.585079682185427
26,251,84.17229386705179,169.339953712171,1.0451459299093682,177.42960983446648,177.03476392821878,42.46573581063047,171.66273139814547
26,252,84.72888966680281,167.37559698616874,1.1299093975663306,177.5033084324424,176.96076661840297,42.727280775202495,174.25078813515734
26,253,85.99283448041092,170.95148118397623,1.2219815008126984,177.7120439353502,177.17773841659144,43.02512544949166,171.53080382913194
26,254,86.713473168413,169.82522221062632,1.1499219829590537,177.3632260839386,176.8168787507936,42.6607165201854,172.84829113708057
26,255,85.7642058751526,72.96675017706299,1.345613970825586,177.17879252487484,174.2600836928129,43.28976186107796,25.82247842298606
26,256,84.15161585330809,73.05252029022029,1.2714303871699022,176.86281160582914,173.61575637390237,43.331014816795815,25.28184021708835
26,257,83.85683689135972,72.32195370740443,1.1609670129219476,176.29575784147133,173.02657403321624,43.79640132613734,24.634458773627266
26,258,84.8432511799098,70.38472638485167,1.1722032036988286,176.80491508417464,173.54785301566557,43.07579519628611,22.899972636421293
26,259,85.72016277662547,70.68380449563628,1.11722686333308,176.55614333727684,173.30915856866116,42.94763089223668,23.041572936271
26,260,87.1976346384054,73.03339875018342,1.1950128342061106,176.10157239933406,173.11628825819673,42.13206120741859,23.35281089102399
26,261,88.0747856442932,75.04008027591637,1.2670034937201573,175.9889001191201,172.5630741521487,43.17562471660454,25.01315695540395
26,262,88.65042451705787,77.96928255829252,1.382986431131298,175.79522039410443,172.2589967807543,43.21827081802749,27.278493963415514
26,263,88.51020998158307,77.94934453255141,1.3840869495637491,175.7866550784662,172.28927203749575,43.53315658764391,27.18043769175185
26,264,88.62721151090555,77.61937740569013,1.3388744078836627,175.75251908376725,171.90835359315145,43.725978885971465,26.93101102460168
26,265,89.02838827123306,78.3969699254341,1.3851254525015273,175.4986530940988,171.2972113322568,43.96997357376999,27.268222892119187
26,266,89.65049844900264,77.22894045855853,1.2810287998823695,175.46596546195508,171.23226061252214,43.97123669155865,26.40105839440307
26,267,90.51032481222472,78.12195021312769,1.3553277137099329,175.4695768756971,171.153079635187,43.518351963375714,26.844334278039412
26,268,90.4545502470058,78.60943948923953,1.145393944891181,175.12166633122266,171.16493996941887,42.356030925161534,34.99455259201259
26,269,90.00421071147855,77.07446223807034,1.124582898769669,175.65524355750398,172.46375892938016,42.665460968911816,26.26113305535043
26,270,90.06795742860184,74.09914782632849,0.9792463890557376,175.91598521705188,173.8330398122527,41.14151673302916,25.497243363650053
26,271,90.59435125695936,72.15278075263438,0.905082843614581,176.15002811078838,176.40511070815117,41.338627659048775,24.589520985918902
26,272,91.6993912803096,70.0890277913782,0.9787021179491954,176.54348575049775,178.67802652776814,40.85812910302348,25.25444144754058
26,273,93.0444122372353,175.22289741367004,0.7157933978740918,176.0050672952317,179.85300530446585,41.48184219629692,149.35093254986958
26,274,93.68461291178242,171.60456125879912,0.7134393661723221,175.09685041986128,179.99387652797793,42.14677420708298,144.03193660206546
26,275,94.42186987561897,66.933376294881,0.2000626284671207,173.2358877693522,179.4500464597509,41.3879122588567,26.216403165945444
26,276,94.63231764318547,68.17198315045083,0.2271012033599964,171.2987902428986,179.9852369224503,41.84059349131096,26.518834469405725
26,277,94.91928828170656,81.14399123975072,0.1961035266281816,167.52006659581556,179.29699627745,39.796709610318224,30.980404352071197
26,278,95.7147241686358,83.29185118027527,0.4938503025787727,163.79150879326826,177.7368723524459,41.09446835912773,29.86306590145436
26,279,95.06929221761249,82.60710500558557,0.4771551429236819,161.7594442395082,174.22429710825543,40.91964718214015,28.88928334446125
26,280,96.7762428136455,86.16766418496532,0.0942689030534118,158.6973231623628,169.16010262151448,38.623724886258486,35.76440093696121
26,281,95.90595434250751,88.56048540820674,0.1493175407513805,156.72833078870102,166.47656979343665,39.73358169543139,35.515108667717364
26,282,94.44483888864576,86.03166898736234,0.2713938400137013,153.3538845788248,161.9999708196296,39.784655495061024,30.185094714273895
26,283,92.33457783497322,83.99894372082998,0.441259781127807,148.09487082984234,156.36417200685528,38.70661516315578,28.08332257107097
26,284,94.33361262141224,84.46829888595735,0.3740765715122745,144.14797227081698,153.03957910834174,40.5261356616416,28.121680605261613
26,285,93.01518933766626,88.59181679483892,1.3046834196836126,141.96357698220262,149.3562123959865,37.55037232019108,32.08351870768279
26,286,89.80149693000317,103.96400156858948,1.066023046309477,137.4653916156028,145.5233256697328,29.63731998806195,47.238178771384455
26,287,89.7649453754261,96.06132213400332,0.3149158984999337,131.99361597749763,137.8739823533696,33.7966499267425,40.08930122274841
26,288,89.31336573353315,91.72470539492495,1.168349499151344,129.15581857123846,131.38993696018707,32.246861188289074,29.12655578149336
26,289,91.60644219712955,81.61995650270934,0.6140215170234705,125.56709949654189,128.80817624935963,33.63920568721762,27.989249416539383
26,290,90.32827225703556,79.66720332412163,0.7271359487067602,122.51687813118292,123.88355243957294,35.04155018396996,40.59185942300807
26,291,91.42522257886418,87.86790028103833,0.2622872862485956,119.59170049196564,119.6099411725161,35.029857979660164,31.22159592657264
26,292,92.9466928905954,89.36753179356322,1.8197068024437344,114.59150723535376,112.41634765933,37.38284823013078,122.11005543606689
26,293,92.49929606040948,71.15149863754195,5.785911282783914,109.16736454183528,103.33304641930025,34.0018559095164,101.15131579041665
26,294,94.64489953173369,85.16988550253076,9.58777467665281,106.6414134269187,96.60861845710828,37.72931359143658,49.91256830057428
26,295,94.18468991646796,73.03994940779792,8.222695396584454,103.0543609498162,97.47202773896096,36.56828169117138,94.8778631032075
26,296,97.93662477192144,79.42186093929612,11.414282894129633,100.55332926745584,90.13356634478882,38.06884150500945,109.2038403753316
26,297,96.1226290828067,68.19835241266514,7.340040174350434,97.55077143043744,94.05302817053924,38.87317238546572,87.91247380180951
26,298,95.51230914933949,54.840166393487955,0.7515688630238103,92.65275247121288,97.64716035100854,38.94946664712763,101.4205309654406
26,299,95.31099621415088,64.87576027839037,0.5500599678863572,89.25321705632358,91.37050029012715,39.64687427760847,110.0670574243822
26,300,93.70615864083364,52.00768423067634,2.6903146092093255,86.53778835281308,88.03425560288028,37.57867714197388,92.11799602921536
26,301,89.81519237202974,81.86341094483521,1.0232465947129656,82.99880606299318,79.99902108102917,35.71390608960562,14.440021153147471
26,302,91.37203926513604,83.96524503041103,0.2463630425059234,77.46618513125551,76.42781093430925,33.31328552691387,12.838718065836002
26,303,91.97428635871869,82.79456034860819,0.1722877530080457,74.37429315805046,73.9362970891946,33.959800335533814,12.941366307266584
26,304,91.76546885141506,82.46691090745541,6.685996330932407,72.58363858870166,67.56801994065826,29.57107662080313,10.084613548992936
26,305,89.16880921757003,82.29552624486092,6.834873879678617,72.12907535015354,68.56194267893783,29.505996156524127,12.468010576780877
26,306,97.44540107174312,81.03149329417559,8.999045416899417,66.91545898056292,63.23875975101752,33.17072192379388,12.120255504315235
26,307,98.41758549841194,85.691399824655,9.755781218971036,63.19333692930945,55.620285230525774,35.50211399581358,8.712536039812376
26,308,99.05092672340942,1.4479714179027463,12.642236290128007,60.60365240755684,51.92184114756595,32.39431709472677,45.09076999870349
26,309,96.31661474709335,88.53425971135468,12.827263543496205,58.32980298710952,49.69642994779243,29.61789392566761,16.995012519447204
26,310,95.082779835666,87.43431037539783,11.459154264574137,56.29125286879951,48.07751062104885,23.99889691100381,19.60601185737773
26,311,91.3052064587446,79.03856740043295,10.83503821575838,55.62328680496231,46.35296996766683,17.66962776152339,13.976299799329322
26,312,89.01648566070818,75.42449919889248,7.808733360061858,55.05229842204173,46.35567508639475,9.415164125611875,10.690058422912362
26,313,64.55522198905265,78.08057847579578,3.805929939429167,52.8305453390419,45.40010868165767,36.938896006315055,14.751249325349136
26,314,89.45975369514522,77.54594044353317,4.300887248074052,50.48106897561952,47.561965077224095,17.815809676328424,15.14050633106567
26,315,29.828030089024622,76.54003262084218,1.762359211017607,51.083890378253024,48.302445116643355,52.8009792545079,13.748224073965432
26,316,19.90169914842485,79.38789271550463,2.7898561703518108,49.03621054510928,45.25976141238238,46.162425733991824,14.36996590689886
26,317,18.332370499318905,77.71067757782181,3.187212876222871,49.18628890501669,44.903721546102,45.50817063031447,14.14513543355027
26,318,15.056966021674388,72.27491786918847,3.2142174986857635,50.36183627294485,45.404904015871,40.96303893831772,10.61810770794076
26,319,87.47254498331127,76.29676712429192,2.9946746362047096,48.58779554714578,44.10852017967356,23.35397036608431,10.646353901662795
26,320,88.07103113034587,74.07183124577557,4.1036315132866426,48.424132482469595,42.12510838854473,1.998168340481047,12.294083645665443
26,321,44.11441138347118,72.59377295721907,0.9125155031782964,47.694645705806046,40.82323679100912,29.342742759420172,9.133750912549994
26,322,88.89777498026241,74.2757124873847,4.568166777645924,44.446886152143456,39.4929005847428,1.8023817004566751,8.860133820990736
26,323,86.17248128082208,74.00019886776451,8.728483523522634,44.20696569395513,37.77063166486262,14.10339033202994,13.357714559312711
26,324,16.458061771494844,74.12910510132753,3.952958745763144,43.532711794785484,37.59071483081754,42.48804842086095,10.67182313103569
26,325,17.89847149735521,73.00906210476636,0.4850815326117022,43.60013577133661,39.87221773160551,45.56639649273789,9.910848620654008
26,326,30.26881219191321,70.37408489396307,1.576300606713272,42.94379260257859,40.53541889046384,41.88650895847183,6.201092228267033
26,327,27.763389920830868,72.2247044111019,1.6223382077075306,41.340998468957046,40.75646577166517,53.90716457069854,7.833800697954948
26,328,30.47466638676428,71.89179063818519,0.7228185078213468,41.15957852726272,40.06349582576339,61.201275197291395,5.108872524196133
26,329,20.138878251963156,72.51353870693387,0.235963581263126,41.04771733761062,40.53235083491134,52.27513802944509,4.674568667751765
26,330,17.41815240851927,72.48335423383922,1.339254074591972,41.16914991577624,40.85542601828804,48.411686219519446,4.38436124140453
26,331,17.115184648096307,72.74831607763667,2.10185593868896,41.40402858423145,41.36187485342498,47.78606796334786,0.6995802000491544
26,332,15.064907086337202,72.59386303820803,6.160838380707564,41.45449301051184,40.14114280721525,48.33273576686545,8.591773905510076
26,333,16.21070953871883,73.14566153192952,7.063511882391444,41.81817769522535,40.04241706975374,55.40300935711649,17.318162797902158
26,334,21.637755422046535,71.44624567558866,5.056567914296297,43.76551043515737,40.10110491061822,49.1738727669411,14.096638604059342
26,335,18.89708231669613,75.03808106244551,5.266693860211355,43.668232771648306,40.43178506611983,32.46740376565683,6.675717840693572
26,336,39.90905043984896,74.22925747310828,1.2542442972892442,49.103793095467175,44.73416889015765,32.9963993484906,6.058724396661282
26,337,5.882871210296066,75.00549778244284,0.6171056403364122,51.27064149301009,52.701762682593895,27.58819537672933,13.499919345964509
26,338,97.86623148862672,76.45805005279148,3.497784476996264,54.67671872339474,53.716854008537005,9.618993678791409,12.152050128837448
26,339,71.56191820945189,77.44594396245756,12.456422424408396,59.35798730433732,53.66364431065801,41.682940026168424,10.854844795179336
26,340,89.77658050938018,83.97437605617226,7.269721097822817,63.46599915296924,65.04770484385865,21.07054148300602,20.822842437323704
26,341,83.51677331314819,83.0194281257948,8.213956617606838,71.44715149768112,75.000754359673,16.934681324462524,21.397580730792125
26,342,94.90551315160386,86.26623668727832,8.490360714704604,76.38258113709136,72.71673552710949,37.59885891661122,11.08502968565921
26,343,86.66461679388013,78.17180757831099,7.072656686210106,83.9350923579491,85.17157169650899,34.18374742370384,21.727011129913805
26,344,91.93369502386936,57.11758865979097,1.7143357780509638,88.26015081272882,88.15466227851361,41.803451622978535,101.59331285888324
26,345,92.36547089931484,49.19869230852018,12.14990458137098,94.60946252647796,83.08672156114362,37.49972121001943,113.0430240618596
26,346,91.0515947871792,73.78565898700859,9.184196735894735,99.056596149559,92.3678448140284,37.55997702201116,26.908677963460377
26,347,89.9134873208784,81.45817140424444,6.285454957983061,103.7389452609773,97.31801275721818,35.17120169673717,32.37897798395962
26,348,89.68763517632989,81.47549979619654,2.3148258705742317,109.29886164952592,105.7093602160432,37.501663636034216,15.651887270269444
26,349,87.90509442239978,88.6680332528092,0.4052468621140991,115.52224702916952,113.64505444339976,37.783304122511105,125.3146242120341
26,350,84.16027250591,77.43001928888484,0.9439680035900072,120.1833456002532,117.07378218319111,37.99500646009271,28.24968115075215
26,351,86.61948569185539,77.87869028466504,0.1685125531025748,123.64315237647038,120.49776774685226,37.87363911624905,30.81445447405022
26,352,88.82604642072353,85.6890986003771,1.224255470477158,130.79601953891304,131.87083530515554,37.431001350036645,31.990470159066685
26,353,86.26883477813251,82.94401319976731,0.2304939461495216,136.20733683599954,139.24615513634143,37.36200186308293,33.52574701643056
26,354,85.62105010701922,74.35466879444368,0.8553271014450053,145.49971581002953,147.92709100391104,38.31709940212131,27.23473100541416
26,355,85.2375266073953,169.1201176759908,1.860836572698449,152.20591000508452,155.92866744692213,38.227371273573105,143.8937355448772
26,356,83.18270576542433,71.55993612258115,1.3709463024340556,159.3956092771037,163.47595822742312,40.42068462956062,25.659568255535653
26,357,81.46064453614618,68.09836065730765,0.148706159093026,163.00698132854285,172.99943162918186,41.53851275686626,18.05459080042721
26,358,80.61676349952971,152.26231810303562,0.2807003045982814,170.22251872011267,177.93660504993866,42.362792362407234,174.57736774505747
26,359,82.02759720762266,164.28840695440064,0.290111113281724,176.4917549126816,179.3018872647441,41.642776002238726,173.84079319182928
26,360,80.49790782630839,156.76459586925415,0.8852983035816083,177.72514579515848,177.33942519625597,41.915222727516536,178.06774405102698
26,361,81.41980449783054,156.32866809302573,0.8465217329429894,178.07605268621998,177.40454647053997,41.43865050434843,175.9504752288442
26,362,80.6145128104612,153.3705189998597,0.778236287714788,177.32136970152268,177.0560971676294,40.4901045928164,173.19530241096675
26,363,78.06174294598696,67.3577142680181,0.524709222227258,177.07464070634362,176.67861993525923,38.60292325044503,18.241267983691955
26,364,76.92206403154367,65.9051784674158,0.3714542216267725,177.17035202933448,174.69829982587407,37.9825879906794,16.69774285385625
26,365,77.28430877568586,67.1815895475596,0.2807376260555556,177.1678878739084,175.31605322708938,38.024239775422515,16.500568265015794
26,366,77.6120786863011,66.5017363748351,0.2773509262188178,177.81002256209885,175.12876499970986,37.97651842019213,16.552268022489248
26,367,77.76250852564246,66.24301567833899,0.1492779610848898,177.6950429583533,175.2747255275646,38.07922066808818,16.655432278533834
27,0,34.601805312210395,36.987087915113776,,,,40.43444858462848,42.40449115328316
27,1,34.637408761962575,36.97922883037644,,,,40.446223112755725,42.41444509852475
27,2,34.60602030478024,37.09772466616631,,,,40.216118268869515,42.32681148976498
27,3,34.55176064294475,37.051106100456714,,,,39.93112027179256,42.16495328446656
27,4,34.47788490797499,36.79993718572172,,,,39.660148510610625,42.24811742088264
27,5,34.61571713987528,37.29118222600613,,,,39.705071812865846,42.65491679627417
27,6,34.569581683701415,37.26164740338405,,,,39.26737488947658,42.54889827733794
27,7,34.631931528870545,37.307574077843526,,,,39.347485800385805,42.8417840893082
27,8,34.595456754651984,37.60581030243472,,,,39.36068696339278,42.9432936889524
27,9,34.56663528451497,37.43244551183926,,,,39.52496603867363,42.875124497679714
27,10,34.21539783202182,37.47188271061018,,,,39.25955856342699,43.11370938541656
27,11,34.58505890036558,37.257052298083266,,,,39.4394192790176,42.9357463270323
27,12,34.25863016348755,37.19649629198647,,,,39.237124761425115,43.107860350981866
27,13,34.271600033258494,37.281407304344434,,,,39.387722272258976,43.52814951569436
27,14,34.239955376559664,37.48871626844652,,,,39.4006258934711,43.50674664622461
27,15,34.12349120443198,37.32132558437814,,,,39.40616461947947,43.355768687481046
27,16,34.16417640865488,37.17965872575017,,,,39.14251229115197,43.62893824574879
27,17,34.16211627915038,37.244362637034705,,,,39.235941281416466,43.53056854506011
27,18,34.088710315024194,36.82451567207521,,,,39.25450353630608,43.1860989835667
27,19,33.81814710451112,36.7630419287026,,,,39.489565010669466,43.39660866942651
27,20,33.96781638865428,36.4243053416498,,,,39.40363257701349,43.00881601945268
27,21,33.91028597245562,37.093574027110435,,,,39.41297460808644,43.5575003184805
27,22,33.991355098608004,36.570423772338344,,,,39.50096283462341,43.31928365355718
27,23,33.686831343924204,36.91559801164626,,,,39.52830292385927,43.578639428904005
27,24,33.87216424412997,36.9557472045456,,,,39.27589196790766,43.27372871767944
27,25,33.709054995506115,36.97950338631589,,,,39.45703031646613,43.338645059214294
27,26,33.441351092745485,36.825859990291,,,,39.24544840584337,43.37377508991255
27,27,33.63056318165416,36.76244309787686,,,,38.83464535174843,43.3088688341664
27,28,33.392723813473175,36.72760141940623,,,,39.31008118888893,43.03241629026152
27,29,33.53910558706729,36.77053251819101,,,,39.36700025604927,43.162287736648494
27,30,33.61747059031092,36.85339419175721,,,,39.53016201243346,43.093392295556384
27,31,33.73332054194742,36.76731284750457,,,,39.538997988991426,43.20008827191331
27,32,33.78025729325986,36.70904241998357,,,,39.60852492236938,43.25153199678456
27,33,33.73739485951883,36.61689557932292,,,,39.60976426525508,43.312495164219634
27,34,33.72089376442134,36.592590756798906,,,,39.620639747416774,43.4379567233414
27,35,33.860103455052986,36.55945598754308,,,,39.66174969305653,43.36477883896327
27,36,33.9736498609844,36.70683355853144,,,,39.78041023623478,43.39428390172627
27,37,34.11409468878654,36.657610332579615,,,,39.87218670463397,43.27108393065589
27,38,33.926780398972454,36.61508068470622,,,,39.83311890961255,43.13540131444272
27,39,33.643043062668795,36.8077152571178,,,,39.66014466203707,43.37335539989565
27,40,33.57267122626747,36.79892031396666,,,,39.63851807260462,43.00357810843448
27,41,33.470435166281675,36.67765427364603,,,,39.55885739760999,42.94545024612993
27,42,33.59795522242601,36.44284448363503,,,,39.623255977890224,42.92893982759173
27,43,33.57965334271525,36.47348458870541,,,,39.4675005827904,42.79956993906596
27,44,33.519823550459755,36.59765151034515,,,,39.34960370696032,42.88596397489812
27,45,33.5494025042396,36.67013707260111,,,,39.24670063537997,43.07545059935859
27,46,33.75179646614123,36.453393038998925,,,,39.57599614874658,42.93008880943701
27,47,33.88144841261872,36.41759412289789,,,,39.752994803814616,42.83441879387608
27,48,33.98579625463836,36.33053326339335,,,,39.71093532693936,42.50555365042184
27,49,33.949654074381336,36.250747760747586,,,,39.55095097334271,42.25691365151916
27,50,33.89104349217439,36.33850441553973,,,,39.46294112714472,42.42801520055912
27,51,33.98674428429871,36.61136760115437,,,,39.59531906548501,42.73348231020251
27,52,34.13073353905204,36.55927540030895,,,,39.558006886869954,43.395202737860174
27,53,34.50415281769018,36.64311350225847,,,,39.8979515298832,43.05845186924273
27,54,34.41354557516318,36.37436554175556,,,,39.962630111553395,43.138984159686565
27,55,34.42716890055197,36.3694759078281,,,,40.41814066962293,43.0484223226926
27,56,34.10533558609321,37.08119582138618,,,,40.44967468667326,43.6129179007543
27,57,34.20057816256347,35.984378374753824,,,,40.967603004326385,43.10397073644492
27,58,34.36832476486376,35.99123981256686,,,,41.06412887494595,42.5937564257445
27,59,34.29153532499322,36.76605422969376,,,,40.83459773812656,43.74126728354982
27,60,34.14292467967562,37.482229141115994,,,,41.34596593668479,43.844545219859576
27,61,33.78437892589949,37.04945033161463,,,,41.34374263267416,43.621901827321814
27,62,34.155598156920334,36.555102390514,,,,40.88021996240394,43.396685119709126
27,63,33.45722398694267,36.73824819777368,,,,40.5836352143389,43.88998935802739
27,64,34.17585219866121,36.38517162989812,,,,40.80777555503195,43.41728954798673
27,65,34.624722421475525,36.37560793914875,,,,40.9617196684233,44.060367074235934
27,66,34.82554795500843,34.72736993767738,,,,41.54870585889449,43.794652504721554
27,67,34.72993237138123,35.0272784784832,,,,41.35240452218497,43.33857041717262
27,68,34.63948814308932,35.58825887090932,,,,41.29946857442681,43.71721489633525
27,69,34.587561097860174,34.82873464276353,,,,40.91303590648278,43.41126020606878
27,70,34.650677854945805,34.429148990729985,,,,41.15641783316688,42.741250010389734
27,71,34.51682341509165,34.255994557264955,,,,40.86047945239287,43.024572384310126
27,72,34.88760138468074,34.63405942495912,,,,41.077186595364545,42.92562884011882
27,73,34.727390208095976,34.84731823068631,,,,41.03410821630141,43.199114710582954
27,74,34.90699750240074,34.834645297848006,,,,41.73317295082946,42.26395723163842
27,75,35.065476860184056,34.76946389306764,,,,40.79664701065877,42.92415295286262
27,76,35.35207630333653,34.27035467886008,,,,41.44979218959015,42.26672680923316
27,77,35.04147425892573,34.80925148431065,,,,40.555875385664415,42.52662470757053
27,78,35.40361996859113,34.12605419893478,,,,40.17323061466474,42.28777984587248
27,79,35.133512246964045,34.81001605664915,,,,39.94770802034204,42.76406165982569
27,80,35.036700653508696,34.671748992917635,,,,39.4914757835074,42.67524236441485
27,81,34.91731892078702,34.181904237819744,,,,39.52817603663689,42.09151183076694
27,82,34.89093226299109,34.57780387080672,,,,39.27087391556136,41.816447608041365
27,83,34.80681279941736,34.35355822503156,,,,40.08329172928677,42.37979100835502
27,84,35.20492107833529,34.39037762012086,,,,40.689766100443855,42.38940874794133
27,85,35.15753999758464,34.630243476423765,,,,40.592701147825416,43.39869265219342
27,86,35.68687685179634,34.497718100129056,,,,40.88191264434332,42.98490231754225
27,87,35.25856208299262,34.52401377521893,,,,40.34542995512942,42.90814805954259
27,88,35.704120159995874,34.55711295129722,,,,40.36263871113528,42.44316568452153
27,89,36.10388121520906,34.83552978270345,,,,41.35243696464319,42.97353826613946
27,90,35.79628181228537,35.36559788467474,,,,40.48775019401353,43.774596196151265
27,91,35.55013262912354,35.49396332132788,,,,40.29263006064616,44.2108321566185
27,92,35.40388692084422,35.999568754607196,,,,40.2813690767224,44.501304815336425
27,93,35.07753464064138,36.739233867060506,,,,39.95147279041223,44.03964717504056
27,94,35.44861547081415,36.59034002645745,,,,39.84376785225208,44.10064095768655
27,95,34.938460145872575,36.675810534288246,,,,39.55695127782008,43.01408357469688
27,96,35.32714207995086,37.051155617771904,,,,40.67754832989562,43.289514364528706
27,97,35.7180984065949,37.39056447058159,,,,40.96807554791931,43.065614457153714
27,98,35.99160950515366,37.799984337647075,,,,41.33255463982865,44.0295025558288
27,99,35.98920058287944,37.9609745429984,,,,41.376408262378305,44.21750823511361
27,100,35.089014098215124,37.92226493473772,,,,39.18496709397437,44.648142316811736
27,101,34.572041414971224,38.66848304381331,,,,39.37801986580824,44.58682582206897
27,102,34.04553862786263,38.73214422115644,,,,39.354012774598864,43.929790372845865
27,103,34.00914765487669,38.80556516624756,,,,40.30789802979504,43.43294641480065
27,104,34.63593971429026,39.43291798457188,,,,40.95768415704549,44.67708912825008
27,105,34.17600938246159,39.000304768548034,,,,39.34199116690574,44.47073474858519
27,106,34.55633983922069,38.89484181717367,,,,39.8116761964554,43.50496729876611
27,107,34.91221096202508,38.46332078943061,,,,39.95231147502262,42.89503382784662
27,108,34.7177031874857,37.99283558242058,,,,39.60390897735675,42.96231642971701
27,109,34.76209909064062,37.35594199210896,,,,39.73097694195872,42.702364623636214
27,110,34.88927111265237,37.813504205723106,,,,40.54615541941624,42.96878521063152
27,111,35.37533245824988,37.92696637202419,,,,40.822913469824634,43.48324634268807
27,112,35.72125939459858,38.31508244804057,,,,40.352262096081766,44.01200374134855
27,113,36.79307640831715,37.529425509787835,,,,41.29811342169906,43.56624656219372
27,114,35.801048030887955,37.47852442578413,,,,40.885533929634335,43.35317446807412
27,115,36.22410989087886,38.06259491674942,,,,41.10814655914961,43.47862619475043
27,116,36.34055469257292,37.99108927460875,,,,40.80985250790208,43.82861938912508
27,117,35.9674013469486,37.913319878038166,,,,40.6888243698752,43.655697283935545
27,118,36.89620619321296,37.84843159265208,,,,41.56839292831134,43.41923608207112
27,119,36.89687491640733,38.093070195980744,,,,41.47523342205368,43.29771622229774
27,120,36.919136357720696,37.733348602100456,,,,41.60563810428285,43.37093734638699
27,121,37.10792364661949,38.679388906429814,,,,42.37140890808352,43.11789887752526
27,122,37.19701815350232,39.0219672306225,,,,43.20992379606083,43.29170702045286
27,123,36.622694368583936,38.84285704443716,143.10840571143916,,,41.49278072667839,43.0667914935961
27,124,36.90349242880947,38.94768876138484,142.49406375513965,,,42.47218170062896,42.627314888176485
27,125,36.91680437307395,39.27407211391819,142.65985214477442,,,42.744801940637736,42.50192119930247
27,126,37.420711393333015,39.933154816448635,144.22927473403365,,,42.81563745556387,43.674744254561375
27,127,38.65897308922293,40.30522076019351,142.59565383629015,,,43.59900332173445,43.73372282436892
27,128,39.81962727756766,40.18301702416882,145.15351205254902,,,43.33470061696144,43.7820718623176
27,129,39.69500922461278,40.08293911281531,145.3886159927579,,,43.04583235799643,43.679041639845366
27,130,39.321408963784044,40.18845254377241,144.90462592245797,,,43.272850639726414,44.595709939297585
27,131,39.32782179689451,40.52006577083613,146.82001005479137,,,43.13193717039841,44.3650180837962
27,132,39.59219775827499,39.81216862417111,146.07067132561775,,,42.47692028680378,44.11437221812894
27,133,39.328563943723175,39.57653482945827,147.5215934062287,,,42.75694926460414,43.56449051218623
27,134,39.18830609886349,40.12754092160113,151.75065180022918,,,42.46224612091221,43.614115341817694
27,135,37.51302820609883,40.71961817997303,152.55710740353885,,,41.39165736318725,44.88324171617502
27,136,37.47893768768605,40.997623466242814,158.3507309714834,,,41.307683444407175,44.72332337533813
27,137,37.5526091507301,41.78526853546959,163.9184947974789,,,41.40062256107365,44.52772508389917
27,138,37.15952828082124,42.856239348612824,164.0606473486483,,,41.907139491991195,45.81039217805984
27,139,37.28686502376062,43.75144933110672,167.8598760218731,,,42.010480661728096,45.76115567955035
27,140,37.47395775061906,44.07807978363036,171.2985791857714,,,43.66267309340938,45.38296287411454
27,141,38.094376223165646,43.74709864464336,172.22860704851414,,,44.46343437547496,45.2333064262926
27,142,38.14264519923239,43.589881812572706,173.54244490092273,,,44.95832003660245,45.04235376308094
27,143,38.52682981336729,42.80700463183897,179.96339752340845,,,44.72525661867191,44.93756755463725
27,144,37.878677976662786,42.12465142127931,179.5542390525818,,,45.14696401967792,44.97565582239107
27,145,38.699614065749394,42.74331316616704,176.68469316338096,,,45.371619018702894,45.16837659526981
27,146,38.15142136606059,42.83349080051384,172.44326552164463,,,45.21289956256273,46.05759210086563
27,147,39.284774482227505,42.92822996046583,172.4756649251491,,,44.97927874915154,45.83361002733933
27,148,39.358424542705635,42.91971701572313,164.4737234840453,,,44.82207756948561,45.820248883365714
27,149,39.24023716208427,42.65547324035157,161.6223105069979,,,43.402357566007666,45.91957773623864
27,150,39.04802136180084,42.57480630388165,159.3853859093266,,,43.665309159655656,46.37087922871129
27,151,39.703389765244665,42.48190416346469,156.7288613822949,,,43.6767577184163,45.3688529273176
27,152,39.953189984166904,42.0543534240008,152.5728198135725,,,43.93721615217,45.03823773946754
27,153,40.13938412812387,41.235070881523846,150.88840113101003,,,43.820467143568536,45.11580676062767
27,154,40.992161541896515,40.01860384355382,149.16768700507936,,,43.88945042907477,45.247546002785285
27,155,40.64489704171394,40.623643766769334,149.05640102530182,,,43.902060910387334,46.72952007080603
27,156,40.13550925201867,39.962862642042026,147.7646908208562,,,43.93489816051704,44.78945876997191
27,157,41.02156016661824,39.91810072274169,145.33179491732824,,,44.62244643598301,44.936055540311315
27,158,39.58233117703664,40.29456381849061,140.1424063092091,,,44.44152862639757,44.87372810423871
27,159,40.59604728026828,39.85066673097219,137.943581116324,,,45.10251195781237,44.36297404705846
27,160,40.70035563477429,40.61278064620883,138.63594492954618,,,44.53843107180205,44.67615803489294
27,161,40.89218686285521,41.55178930863276,139.77223520278093,,,44.63594385289352,45.622516519249274
27,162,42.01157876819978,42.19438150258035,138.5970134306685,,,46.37940017157387,45.98560048937629
27,163,42.06338384851654,42.62072256061361,138.59521800986562,,,46.33722499416088,46.25076647117052
27,164,42.49508341633376,42.717291038233114,137.84749250374168,,,46.91037459272452,45.63989096524916
27,165,42.53672966240459,43.11629057404439,136.31842700947632,,,45.43726888215356,46.87476584979459
27,166,42.499697811671346,42.79595441561829,128.4275189073709,,,46.35065496166608,46.77433947676784
27,167,42.99296906559123,43.7806220496546,128.43569417098732,,,46.944537988586184,47.85506617697523
27,168,43.92945029893399,44.06099782422769,127.50906890120024,,,47.3351218153115,48.59860087923271
27,169,43.96624094830901,44.13850412450666,127.34272858643386,,,47.55979674021753,48.294419865280496
27,170,43.60411717528073,44.423314839404895,126.2838542555549,,,47.170343482006366,48.41093976795607
27,171,43.54692485376562,44.95664009998657,124.05730957454948,,,47.194999096956195,48.91860421867662
27,172,43.23056872427097,44.057063688498104,128.78337190736937,,,46.777520134221945,48.54172290311308
27,173,43.58819447455463,42.8397002109909,131.45180545630186,31.468813283734068,,46.48300647266486,47.40237974232269
27,174,42.12687076026005,42.66481705630853,134.7127305589582,34.8955703725406,,46.42882337958245,45.68632076532277
27,175,41.417312851998624,42.56744030437243,138.4799560526335,35.47826682300615,,46.15713539922525,45.456562472206585
27,176,40.71729198217405,41.576615097846414,143.91458939926673,,,45.111100302245084,43.93298152914877
27,177,38.95034331607624,40.53069196390212,147.1487272117684,,,43.96754468037999,43.952898640488534
27,178,39.70186214101374,42.05697319705473,146.593057382108,,,45.035866749592934,44.358775346335115
27,179,39.616007910387125,41.85678992391585,147.45379195820556,,,45.07433909446823,45.24019002292057
27,180,39.66504357720223,41.8250849924205,158.0320959907518,,,45.31478147864898,44.17153525667097
27,181,39.35016768434571,42.519152709787825,162.315418937988,,,45.063797134244865,44.75810640857612
27,182,38.75122591876835,43.94465640423379,169.81956393149116,,,44.954124439731025,44.139782674168245
27,183,38.578651580859024,44.794135645455135,176.71394483582054,,,45.31789685175143,44.59022201676162
27,184,38.26544236415468,45.126162541545426,176.06654830457398,,,43.89483411921554,44.63532571364263
27,185,39.67423800692274,45.12537736060668,178.6497991110763,,,45.89830210308101,45.13327991328363
27,186,39.7697194177062,45.56221490806251,176.72156233487843,,,44.90107541793344,44.5567903148007
27,187,39.15116857301046,45.12357411291491,176.3165138871654,,,44.83932091278785,43.489235249776854
27,188,39.01397257300447,45.64254769619538,167.96422345876294,,,44.59613947029194,44.19129990569243
27,189,39.6806104541016,45.47074925983586,164.54657025780725,,,45.71236147150764,44.837479740024214
27,190,38.85397758497941,45.26622462856604,163.44580231919136,,,44.663594886119625,44.441134396677214
27,191,38.66120533756376,44.949890254056946,162.1029223871789,,,44.45724372314862,44.81965829535394
27,192,38.50239266370854,44.62471303535093,158.17174038564897,,,43.57600829439016,44.6484280557831
27,193,37.88813195740699,44.997561459300805,156.01318963378353,,,42.54349423817851,44.84283011378277
27,194,38.0522444303072,44.780360713595414,152.23281226964087,,,42.53001198222125,44.99555809087804
27,195,38.21070229103676,44.789710532394146,150.38781855780204,,,43.97349453893693,45.49281616984909
27,196,38.05539133639913,44.869527759798,144.33056024388256,,,44.17150184730268,45.67795518596236
27,197,38.79087258617299,45.02114594686711,141.89571903855014,,,44.263905312533545,45.952379946490936
27,198,38.487074366850024,44.168314195663626,139.78263457782356,,,44.82393747882231,45.87908106511407
27,199,40.23461800651006,43.96082881296136,137.70390323778443,,,44.58892323852854,45.81457533322156
27,200,40.53273873144592,43.34341024607631,136.6504420926043,,,44.950009772397415,45.066993351962026
27,201,39.960662118603864,42.94141292513712,134.08374149378238,,,43.93240087422649,45.164021886071694
27,202,40.23124211190272,42.64600743465347,129.39442079434517,,,43.69895472176767,45.436957220850445
27,203,40.25219274259363,43.02257842672024,126.12282283289152,,,43.21158591365442,45.49258329364568
27,204,40.70120729488433,43.202629632908824,125.42089134799504,,,42.90995240398296,45.07550787369156
27,205,40.82402016603827,42.4458762066106,123.4376351053764,,,42.8442878165166,44.59020107746713
27,206,40.56989539859021,42.19493599060858,125.03006396531929,,,42.56950436646909,44.591884855164416
27,207,40.594309611542776,42.099792481953486,124.11735943970854,,,42.856379274883466,44.38444780497208
27,208,41.03917761638515,41.359468507148414,124.1584981170608,,,44.35036820917437,44.25418118303103
27,209,40.7145575262949,41.08999486348317,125.07226545298018,,,43.49152864532227,44.37474796210165
27,210,40.39344176772607,40.50252865256187,126.8410081309244,,,43.08302001554803,44.36855585706034
27,211,39.78349176084561,40.54115510972353,,,,42.23646686062384,44.766570699723815
27,212,38.82755679389753,40.97189050047871,,,,42.60216830079959,44.22446807362901
27,213,38.54974141545313,41.15495998758555,,,,41.90359980624348,44.40930155113521
27,214,38.71112103501781,41.506435288581514,,,,43.107046354848826,44.7351115307544
27,215,39.17831174221514,41.40759393141371,,,,43.99574357025884,44.94691203829942
27,216,39.09345824316328,41.27381624207735,,,,43.914569951388465,45.41041223168639
27,217,38.65276947654799,41.95618993187225,,,,43.2094216828285,44.90986805536125
27,218,38.71402634859396,40.88788744053148,,,,41.486542003787875,44.38034283418595
27,219,38.794791216630834,40.83120179429463,,,,41.91159415404754,45.77428574435528
27,220,37.73725606684435,40.38451835225063,,,,41.1798726782911,44.709317798280914
27,221,38.38872773862292,40.56123332367244,,,,41.60104338072267,46.2273004210536
27,222,37.56419050541817,39.01494575192363,,,,40.97794801559618,46.19291747217443
27,223,36.76717870135137,39.0729498592524,,,,40.32446655207737,45.51074140901043
27,224,37.02796228386288,38.83075942738649,,,,40.03938244809012,45.03981686106268
27,225,36.17412198646227,38.37436141237907,,,,40.4281684495419,44.598531432276346
27,226,36.113805742006896,38.395461512438395,,,,41.171387441772374,44.927178530292686
27,227,34.99722915832886,38.34450597056898,,,,40.3227641713945,43.85597332987908
27,228,34.85535180853967,38.33819750090572,,,,39.93667760209545,44.346283814353974
27,229,34.94745725984446,39.02341772116828,,,,39.29578374030955,44.48006242092179
27,230,35.29461233969855,39.09670306752179,,,,39.507415972624806,44.74729917781736
27,231,35.80946650021249,39.17140598849129,,,,40.90854611797744,44.75296325150459
27,232,35.915856848900965,39.32118223576137,,,,41.6620441166631,44.478694534141866
27,233,35.60118648718623,39.59128715777699,,,,42.63556656226026,44.45004381283599
27,234,35.22326686189329,39.28043593575447,,,,42.39645762631502,44.02202038244165
27,235,34.913965584514386,39.08812235288621,,,,42.07391984158542,43.47591371678322
27,236,34.61127420979362,38.97122565885846,,,,41.79151912493794,43.0543419620547
27,237,34.4002204265327,39.29349709093853,,,,41.24153684475956,42.56274418526161
27,238,34.65702469787381,39.040506229034584,,,,40.499995221465646,41.98216372920179
27,239,34.65896485608155,38.82729834696943,,,,39.7321013265814,42.71430026097639
27,240,34.443243873243404,38.75726999877674,,,,39.830046599387146,42.572189343503624
27,241,35.12799152531119,39.24480738501419,,,,39.64791921429059,42.900287307534526
27,242,34.327249354980495,39.28966879182181,,,,39.81120919899981,43.534790884133486
27,243,34.11324307874198,39.2003073031565,,,,39.734602115725394,44.24589252421024
27,244,34.440206954493675,38.923973838160194,,,,39.7671141499262,44.697418756877475
27,245,34.08285433760181,38.90776190736426,,,,39.85623444494266,44.40673210605856
27,246,34.12595294113544,38.95945462674192,,,,39.79525444535063,44.879977337410715
27,247,34.2822027827836,38.68475947470104,,,,39.40272195448898,44.3614873283003
27,248,34.4042207250641,37.961705038010265,,,,39.07809620737497,43.850005484132694
27,249,34.96856718257946,37.31670210592891,,,,38.57471354336595,43.500850048162015
27,250,35.1342650669688,37.36366065988413,,,,39.60403935209827,43.669689533678515
27,251,34.96505618665439,37.94785049360739,,,,39.17565469378969,44.0282024420494
27,252,35.36187245364752,37.810617022498896,,,,38.31319607330464,44.321980385342
27,253,35.36275765919203,37.30521870265749,,,,38.88035700931329,43.89636069689384
27,254,35.15083482166825,37.769506275881085,,,,38.69994802015687,44.26068952225572
27,255,35.39297590676993,37.608593252220125,,,,39.09042043171215,43.39795517649288
27,256,35.92981532834927,37.636299853204555,,,,38.33420365847974,43.27428351668963
27,257,35.709045376104854,37.45066028290032,,,,38.82284988209686,42.92998214640954
27,258,35.503690734572615,37.18484730560714,,,,38.91851201025839,43.49902212014823
27,259,35.701648828461565,37.04260231666056,,,,38.93926655133817,43.12836520846003
27,260,35.756212777345326,36.90674908836837,,,,39.02910909149016,43.06421953187511
27,261,35.955101051468674,36.99962101704552,,,,38.91415732238371,43.174360169318106
27,262,35.78826996375429,36.686149115171304,,,,38.47694680147111,43.25276770678846
27,263,35.84428036501998,36.70302214691517,,,,38.09569321720119,42.69236361177168
27,264,36.17357962433314,36.632758679501066,,,,38.41709196060638,42.57427418124155
27,265,36.34125993981162,36.7402448753669,,,,38.29450323366667,42.16021159565099
27,266,36.56916397401106,36.59290946999456,,,,38.67853863094386,41.898965493747205
27,267,36.75981580518448,36.312801061288646,,,,38.224145532859225,42.02733498182083
27,268,36.84151467916059,36.82820784156635,,,,38.31410511920663,42.135442507540645
27,269,37.26332009032407,36.34622951748813,,,,38.3761696284868,42.61099852702599
27,270,36.97718421647515,36.72909362717896,,,,38.41945171051425,43.01570529764474
27,271,36.774772277218695,36.92262942207179,,,,38.65506208332,43.09067003346222
27,272,36.782339400519255,37.004759199140864,,,,38.43980583766086,43.14130374775501
27,273,36.6482639479493,37.083079269829994,,,,38.308614385302334,43.552570739990195
27,274,36.81492660843223,37.35054704419449,,,,38.20257554332127,43.6964147042253
27,275,36.92583544334293,37.295658638390734,,,,39.1011793741983,43.05161537002038
27,276,37.18885987569955,37.28083595522985,,,,39.19307525877202,42.55002203883596
27,277,37.11248642598425,37.119314418761405,,,,38.678698127878064,42.613423204236526
27,278,36.768287402223905,37.74658340429198,,,,37.79411250883768,42.9531939309961
27,279,36.78024046050571,37.789819500852985,,,,38.460234256656555,42.93423608070684
27,280,36.77781531063849,37.64398302719603,,,,38.6526479785917,43.09636186683835
27,281,36.84672522542977,38.018084098897035,,,,39.03204067801655,42.99526178927615
27,282,36.81391053538114,38.30528743964382,,,,39.18920062961776,43.57358210311237
27,283,36.450611790783384,38.70312646910199,,,,39.20967852635229,44.15594295591228
27,284,35.86790530473904,38.49305777057691,,,,39.510666602063374,44.00994565463129
27,285,36.13326485376054,38.398837653992665,,,,40.15959015238794,43.564306260204056
27,286,36.18021536390275,39.10217532117991,,,,39.790416918386505,43.96796108603147
27,287,35.82908560570113,38.813096755361414,,,,39.326431102881656,44.00902094212008
27,288,35.79055802442631,38.996224348300935,,,,39.43316048156108,43.84210106425701
27,289,35.32201634302438,39.05814201802957,,,,39.500691074007506,43.84331513835092
27,290,35.66475399607582,38.16833020486476,,,,39.89052459234038,43.101410186553544
27,291,35.76062948526112,38.393835910270376,,,,39.978339207724446,43.47480718488795
27,292,36.00171684440695,38.30084549352438,,,,40.15878985672162,43.81379959810594
27,293,35.85821454028412,38.52057600783053,,,,40.14394287908745,44.041278823999505
27,294,35.833832703996116,38.38939574729964,,,,40.35994275354469,44.16604491992283
27,295,36.11058513275291,37.9942230569498,,,,40.21206783067257,43.76051206003609
27,296,36.33700849057181,37.58898081475836,,,,40.12799856881762,43.90372018880632
27,297,37.04018651229265,37.38344806155336,,,,41.46839574698786,43.78017500805474
27,298,36.64586570818168,37.45716768116628,,,,41.29066729184595,43.93103046449619
27,299,36.6935902484292,36.93229088698125,,,,40.55573470480201,43.51909464733696
27,300,36.250990528726646,37.31433638429029,,,,40.99832654632795,43.880725137571325
27,301,36.25411124970842,37.381013770952826,,,,41.03709945576463,43.796861423458886
27,302,37.17508427738823,37.284705683888994,,,,42.45984652053512,43.51542097119828
27,303,38.00958873288285,37.2990980602693,,,,42.42969118826194,43.47811899311015
27,304,37.74428545124518,37.252894751045325,,,,42.273102804739864,43.58371507193253
27,305,37.56428620478265,37.51005228166427,,,,42.55428197871785,44.090847481952544
27,306,36.73821814106389,37.53696016994904,,,,41.65413062300029,44.61676942668541
27,307,36.69464842624083,37.05452319621851,,,,42.48717454138596,44.55551386236503
27,308,36.75608936720728,36.97513881443686,,,,42.438641836447,44.35743096219791
27,309,36.655745479929,36.88143982134829,,,,41.652070421411,43.67437321207209
27,310,37.055133562669496,36.95059832896733,,,,42.209030709064216,43.65419574072666
27,311,36.761838770332425,37.26067652382496,,,,41.74675598960442,43.152809831274354
27,312,37.817504672308026,36.75846581939798,,,,42.198403709649504,42.99302367734897
27,313,37.11641019623036,37.27231455802609,,,,41.54818965571161,44.251560735403594
27,314,36.37018909036525,37.33729902817307,,,,41.13050186590065,44.35976080949852
27,315,36.07289491305044,38.206677413379545,,,,41.61485528511166,44.17824390157557
27,316,35.655756520446104,38.178552032970615,,,,41.34731977408743,43.82155707655935
27,317,35.732853993964106,38.563798072039766,,,,42.039245157358955,43.77745481016633
27,318,35.40304804569652,37.99840968532786,,,,41.38743636393189,43.10338523127958
27,319,35.89622243917882,38.53846506643719,,,,42.12139546592731,43.283348789081586
27,320,36.14273230017081,38.60694103084201,,,,42.71866772666559,43.44325831876236
27,321,37.58658594070868,38.58640713950239,,,,44.17893576272829,44.2875572532151
27,322,37.88975703544746,38.769438775532215,,,,43.57690927923475,44.00303229559325
27,323,39.354567960162264,38.30774823994722,,,,44.3353918951676,43.21308191205738
27,324,38.4450994502441,37.60813194964795,,,,43.406571299939976,42.92097377833835
27,325,37.82862559885445,37.2609678484425,,,,42.958959553087645,43.058131516846885
27,326,37.37441296003691,37.070554612736274,,,,42.12404439510334,43.85030949764933
27,327,36.950316043483795,36.80740866492991,,,,41.17667231030711,43.695914746854235
27,328,36.96188536802877,36.66715239825182,,,,41.24290179903258,43.810705267763865
27,329,36.808306902657286,37.09039845008765,,,,41.29404721359495,43.80576523069182
27,330,37.24756548286695,37.22235643418104,,,,41.715025032928786,43.83946412600452
27,331,37.46729290839438,37.645996931278695,,,,41.450740651018606,44.125417973328354
27,332,38.12935167513047,37.72120610772817,,,,42.43142172330356,44.073192962324455
27,333,38.49666888537119,38.34143875331265,,,,42.90956486151963,43.922928647316375
27,334,38.481135986205935,38.35876394339659,,,,43.37743242309842,44.15696780587897
27,335,38.61794607942291,38.62894497474338,139.48469317448337,,,43.133972556019735,44.14919861449223
27,336,39.31497810073715,39.458578544724254,138.89660345825814,,,43.38792875791168,43.761696204842785
27,337,39.89430348752945,39.64746939473327,138.95030206650398,,,44.16317495050911,43.95139431064373
27,338,39.05443367487399,39.85255046876308,139.42531565829933,,,43.34885670505019,44.08097924070429
27,339,39.31396778597568,39.97326341040178,140.45418242265518,,,42.432256457353986,44.1702764529799
27,340,38.61718887656538,40.460836538373286,138.02455836117588,,,42.4365678160238,44.71001702132107
27,341,39.34663568996074,40.54425421348533,139.5621381272437,,,42.516954054562405,45.01909063914848
27,342,38.99999793694416,40.337023483365456,138.83432092523498,,,42.599010935208014,44.673884416087205
27,343,40.110279699065146,40.462874405595,137.58406308595548,,,42.62672079621667,44.629337357578905
27,344,40.56861025874705,40.913820410594425,136.40146790829684,,,42.27202211760845,45.10704980381527
27,345,39.80598620388229,41.162035426541934,136.6552932500625,,,41.90692258848094,45.06676409841897
27,346,39.88721830991607,41.18375784930701,138.03816357764418,,,42.44569985142973,44.76311461707032
27,347,39.89640868997865,41.28010628152841,139.741450039025,,,42.14562016943748,44.587490025502575
27,348,39.40385354659656,41.78652523189833,143.1291532647245,,,42.220751735093465,44.3932907749724
27,349,39.53922369895474,42.35421356101242,147.00660234316817,,,42.6854836871972,44.13382404261986
27,350,39.605045932966775,42.924554787047335,148.87787753608848,,,41.70177971700751,44.56920302396444
27,351,39.10353167881718,43.612217137535254,151.10458489463915,,,42.238719739453515,43.8504430228561
27,352,39.74009417566096,44.06725302281268,155.41527508484214,,,41.79626037581703,43.750377504767464
27,353,39.333417990412066,44.56029765988719,160.21724200037758,,,43.288017269270654,43.938983026562354
27,354,39.66342633439226,44.50234150132886,162.61517887761653,,,45.132750477805445,43.414731441869314
27,355,40.35451338214087,43.93046428408501,166.45535438450665,,,44.50041756691401,43.36942616032213
27,356,40.094602893541754,42.5680925327841,172.13506320143668,,,43.566165033642704,43.40412441847465
27,357,40.75463898584872,42.18325018838321,172.8716152261087,,,43.874752467042505,42.64615902145133
27,358,40.02799291227662,41.83677061285578,173.53251737414394,,,43.01874487590084,42.21333628665079
27,359,40.85387797066743,41.644665428917335,176.59259249291202,,,43.22088391422725,42.30772901277644
27,360,40.3923721557904,41.37686660286161,179.6089371036547,,,43.4588749275014,42.61961286906859
27,361,40.58424493568799,41.28763624012225,176.0141479355886,,,43.23868940129104,42.79691928874002
27,362,40.7006766824428,41.31330318313531,170.9160486163271,,,42.185732671248466,42.67659622927968
27,363,41.23115889310094,40.73377260785632,167.61125013760704,,,42.85534466804907,42.44627768194499
27,364,41.57635280790814,41.02548561894493,164.43580372175262,,,42.64685333897032,43.12160474323558
27,365,40.981701065709785,41.73069019509306,162.25337737071558,,,42.19953292824739,43.6836725538876
27,366,41.20075550155254,41.51899673356556,158.28884168877792,,,41.792947692372174,43.11070016605406
27,367,41.07851146569564,42.1175119001812,161.36971084801914,,,42.23386133330021,43.20864631351459
27,368,39.79070553216342,42.51351811863193,156.99117250667229,,,42.46555790909651,43.232138439919304
27,369,40.219884382893184,42.81055737626416,152.02950355364123,,,42.85725625923192,43.44866488985755
27,370,40.714872087240245,42.66278195022504,152.46096366961592,,,43.70115636270501,43.685476959128074
27,371,41.60003354592366,43.00647392548159,154.53335823794873,,,44.59699960476782,44.1230929937498
27,372,41.87625087182782,43.42841905617173,152.30871560010084,,,44.463987478652335,44.08540712068359
27,373,42.948318232017456,43.08087598304403,149.64239377804594,,,43.39502912168833,44.73840852100102
27,374,43.918356299778395,43.438250166592034,146.61610478028635,,,45.42872230745679,44.724999204927656
27,375,44.259111877808095,43.247631835746546,145.83307059007865,,,45.67025864801734,44.2003610064716
27,376,43.96478180850493,43.52137383888169,144.55355148822608,,,45.76071949262175,44.4331697237927
27,377,42.607498933716506,43.50889175456171,146.6541992573544,,,46.25611561359877,44.98199058154585
27,378,43.55988627625107,43.56520922106016,140.10749360903006,,,46.25623503246163,45.19196849596578
27,379,44.035133193926505,43.556301909760634,138.26955600345394,,,46.49650544953886,45.21202284555774
27,380,44.64685207787799,43.70111139100124,136.79999790212906,,,46.45546972863901,45.26016053282435
27,381,44.784292005363795,43.63596105581067,135.8743713066121,,,46.2780642982999,45.35831243996944
27,382,44.62977604929532,43.954277208420976,136.91719099038212,,,45.57704548932752,45.31702715486286
27,383,44.89459714444679,44.13565276943569,135.40889163429603,,,45.85130011297997,45.68425695070685
27,384,44.75463937565253,44.14164384374554,136.77826365885153,,,46.08758067578737,45.60113720502561
27,385,43.28145255146908,44.62560865132211,140.50947837373843,,,46.447680659783785,45.0252774514913
27,386,42.00896556212306,44.764279155875265,147.76816123894088,,,45.63654880949285,44.75486183274792
27,387,42.73740420331536,44.41748989403776,145.1298125718411,,,44.4557219797248,43.99949868138362
27,388,41.49309033976677,44.12173928633426,152.16128965213065,,,44.205571251813225,43.33920086334507
27,389,39.02700005976643,44.68231334388421,156.33097538782374,,,43.1675360019807,44.0149580906523
27,390,38.446886048890235,44.6424053000108,155.7215548381104,,,42.224486594950854,44.029956642876954
27,391,38.69640547657826,42.6255107311502,159.59907364944712,,,42.81352542678082,42.631380845773855
27,392,39.44721402325723,44.1712508723496,162.36293604705128,,,43.279239055596726,43.16751545578373
27,393,39.22103709693112,43.874826438032414,167.5604591743643,,,43.93869380710655,42.596504365365185
27,394,39.42090692535565,43.75691436910798,173.33566391362385,,,43.986406714326186,42.0902912919766
27,395,38.88856720362278,43.93260593567019,176.48748434073337,,,43.73543460867555,42.47145341894102
27,396,39.54469350777488,44.532882517712,173.6201658051987,,,44.146496942021344,42.66363824500823
27,397,38.38408338579949,45.36025039314143,172.2274747092957,,,43.21711933892754,43.176349052387934
27,398,37.730561865168944,46.211890542340186,164.32907144237828,,,42.00790200878789,43.83823993307709
27,399,38.35474416139261,45.88471192614071,159.8148453510695,,,41.50552963990931,43.66985953630628
27,400,38.24787114765176,45.4140801433433,155.62963788924165,,,42.04364777040976,42.84079498511082
27,401,37.41160321781583,44.49827120310342,152.00269069292227,,,42.24338791769972,42.67117280066371
27,402,38.077343483543586,45.14848208996348,146.72506695631986,,,42.56276511774985,43.28434062352806
27,403,38.45170236307421,44.587052764523555,146.95538946695075,,,43.02725831752038,43.34603728251739
27,404,38.38985092334775,44.90966419284962,141.75308719742216,,,43.12889177701592,43.89236403439341
27,405,39.60428299580327,43.85391385808131,138.37299013602504,,,42.96780475044444,43.84080119303628
27,406,39.631250321239115,43.01270177514791,133.09839037061877,,,43.62791373450584,43.661568910176
27,407,39.73619906557806,42.49862346862968,129.58265965250902,,,43.21545592315827,43.47756618339877
27,408,39.26591863294015,42.57679550011474,127.2510195391208,,,42.13034733793092,43.686406786115526
27,409,39.60957523277172,42.94291939231164,127.8312296071376,,,42.37170034021198,43.975015837298514
27,410,39.75850179112572,43.01507638609273,125.671455630851,,,42.44546592969464,44.374326215344254
27,411,39.086648004908014,42.69980797814002,123.5801912713114,,,41.423693395076846,43.86969511345216
27,412,39.008275957701606,42.95978922958647,126.51469906780945,,,41.28855692423293,43.60958011414423
27,413,39.1831993890086,42.85895649406419,123.99368688367032,,,42.03937768977573,43.75787699133169
27,414,39.102675430963416,42.940675135517765,122.60824931402588,,,41.52898792010869,43.36475926085222
27,415,38.63281422605725,42.48232059598312,123.44974465189992,,,41.62877473661019,43.743080646782744
27,416,38.277382883362755,42.42294229130462,123.90401311012434,,,41.1073264714174,43.64653957712618
27,417,38.3248913869876,41.97231457641076,124.04401991846922,,,41.20587359538449,43.69843071368353
27,418,38.14790078860204,41.365952772527834,,,,41.8359985005215,43.161478542359205
27,419,38.586623691151416,41.51617498057326,,,,42.58515500420586,43.08913589941176
27,420,38.028314440602315,41.2112257486071,,,,41.96324105335675,43.0978577204416
27,421,37.62339948773447,40.90561921472854,,,,41.033244095899285,43.34159227899449
27,422,39.04437760032309,41.124073441795105,,,,42.024069215285614,43.471197258010555
27,423,38.64780950008222,41.06745222336787,,,,41.18427909609208,43.735423188949106
27,424,39.30334497751869,41.280010973329546,,,,42.13122504745347,43.50086291050368
27,425,40.72889862024686,40.63736936266456,,,,43.160252470759794,43.26748923660978
27,426,40.38500760382101,40.01188185510722,,,,43.66051668087398,43.14662734613136
27,427,40.624028427691584,39.48840787289998,,,,44.2933455417454,43.113051151508905
27,428,39.45299656837536,39.06341372563449,,,,44.11288870047235,43.04702685251818
27,429,38.40163491181903,38.998271651867995,,,,42.98323924179604,43.31574536384159
27,430,37.49531879763185,38.46413277903547,,,,41.50380760621144,43.526821274428315
27,431,36.97643061949719,38.05173637019835,,,,40.52075405548806,43.57528165201478
27,432,38.11904801584861,38.20182816790503,,,,41.746873143759515,44.87205136856023
27,433,38.92877219995964,37.88003442290391,,,,41.912794207054546,43.70460184954481
27,434,40.392467561576,37.36512883171356,,,,42.11036715034533,42.66710086269158
27,435,40.67877109274346,37.69640926461061,,,,42.71610074587167,43.123533665541245
27,436,39.110768160186474,37.797889752914536,,,,42.3446985076542,42.73295327187363
27,437,38.13852801801866,38.15821152886647,,,,41.293472961907206,44.01738208935483
27,438,38.36967177673887,38.21942628799716,,,,40.76916091913534,44.709038375858974
27,439,39.48986516868094,38.57146598022468,,,,41.82428789794432,43.710601755113416
27,440,38.65640775423211,38.79274228652759,,,,42.04861151214575,44.04333417860156
27,441,37.903899934712285,38.042097432330664,,,,40.97886400120164,43.6601859987445
27,442,38.108447064623434,38.44876690412926,,,,41.58672130293614,43.34583905481859
27,443,37.35806057219725,37.515852420912466,,,,39.947078724127365,42.73583955353847
27,444,36.85846503369719,37.39270452570368,,,,39.57650655486635,43.29941393669808
27,445,36.765390199527154,37.66183868612209,,,,39.24783458116827,43.57512738687141
27,446,36.76013834675121,38.340286245427464,,,,39.532602407045935,43.573122190303906
27,447,36.59357723118715,38.45467387614925,,,,39.53488441402043,43.49235099063604
27,448,37.88693009270993,38.51398480806817,,,,41.011530101626505,43.596829574819864
27,449,37.66066985012136,38.1285327807804,,,,40.48572792925837,43.45602251293676
27,450,37.29974895422271,39.196833471352065,,,,40.57137477779806,44.74546410732817
27,451,37.29664368160021,38.89405440733609,,,,41.02043745448132,44.50592800181849
27,452,38.3953984075283,38.50287815545092,,,,41.66375913401198,44.7778351314602
27,453,37.99407910671287,38.291515320419016,,,,41.0364956545842,44.24192590064541
27,454,37.7356589503821,37.829472282202566,,,,40.10084055419922,44.04644617977392
27,455,38.62563434304016,37.523240968111594,,,,40.54082893439729,43.693583441073066
27,456,38.286900035021674,37.52430585593733,,,,40.00458317525872,43.42970607805304
27,457,38.053764508471694,37.3737656229825,,,,39.72593906467475,43.45153854022816
27,458,38.34718770672848,37.56943531947047,,,,39.64813370371236,43.48031191243875
27,459,37.776833410986775,38.38567320475348,,,,39.376934599006105,43.48615908065811
27,460,37.59484447852216,38.13538152870868,,,,39.01372474244021,43.07609992749866
27,461,37.67499700282911,37.70145256316896,,,,38.77797576551145,42.61630940216268
27,462,37.906242997858,37.810593582829384,,,,39.04126589756275,42.17104539762474
27,463,37.506332400213765,37.68304335813578,,,,38.25959894278997,42.83203443009844
27,464,37.33642611404178,37.88098933950445,,,,38.878280264261434,42.44396532356824
27,465,37.8699276897256,38.1277479252197,,,,39.512099680043285,41.32649354829335
27,466,38.15592882416851,37.53209353332594,,,,41.07594009945685,41.45288077000711
27,467,37.756715685673086,37.101021955263725,,,,39.8289573547619,41.1648144892533
27,468,37.78051695789203,37.9341167113544,,,,39.263401875502126,40.78753003053989
27,469,38.00347490591193,37.93953319596736,,,,39.79696530225704,40.206576004835675
27,470,38.36999629632753,37.771064452075585,,,,38.75360112500524,40.20270396959394
27,471,37.977753359176155,38.30253922996868,,,,39.185712649593015,40.93892126948551
27,472,38.492096814758675,38.578068075850254,,,,38.93216109316299,40.776606577085936
27,473,38.99937337318846,38.65725863738639,,,,38.9186631515651,41.12157188856807
27,474,38.84747320916375,39.131904450371735,,,,39.333836730154395,41.482496696746594
27,475,39.674544386645174,38.65102455710759,,,,39.2293040467044,40.75769634261653
27,476,39.645350285316425,38.492287989665655,,,,39.38547306445227,40.622127200291104
27,477,39.6664500214894,38.71248590370202,,,,39.48509484149046,40.95558847487433
27,478,39.63966672546513,38.60723156716058,,,,39.75958569108376,40.97940128117256
27,479,39.48802375575292,38.80291351690255,,,,40.25705784464091,41.63439608344509
27,480,39.33304242901227,39.159865278620266,,,,40.24597131585359,42.4141340352379
27,481,39.59216059397629,39.321965120935104,,,,39.77152439131704,42.581218179051675
27,482,39.6182912404088,39.12977468379068,,,,39.06306283692636,42.47181061019462
27,483,38.984886952983416,38.47504657414892,,,,39.206761556507935,42.87724910312391
27,484,39.406098837166994,38.67176462806339,,,,39.72763857825604,42.60635111407534
27,485,38.60986023098542,38.45923530889641,,,,38.99175263129221,43.16431133185333
27,486,38.57993064749163,39.293222944242665,,,,39.19256942146131,43.68201963177573
27,487,38.06094311875857,38.21406758770895,,,,39.49958791627284,43.1409994606707
27,488,37.79762558320511,38.34568507477745,,,,39.442029009550616,42.31386040584047
27,489,37.81402891554185,38.199682087317576,,,,39.409325628955266,42.388180331364595
27,490,37.20677807776587,38.345550097492094,,,,39.472825277575325,42.89800582177685
27,491,37.02517266942779,38.00166859469877,,,,39.10213899126577,43.36033026813802
27,492,36.8021814071332,38.6185254394874,,,,39.68224808991207,43.40535954369736
27,493,36.740883181213405,37.85877154209721,,,,40.04797997363267,43.29112425064036
27,494,37.2072675173399,37.457537090279985,,,,40.787115932759384,42.83362254519391
27,495,37.98426273722213,36.48990110862342,,,,41.44172884558351,41.72215434137252
27,496,38.11277532562019,36.31072198166244,,,,41.36288411037157,42.37101530083342
27,497,38.34524998353361,36.62967316044797,,,,42.20199277770612,42.42474016972066
27,498,38.289858108924534,36.848225409331654,,,,41.75311567065403,43.07433412967304
27,499,37.71277901215264,37.16537587635911,,,,41.61742061441915,42.60578095084852
27,500,38.342172130200225,37.161190543175195,,,,41.96641844325294,42.76096836514599
27,501,38.05362892863587,37.785817270792,,,,41.775229028237206,42.525184469326746
27,502,36.47898302366601,37.664571107307445,,,,40.0860749735529,43.18777304943382
27,503,37.002285195371314,37.69930708147448,,,,40.38557790798298,43.15326808625365
27,504,37.34592181091437,37.656594238681905,,,,41.615865044695866,42.85115901006391
27,505,38.18871073512685,37.432479533867316,,,,42.529863685872336,42.87648808615985
27,506,37.07593460563152,37.45158816539271,,,,41.26293519647819,43.48586884259092
27,507,37.01601916977714,37.677186335853925,,,,41.24328921815754,43.88996780234238
27,508,37.355618910639535,37.27322505201963,,,,41.475696236489405,44.14724764586214
27,509,38.324649798187366,37.512349075961914,,,,42.61425583279107,44.152947173846194
27,510,38.006170670169666,37.72479690810696,,,,42.373036922634114,43.65451707658664
27,511,36.804377542908654,38.06446223393835,,,,40.83762034466308,44.36287998400723
27,512,37.408546246185466,37.72216548714395,,,,40.71841365683774,44.068185743853256
27,513,37.65766193125132,37.80532791687037,,,,40.99755494285422,43.5877364201098
27,514,37.6226494915773,37.22998690732287,,,,41.04476337232926,43.10801416095991
27,515,37.92394348794395,37.68501975564307,,,,39.97666861862683,43.61175368278143
27,516,38.20935617860109,37.58024510011986,,,,40.18571388541644,43.528837049265064
27,517,38.67413142055866,38.02900082032232,,,,40.67321374892269,43.5615716267782
27,518,37.772127267773186,38.050959844042474,,,,39.73262300138722,43.78928890814839
27,519,38.01418974156173,38.31382517819088,,,,40.13455133358546,44.25486589025088
27,520,38.37678637472139,38.53679070539699,,,,40.628627236891376,43.7563362457485
27,521,38.43576972761317,38.83144583590164,,,,40.54194729044136,43.18125870895168
27,522,39.09781066792931,38.93469200184637,,,,40.750755235177046,43.258094297640454
27,523,39.045530544627,39.22318067926427,,,,40.18043719113388,43.10394711928282
27,524,38.736376791221474,38.87969135116,,,,40.84605033183617,43.2437767531849
27,525,38.65474629927315,39.29909969628806,133.88422483316393,,,40.602363332197456,43.410499337867456
27,526,39.22073060649005,39.31011560525126,132.68261218740497,,,41.39273984195963,43.65496609882766
27,527,39.123625878131854,39.54884622243505,133.59969543221644,,,41.29434022405694,44.174616099330024
27,528,38.84720616782611,39.470097382845616,134.55047054098372,,,41.205334726639315,44.10565926674763
27,529,38.675791472586454,39.57588034386252,136.56492572517493,,,42.34253077650255,44.17159874893643
27,530,39.004867152332125,39.60627540515088,137.0681849692977,,,41.85647330301739,44.00707270490096
27,531,39.870203400742305,39.278544523890815,138.19923912043754,,,42.491662833105494,43.64911032460408
27,532,40.21923446957324,39.19661780443431,135.79407160792908,,,42.99740805758617,43.22593999308773
27,533,39.82556468411135,38.737589402179424,136.7528010523772,,,42.23119212242549,42.939852100337845
27,534,40.00331001705804,39.360187962337456,134.86208576986022,,,42.751123884399064,43.38024315134213
27,535,40.13634872441045,39.741941988124495,134.93777774313693,,,43.290839508882655,43.28620078607419
27,536,40.45578352912119,39.93036427514663,139.0803839863487,,,42.92432179997826,43.50795700520477
27,537,39.76683337071419,40.27561274758467,139.22173313762684,,,41.9738454823705,43.3932580716844
27,538,39.38342892847537,40.424329808855546,141.81156866408173,,,42.095042264741814,43.273667573565106
27,539,40.2595176940611,41.385611066706154,145.23866651034234,,,42.62714678623227,43.35439769677319
27,540,39.84390923989907,41.695737811852915,147.88759597016656,,,42.949124283297,42.929584855089445
27,541,39.87575134008304,41.48985789439249,150.583082501588,,,43.35831377222865,43.126082256445656
27,542,39.05012088520799,42.4050293966208,153.5389095701153,,,42.134146580948865,42.9253803462156
27,543,38.6198333012344,43.19958503671325,158.6466870788926,,,41.885556430301754,43.181328959888944
27,544,39.62899347333991,42.52086263361091,163.34230515643318,,,42.173137906685774,43.154689061756685
27,545,39.712295200606455,42.60944675843768,165.46409813155572,,,42.621794915883136,42.89583309752897
27,546,40.2813628289117,42.04219537597689,170.22676057443667,,,43.45925198798689,43.39645713792351
27,547,40.15729679304853,42.29338991249435,174.77849486379978,,,42.89810174556587,42.61522782183768
27,548,40.58531920079429,42.907789654958584,179.8252766703776,,,42.72215908195038,43.13572221934293
27,549,39.99111196441088,42.05361553954125,175.04890867449083,,,42.8086562665624,42.80198270170502
27,550,40.99871276024779,42.23416670185376,175.21675008273888,,,43.44008587230996,42.938983200131446
27,551,41.56294780230623,42.54724086090038,174.8116993443683,,,43.03801892373505,42.566644407494
27,552,40.11809628897772,42.79367372758771,166.67815864332775,,,42.6172474441268,42.663883052532185
27,553,40.41716525162369,42.408353953778345,170.8221804813673,,,42.240584737545504,43.17311053101684
27,554,40.32038398456933,42.004763856108845,164.4709002667611,,,42.109634241256295,43.41270221041992
27,555,40.71585057428192,41.12853065613746,153.79823169167287,,,42.508615963197975,43.31093351735045
27,556,40.49007854774952,41.14933877457191,152.41372381426606,,,42.3551714181977,43.919601529335225
27,557,40.98239959378793,41.02053187873106,152.18805737041677,,,42.02220098246814,44.026725399536176
27,558,41.03660253803268,41.19518177846895,153.1536012139467,,,41.6974801619689,43.73628253083139
27,559,40.36758796726948,42.55312883576702,147.8212901397433,,,42.169494710865415,43.795769237057314
27,560,40.20142760678262,42.94291853578437,150.67908742708255,,,42.20130622049398,43.37055413948309
27,561,41.49180153947584,43.10960920664948,147.6969755431499,,,42.51067400516136,42.73111212048187
27,562,41.606534046990895,43.144879644546826,146.22170100737475,,,43.10791615400068,42.37111090329225
27,563,42.72392768021055,43.144819126437014,144.10144775987908,,,43.701729685701174,42.84703509436246
27,564,42.59968344655152,42.885334320198375,139.95811007363557,,,42.80536872630373,43.24462163845616
27,565,44.04198274582704,42.79442625545471,137.98874708399768,,,43.57479387006292,44.53991231568144
27,566,44.324940777870296,42.5607881376271,139.58120608847756,,,43.41430815492661,44.97345751441309
27,567,44.432548293834,42.83886264708174,143.17428321952437,,,43.0486678540877,44.576769948261656
27,568,44.51808503713527,43.40421271960599,136.51327270749036,,,43.31367884512162,45.53547056192088
27,569,46.27873264083674,43.512115295802374,133.24493903285628,,,43.75931100716704,45.83954405677845
27,570,45.329962905762486,43.08277310568588,140.38345721765504,,,44.67172629567924,45.202294480006074
27,571,46.08649402279602,41.73079889308646,140.67456158024189,,,44.411988954594214,46.79697093754019
27,572,45.49610980058873,43.2098815009918,140.16540347185568,,,44.55383077097704,46.73441480311969
27,573,45.26428035150255,43.1298829326349,144.9761775458774,,,44.50367772864886,45.98878726249384
27,574,43.83884115929901,43.900891600466664,147.15219573636458,,,43.27192800136504,44.96706559214111
27,575,42.553752810548914,43.12852662664282,148.01711436719648,,,43.38661818410919,42.939152459244696
27,576,41.87811924808458,43.73287532211558,156.240636774444,,,42.44937264795233,43.85426020642441
27,577,40.64680007259347,43.60749216722629,157.31319606612595,,,43.1555321137502,42.8451623644582
27,578,40.51915515513664,43.21416666899721,170.6615818562383,,,42.709974279328605,43.289640866144936
27,579,42.59501107809217,43.97979510439212,168.61585933830074,,,43.47067610976222,43.77348122476996
27,580,41.343019706836365,43.90496480058999,174.62537556683557,,,42.79194542173765,43.48655307211181
27,581,42.3360864127674,43.63989645685289,176.86653467238816,,,42.70864887927493,43.55394432271485
27,582,42.28204425083772,44.21065406473262,172.06152926472006,,,43.0048165047835,43.60713955046436
27,583,41.553247657899426,45.01865763257217,166.77608863972694,,,42.910738556463286,43.130641164474696
27,584,40.00667928383145,45.083162884549886,161.322698851373,,,43.311460598577376,43.80571434788192
27,585,39.65767526217744,44.4627163823541,154.04831995428245,,,42.046953104262776,44.20850209964144
27,586,40.615038935717806,43.881369174645414,150.74438543810265,,,41.33123770564452,44.20406986877817
27,587,40.54933612865704,43.56865917888709,148.1294812776309,,,40.98395024055531,44.07441121126312
27,588,40.846470399903296,43.9199068628068,143.05170217969518,,,41.794669525201456,44.15513406147206
27,589,40.993994482501904,42.760909401964746,140.6658571388378,,,42.652949179004345,43.78042826759471
27,590,40.47861033265192,42.333926581026674,137.60810579256076,,,42.60609748417582,44.27602238328471
27,591,40.1309329000924,42.37897078948293,135.09945145087863,,,42.200769790510755,44.77253553038729
27,592,40.32672707075847,42.2917732374181,132.29930696613312,,,41.387259426380986,44.75091306157304
27,593,40.01324026208464,42.88518243407229,129.47916588789252,,57.80651487988669,41.40106050608396,44.6358484694908
27,594,40.29868146610779,42.63115983955217,126.18770840761388,,58.415193246823286,41.4049430238657,44.76611037776792
27,595,40.80711131517929,42.2751116259347,123.14258890760952,,,41.519000712601375,44.204445505204355
27,596,40.71347411196399,42.362814787271226,119.50328678596166,,,40.07763545802942,44.40249940179541
27,597,41.49900317571877,42.07407002003123,117.09048489551716,,,39.778247020516126,44.63416843063472
27,598,41.89167695366935,42.08034648137513,116.46294955017368,,,39.68539387077268,44.740864512452504
27,599,41.59368144100294,42.2639938015714,113.43192600836566,,,39.93738014364057,45.55601766307924
27,600,42.866972562694315,41.35903488386333,112.84790748340986,,,40.69484733203965,44.068807126231405
27,601,42.93835622443199,41.81264385742964,113.77477710666886,,,41.10934277637255,44.605201695299165
27,602,42.92691515818046,41.241652649726625,112.43473789962394,,,41.09061306932296,43.76259964004998
27,603,42.77268338811294,41.69336686413605,112.704313789016,,,42.51551340349709,43.24141627725635
27,604,42.051533617534304,42.32034104404872,113.88859768657416,,,40.37435340464219,44.099362877742394
27,605,41.65552414529443,41.312633148282885,116.11471979536562,,,40.47848948558375,43.97368448090433
27,606,41.2880736044936,40.7202592121759,,,,40.2385801842554,43.90388516127529
27,607,40.53816788024733,40.359606072955025,,,,39.556349253965266,44.52468976022384
27,608,40.74484267865374,40.59160361867299,,,,40.002069614162494,44.32951741315426
27,609,41.35080281262692,40.85355194886925,,,,41.837317249823286,44.60612306181788
27,610,40.070765684417694,41.668589909697154,,,,40.18006612754617,45.261436303492765
27,611,40.736655053920984,41.979013721346575,,,,40.64570765825627,45.0414023436385
27,612,40.88118510078372,41.04404154483205,,,,41.78587470150535,44.32263428334934
27,613,41.74363036270262,40.789321665721864,,,,42.04469603788994,43.656734130290744
27,614,41.2529091848952,41.100375846757046,,,,40.977899602664344,43.94159378594224
27,615,40.850147668477966,41.13095650559532,,,,40.48589879814613,43.26056033605716
27,616,41.28906882925585,41.080051918365584,,,,40.60759307923021,43.35226152061236
27,617,41.94720952604402,40.67586527088569,,,,42.08873035525024,43.09824078360908
27,618,40.49840483958706,40.410543793543575,,,,40.18137992130849,42.88533267155142
27,619,40.16831973611672,40.142567162303415,,,,40.02646562058553,44.330355410418704
27,620,39.938365144457755,39.58987970276908,,,,40.51962364330521,44.05066617879977
27,621,40.12566545000513,39.530877482808116,,,,39.69777243587312,44.75476835072061
27,622,39.74716945683309,39.19420021942985,,,,39.29694303244794,44.9431079121225
27,623,40.228280197084,38.44459888774904,,,,40.87673160985996,44.9422480827725
27,624,39.36573188398984,38.573385292382206,,,,40.11755555356927,43.8489939258236
27,625,38.577775400582496,39.11623933063857,,,,40.05530805930499,43.65187155449346
27,626,38.119539253973635,39.29361081469344,,,,39.29498036745189,44.018270498562465
27,627,37.954669899968735,38.69033293399072,,,,39.63475012415633,43.90279420207669
27,628,37.69005979135237,38.85301407191991,,,,38.8549645700156,44.3618260630533
27,629,37.295633179514915,39.44768896170791,,,,38.46193805804885,44.07689626260883
27,630,36.89335344701602,39.48299810571239,,,,38.5782802509079,43.62697525271299
27,631,36.493658173376325,39.085536958469774,,,,38.26059070883792,44.58513577357735
27,632,36.4710461965229,39.20290370462974,,,,38.93294279851089,45.22108512034277
27,633,36.780768760824536,39.15984424889118,,,,38.958974871583074,45.27260865003187
27,634,36.80701503143196,38.90726974480751,,,,38.9582797790694,44.889151468002055
27,635,36.9395889381306,38.75852156148646,,,,38.65682888168806,44.032519818981385
27,636,37.67783684146564,40.46226700541039,,,,38.92723611211125,45.14979085075211
27,637,38.040823853007744,39.63574633047227,,,,38.84825235174191,43.45071978939194
27,638,37.59187040061077,38.723526299403986,,,,37.93885863418232,43.898327405168935
27,639,36.782946437729414,37.60894860126836,,,,37.52121238839376,43.27749085623674
27,640,37.24442115347157,37.48594563924297,,,,38.857772284419866,43.05183295131707
27,641,36.910178904969825,38.20590356032211,,,,39.742899801975874,42.27234201155212
27,642,36.46090285575415,37.522226015182554,,,,38.18338302270383,42.796021575054986
27,643,36.72400566054079,37.24579940390867,,,,38.17006948257889,42.62304805690387
27,644,35.945684406175616,38.09709497521813,,,,37.74997375638689,42.67621593217661
27,645,36.24811512147677,37.50172438455232,,,,37.4788344798803,42.144162305137215
27,646,36.108264056003605,37.67066142580152,,,,38.163486901403296,41.85526269133763
28,0,,,,,,,
28,1,,,,,,,
28,2,,,,,,,
28,3,,,,,,,
28,4,,,,,,,
28,5,,,,,,,
28,6,,,,,,,
28,7,,,,,,,
28,8,,,,,,,
28,9,,,,,,,
28,10,,,,,,,
28,11,,,,,,,
28,12,,,,,,,
28,13,,,,,,,
28,14,,,,,,,
28,15,,,,,,,
28,16,,,,,,,
28,17,,,,,,,
28,18,,,,,,,
28,19,,,,,,,
28,20,,,,,,,
28,21,,,,,,,
28,22,,,,,,,
28,23,,,,,,,
28,24,,,,,,,
28,25,,,,,,,
28,26,,,,,,,
28,27,,,,,,,
28,28,,,,,,,
28,29,,,,,,,
28,30,,,,,,,
28,31,,,,,,,
28,32,,,,,,,
28,33,,,,,,,
28,34,,,,,,,
28,35,,,,,,,
28,36,,,,,,,
28,37,,,,,,,
28,38,,,,,,,
28,39,,,,,,,
28,40,,,,,,,
28,41,,,,,,,
28,42,,,,,,,
28,43,,,,,,,
28,44,,,,,,,
28,45,,,,,,,
28,46,,,,,,,
28,47,,,,,,,
28,48,,,,,,,
28,49,,,,,,,
28,50,,,,,,,
28,51,,,,,,,
28,52,,,,,,,
28,53,,,,,,,
28,54,,,,,,,
28,55,,,,,,,
28,56,,,,,,,
28,57,,,,,,,
28,58,,,,,,,
28,59,,,,,,,
28,60,,,,,,,
28,61,,,,,,,
28,62,,,,,,,
28,63,,,,,,,
28,64,,,,,,,
28,65,,,,,,,
28,66,,,,,,,
28,67,,,,,,,
28,68,,,,,,,
28,69,,,,,,,
28,70,,,,,,,
28,71,,,,,,,
28,72,,,,,,,
28,73,,,,,,,
28,74,,,,,,,
28,75,,,,,,,
28,76,,,,,,,
28,77,,,,,,,
28,78,,,,,,,
28,79,,,,,,,
28,80,,,,,,,
28,81,,,,,,,
28,82,,,,,,,
28,83,,,,,,,
28,84,,,,,,,
28,85,,,,,,,
28,86,,,,,,,
28,87,,,,,,,
28,88,,,,,,,
28,89,,,,,,,
28,90,,,,,,,
28,91,,,,,,,
28,92,,,,,,,
28,93,,,,,,,
28,94,,,,,,,
28,95,,,,,,,
28,96,,,,,,,
28,97,,,,,,,
28,98,,,,,,,
28,99,,,,,,,
28,100,,,,,,,
28,101,,,,,,,
28,102,,,,,,,
28,103,,,,,,,
28,104,,,,,,,
28,105,,,,,,,
28,106,,,,,,,
28,107,,,,,,,
28,108,,,,,,,
28,109,,,,,,,
28,110,,,,,,,
28,111,,,,,,,
28,112,,,,,,,
28,113,,,,,,,
28,114,,,,,,,
28,115,,,,,,,
28,116,,,,,,,
28,117,,,,,,,
28,118,,,,,,,
28,119,,,,,,,
28,120,,,,,,,
28,121,,,,,,,
28,122,,,,,,,
28,123,,,,,,,
28,124,,,,,,,
28,125,,,,,,,
28,126,,,,,,,
28,127,,,,,,,
28,128,,,,,,,
28,129,,,,,,,
28,130,,,,,,,
28,131,,,,,,,
28,132,,,,,,,
28,133,,,,,,,
28,134,,,,,,,
28,135,,,,,,,
28,136,,,,,,,
28,137,,,,,,,
28,138,,,,,,,
28,139,,,,,,,
28,140,,,,,,,
28,141,,,,,,,
28,142,,,,,,,
28,143,,,,,,,
28,144,,,,,,,
28,145,,,,,,,
28,146,,,,,,,
28,147,,,,,,,
28,148,,,,,,,
28,149,,,,,,,
28,150,,,,,,,
28,151,,,,,,,
28,152,,,,,,,
28,153,,,,,,,
28,154,,,,,,,
28,155,,,,,,,
28,156,,,,,,,
28,157,,,,,,,
28,158,,,,,,,
28,159,,,,,,,
28,160,,,,,,,
28,161,,,,,,,
28,162,,,,,,,
28,163,,,,,,,
28,164,,,,,,,
28,165,,,,,,,
28,166,,,,,,,
28,167,,,,,,,
28,168,,,,,,,
28,169,,,,,,,
28,170,,,,,,,
28,171,,,,,,,
28,172,,,,,,,
28,173,,,,,,,
28,174,,,,,,,
28,175,,,,,,,
28,176,,,,,,,
28,177,,,,,,,
28,178,,,,,,,
28,179,,,,,,,
28,180,,,,,,,
28,181,,,,,,,
28,182,,,,,,,
28,183,,,,,,,
28,184,,,,,,,
28,185,,,,,,,
28,186,,,,,,,
28,187,,,,,,,
28,188,,,,,,,
28,189,,,,,,,
28,190,,,,,,,
28,191,,,,,,,
28,192,,,,,,,
28,193,,,,,,,
28,194,,,,,,,
28,195,,,,,,,
28,196,26.046450708404983,23.46565806859426,,,,102.41850670210783,121.71060170743829
28,197,,,,,,,
28,198,14.20480267071549,24.752021345839932,112.8003424841496,,,,43.89520389955676
28,199,13.600662012471696,25.208576294288186,103.29962124728138,,,,41.54632646818206
28,200,8.653374355917723,24.810097152843625,100.35549465502518,,,,41.48182690006734
28,201,10.817727738500036,23.07014276266933,84.29602979074984,,,75.13042923921819,46.980206193809195
28,202,9.815382149098806,24.49884970463898,89.38375147213854,,,,44.73411488460916
28,203,7.736951382199056,23.019826280685553,76.58404911167709,,,152.01556303548935,41.59295914992301
28,204,6.702393715003108,23.891835385391076,,,,,40.54884078579008
28,205,7.33905047335675,23.824499947082085,,,,125.0875967814534,40.07133899014127
28,206,6.389060324265813,25.530488122017037,,,,,32.9654371608481
28,207,5.906086986459983,23.035172758700575,,,,,41.334847378205865
28,208,6.360033896923582,23.578641092685015,,,,,35.75841199792659
28,209,,,,,,,
28,210,,,,,,,
28,211,,,,,,,
28,212,,,,,,,
28,213,,,,,,,
28,214,,,,,,,
28,215,,,,,,,
28,216,,,,,,,
28,217,,,,,,,
28,218,,,,,,,
28,219,,,,,,,
28,220,,,,,,,
28,221,,,,,,,
28,222,,,,,,,
28,223,,,,,,,
28,224,,,,,,,
28,225,,,,,,,
28,226,,,,,,,
28,227,,,,,,,
28,228,,,,,,,
28,229,,,,,,,
28,230,,,,,,,
28,231,,,,,,,
28,232,,,,,,,
28,233,,,,,,,
28,234,,,,,,,
28,235,,,,,,,
28,236,,,,,,,
28,237,,,,,,,
28,238,,,,,,,
28,239,,,,,,,
28,240,,,,,,,
28,241,,,,,,,
28,242,,,,,,,
28,243,,,,,,,
28,244,,,,,,,
28,245,,,,,,,
28,246,,,,,,,
28,247,,,,,,,
28,248,,,,,,,
28,249,,,,,,,
28,250,,,,,,,
28,251,,,,,,,
28,252,,,,,,,
28,253,,,,,,,
28,254,,,,,,,
28,255,,,,,,,
28,256,,,,,,,
28,257,,,,,,,
28,258,,,,,,,
28,259,,,,,,,
28,260,,,,,,,
28,261,,,,,,,
28,262,,,,,,,
28,263,,,,,,,
28,264,,,,,,,
28,265,,,,,,,
28,266,,,,,,,
28,267,,,,,,,
28,268,,,,,,,
28,269,,,,,,,
28,270,,,,,,,
28,271,,,,,,,
28,272,,,,,,,
28,273,,,,,,,
28,274,,,,,,,
28,275,,,,,,,
28,276,,,,,,,
28,277,,,,,,,
28,278,,,,,,,
28,279,,,,,,,
28,280,,,,,,,
28,281,,,,,,,
28,282,,,,,,,
28,283,,,,,,,
28,284,,,,,,,
28,285,,,,,,,
28,286,,,,,,,
28,287,,,,,,,
28,288,,,,,,,
28,289,,,,,,,
28,290,,,,,,,
28,291,,,,,,,
28,292,,,,,,,
28,293,,,,,,,
28,294,,,,,,,
28,295,,,,,,,
28,296,,,,,,,
28,297,,,,,,,
28,298,,,,,,,
28,299,,,,,,,
28,300,,,,,,,
28,301,,,,,,,
28,302,,,,,,,
28,303,,,,,,,
28,304,,,,,,,
28,305,,,,,,,
28,306,,,,,,,
28,307,,,,,,,
28,308,,,,,,,
28,309,,,,,,,
28,310,,,,,,,
28,311,,,,,,,
28,312,,,,,,,
28,313,,,,,,,
28,314,,,,,,,
28,315,,,,,,,
28,316,,,,,,,
28,317,,,,,,,
28,318,,,,,,,
28,319,,,,,,,
28,320,,,,,,,
28,321,,,,,,,
28,322,,,,,,,
28,323,,22.707029105151346,,,,,41.06046553610798
28,324,,27.158866779413927,,,,,131.90404446907658
28,325,,27.13220876633927,,,,,128.6354460860194
28,326,,,,,,,
28,327,,21.901694207598084,,,,,48.1279780879335
28,328,,20.349285529265543,,,,,50.96422148196648
28,329,,,,,,,
28,330,,,,,,,
28,331,,,,,,,
28,332,,,,,,,
28,333,,,,,,,
28,334,,,,,,,
28,335,,,,,,,
28,336,,,,,,,
28,337,,,,,,,
28,338,,,,,,,
28,339,,,,,,,
28,340,,,,,,,
28,341,,,,,,,
28,342,,,,,,,
28,343,,,,,,,
28,344,,,,,,,
28,345,10.740823042212336,22.025425231751377,126.08712273911662,,,,136.20845031514568
28,346,12.505378660190477,22.446429799583413,112.53584641712553,,,,41.86582767848341
28,347,11.097997686166424,20.620080890883383,96.32993448124432,,,,143.01301424574572
28,348,8.138933173083483,20.93607958668666,86.92581682791352,,,74.00098388549907,43.14910377341501
28,349,6.830159604437559,21.74363683765681,82.85064921559862,,,74.68443591054171,44.45321133518313
28,350,5.764178124109448,21.094952947115782,38.447483839232575,,,120.0529909306348,44.16180198007016
28,351,7.190540974287308,22.40163562148807,,,,,48.416581086346106
28,352,7.081167701419924,20.475722891564164,,,,,42.95162564230501
28,353,8.64072123738193,33.808636481830774,,,,,52.89261881720007
28,354,9.464776036937428,19.55590282983663,,,,,42.81543989113543
28,355,6.473895130693983,19.377050736583065,,,,,42.77388408054625
28,356,6.654324781070535,21.204052886781103,,,,,43.53259484582544
28,357,,,,,,,
28,358,,,,,,,
28,359,,,,,,,
28,360,,,,,,,
28,361,,,,,,,
28,362,,,,,,,
28,363,,,,,,,
28,364,,,,,,,
28,365,,,,,,,
28,366,,,,,,,
28,367,,,,,,,
28,368,,,,,,,
28,369,,,,,,,
28,370,,,,,,,
28,371,,,,,,,
28,372,,,,,,,
28,373,,,,,,,
28,374,,,,,,,
28,375,,,,,,,
28,376,,,,,,,
28,377,,,,,,,
29,0,15.14205397385918,31.029757216335316,23.746567923084804,139.7343994167221,146.167483988903,8.044968857395062,22.82742998574249
29,1,15.043565391920405,31.005894244117112,23.747575140216412,139.62870435564835,146.1766695007583,8.057950483247192,22.886540032185337
29,2,25.196251767689592,30.403072989009267,24.556272419901333,136.06261900426043,141.1134289277871,10.880050216111938,19.05111757011107
29,3,29.638526055395342,36.28705281170565,25.113810943676143,129.94292963796448,138.75113680131523,3.8389075154385974,26.548471726837413
29,4,29.882558421777787,33.32418002428093,26.08309307292116,122.6304758700443,134.55192233440604,9.557589199308907,26.193838768623145
29,5,46.66809542273146,37.25500843584982,25.613323794645925,113.66102616899,132.25274080419263,25.234619980993273,171.36602351315872
29,6,28.93490576877396,22.287861762240837,32.19864443147921,172.90704328147507,175.42570103409352,141.1909308315075,
29,7,16.518064544549866,23.582404687572563,24.07495797886703,177.94821129520298,157.75719746515026,112.6960682016159,
29,8,27.57588940934672,19.311812784623367,37.224396526367705,179.67794125378015,167.21505167054656,112.27483948883648,
29,9,28.939902158193817,29.266265164785995,39.0512175052708,100.05977588306624,128.23175013083014,,19.786925120908393
29,10,31.779827621550705,29.97116002356172,43.70930772916414,97.93761663093755,127.39444671783812,175.546756411764,17.014753622189673
29,11,33.32311716134496,29.990308580501203,41.42228052160721,92.51507581889528,120.49249832956156,179.3158090012403,20.98170603597908
29,12,41.91278148158809,31.29820419314194,19.4041979249012,81.33315066986933,97.64983155765051,3.956762820429115,27.579141156547145
29,13,45.19151925979378,35.12922418701519,2.2403965447442946,73.76017180843652,63.204930756623234,10.051153398645049,56.07706888588368
29,14,38.70809527675413,44.27383039898439,2.5320161319582537,69.59196178001334,52.553784883511234,25.770056659847775,1.6348789017418557
29,15,43.04698717214804,36.462661465692314,0.2379287068830946,66.80251317773087,53.66583566514004,10.349892962475929,56.6392491529933
29,16,31.85908731439296,51.55442395903956,1.4725835490326031,62.77346221120933,48.90400906244323,31.231524989899967,
29,17,3.1579077559382855,,3.275455170198573,163.0589413062329,167.20942338069028,99.45658529507187,
29,18,3.786873232534186,,2.7520728263614416,156.6693244514515,160.00005764724264,98.547450663638,
29,19,4.1588558994336005,,0.1758323093773793,159.58839196869948,161.9814025370681,91.3390165749513,
29,20,24.853331994037983,20.323487985513825,17.07231810071156,77.2748910611963,39.95732439865004,44.82921851582941,5.89809659751448
29,21,26.88862313134497,12.837924766782695,18.14814621073487,66.67971639288356,41.81718036183243,27.98035724984373,
29,22,31.934501405784054,5.963687387932886,18.848468430242264,67.06595289592458,42.18698731714018,24.97684653959388,
29,23,31.004058264568407,22.302644222699012,17.348800636246313,62.67925120258666,44.36072541037484,22.479237730651732,
29,24,26.95764674116227,51.942161493412904,2.814568356869433,57.24434731779138,36.38712331839161,49.631810445254,
29,25,33.21420435345403,6.069810438959666,4.132851890450043,61.02012664924159,40.75664038623876,20.980096134174815,2.917259859207938
29,26,26.906067696346717,39.26728285671104,1.9697985929861783,63.2184544341267,43.52035679006059,51.49140661869712,50.0093252576467
29,27,33.37229992413776,46.61723658389515,2.043109684010646,66.89000242256124,47.97471071319397,23.775233323982743,8.311913809702588
29,28,24.765498265706004,36.48136587272744,1.473148314816317,70.8569172655101,51.1427132071357,38.73971637810049,50.59688080182928
29,29,14.304917575073944,32.63537532027847,2.8947909273882457,77.06339786138807,67.01833304283552,29.998591200254673,25.58854861687855
29,30,8.193467938143481,33.000296588474534,8.061665437475797,81.56991883135173,73.61444153695254,18.46354635187925,26.388914911190476
29,31,43.87173549354084,25.856780898681077,20.600120120045837,87.57050225485708,103.99085965402828,3.117840864784327,17.87598159991837
29,32,24.908391265166117,27.684537669364307,31.385561544431734,93.12561060179966,120.91463586787306,3.464633922678221,21.170454451692684
29,33,35.15741094252028,26.547741229783725,40.65823729058987,101.47822041312276,132.79303139616707,,15.055840876151503
29,34,35.987807014648325,29.638837036499584,40.11065557218867,103.46689263695237,138.83859532290785,0.8280796329078186,19.121987720086413
29,35,3.8750103267852993,24.130308900160095,39.53805850018562,106.42588197361556,143.48564759560065,27.543710270518993,16.27428081050543
29,36,,30.52702389722563,34.767676432983656,108.84369219969876,139.73533940479135,,22.974098308394183
29,37,38.450596606961525,25.253964727948247,28.067807388369545,162.09376923470884,158.12501556999567,,
29,38,42.338536142275295,28.26864803061017,30.322499515347143,120.19987251805708,145.34944115290307,38.988494620762665,23.12855081454911
29,39,46.709441022725045,29.535412542249297,28.676217891561848,128.8262455120433,146.5420693516959,25.78670220251147,21.552848727423353
29,40,35.91198323640197,27.8654479303966,25.301877453978907,140.26209137718504,149.77918610593147,16.024542294773134,22.653389638394067
29,41,57.445357846619395,28.57715934076867,24.51374609411751,148.3646818669654,154.30925766937264,50.00722469226007,19.661302982505667
29,42,21.006250767037308,27.940542033778108,19.849366282188143,156.5656642500446,160.54082282870525,53.82014135730349,52.25188273782098
29,43,48.29539885702868,30.69056439664786,16.451134582928766,176.61986478734528,166.16565499033882,16.159800457361104,20.27808831528788
29,44,81.22905433593934,32.108857809421295,15.991596829908426,171.87616434384037,174.23669286768057,94.5897560296601,22.27559367159547
29,45,43.92355953524291,33.26445260085457,15.448412702799931,168.30699848076495,175.0160459916962,3.3246594676492793,22.92230957201134
29,46,48.82074111511923,37.67782465832956,12.14876551281873,173.93106372109264,171.14827889109802,14.759865390416,24.17224085586764
29,47,14.654496327916368,38.04607391478993,12.244884875435876,175.62555054134123,169.39549281891587,52.9439012944693,23.50826167427575
29,48,48.930112237565815,36.773107276345826,14.43565119287061,175.83688004409768,169.56248255020003,34.46025065987433,23.994008333352095
29,49,52.13878362444576,37.324261993410815,15.757111279015954,175.93319606017778,170.03142433878648,37.26907177202237,23.000171129837796
29,50,51.16423676059608,38.58635110387759,13.84952679542698,175.9649316458738,169.66414320826004,34.850493337672894,22.518688884263845
29,51,20.737620049837236,55.068552736213526,10.041657770954544,178.6600442717595,170.29259939171348,56.45064064046242,52.05787416730572
29,52,43.24797693182828,57.970888875045496,9.170131107145991,175.2409720525152,167.93686677864977,11.677268020796213,55.068906990313295
29,53,43.92306243833625,58.64475229798022,7.932793393910443,175.32700372668054,167.35614649677174,11.408087485943613,58.22299021196994
29,54,23.67123867750306,56.23924113983349,10.310319046659052,174.8132972237822,169.1923934683545,57.5230506649672,54.60682576681231
3,0,47.89037184095555,,14.86163783400157,,,28.206545610648103,
3,1,48.09822082890019,,15.267452992839372,,,27.88167841804592,
3,2,47.97440122382144,,15.384058182326296,,,27.311036898194196,
3,3,,24.91721418999693,2.688437841653925,,,,134.25131510605166
3,4,47.96386531907717,,16.270021597936534,,,26.630199551059565,
3,5,,11.959536152600434,2.591941946432564,,,,126.79034944360568
3,6,,11.672642342878886,6.255287983336573,,,,128.40293776242598
3,7,,11.907909159367808,3.423290466190176,,,,
3,8,,12.319049549476212,7.878827095255802,,,,
3,9,,21.23139524473109,2.453777864802576,,,,
3,10,,22.391712443858292,1.7357707186805975,,,,
3,11,21.861588037032984,4.421144120002688,2.5945013310212524,,,162.7141979300967,117.28248252140598
3,12,27.697821266368543,2.936339615367631,4.162776233922731,,,,121.55603468473562
3,13,18.825823793055612,2.5353483056915556,4.628544132539409,,,147.0200530194077,109.02077088446866
3,14,,4.040018388098446,1.366557383227175,,171.29765741189954,,99.4963156060906
3,15,,3.6257654980586262,1.138503078874146,,,,
3,16,13.063852148496956,7.053624563395199,2.397183751246975,,,134.53502196682746,105.05656877653472
3,17,,2.4945593122552494,1.1661793683968444,,,,120.24905562773144
3,18,,2.854832442693778,1.8995671883405332,,,,112.97035948923438
3,19,,2.9642039460086917,0.8660920178681121,,,,111.41423598818946
3,20,,10.484172262512864,6.084791692073075,,,,125.72734063722386
3,21,,22.024905106173907,5.11568322380725,,,,161.65383264472484
3,22,,23.516262239995378,2.8843363639488184,174.55789197961286,174.56652134711007,,168.07634180843988
3,23,,18.997201263612972,4.5290567860715365,,174.1316003624862,,139.4934013723542
3,24,,,,,,,
3,25,,,,,,,
3,26,45.70992555325218,103.50454891022044,17.33735820020755,,,30.07201276207888,106.51954426418034
3,27,,19.978515634455952,1.490323035205502,,174.82807105161365,,124.37686848021976
3,28,,22.279649982133183,1.1468338225279906,170.9058477877526,173.38122832914206,,129.4419299832315
3,29,6.895040641952856,20.80628560784526,1.9494806753580265,173.10767871989563,174.6522683342105,,126.50427477216688
3,30,10.223884842821484,10.88956509139184,0.0498983856692162,172.68783133979713,171.40208217734124,,122.81757832383266
3,31,2.9110084926649176,18.362148534483463,4.134720951230111,,167.66380329361698,,132.48438545919117
3,32,9.777131853778323,10.109534196342928,2.690130424717142,,164.56817192615318,,111.2571347806619
3,33,2.5890120856216976,21.266296978770843,2.375425150566492,162.0070792284217,170.53283968026082,,142.05853716770096
3,34,0.5541135149774937,20.47927344950624,5.238857361029574,163.36813175652165,167.85189453305233,,148.08479844135476
3,35,3.5228649609270812,18.598535501241543,2.872339986014191,167.94672321687,171.61120476027406,,139.9938003677262
3,36,2.621392082768778,22.29950089503702,1.3439828658764388,165.12624813982237,172.70803095480056,,143.57066023956406
3,37,1.0878084022134047,20.9602473915844,0.8606576456014988,167.64438261678288,175.72126281287734,,137.30619995167677
3,38,9.52102050971545,17.643023691388162,2.189139345792194,170.88458230437848,169.74837262884284,,126.48101309032918
3,39,9.13871500785612,19.331290526643564,1.4769497649827077,174.6705958164104,175.46234426011657,,136.96356938820674
3,40,2.266870298240259,19.16002111422011,2.176149051650487,170.95661887148768,175.93778776679403,,141.02682159917617
3,41,3.600872616878618,20.20546792680298,2.885385999769672,170.65224797260302,177.11760839133015,,137.83039630186343
3,42,3.0933973792419907,20.789830340323014,2.851866291684054,169.3767870982224,175.79068316683788,,130.2050730839085
3,43,11.59685738784824,20.57724120201649,1.2810574584118777,169.5105669280406,175.2656788430752,,132.63028175852753
3,44,11.923722395945337,21.514201739144088,2.258342714851777,175.8021721665915,175.3988073954553,,126.61485410852418
3,45,11.889965312290244,9.904825410189902,1.3340755835175522,175.03872455749007,174.90704781111037,133.2181497116223,111.65044351672552
3,46,10.273337888253243,6.456166311615513,0.2314982247016814,173.41711260408232,173.94078474472883,129.11128241788572,113.2578283297456
3,47,9.326466695578413,1.5824765627920654,0.1477788062616721,176.0301599695954,174.5094566852201,126.6513274557628,110.00486037512168
3,48,13.89814426964116,3.4844326886737527,0.0935943289082572,176.0135088802183,175.48476018698665,135.75707000519148,108.4205733866126
3,49,6.146845970908964,4.6637872490061,0.3396729627668743,176.38338876849932,175.0902146830371,122.94170774448143,101.38057839654957
3,50,10.318707650243445,3.819376972273216,0.7080610074549005,179.30516440714965,176.2770583130614,130.45661750752393,103.4155480281057
3,51,11.204065161489202,1.50507907321692,0.8892747872894128,179.0353479549941,177.36571498759895,128.8814998577618,106.29576436590386
3,52,10.991342007984336,2.46263182699383,0.661629041683191,178.1356376203174,177.69584475785132,,102.58251240278214
3,53,11.182566167352553,5.016913172686939,0.6170086606800786,,,114.4877743699629,
3,54,9.215224836362314,4.684009169897595,3.4068361165034067,179.25475874080493,176.76920592038806,,
3,55,10.041685035371504,2.712229522058961,4.135643298342091,179.74464753054076,177.36360436074307,115.91921911751334,
3,56,7.226966277101868,3.749202266418686,,,,110.8430838528982,
3,57,2.816927221943966,7.173767514008147,0.5849128667281248,176.4540425683852,173.75971084737637,101.67955741705698,72.46990395327651
3,58,0.9539877432276592,9.28925983551679,1.612465053079359,177.54559344832086,169.8792320724736,102.9726444203181,75.09839283558962
3,59,18.476837862910436,9.08889172520808,6.054477570087252,171.64894368996767,173.90723626141968,136.2427392373114,68.84203726483283
3,60,,,,,,,
3,61,,,,,,,
3,62,,,,,,,
3,63,30.471663876502696,,11.393417766491767,179.96880955118507,,165.67547447531965,
3,64,31.12617398302226,,12.141895540019291,179.5048292349748,,166.69475367326163,
3,65,,,,,,,
3,66,,,,,,,
3,67,,,,,,,
3,68,26.270569948497343,,,178.07154744847577,,173.67147844468033,
3,69,25.25493889707817,,,177.60702377667786,,169.30398034468055,
3,70,25.72490861354116,,,178.84086449714337,,162.2619730323884,
3,71,27.687564088007587,,,179.38868934817873,,155.37539405714077,
3,72,29.62022814082319,,,175.36235372274157,,152.52710365249487,
3,73,27.70964799396787,,,174.37259953238163,,152.0861486082759,
3,74,27.95112812371062,,,176.4414010612539,,146.04814371311613,
3,75,28.72308385937494,,,175.7278024944209,,143.92048164477964,
3,76,28.89739128965868,,,177.32895387171763,,143.20797662256564,
3,77,27.042397937473325,,,178.82927649782647,,147.12365478109135,
3,78,25.377719785038423,,,177.04585980739526,,149.05925232930204,
3,79,23.236803076301182,,,175.4064599920543,,152.73461616812858,
3,80,22.26955345264631,,,175.2296895487604,,153.29034317790686,
3,81,,,,,,,
3,82,,,,,,,
3,83,,,,,,,
3,84,,,,,,,
3,85,,,,,,,
3,86,48.62432576144602,92.07001171796206,18.38632688781509,,,37.68834145658146,90.38908168297606
3,87,49.634074219786,95.53684240233518,19.00542700959157,,,37.74301565143966,92.51725801007198
3,88,50.023878154188935,98.49593784936587,17.842567401054286,,,37.53552959550195,93.18781592514632
3,89,50.31589623271967,101.86788811480815,19.163040760541033,,,35.206032541969414,93.00748241834653
3,90,51.178783824487624,,19.183617478536167,,,34.343939680915014,
3,91,50.97089934083409,99.65044072128654,19.348420186124788,,,36.402775528346325,93.92494296803508
3,92,50.89186833439376,97.2626507951256,18.362675917529465,,,35.92907166834204,91.39845988714748
3,93,,20.978247851267295,2.2181064204397765,178.4069131596588,172.80954605462276,,43.73569581105435
3,94,,,,,,,
3,95,,,,,,,
3,96,48.83016778915048,95.88693229151824,18.13860878073732,,,34.51526238290834,89.46710720245879
3,97,49.89327499666707,92.64100387562092,17.340772598494947,,,30.551415711558704,85.31047385104178
3,98,49.073578780825635,92.75193957396924,18.62555093936391,,,31.77819865838359,86.5177088198187
3,99,36.52508130656797,21.921015585728707,5.629027145619302,,,65.1557741715184,62.68649286868096
3,100,,26.464084527640704,13.319007150244204,178.7817884250692,162.6796068735971,,71.85336541212286
3,101,36.37885343364229,25.4129490575055,,,,82.22061547008234,73.38028694212255
3,102,32.80789069575741,25.492052123899395,0.3318820035514435,,,,77.13866992145768
3,103,33.49585252100856,25.12535714444937,,,,75.08531986356849,59.5807620165566
3,104,,,,,,,
3,105,,,,,,,
3,106,,24.751811950174375,,,,,55.92789556605615
3,107,41.74134591030474,23.680658949512015,,,,65.216231100551,
3,108,48.2278554430195,27.76696260238357,17.66398402496604,,,71.42979517715858,49.72632087725579
3,109,,,,,,,
3,110,,,,,,,
3,111,53.76259348277227,24.6481576562114,,,,74.83170646462905,54.68490017271339
3,112,,,,,,,
3,113,46.040032799778224,106.26094194733572,18.63946305852018,,,33.17721957792159,115.61309456680604
3,114,33.48162732572496,,10.284617278143129,152.5410115238957,163.83389914607972,,
3,115,46.16681059235002,107.491397748883,20.75213653757874,,,27.994244301974533,113.8734903547032
3,116,46.51010665922891,105.98771350697491,20.74742549592812,,,27.422739858381465,112.6107309672284
3,117,14.85847319945334,5.616959650573407,15.280504136511151,152.25214258050934,175.7825245962181,114.37669459940784,86.68323526708122
3,118,14.973288650066786,10.727698780798834,6.866879459852575,,,,85.28468447441409
3,119,9.018004292468124,6.497148896918244,17.750284644676587,127.50060362963436,,110.56913916694138,93.03844699076672
3,120,11.97093732825901,11.34428117118685,16.051954308475754,177.7574960907602,151.9351033927323,,91.35001117514092
3,121,10.930274289367198,8.403825832184173,3.510253368952362,178.51649711996828,174.42670828933112,102.42197911775176,71.8968762497015
3,122,19.472157140363297,5.399744378347167,17.71031381239123,175.88343563738147,165.0108104480556,114.41882805457918,88.06590016923514
3,123,36.12246830639054,10.794910435590216,18.059624924011715,167.5504361497843,152.58708400255236,,84.7639427362144
3,124,32.373119278120356,19.11767842763556,17.784521149555864,169.8075410246574,160.86351359523078,,62.74529134685116
3,125,,12.06880216331261,20.08639668348387,170.28761323982675,161.1962020786257,,69.5778176978054
3,126,33.96248967858391,22.371631001726175,22.459389292164055,167.92220770280085,163.28862374947204,,
3,127,19.760677727928304,14.862449326501304,113.46680274554662,137.87733199212897,123.97131737094529,125.9158934969303,118.52859329166762
3,128,,24.961168564340593,1.5158772036815065,173.5246328232345,179.16568471455125,,69.86482433527708
3,129,19.71223182966507,13.80604546559496,111.07126100893608,152.24969405987423,124.11027622617692,125.07407605802491,132.52025613844307
3,130,21.608773436687247,13.276743960824463,112.8309282978662,148.99280639101278,124.7568814572867,122.5290168295075,130.94373002491702
3,131,21.031852225055136,13.1692852542226,119.4826114824851,139.53477483538953,123.7171406830817,122.51417303809389,131.2451259779588
3,132,24.970842513658223,9.153035137188544,18.002023556505616,167.37471896742838,166.39576288174476,54.89562112541411,67.63973049339558
3,133,23.09035079640545,15.119516719628532,126.07157165844733,133.3214611668288,121.71059060660598,123.688627904982,139.79199625158893
3,134,24.122846869129283,15.29818894119384,129.0298167417172,124.5750522944158,120.67421866947622,118.88959786122118,138.23943801135735
3,135,23.387120402758477,16.229845275953426,120.93894228078844,134.88464940411805,120.30499760953076,122.18382885686624,136.13599079466664
3,136,22.798746244243073,18.351386868313107,122.14147576645723,132.64469867705515,119.51103918383632,123.21633711331982,134.30267629258697
3,137,23.907863853303088,19.025255791943856,120.65127890017057,139.17502225200926,116.55901053384704,122.42013917832372,130.58702577391972
3,138,20.53703690598273,18.421643315209707,127.82128896543476,125.80642219243713,116.37491922947974,126.01428502580534,130.77998182087987
3,139,19.786125739997026,16.48076738038443,129.8769399644246,124.93964082134636,115.77958958484302,125.50333373434307,133.68787572215163
3,140,20.763934007250977,15.754762328734088,120.22310795033842,142.0273706565816,116.52252787786976,122.99088255104768,135.60640934095375
3,141,19.0693151178642,15.71911901548348,122.36261558104506,140.06393610578462,114.47416117998152,119.4293054140658,140.4222690158514
3,142,18.06306752835257,15.307650185524372,122.81715725531978,129.85466875756495,114.50140968473342,121.91800588077216,140.40465991512912
3,143,17.14899023322935,15.806312263670716,114.77508818129984,150.7089351599376,114.48518370383182,124.66564342644809,135.09443981367875
3,144,16.854548236853198,14.431740088234337,117.11032675209758,144.97798646369498,114.86988269308536,124.93698798788448,132.01031306260393
3,145,18.139113595552455,14.171463154904728,122.59588502235,136.7218758209279,114.54850231553591,122.70680806159834,135.40467701062545
3,146,18.02025134599001,14.311029738550248,124.3940003848286,136.07431900642447,115.35710027438957,126.99903963739143,131.29694182757
3,147,19.163889303056585,14.651738087978796,117.59007830958268,146.79167608184466,116.97711595795604,128.36174887277505,133.63014516078766
3,148,18.728095677936444,14.686084027009777,105.08715030382908,169.17252906371127,117.57507061356247,128.0830236040058,132.79717762190066
3,149,19.54583574349903,14.830881986222453,105.06411197058064,165.17721427124752,119.65876831285412,128.34221117049867,120.49373303704424
3,150,21.99327397265124,18.50261842251146,120.75897780934186,137.5118043949533,116.02907010619695,123.87835467165615,111.0125864801397
3,151,25.86909224059628,19.50116292052623,35.456533865839,166.17652608421747,178.2030524605078,149.64565536606048,164.06913163113012
3,152,28.611075655539995,16.276465700834397,30.573964701562968,,176.58384729463725,143.30772993903145,167.854116612764
3,153,38.700973131303954,14.867992088294,36.715291805570345,167.1106245182871,178.21975456663267,128.9021630385222,167.98421477542666
3,154,47.30296380348436,13.242392815026898,36.83192522700158,172.7924987259256,177.49427684286152,118.62589665430345,171.81464988080174
3,155,47.29805739587882,17.027402230154273,32.55414114179007,177.13346400230355,176.58096117726382,124.80354886615936,163.39395968957243
3,156,49.73338989766616,25.80781457436419,38.43229207407101,172.406692041192,176.49364624934714,115.63761962121794,151.4760744429352
3,157,52.11605308218957,24.17680204474939,27.323837909865578,175.71602377655032,174.46472608689473,106.40943231316824,156.1589068429373
3,158,51.46974486180394,25.450207581943403,23.472212999117847,177.96567340983574,173.6351616668815,101.1823628447048,152.70758062135832
3,159,53.885792862484976,22.545885908168287,22.355316736049012,175.82637844783815,178.20500141107016,102.2274257087642,158.1677751876728
3,160,50.87611688004584,24.125786937171803,24.323529877771936,179.03494451746442,178.2133834610598,106.75841590386447,153.68454030599776
3,161,48.79200913090927,24.045791136899524,27.73726324527811,173.30624533577753,169.00499839168864,111.70833966198823,152.71615906961765
3,162,48.99037130713569,24.099622138243255,27.77403588273446,173.88771134754157,172.97074913142762,110.7055984205962,149.31752283270953
3,163,48.20332367994136,26.49551237867037,25.432225420908264,170.69517462033173,173.2567591409496,115.0081533257034,148.98763062506748
3,164,48.14849886134199,25.93830875267421,21.781022049030938,178.42088436416225,179.84114010939356,114.63327526744052,150.2905654568016
3,165,51.24884099149367,28.421968996386244,19.341857428406176,176.35457933405186,178.42737318323796,114.3311347935282,150.34517170984077
3,166,43.36127995249561,22.532391977784823,21.074943168929934,178.9853811854499,178.30737893097654,119.71339653329602,154.19280032057853
3,167,43.52664850355617,22.268428797011744,20.2439346171969,175.87003864372235,174.98616230346738,115.35181213495656,156.12255632614637
3,168,39.599087325034795,22.4022652959138,24.196318601323853,176.23870028488423,170.11305918261417,117.6170038837082,157.6060923958688
3,169,36.40927945838711,23.133830344968096,29.129617533064064,177.84010259050498,176.2420182420098,119.60049970349016,155.4602984278524
3,170,40.55064710330659,22.37420282221881,26.380629480060627,177.34668921392193,171.22063218659875,115.8091259831039,155.6884578452353
3,171,40.40736464697915,23.435013189588375,30.934077488585302,,,120.77584871364463,153.12896999241642
3,172,19.12204123185612,15.08098649514047,121.75658234764654,125.53473461049964,120.62681288374004,130.04148767240915,114.31131205075192
3,173,35.8321245975296,23.95917239569437,32.04951360904358,178.62765681352906,162.87359602252727,132.80487108148313,155.96831900963565
3,174,19.933361434954413,15.165799838775174,123.10368620006813,123.90466002728544,118.8845622253396,131.11329547470268,120.88426161430544
3,175,20.06888734304434,15.579465527249509,123.06197297437063,123.66685946503767,117.57631824549598,130.30606410434004,107.77746859128128
3,176,22.1323949932057,15.835892461052516,122.7552100287121,125.65062327593937,116.24342775563468,129.81922511543934,110.30634820679772
3,177,23.26391539650942,16.276508635922994,118.51543950853171,132.46931538766688,118.19991525613132,128.437518824028,113.39637742787356
3,178,21.81487369460719,16.636251748458168,118.48434854412837,133.44986297256114,118.06295911567116,129.61034016908278,113.452823872462
3,179,23.069865928866925,16.904691994745388,116.75414463507714,137.3018650068596,118.44790063271031,127.47879207783696,110.8029944496544
3,180,23.141289274413573,15.324768849217186,119.17173549605856,133.76126090007753,118.67287775698486,129.60465864008586,107.63610861559096
3,181,26.88282462518487,15.4471194997845,119.65711502994864,135.16418703406345,118.48465680993615,126.70501615669755,108.26118352587736
3,182,30.346414266836053,27.415458007843505,18.067738642959284,168.68043279599655,163.60974477332144,,71.90404421466684
3,183,,17.803279461866833,4.505872323681686,170.86327916322827,178.19948755232662,,89.85658860373958
3,184,,16.95995895090525,3.2741312852923015,172.67703688152855,178.61861965666117,,86.92638167183915
3,185,,15.410378989437708,2.4338001418366235,174.52386329570072,179.36842535060248,,103.52081422271688
3,186,16.708489733213593,8.954217254960174,1.4388617855595194,,,127.83736903382452,119.65396048112262
3,187,16.920694805324516,10.806550075736483,6.439606795630788,177.0622844830323,177.84757711038287,113.53746568948873,110.92698435356228
3,188,,9.339290181662284,,,,,95.0497186486979
3,189,21.163992643978514,15.841404762941991,8.484672824689488,,,100.91776780961057,91.95505113209204
3,190,21.547539868250915,13.187793302968483,18.96210071999342,177.50374830103206,156.8752399014243,101.32042393807276,88.5946217105382
3,191,16.19522946625563,12.144740949699171,11.589893589589362,173.30362300847617,157.9567554496886,104.1283158494102,96.33268077255914
3,192,20.86577442783071,8.443306432452804,19.34992768964303,179.36165976369597,161.17497794055208,115.23283992194916,96.7050151391266
3,193,20.841491297181634,11.59401458492684,3.192933627726482,172.07724501424687,178.3344279106819,109.13534791157754,96.1052448503049
3,194,17.359036958423022,7.868830336514303,13.456654624143702,,,101.39561541398582,90.71267952316592
3,195,,9.888429624570296,9.505675884660953,168.4221506814043,177.05026815481523,,94.43647373171684
3,196,,9.7507997867222,8.408683153593659,,,,90.07921819107996
3,197,,8.951792448538887,19.972861850569508,179.18406998277197,154.90973962552005,,89.89331626048865
3,198,,,,,,,
3,199,15.85545373436702,5.447166127059446,8.47246217688405,173.69543607767142,152.51011252212385,116.73173098379635,92.2800339288016
3,200,48.76647823368236,15.00916545428032,19.5776297318988,,,37.373773225812435,136.5665121447249
3,201,48.82798227573439,13.513203065765966,18.303106751814887,,,36.23832240847914,142.67172734164896
3,202,,5.480470518185967,12.055318051209378,163.64546677989136,145.9687747912751,,90.65960525675582
3,203,,5.67010299524124,17.34229733806619,172.58669541851583,145.2559963230949,,91.34641145504884
3,204,,7.181745120787287,22.138588598870538,176.72573676555228,148.19365211370263,,86.47249141930891
3,205,59.69237641065848,8.639995536518484,6.910775160779582,161.1443699657476,160.30583989396982,35.33687433890624,91.4858634413424
3,206,60.424098216904255,11.534737780393586,1.241045910498668,158.44032521845392,166.31540332853749,34.90291070061294,91.92402279095644
3,207,60.5147878276777,8.034604808940987,8.282863377241842,169.2447195460674,169.83479928918072,37.56252483158441,93.12122843084988
3,208,59.01905295775116,9.98516020221598,1.8377185585757625,169.92356374540378,176.05270410560087,39.46522213872762,87.7856549880397
3,209,59.72612869195548,10.949961109689568,11.205237651669888,160.49152838580753,177.14899768643244,38.96222593978418,91.54527270955188
3,210,53.35963784418874,6.599507734054743,20.632975997835477,174.62417385607594,157.40055356270184,40.56240884367051,90.45661085005923
3,211,47.62112211602816,2.917520505726966,23.18391330644698,171.66799376451308,163.47886220565982,45.60090647027728,90.07626830111636
3,212,49.158790283813744,3.7882717815353137,28.990462455087343,174.57474431350138,154.64242780817537,40.61599584975341,90.34954505739216
3,213,22.417906103328075,8.875283706781358,3.6284746883817287,176.10853536303796,176.01401142399337,117.35870064846394,96.7338389358388
3,214,16.447530478331856,12.702390377263866,7.730295962504179,172.39788002746684,177.22200565790098,110.6069003156544,95.90480479729015
3,215,18.303033635997103,12.040238090719196,2.9728076015589897,,,105.84745304812586,92.9777775361068
3,216,,12.179754586553916,16.02272355238643,,,,88.55730811510837
3,217,,8.475147988770367,14.364332281714194,,,,85.20352691955041
3,218,,10.276025521426265,,,,,76.38066980323053
3,219,21.484396113959367,6.0223661324854,4.10777760555273,172.35598343074307,179.6732553211439,120.9524056241271,119.50852659653768
3,220,,16.895921757478224,8.130829187609686,174.0022080486442,175.126374882493,,134.00561769758815
3,221,,21.232280965456223,10.821794076484718,170.51606670917155,173.00648620447504,,99.57126729798904
3,222,25.379865422484045,14.231329756192032,121.67207226080444,133.12922898055257,116.07400485141282,124.23681076876674,128.97537880005316
3,223,25.060244714437673,14.293017421999904,121.72320130800676,133.11661521966946,115.44821903067736,124.7031757456607,131.52786018540897
3,224,26.57010876871255,14.7021563493048,121.9080121484399,131.2313699410407,116.31183289263194,125.17721390297125,128.81448348572772
3,225,25.947063687066176,14.386663566599015,121.59281297959484,132.31081432230573,116.27513937653158,124.48982112497592,131.36482103623428
3,226,26.696709501247685,14.97750780768418,120.40417315002288,134.43832464955514,116.13396161428577,124.65187433104184,131.85342571678584
3,227,26.32026262382268,14.631773939347042,120.30739995796792,133.82250920372448,116.4100354852242,124.44729866476212,134.66699146554984
3,228,26.108398524980377,14.942951863074702,119.67624920079916,134.39721653887585,116.41305385242488,123.52966478912862,136.73101479343072
3,229,26.168383118274463,15.477829437342365,120.64938243887364,133.71442468126904,115.6927413254123,123.456626504074,136.07448151519642
3,230,26.14257471737705,16.050002334387433,119.269709232257,134.29033712652327,116.48540185835644,123.48954837029856,138.5785691506481
3,231,26.20327270682829,16.041744159719734,120.37821596305264,132.94785693739468,115.6761652975202,123.51844076850531,136.4366828104328
3,232,25.59470979561238,16.248612051029184,115.498382091589,138.04395802235317,117.5460171769736,125.18830461051982,136.50865474679298
3,233,26.593988258196607,17.562901489338635,108.4259009845226,144.0113212002028,120.2692882046248,123.31770046525156,141.32560759155285
3,234,26.110018625838464,18.151011957911848,106.4322802680017,145.9674192079293,122.08335735387833,124.70993677989802,141.01991082779327
3,235,26.416886140993476,18.1045598845845,105.11012818424878,146.1185080679115,124.82546191890803,124.76864348173234,141.65665021805353
3,236,26.578718789421465,17.823390004269886,102.6250161314298,145.8486401634049,130.0937543634266,127.89602253102464,141.0324394534208
3,237,26.37235753720516,18.51236092154586,97.44226196985876,149.6027540077732,136.04464981887165,128.5719499679643,139.03943991851597
3,238,26.068680774918384,17.57714162644248,96.77198369827184,149.27708507161378,138.02169726638465,130.3041115488418,138.35544480755797
3,239,26.07992400826618,18.756402543034447,90.73018736131964,152.88236875539206,141.26972784032074,132.60989238189168,140.15824002917935
3,240,26.936575995212284,18.0586980683978,90.20716897201056,152.67379020604508,143.0890557015824,134.0129009712578,139.21804997368997
3,241,25.996918878086795,18.66829177025826,88.45494429025982,155.6222609145737,144.02613125812226,135.1986597068127,136.77354637127252
3,242,27.065277147448317,19.043238342114503,90.58420746949426,151.13625394674963,144.79293064669167,134.03908074041087,137.05926477678824
3,243,27.652824509795582,19.78618553976373,91.40917115007234,150.83195757277622,144.54464908382977,132.17174665008812,136.33218734461622
3,244,29.60303269819343,19.960892094178515,91.75993419400923,152.1021756976671,144.48246996771869,129.45373271968128,135.01428087905265
3,245,32.22301259656067,21.960053532560128,90.45905550077974,154.04076726541848,144.02268939676495,129.30720018754604,134.30970479194733
3,246,32.56345421642989,22.00290788653834,92.56220570038327,150.61363124922613,142.96413801375553,128.04709521979402,134.6292714153012
3,247,33.68581353237417,22.40896321304153,93.59576458007685,149.4172824576417,142.69500423454105,97.51527091151875,135.62781599252264
3,248,35.52001618156492,22.07599762228243,96.50565979720156,146.99591205514338,142.17206132168852,99.72911916390088,133.0783513659645
3,249,9.762000664388848,20.312607158882788,27.741655564446532,163.76111866943538,168.15597014175606,111.2297682571823,81.19792845661104
3,250,8.658409399966782,16.41432169859806,27.424162092403545,159.74095968894585,165.8786163197917,141.91426346084577,68.35282265305698
3,251,7.950312222168912,17.28818520363268,21.06248207405514,154.17425086264004,161.17352691954886,112.0691914992694,54.552472903334674
3,252,11.891365432657851,17.444300320880227,21.372311827218876,166.6791139579905,165.83925725968697,115.56798013323724,63.354712175425625
3,253,13.76911089739392,22.6885918485168,21.36445268326093,175.66797001897783,176.76475985087987,122.50675982121962,64.81559328112961
3,254,16.931748693616907,26.688046955105072,22.759240351355288,172.20540216620165,172.527413216935,109.87450599871896,59.319133988781154
3,255,15.301848594647677,28.131033347272744,19.89108029191487,161.03585942218638,172.0764888873393,101.12964010846312,59.478289675064225
3,256,14.243489860023702,27.64355102156974,18.48652051514304,168.45615285228644,166.29841884484262,109.14568284533163,60.483467373844135
3,257,14.211897618479355,26.883799272331117,20.04255054122966,160.2810709889269,158.46742845804633,119.033702731027,57.68632606018082
3,258,17.55786858353105,26.73971883235297,21.773993447961928,163.49910218103645,159.16885989731884,122.31240630472644,59.11763601876907
3,259,15.330656311005656,26.570677304005105,21.277971711794773,,155.13488260887738,102.01160321706652,60.20231976281443
3,260,14.844968195091123,25.844858859269415,23.225154691654215,,153.67039287616777,97.03232745091849,60.6699890759362
3,261,13.141974893257148,23.08073004815352,27.546123821171633,,,91.14293807903256,63.99517038626435
3,262,12.631636635378248,23.441608001970316,27.75187239329766,,,89.33404959600327,64.45278624175818
3,263,5.798766146566441,24.571755638014064,22.982987625901934,,,94.51696450801516,65.95675970790646
3,264,5.557524474107186,25.94498864550346,31.199606377016323,,,95.5403883663717,63.63281948317202
3,265,7.766426190453329,26.85265052540695,50.18754746571447,,,88.88162273179142,72.61021179438734
3,266,9.01006381505269,26.355115718372303,58.99976308956776,,,70.49195316673277,43.25200489757302
3,267,11.177075511571225,26.7273411325676,54.713792363986755,178.5649116585276,160.2810811335728,66.31542557189792,20.222516091538633
3,268,13.68167662756539,21.438235187739988,75.05039844589427,,128.56179424810833,67.50615997437002,6.152643814846474
3,269,22.054563618268,24.065517714213275,,,,99.38261399681156,162.0090053721914
3,270,25.02424793521358,20.701378984409565,97.94435347657291,140.48668313934726,137.80346778157164,125.25268044777108,155.5663463399861
3,271,25.13915316357779,21.405215550013892,96.308053263351,142.26380951577718,138.21116530071927,125.20300367156058,154.84174913387798
3,272,26.477213296458817,21.18495333092401,99.60917250659388,138.55592543192213,138.3581552611571,116.5920195348964,153.02688694662248
3,273,25.36062238300961,21.58549677435129,100.07518433683362,137.59502967056653,139.38650061646018,117.88822515750785,150.74616637846762
3,274,25.391997192636744,19.622963910575265,102.02979158836024,134.82820248954894,138.58009258524854,125.43447061373294,147.81530662835223
3,275,23.50837149104496,18.676950505821583,101.48812433280229,135.24963271329509,139.71110986960576,129.3908569809955,141.62038431998587
3,276,22.58468423951459,18.340839202068786,100.63214870014474,136.97385408877182,138.46364644041188,132.3390696089352,142.0333273966357
3,277,23.395146121683805,18.099342350629897,94.49763987706956,149.13058354023352,139.0342882033341,131.26885421995695,145.18763054850493
3,278,51.48668068544423,4.042453627561957,27.496927652582528,,157.71404572748648,25.605409005949372,
3,279,,,,,,,
3,280,49.594389829956526,6.334261629933883,26.09795755406465,,162.58702086819687,28.7092623764927,100.32703825913508
3,281,50.727610698352585,6.685064046944795,24.67526917307995,,164.20245473597677,31.15015574031037,29.584637931973212
3,282,50.24264043829463,10.83751385966055,24.353769448074026,,165.45497029743905,31.911603915693515,114.1033818096158
3,283,50.25663280684389,,24.332558926810485,,166.61625332226413,32.678589303830464,
3,284,55.16396366242664,45.61558079536089,1.9856457939896133,176.5277205171556,173.03978802793966,39.949669144300685,12.646009107182897
3,285,56.01103196049895,117.76749131981566,0.4148225234279331,174.87583208330335,174.70446443355533,38.62632569867649,19.31170114307655
3,286,50.576734342029226,,24.367151014345733,,170.809903515148,33.13575716451516,
3,287,51.03060760887358,121.8622546811458,23.689003788163028,,,33.38053218908849,
3,288,51.672243096332295,15.224753961209592,23.96624461071332,,,34.827264214083236,132.1789504584082
3,289,52.47739293714341,13.410818552668644,23.186618144694076,,,34.97723919674219,129.55662093197338
3,290,52.690733344211026,14.21163373022464,21.819111052465686,,,34.88918676504273,127.92814969758858
3,291,53.055854120458434,15.077184864533368,20.492558821079108,,,34.71242851083993,125.79479055500576
3,292,,,,,,,
3,293,50.710020197087104,18.394056251743656,4.470517177387622,170.24381468436042,177.0390065549938,50.42133967555142,
3,294,53.14033022581378,21.222436282057323,2.2706952054460996,171.62564894698644,177.33769486269463,52.45176006949295,
3,295,52.99589033421937,,20.695376268463765,,,34.05390914286296,
3,296,52.26943378084419,,20.770018039451013,,,33.85058642107005,
3,297,28.251165444344117,58.88745668327576,6.418499721490751,,,35.53607072553762,
3,298,56.71394838527798,59.032811243404645,3.678642398380667,179.19924884184843,177.77556520133945,2.869758213521783,45.745486517749896
3,299,52.53553395416127,60.05667443642098,2.1988127106606243,,,0.4012184900809694,43.14907383281207
3,300,53.42515778696001,20.07011826754675,1.993733051916708,,,40.18082527497184,106.58320456318974
3,301,53.23161432944045,24.547311625181937,6.8795503756250715,,,43.26144742972173,
3,302,50.891326833965834,9.783546494852729,16.80469453092797,,,36.23945663565404,95.18683194915162
3,303,50.695517356878504,8.600443076226949,19.36669586298546,,,36.67540477555075,99.67987220932164
3,304,52.95162856905362,7.844675809080096,22.39824568692992,,,36.78407398154991,96.57010878902848
3,305,51.66162190358116,7.217329991623514,23.402825719410547,,,35.140461101322316,96.961412018332
3,306,50.77248005235711,5.520812223719296,25.28009705535029,,155.2419116121257,34.58529840881806,83.57595245174758
3,307,51.3174883975202,0.187138338421602,23.75498125758763,,,33.56382233792887,
3,308,1.5345605664961008,,,,,99.27529913288612,
3,309,50.51968400665683,2.603633854762115,26.35574409930044,,,32.2577222513172,69.04435091175984
3,310,23.95231563783631,22.27157610757519,107.06167213435675,131.9148352285736,137.3031382951661,124.40182515933998,136.64810822962397
3,311,22.51112951194119,23.710048520565813,97.94726944794628,145.59968876265185,139.2803124233976,124.72677396062096,137.2854633514634
3,312,,,1.5592888952217814,178.43633470342476,172.22690211795822,,
3,313,26.942005937466657,41.55921616398006,12.703043727408913,171.3636485820398,173.4673197509422,72.26761795750569,3.1264707177044744
3,314,20.90208269235371,20.89635990327629,102.41399224221468,133.84595004300525,141.74277053903745,125.94529782549036,144.60380274621343
3,315,21.06668096521039,20.675445309611263,102.90787470864566,135.00804268963455,141.53683428481958,128.40318763292908,151.70234846267402
3,316,19.594828731233136,19.635804028788343,106.3548861963287,129.60817734692787,139.46288049831975,127.2533064611572,149.61900633996194
3,317,20.074294587395972,18.97227836751227,105.70993771544208,132.25540031563054,140.2988742241355,127.11581296220992,152.67660613839567
3,318,22.84228282139508,18.840375010290945,102.39133989440788,134.61359056678856,140.57249222938125,132.40528612831457,149.71564778303966
3,319,23.20233193896576,17.519451985581572,107.22764525705706,128.6118861482096,140.65338921270296,125.10496992091446,144.0100400821509
3,320,23.073016676034225,17.872723965061276,109.66451172563607,128.7130127732982,139.37666902893167,125.44867202407258,140.2303746602774
3,321,22.644145021283244,21.030033367243423,109.3422578405854,128.2467231465587,139.89091473668023,126.69494761325676,136.75558868983725
3,322,24.44272724865368,21.633006688523565,107.53672440430604,129.1896249480436,141.69650958115588,131.4703724465461,134.58357872271017
3,323,27.562922163889706,24.14166718432947,112.8401609281671,122.44640469053547,138.972282498155,123.0668360572574,132.68117995946787
3,324,27.13554513725705,23.974776370443507,114.8867880943556,119.76688554405028,139.6750420884003,116.53928460158036,135.59762452033314
3,325,26.733361174626317,23.49152260693947,112.34884006663351,120.918523583668,140.43869994488713,119.3758129430024,136.9048490000092
3,326,27.23545394483468,23.121656369642423,107.3499182166262,130.10661826326566,141.09233273198163,131.3636014759504,138.71749510896316
3,327,26.922649253191334,21.956555670667417,105.08559209037706,133.40482017196484,142.56132686948644,139.2108303348392,137.04891768830112
3,328,26.42988134726135,20.093052536970255,105.3317322216881,132.05494142089233,143.36391114526404,132.33177453142636,136.7091027746026
3,329,25.331382817104828,20.745198026497125,107.02471636395364,128.6567462215449,142.4411378255603,123.02935187846504,138.0330805685518
3,330,26.564833460456928,20.253382973915397,111.19584797528998,120.20291689948505,142.816839203701,119.7107971853878,141.48716042978202
3,331,25.7872921836072,19.42926484769687,111.40852421519789,119.4581239799615,143.8583638518845,122.21419116534784,141.0685619607246
3,332,24.82700707527145,18.23752212065448,107.71947744065926,124.57934494163786,142.78944023316078,125.17423410702096,142.78979040079614
3,333,23.92338510868759,18.262610283102365,107.47503432255756,126.0961824859086,141.65949580840717,127.35756639164153,144.7003962169791
3,334,4.781930647398774,31.31348038440852,17.699767436313007,,,84.5138551260243,36.19021668685249
3,335,8.13446692126213,29.426736908333748,19.03116394062201,,,78.43088649486077,44.85863152265782
3,336,9.61012389080638,24.84235976210131,26.35682689405384,163.45147747677507,169.80151107025415,73.82098014012074,39.14439847689166
3,337,5.271369245191576,27.48555555578668,27.482902556663223,,177.15635100075187,82.63702611880717,48.185932397173026
3,338,26.915929439972313,17.524697095550227,104.39089607956254,130.85205194074803,139.74864178281354,130.27763655814806,143.0092817706372
3,339,27.044051706054734,17.540255770280755,104.80171456175012,128.8022952358284,140.20356069083545,126.08897256851972,141.8397909329044
3,340,26.7614597096236,19.212869100560173,105.93893917105076,128.30247842072512,140.31571105346737,124.33395355823151,139.12562622956764
3,341,10.335254734521158,27.144755416021702,27.994908644210103,,174.19453201882624,74.94020000500161,39.58223770360856
3,342,10.995524884746905,26.681250419131736,25.02340117182765,,,72.3646934610832,40.19146526434401
3,343,8.169987864946897,25.375723575305095,19.37013418209642,,,71.40636478822657,42.66580449714686
3,344,8.336321388295898,23.772315651668496,,,,54.39101219976629,40.62546732477824
3,345,32.70195122464652,21.74955219415636,108.26118590362611,127.62350735850814,138.0819984915167,122.21867674642588,135.65367113237622
3,346,32.86139831411408,22.04434161297661,106.50312095583966,129.99111540807044,138.25901219145925,118.3522812423529,136.34442587454822
3,347,32.55609994532804,22.631619365306133,103.93782285273195,132.6829392117668,138.75954301143932,119.22731479424752,138.35474163725013
3,348,30.582146575886775,23.732841391130076,100.9788294564554,136.05581515613343,139.27316296322076,124.7671672768809,137.77724545996347
3,349,28.995437882042232,24.15125343866858,100.76318756903424,135.2888161445436,140.0135739313923,125.61810051104916,138.348474556834
3,350,27.35592919325509,24.67783898450496,99.02111069116212,136.387916796342,140.5584969800097,127.893914850522,138.653194489209
3,351,25.345534002405486,25.56013672194823,98.97619006965844,137.16214250364527,140.3834705333399,131.5864985436831,137.74863889096986
3,352,24.615472904836704,25.86495682656464,98.21472053357724,137.25248942007823,140.69793528722934,137.4231217938165,136.89359989271256
3,353,23.965593400201136,26.78166054292522,98.66077901465016,137.01768537082967,140.69924272057986,136.22128197795644,137.03312666829223
3,354,24.824993984312236,26.899770602350028,98.63425652053584,136.30939635642432,140.5212271336083,140.03760177141024,135.90703043021983
3,355,21.435121233736503,7.15701045285039,,,,19.830455049980785,61.5254519614175
3,356,19.64481947443897,5.638357125768166,15.970722348373195,,,32.716465859080486,62.696441872581545
3,357,25.52993262671038,25.65758744296304,98.70534831322608,134.00417204181664,141.47083346943396,139.35558352707994,135.21377750329992
3,358,24.976850735431285,24.677546187223008,99.86392188180992,130.90000739314786,142.26728393424446,134.55023808030992,136.89110043566632
3,359,24.93008862816338,24.249500633942077,99.11083543685407,131.2064758409337,142.93812351371108,134.46622543909632,139.08412966525395
3,360,24.233064679639913,23.552187900005897,99.533026675381,130.99035177991507,142.87800713973246,133.98747116860358,139.96119706556678
3,361,22.86236488045417,23.4540024673491,99.66393617775408,130.7612874068589,143.0035233169544,138.15194717521354,139.88930260694616
3,362,48.787611459424205,15.497616241018768,30.23047364105839,,,34.43046810012136,69.8657653148455
3,363,50.98456557082917,13.622144330157225,27.9568730129193,,157.9217054163403,33.86836985777582,76.25945425342285
3,364,50.43210166106507,4.461410180515483,28.597883353571856,,160.04539475938984,33.80169766266735,71.12363899893003
3,365,49.67022756832334,16.53061297955575,26.440562120690924,,165.39368276798425,31.52443549432645,90.433639413989
3,366,48.535248702081354,6.592532074252284,25.138682367356104,,166.1343952253231,34.85168810191175,83.67755697566614
3,367,47.39746731417768,11.456924188969634,26.0381187329856,,167.18561933757493,36.90325733029511,
3,368,47.05603386696448,10.922751739832798,26.550725843087378,,168.03899927702474,39.31286581485455,97.23172344686613
3,369,47.32531099914179,12.395225498021922,25.791618468226453,,166.99427421942227,39.251036717046496,103.42421571345456
3,370,47.65105526787019,,25.549153131346547,,168.81617991436477,38.82293976316264,
3,371,46.76793480589741,,22.698187048978035,,,39.385896947164525,
3,372,45.946495891645306,62.79270414748038,23.700044403567563,,,37.03238635476906,73.0172500301099
3,373,46.3288660448934,69.3776938662201,26.585949314458137,,169.5137908587077,39.750516673028585,89.36061773041486
3,374,45.86261317120466,71.98463966855152,28.44609496647919,,165.0087351800615,41.32681623500859,88.43611518655999
3,375,46.76506646887095,75.32492155971408,28.425313229715183,,165.8521072185478,39.85189084203444,93.9600849069216
3,376,46.419225622833295,,28.544108308811445,,164.57225525826132,40.15639601206966,
3,377,46.537693187870566,,28.005736136636575,,166.30191736145156,40.91319788546293,
3,378,46.254418849536314,,26.70961731713088,,,43.007309970125625,
3,379,46.70714129119138,27.704745959642462,26.248732525511937,,,42.52018001093845,52.21297475115298
3,380,47.00142835071685,19.56646666862439,20.204080302285675,,,42.46009144682985,45.440912240883385
3,381,46.87087614697027,5.176879507955871,26.201422676610346,,,41.38235522623795,33.840735974793134
3,382,46.550466915112665,,21.849825039307007,,,42.13296619698824,
3,383,46.74246353529653,,27.55706321432181,,170.9015224007534,41.928073927955694,
3,384,47.351182498958096,14.27349584962393,28.99902087752263,,167.6120160350769,42.48053602280293,14.7247234536312
3,385,47.685635107087386,,27.85384428604389,,166.87333726932457,42.57684092831833,
3,386,49.555147573148815,,18.901758020303845,,,39.97562036987642,
3,387,49.5417764218423,30.65472400498946,19.520063900456343,,,39.47704343193495,63.789978438729776
3,388,48.73876992215784,13.340365131950048,27.01710962608396,,,38.34578130598413,
3,389,50.04943003289543,15.08115206672778,23.978006467646825,,,40.20692384842386,
3,390,50.96361560767375,14.368501343944349,23.72323426524,,,40.47989129232405,100.68447508746809
3,391,50.11169691221992,6.645508714033223,26.638393706042244,,,37.92149078106404,107.99523894596145
3,392,50.3571912700472,4.755529498928992,27.020271594516153,,,38.4919405352897,91.98926774061536
3,393,50.44526617092732,3.837785205503322,29.98879648852372,,,32.00477284325951,55.363046066479235
3,394,51.24980618697945,7.433271484008625,30.14973419334513,,158.96022238624295,32.433955493035924,
3,395,52.39777435711478,0.8909220489654013,29.12096829777973,,,29.09915054789458,66.12590207204079
3,396,53.190529409141874,6.593020980837435,29.870058915082527,,,29.17131763207511,73.73524557306159
3,397,27.41511323362813,19.804874497910976,108.00636234765554,124.1802955830449,141.26930641557064,122.1671573997644,134.3732991082781
3,398,29.86901999769595,20.655482205867425,107.71883992660388,122.3679725993266,141.50863382733763,117.56487267331504,133.23347018747572
3,399,32.815129253424146,22.544002296108836,107.96568234398984,119.89688045686464,142.76883809021092,112.70599881340564,134.60405714378018
3,400,33.79264278956967,23.52494996751047,107.6541955358966,120.31537585831047,142.3055258445188,111.9898324347985,135.97529514426074
3,401,32.34987345245008,23.750492773461296,104.59850554013433,124.158893525096,143.1837830997062,116.3931140313841,138.10148517994438
3,402,32.15690386270891,23.559528980250175,105.68010257510709,123.97044572403384,142.82564209511344,118.57573457321384,138.90002293264354
3,403,34.43734746605963,23.387919057114203,106.39061326034462,122.8074300765107,143.42363005236382,111.8169881869309,138.68680194258613
3,404,33.07005532752356,22.391798916649503,105.6335003046383,123.8425184767422,143.29029910190172,114.42650847074344,138.43632031419588
3,405,31.1993655100746,21.470592412338146,105.78892073040916,122.60801036215322,143.84434956547258,115.45456796009135,137.40748210841485
3,406,30.121502558366032,20.892095413692893,106.90157917793024,120.56069168768866,144.15269330855855,114.13652554977926,136.14984801579186
3,407,29.60212726111219,20.574494232270258,106.76139063146262,120.38284313018283,143.58210285692493,111.0618805574472,134.04985068843632
3,408,28.85737162223565,20.629292548149397,106.24843371284491,121.33152200759386,143.50371076031865,110.70543327971886,137.26942894007567
3,409,32.403988177811435,21.19436302879018,105.80328523929276,123.08803185093984,142.88157178960495,105.2479387952261,138.3513536901873
3,410,32.5650290263707,20.98760798797419,105.05340258642768,124.12121698858348,141.72474851592716,105.00073122114604,138.69178243943193
3,411,29.107152314546973,20.554951193253615,105.91106401699568,123.65483822087366,142.36070253969416,106.71002243750964,139.65000232334037
3,412,29.27889704426471,21.283340982213076,105.27668483720136,124.80705102157432,141.61131156855996,106.4638024313986,139.17082139926657
3,413,28.904344284735743,20.82450147056323,104.60247207573018,124.77506568743247,142.81443340973783,106.75203974711592,139.18699715079595
3,414,28.11742028142623,20.92261520955765,106.60998142080425,122.48889879651404,141.91772597828972,109.30763517881856,138.23741833611396
3,415,26.17063205726931,20.65069443916421,106.0258709159771,124.01926161711036,141.79234706258768,111.44896869564307,137.36123850262598
3,416,25.833898539659653,20.546670839860095,107.02147997940088,122.89652164996576,142.15365939664912,109.87568517910034,139.41130738743138
3,417,26.81420661666848,19.844266120446047,110.17553318338904,117.43430950741796,142.66612095162938,108.58070340359777,139.5612415815877
3,418,27.1396859085256,19.357797231282195,109.6233733284102,118.03543751076492,143.11992972777745,109.78745370999452,140.95533291068256
3,419,27.405954834958205,18.743311745604775,109.52432362063156,119.11675738641296,143.8474350898897,110.11681225129789,141.03681671513434
3,420,26.385235943054667,18.76478285584896,109.05453879399728,121.09410851065834,143.69848677710863,110.58806536768373,142.054211594667
3,421,27.13310225646795,18.170015866942133,108.5365734104729,121.1821148956181,144.34787223070646,109.20271182851032,142.40188195124446
3,422,27.430212121499395,17.823185657323805,106.30773572141756,124.11186885505258,144.66380830670602,108.91539111974448,142.79372195347278
3,423,27.085252922918876,17.234750164716743,103.9826458306064,126.7819020086934,144.8134630274901,111.71177889435002,143.14761512801738
3,424,25.56180588526875,17.6961727890009,101.26382844205855,131.48587893939273,144.64863677579788,114.2082049187102,144.4449337733577
3,425,27.101832435255822,17.47278828414205,102.28304479426518,129.18162454529798,144.08552726421334,112.665494936923,144.25992332376575
3,426,28.037827277455285,17.50254152230101,103.72485773261675,126.96768737405506,143.72375145423294,111.9040855874985,141.30054636658537
3,427,28.683143620717605,17.530344995151914,105.070043233809,124.13672711047997,144.30823037035128,110.91234025257756,142.7820729309514
3,428,30.782376044326824,17.545518368310844,105.7520218792628,123.02737722638902,144.04113602559565,108.03514899981194,143.39524990837168
3,429,28.958339187381668,18.28732030300218,106.82381012607615,122.80710467422976,142.5187196034069,112.26696009525892,141.2104529968378
3,430,29.63044737912584,18.03170832971549,106.96665711197136,123.09286799652664,141.79506119964103,110.86812867136052,145.2881598795842
3,431,28.340992617557365,18.72054805042473,107.06379680762458,123.07382568749657,141.93433034738553,111.61109728467524,145.35995178605108
3,432,29.080166752118632,19.64299675914468,106.86140831134796,123.32655450175294,141.56396633479278,111.6768582311484,146.15000119770028
3,433,27.8585774645144,20.084868004603607,107.71782922691015,123.17150446510853,140.9697016562123,110.8972965067835,146.59124449570615
3,434,28.04736946262051,19.955170726273355,107.9133330486988,123.86041427848564,140.38286186213534,113.45936451155362,144.8863790980635
3,435,28.10228842157654,19.57945370657016,106.33093660836916,125.35807159955684,141.1153072167375,113.65992332997052,143.09203965712342
3,436,27.210861635830568,19.28149304390233,105.71044968873348,126.3584415926001,141.39575840681522,114.12803648373657,141.81055585477677
3,437,27.709960285981317,19.586216974523538,106.0840408790163,127.01858481810676,140.97869341315223,113.74137901119468,141.80695928308836
3,438,27.92994754701288,19.160470792261663,106.3761846806276,126.42773445686966,140.9607583213253,113.87625306956926,142.73226001026484
3,439,27.601821874042184,19.04561974898624,107.2894105972472,126.2385259773457,140.61048326004146,114.5184851811459,141.6068049614849
3,440,28.165981826634507,19.07959447388257,107.39137412456888,125.77171402867135,140.35490140596292,114.1605042092344,141.7609408838977
3,441,28.4570377621844,18.806393521309857,107.25668956161437,125.97496347364944,140.5783024651019,113.84494618971893,139.17574671125786
3,442,27.87437118313737,18.745302639358524,106.44637739012644,125.72413031154656,140.80609331202928,114.42247029452624,140.65001716926128
3,443,27.63945191395125,18.732994914554993,107.03093220873788,125.66246300270598,140.232473503777,114.80689853068756,138.75102456343976
3,444,26.48250513108132,18.518766166263532,106.61200090711787,126.96090747333729,140.02601062429036,114.12281749711696,140.83936350205462
3,445,27.857926762840393,18.168659973761084,108.03721543962416,124.27744904911468,140.64974406029816,112.4997505056728,141.10022457895695
3,446,6.138466303637055,18.13138365730908,3.931527982879408,176.1954131317699,179.82391356053577,,135.63308947544058
3,447,27.165531551595823,18.36844006892584,109.88558105900738,124.08347105021136,139.14101013544533,110.2002830408996,142.1169706416804
3,448,27.575078454819614,18.113292335624376,111.36738176022718,122.14365437132072,139.00442030942577,109.8478941064426,140.2259631382857
3,449,26.839707158827306,18.125026764834185,112.85361836609482,121.28532795884487,139.7746951173866,109.60787544592932,137.45970432097886
3,450,27.52664716763299,18.090997855344696,111.6562591674113,122.97372963033482,139.3771036957953,108.98134041039444,134.24304603286035
3,451,52.39476747240905,13.33664537619994,24.48652669426452,,,36.80838905866217,117.39219616434406
3,452,50.45090531246053,11.28716637588125,23.983199930297328,,,43.31603665904033,122.4825450860565
3,453,49.06253494255913,17.395744259712885,25.18653711551513,,173.62163344867236,43.296735009528945,123.54716791037906
3,454,49.09787256413722,12.494156431710012,25.693905314213165,,174.75213715551627,43.36172192719949,124.81205829822277
3,455,49.826339824365654,6.687125003716586,26.400271233212987,,173.37148922769947,45.679080714832104,125.06763725283382
3,456,50.44991178389594,7.663540369902953,26.871032221258616,,177.03489323935992,47.67256482096961,131.34714513570668
3,457,50.76425870255855,2.0372322491360366,29.405017798989547,,170.30400101059854,46.17533521894793,119.81458111644524
3,458,50.78621167235251,1.36214905797938,31.0834495444005,,167.60843318605657,46.41426758883659,113.16119488716356
3,459,51.7976132330557,3.4382437099985275,28.901892547975557,,169.28599244968805,46.15928707017272,107.42896630804836
3,460,52.05083424269947,,26.2768067302792,,174.40138342760585,46.170916447046615,
3,461,52.319494296006205,,26.408048584350645,,173.01713050014678,46.08007254059042,
3,462,52.20984831213861,8.035200977271932,25.069274082176634,,,44.71540447630526,
3,463,52.60840218828936,4.196082993781985,25.167523741960185,,,44.52455504228073,
3,464,52.3842752941586,9.216861297767702,26.693484003100068,,177.00139973458096,45.72878433283653,131.41925300139926
3,465,52.410709866586515,,26.548818932180502,,175.3679836695961,46.46193876371561,
3,466,52.15225421737007,1.0089759024462897,26.776679828242074,,174.68538991609572,46.61657915529812,
3,467,52.89187960407813,4.123595169940923,26.86021763722556,,,46.70949784927848,
3,468,53.34632712456252,1.7288841134849744,25.462972851254328,,,45.471912103076455,
3,469,52.67522089058167,0.0518876001436906,26.461594156191044,,,45.38552019128942,
3,470,52.67983682568691,,25.72276667394756,,,46.101157786368525,
3,471,52.12632904279116,,26.286455303349452,,,45.458444277683064,
3,472,51.146544587023,,25.8687345331388,,,44.18036763792998,
3,473,51.817079926132074,,24.66786607701022,,,46.61264426371465,
3,474,52.92742262966272,,21.567753847542164,,,46.27512801228158,
3,475,29.896396489160768,22.48754714528764,106.35194595705416,134.3297194405326,136.38768307624295,107.24921507784948,135.86687279901363
3,476,30.692663115074765,23.551439758648204,103.44665902859796,136.7013351358039,137.4656555183979,109.20141744097876,133.31839728893252
3,477,32.43815826014033,23.891586349456663,102.18034310061635,137.66522895475993,138.50312804425968,148.55104926507553,133.04483343839175
3,478,33.69907132527019,23.67342947927215,103.7089405632742,134.9028034318566,139.56177909100813,104.0714181369826,134.53376844728
3,479,29.096708744442793,23.620920203723163,104.41170591021196,132.32844495063435,139.87657093687432,108.6554510812839,133.7773696506775
3,480,25.139203340980348,22.91087778028495,103.33834464980056,134.47221539752067,139.14079901784717,114.74230209800058,131.03720863975377
3,481,25.252312933874695,22.187814689598827,103.2530761166435,135.34549440383535,140.12871791761185,113.63053427569837,131.47730723463965
3,482,27.367991375462875,21.197370407534276,105.60074937479791,134.2176371540394,140.57430836082003,109.67590329794368,132.0046796090736
3,483,28.229984288530865,21.41687012742613,105.9364020159168,132.6275690490905,142.24180790687257,109.23082595331292,133.13886534914
3,484,29.982139169714305,20.931749741781633,106.09470928284216,133.50051982237488,142.07798345579215,106.81198849798317,134.96192133968577
3,485,31.174477252366337,20.413239886446732,108.13150813597646,128.0787509453674,142.9507873654883,107.46738667455688,136.5985242005262
3,486,31.646257799965895,21.074141831584217,107.70156955207128,127.968310004039,142.75057903272045,107.70764203504883,135.49210790750865
3,487,32.97769543566262,21.48563989796599,106.75280769810747,129.7164314600171,142.75236119320132,105.72621505420382,136.0785032163602
3,488,32.585638375894185,21.514789446685203,106.112468766555,130.5190633362916,142.00937144498283,105.16184440878202,134.92671613007386
3,489,32.79387096727311,21.3933270807984,106.40437892071137,129.98267576579775,142.52206535497538,105.7917308296953,135.7075277783562
3,490,34.18095615211149,21.42954653772088,106.4222583396768,130.45304578016157,141.68544483678107,103.24655707156388,137.45379712085804
3,491,35.99327696754587,21.384346090444808,106.01315688108316,130.0566975810118,141.33948968880287,102.66298927407628,136.57828751973827
3,492,36.22561378995335,21.481703658273055,105.95335009994496,129.5383269432168,141.18893108955672,101.62466966576972,139.72071557664393
3,493,37.5315552518171,21.902783012535235,105.35075640133728,130.96827505056825,141.23365590509133,100.42768422996492,140.51481124968575
3,494,35.23668651842184,22.067574861053146,105.4220641379148,131.83304174034132,141.4490165056555,101.9112601334488,136.72495971352177
3,495,23.021063322467327,21.566591998181178,4.631461820736464,177.5551141026591,174.98675931013693,,136.93538349093512
3,496,23.21073951976946,23.56594919459064,3.8863863136779,174.63324011395378,169.10551418259635,,138.14308402475308
3,497,24.50114169455717,31.431731603291567,18.51717847979931,168.99944913063865,154.9629459178345,140.1328772207564,140.7468440876423
3,498,23.76986319025091,30.92917018272271,12.277170741590208,167.3340818499713,161.65003673641488,145.5414372613245,140.78715530899223
3,499,32.62209766538717,,,,,152.65339094061036,
3,500,30.743823213642575,,8.382569811271887,,,155.88570044253856,
3,501,25.321691543710337,,11.04915120277488,,,162.99402764630815,
3,502,22.902654204763863,15.269420493798698,15.747311006006845,,,167.57422280748946,
3,503,,32.51916011829803,17.433198182283345,176.4628694163327,172.3088813591808,,135.40889928607018
3,504,28.526368635503,22.78257623133962,103.0031907918096,136.6823762873118,141.19518041035315,111.75360096822035,131.52646857922636
3,505,27.600467289077667,20.594880644404483,106.14269139265538,132.45615595951128,140.3583426378227,109.75379779540586,132.1957811616785
3,506,28.62587915699945,19.92644096881844,107.18479000577302,136.79594707485052,136.69805247721,108.8452730321748,133.6333599073833
3,507,28.155794087955552,18.747716652275237,107.01723956163887,138.0553056486929,136.46087457475082,107.28965680222018,133.0029013257237
3,508,30.867002925943225,17.36070272734928,105.45149669528222,135.5207956000269,138.857254683887,107.43313632033669,132.71626786335054
3,509,29.13443632777121,17.30418538197778,104.033377109097,136.25741975817613,139.50983868784593,108.0985209570549,132.9883065701585
3,510,,22.848621016756383,8.273192519438874,165.27147119648328,168.4874771765772,,136.04209965526363
3,511,,23.113951871911897,6.071447176945666,163.36071759059774,163.22551940238938,,133.38618486154795
3,512,12.726160357405908,24.36297516721324,6.047571815927141,163.53507085013416,165.88359627559083,,132.77564737077554
3,513,7.793977745666456,22.60101701625996,11.132102877192796,165.36153804564026,171.09590220937815,,135.12117413020246
3,514,2.0475352402857387,23.71795346717714,8.46771006217885,169.11913216556567,172.72628697450497,,133.149827497342
3,515,8.023295416872992,23.28639642167897,4.7906620405212985,173.69359813488526,175.02729053033065,,135.35550812011277
3,516,11.455496442552208,25.137169815673516,3.175908451785481,175.96800474762736,174.35331262209843,,135.53020480707906
3,517,27.51399913725471,25.687282905356412,18.46746049186355,,,156.5258240242551,
3,518,20.209588281043025,3.3649072274569183,11.403852353295974,,,158.65531253339103,
3,519,19.715277042191023,28.44792347215816,7.317998434466955,179.101932555575,178.6163506952239,,142.16069235064094
3,520,21.25784945076605,25.10334325120203,0.0637618170176208,172.0115651544335,168.6215094221851,152.05262454461715,145.15259097522537
3,521,18.8526839551943,24.03056334512393,1.6611029193596876,166.50052014776077,163.4636393301942,,140.09173614638874
3,522,5.126380127303585,23.668850491192263,6.745545926021467,170.98689384028293,171.60575340337527,,135.7417980779559
3,523,28.30720531803909,22.198510454827296,111.6605190978951,121.04204947914022,140.33556273406484,111.93755492904096,131.7538161591613
3,524,27.677346171332495,22.51278415387746,109.68350202291418,120.35712093609185,140.58032639339888,112.36699759852584,133.86186958053608
3,525,27.75764821860353,22.82048353001589,109.5721575967541,121.00084404374768,139.9333995706743,112.64818687727303,131.91050177803604
3,526,28.35077220191252,23.042025875874348,107.86281707874991,122.2779258971042,140.26044358488056,111.70165861225053,132.67213224659122
3,527,28.54973949798076,23.53818778320695,107.54646180441216,121.84863402786674,140.82316540837843,114.60515731962354,133.73995171458984
3,528,32.06223998245278,24.460766559209674,108.9174201173094,120.65441066385992,140.02546831220948,112.895747546901,135.45225999504245
3,529,35.636527431890784,24.622872400276183,105.79532231447006,124.17259054029772,141.30803945949896,99.48514355746184,134.3435003776736
3,530,36.7577570410279,25.033697975756297,105.0823286145624,125.86666229700818,140.9120025314058,98.03947799036844,134.1491011672127
3,531,38.50293801697946,24.40434759450778,106.50752546563712,124.68650054731762,139.13938069520873,101.06960283348474,135.53093139090353
3,532,37.0353070441017,24.66891976403516,105.68786365267428,126.2213494417844,139.36350111068208,100.91145683040612,137.70335740260518
3,533,34.804271771749114,24.87984957972744,104.47770532413992,127.60907935242273,139.16506536339625,103.190832486105,139.85115532039555
3,534,34.37013227096124,23.73373922008222,104.20113151088322,129.0163412665086,138.6250937723957,109.90048384918224,142.82783674670017
3,535,35.155523380519156,21.397937881542212,103.8034114518692,131.0753492580446,137.96838874510104,109.66849487587336,141.94616794085215
3,536,50.55225988397589,11.47122216882216,24.311725975703023,,,38.41811347386999,77.76429026813616
3,537,48.47354061815311,,24.856348564405877,,,39.01631217240185,
3,538,46.91536632986295,118.96096171343623,23.70380518983972,,,41.28131838255615,125.98133545353124
3,539,,,32.54579204923368,179.24985702556128,179.98749483864148,,
3,540,,,,,,,
3,541,,47.361461894023975,27.361580462926067,176.60585239184368,177.4992358858363,,21.612281222596813
3,542,,46.35339876615421,22.554240695654933,169.89051451291863,176.90528145799811,,21.669158312105015
3,543,,48.41971178005724,21.48203167000741,168.56287719238543,177.7883122404311,,21.741462759731533
3,544,,46.855280806789786,18.54275570175243,162.56111061591946,176.80976819880445,,23.97148904855297
3,545,47.031423667469056,102.8474629163856,25.276360502779855,,,40.01655928552791,133.80589861972996
3,546,46.66644173077216,116.86678338820832,24.84414213148669,,,40.143710839324875,145.23544353278604
3,547,45.83466683993122,124.40429924366376,24.25467344668623,,,40.473593335106,145.00685503985434
3,548,45.449821890823735,119.28732361365248,24.764278368205368,,,40.63198769985457,141.25371582244904
3,549,12.32573675087633,42.944667630997294,21.185935481606805,166.093631121174,176.95397794954974,1.654564372297403,35.88998720320262
3,550,21.615887450296647,40.68372465930216,10.68848511548449,179.71940148491146,174.08836069826037,4.426854972348757,131.35088082900478
3,551,16.127673635694162,37.42868252638898,18.299113603174742,167.7821934920675,174.69161724716184,0.0231112832727831,135.40436617147495
3,552,15.41460329585029,38.52691507722755,12.21950807562069,178.34338592323692,174.42805135391657,4.62535664935697,134.89821401503298
3,553,14.00977669998522,33.06799574440763,12.92476066636434,175.90912091152367,173.86510757204232,0.0137218543250923,143.57839133798552
3,554,16.414991040261658,37.9616173128467,26.85697861301437,150.23467213419096,178.2978083294041,0.5546207318847082,27.000035811978
3,555,11.727721641877643,43.55796969093597,32.915778551017624,178.1578994401205,179.19692568344925,51.75547219754424,20.222166153427008
3,556,11.882699789701112,27.72470680830822,36.21679523626266,176.34725699533257,179.12110532970837,0.559283083112712,143.26301919347554
3,557,,,,,,,
3,558,15.182049398542812,30.87430425440864,95.50115924762994,,,6.423675216103651,143.91399960682898
3,559,,,,,,,
3,560,4.07004246033202,53.652206855554155,97.4601145335106,105.942515869013,,,12.640434465401006
3,561,47.6260134805047,0.3992109264210136,28.678935076869397,,,28.628491369371527,72.33848665146427
3,562,47.693894462258825,3.25756806987107,27.14990060169891,,,28.084405967444837,73.21031689922523
3,563,48.57053433534781,1.9221809681340585,26.404822543896767,,,26.83335951505281,73.45544308629559
3,564,47.383270802901585,4.5161885955572325,26.623597591087545,,,26.24018157966015,11.91737132838306
3,565,45.695026208676474,87.14866858380134,27.063298570365657,,,26.33459563044502,104.09174935679508
3,566,45.09511629895407,0.5263276452526285,26.99031212776713,,,24.11797533977813,14.855072607214847
3,567,43.745784234163914,5.640191048030131,27.535649472715917,,,22.662824910543208,49.141960120331824
3,568,39.86934425253262,3.064066962026882,28.565384052570035,,,21.457067842438384,56.131540724031154
3,569,39.16530956758368,4.696602539627201,28.11484842013239,,,19.794501866418525,61.91687930468544
3,570,7.909760846027266,9.747904741110764,,,,90.2821263760294,
3,571,37.801215662975046,128.60652618252908,27.046634695811616,,,17.402646268595632,140.9502015762405
3,572,18.66063667033259,9.934855318472534,13.365077164257892,166.0514263769998,178.2963703676263,84.06136582400536,130.44678650199623
3,573,21.140148110619617,12.632059152415636,13.177798085503529,170.4730702136058,178.50978125569682,88.79734943589418,143.4045706409198
3,574,20.726352206154218,3.5539220831018663,11.03153420954685,164.60515472440397,176.41854732829714,,
3,575,7.861229051515303,11.644238745045635,,,,90.38301676370864,
3,576,13.496020853906703,15.395933706319902,6.219437444300608,151.22972823715267,150.66100989607295,89.57502232584676,
3,577,21.983329663743486,10.618835177325233,9.440700564428733,158.93306827917866,155.4399084045855,100.6046963374304,
3,578,26.934060404866788,21.96033927899759,105.41576567284858,129.01006123244534,137.7666379078454,142.1504338296167,141.59034694450742
3,579,,,,,,,
3,580,,,,,,,
3,581,,,,,,,
3,582,,,,,,,
3,583,,,,,,,
3,584,,,,,,,
3,585,,,,,,,
3,586,,,,,,,
3,587,,,,,,,
3,588,28.121792175693127,20.972219526748457,100.73512922657638,141.55905767382268,135.0619966940183,119.51817929853868,148.8641858035201
3,589,,,,,,,
3,590,25.188690102043164,22.47396358725863,105.19242876998432,133.99369273107064,140.22385165816652,130.72838417423918,133.82651361803454
3,591,22.746267313033243,20.25480066559209,104.33697622002136,135.77527388164944,139.9089200518709,119.94583460843404,128.54640874253482
3,592,30.841963467757807,26.063669442509244,5.559481557359624,157.30555771918796,156.52499891774056,12.553626270664186,90.74543345072098
3,593,38.88652055117524,26.869068417907005,12.916097463732145,141.70772944583837,160.28484181073543,21.25168119585934,90.25256337109256
3,594,40.654549222759634,52.39078546204587,19.93027344671612,137.78802643718902,160.32550387611744,,23.376069639612496
3,595,34.06458447619142,52.20257302266764,18.69295652366697,142.44789952115983,159.3186786218825,,19.120203442079625
3,596,25.802133870279885,23.072236687047365,98.34895010342072,142.50464483683018,140.145659149215,122.09702359173087,140.62104261891034
3,597,23.282904914042735,32.63793846529724,5.638301173196567,158.7500576252585,163.0542631702527,,122.78404251191898
3,598,48.1067403703528,41.071418521261485,2.0121284874732392,163.79971694074388,162.58736935322648,,52.078760587287256
3,599,,34.00455750848344,11.5310357428139,160.43012581370786,168.84102131088144,,131.3934731181907
3,600,,36.20294996626427,13.681555587827456,160.97059096272167,170.95365449087944,,146.22313155528158
3,601,,37.67346944649249,20.1892516733215,158.91273271921435,156.37221156785188,,160.39063689639607
3,602,27.32063815671451,21.906594669837215,98.1070398893178,141.8453372475278,139.8140461493456,122.41255483342862,147.22198166232002
3,603,28.093732010470728,22.44227350322421,92.59857948973502,146.09631855037665,140.59392290883625,120.57419035364236,140.82418809162226
3,604,29.785877155165306,21.49464996260613,83.44499409640618,159.1397978245107,144.49759654064394,123.76754706026212,144.96601644896583
3,605,,24.979459050708225,6.529523245719134,166.9579098486254,178.413620434503,,49.121576699341254
3,606,,22.376336614698644,3.796692727670014,168.95775076881463,168.2574457476785,,
3,607,,21.759235297967425,3.228456774569535,171.6473640805267,173.7456429103236,,166.39681833053737
3,608,23.653723115514616,30.691544473253145,19.119180650015373,168.75524634610838,176.77994471156947,,177.00375167415822
3,609,26.36028682844901,31.42026406907325,18.94509534032749,169.29360922146162,178.5845861335052,71.12949802746733,179.37036330561276
3,610,27.554966283446763,24.949732289074618,9.931093732926836,172.01600485936348,167.897950269773,,163.57199851440166
3,611,,17.542812060308815,8.118551376960669,171.28203038550723,173.08797830150607,,100.66171015292647
3,612,26.222634998683535,20.908647822030556,19.595209891930963,167.69327952405274,171.88468117291566,,162.24328809393504
3,613,29.269077069287864,18.80774669040948,9.569937459938991,167.85138107713658,175.4958210380303,62.36920248607889,93.0190291606675
3,614,26.219852780476216,3.5977754713837453,46.962600671338905,,,148.9822034962817,154.63298671064342
3,615,24.06302007629333,1.8123018529967896,49.85511259880903,,,152.9501405076578,149.58898912593816
3,616,24.081210396025934,0.6873127913643947,48.28073001911421,,,148.64939738723376,146.9383890363041
3,617,24.60229111120602,0.9566986100996466,48.54091494067826,,,150.2122020874851,147.09397881362588
3,618,25.407887972532443,5.276816061172463,45.59717179216115,,,149.38104289456786,143.26359395468145
3,619,24.243216726856367,9.106953192362118,39.110242518130406,,,148.15005517935873,134.98403268298776
3,620,24.546817219550444,15.279175628989718,41.41866880831789,,,148.5728666680234,135.50425163658093
3,621,22.666877008767425,18.5096438534385,38.96815921951381,,,147.29077677146398,137.0003921560214
3,622,23.161969231822656,16.24369916275101,43.49655690757932,,,146.54404155213206,135.62833878221224
3,623,21.53571565163025,,41.55687356509419,,,146.75170227001155,
3,624,20.472695366831314,15.684024696368,40.23224905840585,,,145.74896352661364,143.39697527084863
3,625,15.670930140335814,7.714533019526425,30.26809637568075,,,147.07733689668876,148.26376238767472
3,626,12.964771496164158,8.938818013028543,30.42236216390613,,,150.28822982943728,152.28758294244966
3,627,10.252409019065178,16.756283109196232,0.4688613155771129,,,153.4324278926295,135.19733520083503
3,628,8.864986241398894,11.239236116322331,20.67128830675559,,,151.46056655304164,
3,629,9.290426746604078,13.988845612747816,19.100855060257768,,,145.19842166929683,
3,630,10.299413266081412,,16.42719150472073,,,140.52283873109593,
3,631,10.003207882123172,7.72187021471244,19.785563512782964,,,136.45895089596195,
3,632,9.231802652286571,,17.42137997418773,,,132.54726903380777,
3,633,10.382242240228113,3.2931312820290075,4.907399220271606,,,126.90270247011196,136.048498887245
3,634,9.639891647160551,2.792397974457697,2.121441071363715,,,124.0778710150232,136.7549180264172
3,635,8.093220311725432,8.04929545244838,14.406408603927412,,,124.73430458642294,141.92733432676127
3,636,5.309455704824986,8.930250578270941,4.959702304027653,,,127.0607808577602,138.1060066652266
3,637,5.884315572598553,9.318448588368838,14.406933922207164,,,126.41251521144116,138.25460623249572
3,638,4.303547795257411,6.604072651015092,16.58888171776698,,,130.97258013700272,136.11122143953807
4,0,,43.860524478538274,32.53314506018535,,,,33.87122825252391
4,1,3.151743642858999,4.411542037798458,2.0471534130701987,179.12624112804733,179.76392028678728,131.46608389154852,124.57329029477106
4,2,0.7051370139465277,2.027632037545642,2.4120253939724936,178.560810869894,179.9785673621403,126.39840661825808,120.63226770890856
4,3,1.5063735464199604,6.587264145462382,1.9310005882032228,178.48903022117932,179.4485694983235,127.1884984389138,122.40486450671592
4,4,0.7234207488410468,8.266296192452334,2.311699324230877,178.93179761901948,179.36345506168345,120.28625259864891,116.30738082090735
4,5,1.6749406319924949,6.823236375954574,1.7967430237657074,177.7970997492352,178.26943263094785,115.07257831411476,118.28894141362277
4,6,8.349003533599207,14.502156159945937,1.9283165503234727,178.65044929210524,178.13824974169006,115.13863820934657,115.17247643708772
4,7,16.42890047808018,44.01715313837708,32.411025255049566,,,37.66574680150889,36.8408038316032
4,8,7.062447535235726,26.71219087690584,2.552889704108747,,176.64133253995576,109.65122336608806,80.3238207337902
4,9,,,,,,,
4,10,,,,,,,
4,11,,,,,,,
4,12,,,,,,,
4,13,,,,,,,
4,14,,,,,,,
4,15,,45.57245574343938,,,175.5386777991719,,79.26366859215612
4,16,,,,,,,
4,17,,,,,,,
4,18,,,,,,,
4,19,14.54715131875879,35.76992985538596,2.881874883767878,177.8071745814321,175.5975930005429,105.44975787138368,73.12952871034226
4,20,,27.82410288971718,2.6667374107781687,178.1432969156049,175.85713675052298,,72.93662556823848
4,21,10.175064889400565,18.565523498566684,2.494810981305093,177.14831732158723,175.14151454269077,115.5920260142565,112.738827818906
4,22,4.523808283666189,6.833301605958833,1.7244130893272078,177.97717616647162,176.62829601254225,111.90704922412172,118.47249480820184
4,23,1.841600710254482,2.8332450610909965,1.5128364518688562,178.26743180633608,176.6285399999788,114.11043737237198,114.94695780012924
4,24,2.239791076124074,10.319164185973506,1.6822041367599392,178.68456237773697,177.12922052171717,118.6325111637096,119.46879572416668
4,25,0.68308323223909,4.690558938063543,1.5231969553597928,178.89859978929945,178.206687304346,121.3119959544435,121.53027393507956
4,26,0.5946078680698826,8.63382020192984,1.514028724840033,178.50784927646447,176.25155898055283,119.54798558764844,125.5187879309934
4,27,0.7782559117225009,1.616750987937526,1.3640042370702896,178.82165956129512,177.48912243812646,124.72345261813908,129.55451554664117
4,28,0.5868270535095552,1.0452058249478375,1.5983034705280466,177.87802393534233,178.03960785655212,127.63045858927656,133.4534268807013
4,29,3.3992458687434906,,1.069431459898076,176.70348038615293,177.05885898161122,134.04440508802742,
4,30,3.104666564165358,,1.4281386361014456,177.2113959908274,178.28184840420167,134.98586794167525,
4,31,3.493072864842193,,1.636584297829629,178.79047805366318,179.5157329919985,139.13078723206596,
4,32,3.790005257648042,4.711506410643347,0.9622356718100722,177.87885074161895,177.28028889585116,142.54859297016804,144.17940399485147
4,33,,43.714471987668496,33.93539413087352,,,,26.98030772648656
4,34,4.344724006197182,3.2135417342746297,2.032161000115347,177.34778828571257,178.5692905365096,153.58551612349382,156.540624928088
4,35,5.453751327513604,3.6045520049933137,1.435452550631812,177.7609060718474,177.8717241779649,153.09835677904368,160.49431058119268
4,36,5.221196364011509,2.970660135519854,1.5608446588648737,177.57696531429482,179.0093832068337,156.31415162479612,165.02038390426054
4,37,4.4406944662199805,2.0696438620158184,1.3284949690538788,177.2269266908672,178.79569437475945,158.37970828505917,166.04531487277416
4,38,4.000312744055014,0.1694323587613933,1.37834689735987,178.5743896289676,179.92145810236462,161.6451348448635,172.67269678969663
4,39,2.981478396399762,0.8713559337568894,1.4373754698411796,179.74696738529988,179.21039502439956,163.42615188036785,170.8180188008223
4,40,3.405871436078337,1.3015576445930388,1.4365660902112003,177.80739705939928,178.5070783092423,161.81536267596013,169.0696333034766
4,41,3.0866350380075613,0.6338619391809358,1.118073132503267,178.232909171074,177.85528923255455,161.22115119683286,170.2927252627056
4,42,3.3172242718142866,1.517354640538025,1.5340704365220446,177.9505269684331,179.76655852030805,161.65227417764106,167.61020233624603
4,43,3.774646438476919,2.177764768805815,1.490668186215633,177.95161354167217,179.03657975445455,157.7006853114519,165.13722146579718
4,44,4.18970779719742,3.1120042720553,2.1871061656863433,178.22828536157613,179.69486780493284,155.03313082684295,160.34675756282866
4,45,,2.19518002985549,1.8962158214159728,176.99135236140555,176.13256153632736,,160.52380047977388
4,46,,0.3877425907408689,2.423611819157264,178.9006462030166,176.39038422023086,,159.96183487901882
4,47,1.603551420537912,3.832393034522276,1.9455918353778476,178.77270359487315,176.67883724354894,146.57998202473382,156.32955628580353
4,48,0.1677607403386365,2.912792148934445,2.7552208227597452,179.0991537071608,178.3381115652402,142.76492697561082,147.30355336867936
4,49,,3.818791454386481,2.1721212110374672,178.71193722223467,178.47326024002749,,144.22784043749692
4,50,0.052952387998217,3.858088499824312,1.9000722725290111,179.86589024925422,178.13085320536416,131.1409122623418,141.3241075492694
4,51,,4.5259633657661205,1.4986306690856015,179.74961676421,176.16907113044235,,139.57807281158034
4,52,,2.1756006389631355,2.487780614183595,179.1252436825096,177.99923026114865,,125.96892620193243
4,53,,4.537057158289341,2.443419388427152,179.18419801565167,179.08428210920022,,127.03466959774704
4,54,,4.164824604418261,3.091475660202203,179.93311113727572,178.93397522180732,,117.37104971813606
4,55,,9.534280602543946,3.0277227857544795,178.85470517189555,179.6515772313217,,130.9908714407187
4,56,,10.301502797338845,2.566681752935646,179.9746349274364,178.02968324095488,,119.2455495455702
4,57,,,,,,,
4,58,,,,,,,
4,59,,27.47479346240063,,,175.93067163189778,,56.606827057052534
4,60,,,,,,,
4,61,,,,,,,
4,62,,,,,,,
4,63,,,,,,,
4,64,,,,,,,
4,65,,,,,,,
4,66,4.960999300206548,47.521366764072646,20.880478125976428,,,156.9243095316809,35.84355940064781
4,67,7.902990527066915,47.39636996137022,21.131936661176724,,,159.0333702063295,36.3056267834572
4,68,9.486272985661492,46.85645348414156,20.97869976155028,,,166.36353645176968,36.83732439695046
4,69,5.237919018832618,47.112966333388066,22.059488807119955,,,147.63709169262737,37.65012534905217
4,70,5.539900048062886,47.85160595917933,23.683889655331463,,,121.43131546386115,36.966705853639496
4,71,,47.81265557439225,22.344372612977818,,,,37.6430717208865
4,72,,47.03753658230822,21.49473102222609,,,,37.7126860148314
4,73,,47.33167248962808,19.304672669754513,,,,37.71282103966959
4,74,,47.180500788192056,20.05770829638667,,,,36.922941120855
4,75,,47.64685332704109,21.14914379589044,,,,36.97711391814763
4,76,,48.62873342950356,21.69266895837034,,,,37.51214035466467
4,77,11.323063808353538,48.65616975811866,20.948713648686844,,,117.69995597001028,37.71126119875968
4,78,11.689659999032752,47.986255248035704,21.56500202218261,,,116.86812139710162,37.82721739006741
4,79,3.17968574888332,48.11423007779243,21.33780665032396,,,152.51494887535276,37.219410075883914
4,80,12.490758879677676,46.846898004194166,22.267207838175523,,,110.44948356584403,37.89440341642313
4,81,11.744967818395413,46.143732787113365,23.2903462763138,,,106.42296694086752,38.80662431202388
4,82,,46.63986901177964,24.65142198555695,,,,39.33473103251607
4,83,,46.40090585127084,24.112927656201993,,,,39.466856699012105
4,84,,46.27320576154986,24.387026478055763,,,,39.04183486447247
4,85,,46.233026964622645,23.300735043752024,,,,38.29995910716031
4,86,,46.53649482957115,23.114928647106616,,,,37.21667502010141
4,87,,47.17038210280328,23.310624087103715,,,,36.49549650751082
4,88,18.54364561286198,46.59920959467109,23.507502918448697,,,104.17719809448744,35.95190182148282
4,89,19.06495097214149,45.52890076618689,23.77473623620387,,,105.15300701279784,35.63002270716917
4,90,,45.27168172723663,24.372613357689783,,,,35.222216083895105
4,91,16.413885636583476,44.836247964266555,25.283445556138563,,,111.75347162393606,34.87744850510902
4,92,,44.4616211418764,25.41104599912052,,,,34.419107558813195
4,93,,43.89916941155818,25.708982350515942,,,,33.89876860966395
4,94,,42.72768983472337,26.758636319840154,,,,34.17953974210859
4,95,,0.6735628840888596,,,177.2696032573811,,178.24236262284717
4,96,,41.863622025614944,28.05168639497957,,,,34.651211778598174
4,97,,0.1156871385826714,2.463830453285948,177.2308060323468,179.77936843292787,,178.12239685961598
4,98,,0.1169015781829061,3.022804708117209,175.95381270971237,178.39595918810795,,177.1062123242054
4,99,,1.3907853636620209,3.0482446462599353,174.65637650446732,179.00068263592578,,175.65654490841737
4,100,,1.86647058097343,3.3580097813072354,176.17983817498646,179.79160961390355,,175.96779647492843
4,101,,2.7362820646109967,3.1289590704238397,175.07862333145,178.78875562788076,,173.9599864954002
4,102,,2.64600475569474,,,178.76279675436564,,171.75295748618458
4,103,,4.060660847389789,,,178.76089501845425,,167.91464153269985
4,104,,4.553713385677159,2.9393604077503483,174.79696735928195,179.8672601667772,,168.44047925958412
4,105,,4.49202013246601,3.1978747374950744,173.8234711074552,178.1664424691709,,166.02295203336888
4,106,5.077654661749794,5.036607786491047,2.57616199946992,175.3990950698112,178.9931389959307,158.08254944056034,161.66198144151238
4,107,5.77808349372574,6.799114524000122,2.0968138452980276,176.12858687139072,177.47016447546693,156.4647751424283,158.9518220811917
4,108,5.0829488242565075,6.731754637173661,2.5959474900146153,176.4667287665679,177.719898796234,155.43078793937275,159.39246848463702
4,109,4.574534585185772,,2.0710229518567544,176.8717193252489,177.97751257064886,153.75302707053598,
4,110,4.857999078049698,,2.414432543628232,175.9747190237002,177.2020031083723,152.3757979813594,
4,111,4.945848124401306,,2.275422149845023,175.64230816016445,177.21331321644934,150.6972064689818,
4,112,5.396058500487701,,1.8104561242056048,177.5082925436502,178.00641626173947,148.37295107065972,
4,113,5.575514171803114,,0.7049885426831864,177.94683627629058,177.0043911422292,147.6040288654429,
4,114,5.491324983264109,,1.0043468715866644,178.4756041932864,177.01888764796615,147.01367100516777,
4,115,5.554455177953308,,0.3445815753743115,179.94338128094938,177.7615843716048,145.43415558762712,
4,116,5.937411540844004,,0.2887444550786616,178.00079171915172,174.4782804276955,144.12121885210698,
4,117,5.8761055719274085,,0.0535836798345144,177.5124198681056,174.58631265556173,142.84806093039774,
4,118,5.422394131179656,,0.5995115898779445,176.50320500503955,173.37412759373635,142.6927749082374,
4,119,5.524104119001251,,0.8275894350118862,174.75248272000948,171.92929492095692,143.75330682082864,
4,120,5.177825756334057,,0.7083964832345931,173.685065493778,171.16250816273097,144.01886211167036,
4,121,4.879853194525669,,1.3626562036174366,175.92441426942753,172.91866130590523,145.8066201778799,
4,122,5.420028450563577,,1.4072620132760083,176.88342204776302,174.43277186636308,144.71966172075489,
4,123,5.840245138664647,,1.812528696805911,175.95251623599594,173.64961892916722,144.55015399990015,
4,124,5.008275820421695,,1.9502424221109056,179.09727649643688,174.14703528516372,144.27673453785889,
4,125,5.482391273675561,,3.002332823489301,179.8766034648448,174.82347835151123,143.68593773616104,
4,126,5.691346770891536,,2.9979057219395653,179.65962359396454,175.55943450970005,143.57592218384542,
4,127,5.981567726512139,,3.0223470641384407,178.75886191011392,173.93299897716705,143.45431490205448,
4,128,5.756192197027162,,3.5238199546502416,178.92438701444297,172.61968621927954,142.9282884606467,
4,129,5.999148629507747,,2.512107039167256,176.2962609691995,172.24366006925564,142.60524966727334,
4,130,5.00216262330784,,2.910777811069445,177.30120833268572,172.17786274212762,143.84877512469888,
4,131,3.529703896219708,,0.648462928081917,176.58367236393872,172.413011385076,144.7171987630537,
4,132,4.199174040038306,,1.3719613919016196,171.25655112563612,172.66666810951097,142.68582319987118,
4,133,3.2814076998721915,,0.1606695804065084,165.70623712199765,169.15190826980654,144.0009987775407,
4,134,0.6696508005078596,,4.7679083383071905,176.66744065647612,170.22413781756734,141.38869696304783,
4,135,0.5460274947350564,,4.012643203788084,170.90501721650355,,138.42669865379708,
4,136,1.3814184756987893,,6.975432030291377,,,137.2644918761646,
4,137,1.4557011026980244,,5.540907261314199,,,130.67161752230518,
4,138,0.8944417330164667,,,,,130.5151772492765,
4,139,0.4512056591518573,,7.509572993767288,174.08635894138592,168.9863552958153,127.01854238904713,
4,140,1.6370250491335894,,7.274448657570307,,,123.45220338627496,
4,141,1.7247571760521925,,,,,120.9384689638716,
4,142,2.064083460876869,,3.7924396057402854,,,117.91243866050338,
4,143,3.789807049917273,0.56195547330393,0.7168183088877492,,,114.5153078610156,103.2829812605702
4,144,6.214232191235662,19.37897027801044,0.2056380923814134,,,110.93889767263218,123.74579852285883
4,145,6.925213797539645,22.46804722373715,0.1602908931053324,,,111.03959551768628,115.30779750275772
4,146,4.574080387105124,29.67128965643432,0.5829339657056701,,,104.78816554183854,105.43921441977088
4,147,0.0070915305617233,32.529203837481596,0.0938318719667296,,,99.29994084868248,110.12797044929007
4,148,10.049931669676402,35.217386582079065,1.063582542482622,,,107.67720366693231,107.83547337228116
4,149,8.053324076787543,40.37250181681621,0.0715736122468852,,,102.5536821282462,105.9243488780689
4,150,17.32290361900169,38.308697354803144,2.0594009421025556,,,111.36690565379791,105.4479685006324
4,151,5.267001292563517,32.271331006918366,0.1274655300458301,177.88062449789138,,98.56944444701958,91.05095538024464
4,152,1.94431167091069,35.53482742465742,1.5346348432590369,,,94.93801769796003,94.4594684022414
4,153,1.563472588473426,43.301811807041034,5.251281484394366,177.03443065909372,,94.59408268587192,112.18284884989691
4,154,6.124044704773477,43.08664524452721,7.263673199989886,177.52278291632197,,101.64356305481908,120.48935143855796
4,155,8.05800365083471,41.921330116081464,4.043137581727363,179.58856475322872,,107.6355085069707,128.26321289668596
4,156,0.3626465911880577,38.52854657536791,1.5119071066318177,,,103.00870534466314,135.1218780056981
4,157,7.880969036931585,27.032126981458827,2.377540539952094,,,96.94564778736562,124.9646238689555
4,158,4.135384789518917,21.718294327958446,2.133365627558526,170.6480421847885,,101.65473596712278,119.93658025386324
4,159,4.9460567951568315,13.49872540995657,1.231015305348165,,,103.11082807333337,112.2575280353895
4,160,6.190300676557121,4.4688585583254605,0.9164677387832,,,108.61410242799435,105.4135452649141
4,161,4.347091158956965,0.1203930131551963,1.6734310470734464,,,109.94006497689512,103.77592676781002
4,162,1.0080173002460062,7.172489412079112,1.525992651490412,,174.0443024626351,115.2028003662302,98.48811899963036
4,163,2.7496125782275573,5.791586382954699,1.2044703752317043,,170.10076652184816,118.86708296125904,104.8251456412478
4,164,2.864915726392939,3.616878772975026,2.693647943887386,,,121.35844265038894,113.65009019665318
4,165,3.614678920818544,6.402286274447771,2.360073894522746,,175.48428576472932,123.88038931600131,114.15522468175116
4,166,3.995127512666526,6.226067171281075,1.9475205400461872,177.2235571395831,173.23769720417965,127.34313350791868,120.59523386853884
4,167,4.0149602099364,4.768281947556554,4.633327202161694,178.34523564946105,173.51834515053187,129.8044256693673,119.36327516981947
4,168,4.281845937087962,1.12851798735721,8.892124162091207,177.53549965193335,,128.95874054395642,129.63153204870193
4,169,4.196161746877953,2.043037032632279,7.202991837283962,174.74156273239265,168.85341918777615,132.1986369245356,132.9574269604193
4,170,3.338783461141928,2.532209879071692,5.139521937646198,177.5017052933216,175.20391874311923,135.16043001301088,131.10792226537572
4,171,3.3492010736177895,1.8589927884296216,3.3242731775348004,176.65019283639302,173.12712060292918,138.3472652424355,137.16288014576668
4,172,4.0582323150071,,1.1458743738390296,173.90487368563515,176.23266611029473,139.29022353127417,
4,173,4.361290057288541,2.640991519741599,0.3254272192187324,174.1461168060787,178.77147405561033,142.61743420961824,143.92500195105077
4,174,3.7819294957818177,0.4816020405626528,0.41402033036799,173.9418309929289,177.84879807178822,143.58622345270174,145.7124084874407
4,175,2.0248999212916177,1.708621160530582,1.476218193888333,175.65336888378454,174.80507733554933,146.72763179369065,151.47365768003624
4,176,3.130822082235902,1.5899610677166194,0.5450469592693447,177.30978512868072,177.8778792602355,145.223162428327,155.16299602083078
4,177,4.449841085854115,2.0507147679855873,0.0361251581703685,178.82673865003113,178.59723837493743,144.83143828587646,155.46618999825898
4,178,4.938224444855849,0.1607120707675083,0.4844203163571394,177.30057348251867,178.48657100608045,144.27095855417508,153.64174423856852
4,179,4.468450742749395,0.3077375906072183,0.5499926662750301,178.1934955691028,176.29541665089204,147.1662628761199,156.29866008994824
4,180,5.4199218968854765,,0.0384752198163905,179.11049026668752,173.29870772342588,144.67766940271565,
4,181,5.100569718479491,3.435571721422693,1.0306707651252582,178.95242550256322,174.74503019905657,143.39102576961105,154.18356048027803
4,182,4.509835330057075,2.931799371863813,0.1729843718250162,177.80731419306576,173.9605942039073,144.68285555596512,153.5947822945988
4,183,4.696497785922427,3.1067503878719127,2.7535347453855277,177.6492825736103,179.4195681981637,144.2639052833191,155.53318388585913
4,184,3.3858861285305686,,1.615828977426926,179.3664853405329,177.76359037541695,145.94111779905873,
4,185,2.7141246481940784,,1.3030590925554877,178.85144348815322,177.7856454220677,145.151720475302,
4,186,2.255578702737351,,1.0938658888929849,179.79221648151835,174.9570228943595,145.2915082783259,
4,187,1.0193568969008926,6.026357143601374,0.2682880375661404,172.0772123822194,174.66648750944623,145.559514314849,156.5962151776574
4,188,1.405290779922477,7.011901574775768,0.0645642190000507,174.0187854856942,177.15461787921504,145.68755021127708,158.63431800610172
4,189,0.0126545216657228,7.2505718895962525,1.2646247300507063,,,142.0196507539642,156.63125972351804
4,190,4.385446095288526,14.54500934267393,7.455863266661097,,,142.53450648882497,158.0133212292291
4,191,4.83582243603095,14.754332356584724,14.838333411405287,,,141.26586888565888,155.57231948239
4,192,5.407636148999984,8.567991319680376,14.49774997027728,,,139.1405826751628,146.7684258350287
4,193,4.805816290830235,,,,,135.57459097068482,
4,194,0.5328975687873287,,,,,130.0304482195034,
4,195,23.157100023242187,10.612536054501817,,,,,
4,196,22.68316512746127,7.75963152080966,,,,,
4,197,18.071910679642503,7.924905948635557,,,,,
4,198,15.067054210096916,8.055265672164978,,,,,
4,199,12.99016539517502,10.139752220562896,,,,155.45535898110288,
4,200,12.753567155012597,11.939772985967512,,,,156.62288501783314,
4,201,7.217356904526616,24.217452889668508,,,,,
4,202,10.655873793434033,51.2719850181228,,,,,
4,203,13.571822246399742,29.99042911117839,,,,,
4,204,10.443186955105531,6.474248325589458,,,,,
4,205,6.606298699014933,7.136615926125104,,,,,
4,206,7.419214769926182,9.80241536997468,,,,,
4,207,4.696324895738887,13.089982644469734,,,,,
4,208,67.58144018480517,36.74921638604405,47.835452520334464,,,,38.406504427838705
4,209,,37.289424596757975,49.03369408481068,35.91583343137598,,,36.6907611607059
4,210,,36.83751632513477,49.503956155986096,33.889733062247466,,,36.82874422518145
4,211,,36.99004477077863,50.89328405028255,34.59228797228024,,,36.454762524804806
4,212,,36.44018010842478,53.45428502781888,33.49469844825143,,,35.23923148017834
4,213,,36.38229377350729,52.69819789983042,,,,35.282823594048644
4,214,,36.11116475292809,51.67758581867082,,,,37.224020111421744
4,215,,35.75982396985815,44.755791052132494,,,,36.66061071320828
4,216,,,,,,,
4,217,3.498202724965382,,,,,110.67527787434986,
4,218,4.8486840861345115,,,,,116.33494096874315,
4,219,,37.62807860891687,46.75553285534727,,,,34.065374389416235
4,220,,,,,,,
4,221,4.843825183521006,,,,,125.72215872395478,
4,222,5.013288785601792,,3.703222241312873,,,128.83646654291007,
4,223,,,,,,,
4,224,5.565966084770359,,,,,134.52217473186246,
4,225,3.467770321838285,,,,,137.5564816306788,
4,226,4.524936912840642,,,,,138.40958078447605,
4,227,3.2358597964608764,,,,,140.53967035198102,
4,228,5.406755077421213,,,,,140.44901019101354,
4,229,4.599215406948242,,,,,142.78258935468023,
4,230,4.5830850468402184,,0.1155805093993311,,,139.53354377950123,
4,231,6.705178084811495,,,,,138.1539227407121,
4,232,5.696114964923224,18.718310545089437,,,,140.28010654422692,157.73242138377498
4,233,4.410892243465424,,4.402779593667305,,,139.4817481884108,
4,234,3.2922132040392604,,1.975928780467397,,,140.46114582997453,
4,235,4.430151344040358,,0.1817096977226608,,168.05027208238596,139.48291130943906,
4,236,5.097161554456126,,,,,143.44172658517678,
4,237,11.050584652022575,,1.3161921445254925,,165.23979100032804,138.18935282628553,
4,238,13.823245781068731,,,,,135.707165849241,
4,239,13.35758072882712,,,,,135.44340821160154,
4,240,13.589021389458004,,,,,136.7315061403691,
4,241,21.318582894232556,48.4259191436092,21.69381103191651,,,,36.7545780930707
4,242,,,,,,,
4,243,25.0839316988568,4.89281534391268,4.61985035521606,,171.82833002083854,,156.8389869501011
4,244,23.757091726321217,49.49241256964395,19.536349919214743,,,167.3010416175623,38.68560154350461
4,245,31.6266222304234,25.6152026065657,21.27303829544728,168.98275830878174,154.72205673343606,50.886317046334824,
4,246,31.69087082216462,27.105278626366307,19.16158372191358,172.72319238926605,156.31209499243127,43.04624504162181,
4,247,30.093929952495913,28.604643641825476,23.219411545583416,172.1668948940003,160.35492423138086,45.075257717094566,
4,248,27.426186414719755,26.777664970471083,24.24451024625227,173.82557435983247,161.51550486923082,43.430193126694554,
4,249,30.190775083698405,26.61506138449872,26.6430084384712,,,153.5952936693891,
4,250,25.27422005893337,34.8600335719157,26.86125084484151,172.89557733767944,167.9441543602426,35.56110858981148,
4,251,28.187073910332018,35.11079949425498,16.60079460496611,177.11929921096777,163.0302200133956,39.2969756343535,
4,252,10.866088749664687,,0.2175355267122727,,,140.85199878080164,
4,253,9.4567075283372,,,,,140.2446769099423,
4,254,8.258890990608748,,3.7885447752495858,162.04479632352164,,143.6092271646741,
4,255,7.096992287179199,,0.8776297273402363,163.26263221414428,,144.4416841441357,
4,256,7.310563751700014,,1.283230614438878,165.1291831054729,162.3878660683652,143.6714440081995,
4,257,7.921176457830674,,1.308809988964748,166.88860675051444,166.0837632158182,144.12223133817795,
4,258,7.659514491153336,,1.7126355748914583,167.79137193656075,166.2196181063258,143.90557278738396,
4,259,6.537562045230411,,1.2764919989006802,169.64061565342317,167.3316732653952,145.39382785344316,
4,260,5.458494046208465,,0.5478227110437417,172.08643972054995,171.89732659834982,144.92390566498352,
4,261,5.5484198295474005,,0.0263210885971443,170.27971229752393,170.2469570507145,144.0345142559324,
4,262,6.216486490296921,,0.8976900662468198,167.99200601536594,170.81748107138048,142.97455851964995,
4,263,6.204160070112459,,2.423289023063446,172.84152439822716,171.34055761999193,143.17162801532083,
4,264,6.973820275789678,,2.015330439417544,173.8373468300689,172.4599521576536,140.8873023762858,
4,265,4.13216001177602,,0.6245316124702753,174.31669229565858,173.62083465383444,138.3389216761806,
4,266,3.332724585250752,,1.0483323358725396,176.8039440791634,174.92035701985242,133.02461115125715,
4,267,5.566627920420431,,0.2809480414689612,177.0602786550365,174.539417757351,127.16892426038446,
4,268,3.451072270346261,,1.656387871820168,175.7892855270512,168.25019872788266,124.2748924421948,
4,269,5.237549134498356,,2.486438673147245,174.43811082293038,169.50653643489022,123.15430015720266,
4,270,5.299672808850117,,3.5786126909027276,176.91846230886873,166.95728458336336,117.81445241571156,
4,271,5.1660334097846805,,4.042233025481061,176.68640048120696,178.4555474301643,114.45795966518465,
4,272,6.597683290730895,,1.4522566056016106,178.85296911546402,175.09275012341809,114.07714294868782,
4,273,10.615978399341246,,5.097272656640276,172.42989761339115,173.65395207761077,104.78134065032673,
4,274,6.9764795573809515,,0.9567146826727748,,,99.40142807848537,
4,275,0.4004806580912259,,4.126793487584477,173.26806134460503,179.52998269704307,96.09416020958794,
4,276,,,,,,,
4,277,,,,,,,
4,278,,,,,,,
4,279,,,,,,,
4,280,18.814523585088445,,,,,106.46036282519024,
4,281,32.21204291742236,,,,,111.79195324268632,
4,282,,,,,,,
4,283,7.033440372622529,,,,,95.47674851273514,
4,284,2.5961865818104406,,,,,95.8859719633998,
4,285,17.338668207468775,17.343609378438625,5.896016835260714,144.03068203233775,138.876725052696,161.17595845626366,157.60323494787335
4,286,36.76130884973364,34.57952370705521,,,,34.206534554428316,46.31497837955909
4,287,16.003098554400243,10.36929863374163,21.503154227206544,149.64518872346392,130.58268742383714,157.26399815167534,149.53897357417492
4,288,14.388820562993502,11.23681829758564,26.86927376702696,165.06437282484114,143.74120283060248,,146.9568745852641
4,289,13.175021263094989,9.59625200477588,30.949710420978207,174.5464723325582,149.3290705734673,,148.3045657438617
4,290,19.49684681243568,9.001658289603693,27.43416164628954,174.98304963092278,155.11904402370502,158.10735952797145,143.76189802554543
4,291,18.466422800715833,5.04374367087051,33.35484341578577,177.5189519630748,149.64263898242683,164.42956730918695,140.57189561283968
4,292,22.409721412630592,2.6935335805574963,34.14517015267196,176.09215924245666,148.0017036556357,156.14843124730064,137.63628722573327
4,293,21.66363992827024,1.049754396502826,32.55990641431778,176.95923687083152,148.87890407552152,,135.7096219122241
4,294,30.952482613930925,1.7206809265336565,27.893749282948583,177.23089663072668,150.7813887990734,148.1820515615834,136.03318295459368
4,295,,,,,,,
4,296,41.02080551307286,41.39170133658439,,,,41.377391239624394,56.08897679435838
4,297,38.88313979812497,41.509733008572,3.139757157200266,,,39.51017075787488,54.473758073606994
4,298,,,,,,,
4,299,,,,,,,
4,300,5.852294325920554,4.70204958740767,4.470997560782919,,,136.9588705500964,139.19088138226454
4,301,5.861235926643162,8.60427411772585,2.3722509874139885,178.5658940196194,174.53614316718955,140.84985134667204,135.42240357998838
4,302,5.391571740533425,2.923997423761463,2.0099050184838196,179.96676648506838,178.0966790920998,143.69383596953944,149.89009898540598
4,303,3.6898513489613713,0.3358673436708786,0.5051317505618812,175.8127049118149,177.54954126067557,141.90680777017536,150.49911391014132
4,304,4.3782314180617785,7.713004775036096,3.0702099895275174,179.02389555658195,173.54140141957976,142.97890894283017,142.01011105898684
4,305,6.172307845857531,6.885083940259874,1.284886924476323,,172.74949274901653,141.16900657466397,146.1986825189526
4,306,8.73207435831426,6.941181924276129,0.0392493737073956,179.92504037962925,173.96060402993783,139.5068202987604,139.87071705795472
4,307,8.015373812028654,10.183069359886607,0.2988783537292434,176.88031299602758,172.79478542778625,141.26703202858835,135.52054238246305
4,308,6.755390854206249,7.993934569516223,0.9913025531892125,176.95688271147375,177.05954759790455,140.64326559934716,135.82745015869483
4,309,5.417137356126451,3.8415129207803385,2.356932886997664,178.3165305256553,178.84177210917588,144.6761158350649,162.77747760649683
4,310,3.3574911473603315,1.595876257817748,2.246223158895751,174.63152523411873,178.01484887269552,145.9173483772771,156.6979601099425
4,311,4.184274274032936,1.3417357209582828,3.160765469715361,176.26454667109692,179.30106448213508,141.8984154528634,151.29268651528784
4,312,4.574591865721967,,3.0938003090241435,179.04454985932247,177.31195309636257,141.21209472134657,
4,313,3.39230265568268,,1.9150331130585343,179.79370548615682,174.38621511589244,145.13200951985823,
4,314,3.570612208649658,,1.5940991669096762,178.87113698222805,174.60193473504006,148.77888711862028,
4,315,3.8626697959380896,,1.8899726678926332,178.17983706945463,175.6945915246485,146.2815996338452,
4,316,5.117028713703022,,2.142976139579767,179.79550719294315,173.40489200590443,144.7014921702824,
4,317,5.131462355804225,,0.5566987126773915,178.5230378600342,175.2604124608136,144.39371746002016,
4,318,5.938156610523192,,1.0671993688102146,178.23803835108944,176.1357757822425,145.16185439295174,
4,319,6.203305928822471,,0.7640269359406586,178.01317966788358,175.75537613203548,143.3415486594407,
4,320,6.10060212026317,,1.527942822236757,178.69841356587838,177.20650114460733,144.9527777710476,
4,321,5.55255622349411,,1.7486540277393483,179.61679017162825,178.65814131956645,147.509933210642,
4,322,5.078628738572943,,1.3235917341197443,178.7464926205534,179.83133831862435,151.03131996322048,
4,323,4.5438719072320675,3.6607138637956993,1.0528427815109236,178.69766546798164,178.5096830436616,156.1757434027395,174.78086427608628
4,324,3.776489499555477,1.5222006216271111,1.805332790756532,179.4757240473817,179.3733058399278,159.72345588833778,172.98699838890943
4,325,,0.4945422861620296,3.2377655331116473,179.19362027921713,179.68234134532747,,170.00473630253524
4,326,,0.1745550986169165,,,178.0045671604943,,170.97267125357493
4,327,37.71928583283861,19.325602773007525,34.66523282345198,149.23388558084906,165.7107862205319,44.997040032889785,
4,328,11.769174939136786,,12.365315171276478,178.26669553423113,,35.36206516411676,
4,329,34.18557737001755,25.866186207434048,17.85083131872962,,162.84401338827143,39.40914468042809,
4,330,33.385670252872885,,19.619282596457932,168.35822920035264,163.9496952477139,38.36946019196343,
4,331,10.978929076647445,37.673945209048306,18.33547154691337,167.30190436202906,131.2302929496201,36.807601661609695,
4,332,36.8082492681854,,23.86551818501509,176.28804175793366,173.84813214379523,49.17209151575603,
4,333,36.31139449186166,,14.4924934806206,177.40077728283163,160.38243680211335,51.34776970674863,
4,334,,48.0857673761151,27.100747125183613,178.79511478038668,,,42.00230278609294
4,335,,47.8434874954297,25.566396826759657,174.86957316619296,,,43.71763006668743
4,336,6.9172616168494585,14.087111402237609,25.377678610152387,179.71834128902668,161.67745359000725,20.086239928149972,42.67494740847243
4,337,35.17452956495425,,5.635749094486359,,,52.643199845116555,
4,338,33.76060544230767,,19.1338530265393,,,50.67304428500307,
4,339,22.94649740059622,25.266809093228265,9.075187366863712,168.9863960204759,178.68122051572638,10.825592546513114,
4,340,35.133122287511206,,,,,50.01539326984901,
4,341,,,,,,,
4,342,,,,,,,
4,343,,48.05431088271108,24.574575524437844,,,,39.16172528899151
4,344,,48.804582445772795,24.3115514612593,172.87807297621947,,,39.102127449183705
4,345,,50.27503771010804,23.53532757415424,,,,40.25122799538688
4,346,32.52448390667911,,19.302375788717647,,,51.9486984957286,
4,347,36.67824933661969,,20.75016842296895,,177.4726209705546,53.33718066947005,
4,348,35.35749730579774,,24.831267465388308,,,53.339354491632946,
4,349,35.091425928783146,,23.17033045725771,179.90197843922488,176.98034823629243,56.51673882788587,
4,350,33.64183852790109,,28.33382915597231,176.52816351635434,176.0464439030131,53.063144921605634,
4,351,37.97320058650469,,27.72859008425281,174.7308259668009,172.0074264510072,56.75999332332811,
4,352,36.195963428920784,,30.251891848575372,176.0900094939561,171.52226789275034,46.412566119451185,
4,353,34.86200070387652,,31.06641219462732,173.73539061552873,169.60252352415452,43.21040538663885,
4,354,40.87660220245814,,29.519466727949403,164.15306316897855,170.40243511002885,41.47213061394173,
4,355,47.33173262643648,,39.62334299106243,160.30480498286994,173.9019181258842,56.78256653564683,
4,356,42.84730541775053,,39.19976364058564,154.6358818379667,173.62615120005492,54.402549100885025,
4,357,,50.827485679180704,41.39025545365536,,,,38.11332500540735
4,358,44.78887720347747,,46.591426756845394,151.28112523867588,172.64167675150128,60.57991406426788,
4,359,40.663669588900774,,50.05240892641667,138.1730322584212,173.66289103904276,59.87771886828004,
4,360,3.344642497085969,19.688302898290623,,,,130.63396616567624,
4,361,19.649280304535644,17.037991342713802,,,,165.47873171887656,
4,362,17.5156543874325,14.084668403435876,,,,169.48091350207525,
4,363,12.616422039474529,13.308141265879572,,,,,
4,364,5.3649342628431835,13.514082323207065,,,,,
4,365,5.65034777221638,22.718274807483972,,,,,
4,366,2.3340998705748195,16.44231283532093,10.055871371903075,131.61693796681274,,163.34972922341902,176.5599349378703
4,367,15.505616074535524,8.21072793844225,13.983106705808858,,,176.9732765191259,157.8707195378489
4,368,19.65930201626724,11.34847585283126,15.593045815379265,148.6014681029601,147.34312462192852,177.4524259099026,150.582731116953
4,369,23.148572297976397,13.68098427669844,12.62727381144867,178.7856994586943,,163.10017966011912,163.5389883944802
4,370,17.698180337259647,14.049252713357076,12.760598438603546,177.19395307873606,177.71485573318446,170.1355764759757,172.96202025272453
4,371,13.19183832417624,13.21365693895046,12.441545134324778,177.0113488489354,172.8215697611262,174.73058478303886,179.60339469947618
4,372,15.07431727923168,10.726731652870322,13.22394982797114,161.42446702020277,156.60345543961694,177.90387287020016,164.05917505696544
4,373,13.569293555519897,12.422106000322213,14.28155752286541,162.75784047294567,159.80160090980834,177.12796557294985,160.62925809593946
4,374,13.042081519763125,11.921551178812251,15.906606566952552,163.399259265413,159.73397515356388,174.28190388999826,162.72400623414725
4,375,15.3896151863687,11.93941519132206,18.978335425351847,154.99336450134732,,169.69505810114336,163.96088066099966
4,376,16.503672527808543,10.889859909337238,17.140615752131655,160.96321931520032,163.28705743199504,166.17730851318657,161.20728021591353
4,377,17.026458777965175,9.499411754753226,16.04637235064039,167.37150435502986,167.8162883185024,166.0620751685035,164.2842272680794
4,378,17.15749848915973,9.423929683926266,17.304475385250374,171.29681513440082,173.9584060680374,166.8020395199103,167.88395192024396
4,379,17.377580237255557,9.65305692706188,13.716657674195371,175.2979430847172,,164.71299766123786,171.15713204818243
4,380,15.821066368263802,9.384013002961854,15.248236948070511,,,166.67633690592652,170.384885518862
4,381,14.719817400656869,11.805292949243292,16.165301926808866,172.20732069699326,171.33352386136596,171.6240217737435,166.00548250401442
4,382,15.492004879638854,14.74965159232332,18.177475768146017,167.21074906362242,168.47257594495983,172.41753209580267,161.35722253391742
4,383,15.753412156127414,15.899683558589976,18.280954592887134,,,171.51402530038143,157.28611341778682
4,384,15.594070260574092,17.355026658838803,17.972828589829128,,,174.17038411209506,154.97069172783392
4,385,13.946438042002091,17.25251283650561,20.11910094666281,165.06219865612857,,178.50827635586185,155.5739891353522
4,386,12.316774298873494,17.63573233144939,19.107576490800508,,,178.979312863055,155.4924194521845
4,387,11.61903899091864,17.200497450607898,20.171200660586663,,,179.6350736953043,156.36034481861856
4,388,11.1873178891277,16.545907255551086,19.556835898595793,,,179.84751650606248,157.9739849874474
4,389,10.357754851138234,16.334147892261775,18.191039304888537,,,179.36698822203286,158.59275094174615
4,390,10.87802649062545,15.204543007450964,17.20211755934392,,,176.77500792290397,162.2310640708054
4,391,10.367277634074387,14.671411732399804,20.25151692873423,172.2885753541691,,175.96984298457264,163.70228765550956
4,392,10.07336646703281,14.598703765122613,20.157146340364147,173.3540402868048,,175.7878879977955,164.48832066474716
4,393,10.504835852860516,13.957559067807368,14.029432135329632,158.70070698906628,,174.67188221853215,167.10676803221614
4,394,11.261830681901374,17.2669429265241,12.906761644484115,170.62181780904783,,175.56640713325106,168.8579400620972
4,395,11.791940625076071,14.824126005834303,14.51092592644075,161.24531221718598,168.9588244713122,173.72425942370887,178.9241072461951
4,396,12.336915598314572,14.184907894563937,16.88758451690835,159.04470573171076,177.50561965693723,172.01337792642224,176.96867992235008
4,397,11.28204379357582,15.434278941179356,,,,171.20331051298345,174.9907512268533
4,398,10.833880392661056,20.540628259053445,30.98119051066886,,164.37116052638615,170.48834860996362,164.0798756901391
4,399,10.907750513508114,14.46722442680541,,,,168.57387608340866,165.34748995361232
4,400,10.291065539367276,17.910472871274344,,,,175.12049050088012,
4,401,10.855954879210683,14.827196139007132,,,,179.23703475327665,
4,402,12.628564529967486,14.062442146315307,0.369363049507826,,104.44253386942884,171.5800692487566,
4,403,12.54622400795302,37.55400721484652,,,,175.4074200404454,
4,404,5.910530974693941,27.4898612360249,,,,143.60880164748747,
4,405,11.813767991017762,28.20699100827297,,,,168.23026314899747,
4,406,18.76928365472884,36.81455495615582,,,,149.78057671737827,
4,407,47.13226211726754,,,,,,
4,408,,49.54110672983913,39.662479070220925,141.01471022076274,,,40.78802116736194
4,409,,49.444993259536766,37.298446854070505,149.87099746692087,,,43.42324409862691
4,410,,47.91059434335427,36.2772440398744,154.00293072563224,,,42.750168219471945
4,411,,49.08792674561025,33.36896990602141,161.69774773046515,,,42.169947017157256
4,412,,47.87564244655637,31.83044503483259,165.72833204360376,,,42.90145424479863
4,413,,48.749966737660685,29.52524447147156,,,,45.376204805381434
4,414,,48.10925116542787,27.18064180921587,176.82112079882722,,,47.08878115573242
4,415,,47.889697062558994,26.66012042680543,179.59704155276577,,,47.07287226303883
4,416,,47.78399264579931,26.23107422945103,177.9494123173574,,,46.10819743850059
4,417,,47.78347960090049,26.146168160093296,177.3308668215291,,,45.55961597087482
4,418,,47.56995327530625,25.99650258760552,177.96594832141145,,,45.39398831499081
4,419,,47.81794159952591,26.07047134194606,177.6328870931057,,,45.41804969125553
4,420,,47.42240785488422,26.027858146744656,177.21082069186212,,,46.250886547126015
4,421,,47.143555651567816,25.925864793021525,177.45817104868306,,,45.729431189219234
4,422,,47.47677718590885,25.446861076433265,177.05052140397058,,,45.963910222528774
4,423,,47.396021127092006,25.265659537317894,176.92771430408996,,,45.98519931846766
4,424,31.632369942542528,,27.512752152256372,179.74244874513693,173.54642720858115,51.11167146258616,
4,425,34.49778808510382,,26.384082161940697,178.49697279111612,174.3977742736604,52.02393679914679,
4,426,35.25438827877995,,26.723421832733003,178.99334383645126,173.79184660925213,53.65631703443658,
4,427,36.1584855234897,,26.615302571186223,179.50440837203027,174.0157148670325,53.62809255284575,
4,428,33.87858623167792,,26.52421710703681,179.72423286155308,173.5253564708227,52.43929845080273,
4,429,,49.51386084667897,26.05279444398288,178.01322950366878,,,45.85911857978339
4,430,,49.635794246069274,26.78258932449418,179.59164781747845,,,45.48866078746435
4,431,,50.18057091634732,27.105490315366477,179.43545624543978,,,45.446573977766974
4,432,,50.108810897185215,28.344364880297036,176.55233656787638,,,45.313903193408954
4,433,,48.98400791119085,32.4523200669781,170.36516649443493,,,44.53941013260983
4,434,,48.89073450319998,34.0265924675178,165.71436887057976,,,45.038474410831704
4,435,47.42284189300013,46.65627183181125,31.59588334985506,172.75156492230025,169.55184005817523,65.10348920773613,75.39015937690506
4,436,42.08986903565952,46.71130420525064,34.15573303084829,165.68225331673247,168.67111491144533,64.17511139709718,60.5872571440724
4,437,39.3206776824145,46.147913277291565,37.07245153861759,160.21424056570137,169.661841607535,62.661584219453275,66.64141002151283
4,438,,51.64059368088872,43.20313735140756,132.5943180077608,,,41.94316003861644
4,439,,50.12082594317953,44.792262875148424,127.10931497606936,,,44.38654062851801
4,440,,,,,,,
4,441,56.59167897741482,44.747808289003395,20.786079361101734,166.0543696203946,156.51855337671543,15.563313047744357,67.73215596965358
4,442,25.001053766998545,26.251237676788072,,,,153.7002566313663,
4,443,21.765125639058763,35.33333012898587,,,,156.71098847272236,
4,444,25.83164688463118,15.693835872118706,,,,146.96492153437313,
4,445,22.54672549275651,18.484158650725668,,,,166.25774300397683,
4,446,18.40780108774101,13.625318407087564,42.00686998030416,,162.98968040954833,165.07531763429955,172.44158416970436
4,447,15.821147700218493,15.12371205379974,,162.44144682814814,,177.49888384323455,170.407401073898
4,448,17.020374994328133,24.29311200810821,,169.41739256608906,,168.71447775598836,177.46944753519384
4,449,16.41979162102057,26.43886597270351,29.171123075439812,169.36916653460108,173.71421109198573,172.8678038701308,172.89926241988803
4,450,11.866988298102578,21.902631326231084,30.257460914057756,,,178.48360238553386,157.9864211703265
4,451,10.171506172221015,19.826723500200913,24.0415136653419,172.82550946229077,,176.30116924117513,154.64489979105466
4,452,10.468024828469549,14.06114275103435,27.31316635908316,171.66424216944225,,176.88144974932317,161.45235266715497
4,453,11.727123529086544,18.725906337863268,17.085868816855008,177.80814364502626,,178.2212110605515,153.10746282320386
4,454,9.320207705795296,21.414716732737187,20.330134164751986,173.12080665562553,,179.99723730694544,151.70467266856377
4,455,8.796474588951295,21.08494365135037,26.448865754915214,165.9067850165188,,179.67229774950826,153.3441758985803
4,456,10.60048805828374,22.55312281891125,26.295434994866195,167.13527613938078,,177.06400179772842,149.8306643213256
4,457,12.781255693122262,23.13375864784766,21.58451279358278,176.89769003925576,,174.7577341193261,148.98159744772389
4,458,11.407848460239828,26.644462409285374,28.328590983937115,167.98456649125313,,177.05827177130928,140.3393229379062
4,459,13.312947060227366,25.674390537353677,22.572420648609377,174.5809124583653,175.22825392291978,175.01335194708582,142.31345003608638
4,460,14.304568584485022,24.94141707007281,21.461436730102672,178.38255801300306,,175.2476439460619,143.07526461459244
4,461,13.649441601809952,25.59717771817953,23.147611685641344,178.3673753280732,,177.23697591162588,139.93888830765482
4,462,15.2496912976581,23.34754954369015,23.748656620001423,172.96605493373607,,173.28413575886069,145.27181386174777
4,463,16.013010242441545,22.67042010143472,21.814955256820923,177.7345319447873,,170.245299177174,145.8101552402898
4,464,15.185836904257355,20.543466848488116,20.390466183022017,178.7070855961912,,172.54322561285733,150.15031517336405
4,465,14.259776134083436,23.034423330556923,16.348303182782505,173.43865967510445,,175.53031706354096,145.68502870149888
4,466,14.809894858086398,22.14721301904369,21.981859945317,179.8758313606378,,175.66898274570997,147.25456870693998
4,467,13.866866301982563,21.917186612808177,23.8801428103452,176.69240341586428,,179.6329292254217,146.37977724126742
4,468,15.01668508234915,24.824395785741483,29.67212081969007,175.20057657789982,175.39064664660313,177.66442464122667,140.91143670175904
4,469,14.484874295880768,25.942573844249917,24.525804891041837,173.23348857342032,172.19815641477072,178.705331279466,139.17986050865122
4,470,16.165797723650247,24.644243481233005,24.8732221843746,171.50950935957522,170.5554036032791,174.06590805273902,142.36341677497623
4,471,15.923097347092472,24.68722653795339,23.727133800634135,172.0500584362952,172.35189464716325,173.57228977527393,142.8635054379026
4,472,16.495158211658865,24.286213931454306,26.84154992960286,176.71039496079774,170.06430115541488,169.82027249414946,144.78305784291524
4,473,14.99192164823794,22.109802573636767,26.26471679221526,179.7514482511044,174.92007055874907,173.12828991518282,149.39324011417048
4,474,13.397243794443146,23.23764788711113,30.266065552264894,178.27184216260238,177.50069147181463,176.10687887794722,146.72298018762305
4,475,12.986839333595324,22.993519456158506,31.40751567340199,179.9469316643799,,179.12059801532928,146.04309080044325
4,476,12.8764881519297,24.137496082738128,26.163001395311955,178.5886468456071,,177.8581730346776,143.40367595926267
4,477,13.389468973449649,20.72607799999177,19.086243955633503,178.45818448637405,,176.28769534167438,143.8915582412137
4,478,11.792242701766565,22.021530522251528,16.74589753249169,174.77469030006716,167.17529287331442,178.86937268214868,137.14511113327185
4,479,10.85753142583307,21.67516360984457,17.911766833180994,171.9335627091769,163.32732661694905,177.41268076032642,135.96060216892187
4,480,11.449300172064726,20.48594818676035,21.9013814181123,167.17662590329996,168.74263315604082,179.42459080070105,136.84415402127516
4,481,11.350034954699602,18.536279581371897,19.49656632059782,163.2221814562164,153.83765565753097,179.10702920024448,140.93054413199303
4,482,11.854806482518637,18.647105874970563,10.28629750713545,161.89524310978578,134.13054387565563,175.5047486297453,147.71910808018504
4,483,12.562230427845403,19.027806931245586,21.567681479865847,166.9890948041099,157.40869467123363,169.93232035339503,153.37676606036425
4,484,12.010119254421411,17.820301177342373,27.009539668017545,,,169.681045922087,
4,485,11.830347633172844,23.08710181815905,,,,170.70191371037512,
4,486,12.348195177401491,27.486283607883102,,161.69622082867133,,166.96120541339857,
4,487,12.070719298491026,27.48940217132797,,,,158.87229466990163,
4,488,10.661903314258913,27.484518353686333,,,,153.94501505401283,
4,489,10.653400651950188,,,,,153.01415977301377,
4,490,19.875263943305395,,,,,101.63206943370842,
4,491,,,,,,,
4,492,,47.42012079356292,43.36470207032299,136.78437520381934,159.66998494884064,,43.51906547805656
4,493,,47.602824796563674,40.469449881959115,144.14390781445803,162.90332127744134,,45.27649444131467
4,494,,46.38084292680974,37.46039635883339,151.46036045062573,164.7588889874961,,43.303805720575895
4,495,,45.646866216981806,35.87740661232261,157.2175114758648,168.24087998827238,,42.47017723506616
4,496,,47.68998841343249,34.360953233472976,162.93586111142605,171.78637581120745,,43.85442983424491
4,497,134.53194212463808,47.65817936938148,31.44053644898921,168.92577065151048,174.6833604336622,,43.008225975270925
4,498,128.87714924512673,48.26771915682266,27.733046882821,177.15404860040337,176.015217425185,,43.670924630904246
4,499,127.54671560855031,49.082973960767326,25.365861393003595,176.40376413418903,176.88896328425864,,44.88477702593667
4,500,126.22259169508617,49.4148859593522,24.15572580389567,174.70645546559888,177.3205214480578,156.44214766442977,44.50782482390133
4,501,125.86893016581408,49.15996858501283,23.4959962792637,172.93875595074647,177.90370547471926,170.07065987040235,44.15384202290253
4,502,,49.539408546709005,23.395420826606266,171.1397915862146,179.69456007340992,,42.89787303042163
4,503,,48.82902398560152,23.551560940443853,170.91363476562222,178.7612684170346,,44.36771812267746
4,504,,47.91712937565073,23.74219258925707,169.7774283408217,177.52191493583032,,45.42327985339671
4,505,,47.70027793837625,24.23508072992332,170.43984295705104,177.7858499470482,,45.56377562869086
4,506,,48.030401353962425,23.68040103278241,170.50812619319484,177.91676083090613,,45.078327581366366
4,507,,47.97198098353465,23.461067446346465,170.51014242997536,179.2380815767501,,45.534455133951504
4,508,,48.02717438602831,23.10096574791051,170.9080870685138,179.92626818955398,,45.54026228319991
4,509,,47.949583122363805,23.669803792581305,171.50967889683952,179.89119459639087,,45.33034760189065
4,510,,48.03505253817442,23.79576377548719,171.91574059723408,179.5432025041936,,45.5102083379338
4,511,,48.020970306291105,23.81926781905111,172.1177771927294,179.57966598028295,,45.90492682771765
4,512,,47.83021878688076,23.813142705871343,172.39933062734568,179.99359142327322,,45.873085404367494
4,513,,48.18936344725054,24.15138223436026,172.9592341586506,179.75378997617966,,46.17618544319416
4,514,,48.83733456915202,24.342942764266333,174.4356116164361,179.67108895920356,,46.676227167535075
4,515,,48.4339887068753,26.40941683757114,178.51944500337424,179.88494009765105,,46.44190219022996
4,516,,48.54074408652894,28.279297756574817,178.47919491874583,179.30525729988432,,45.7614238178406
4,517,,46.31125168331328,30.54603802236541,173.8008190803503,175.1182118431197,,44.51396187443468
4,518,144.1225513396314,46.39684114960844,32.70177353518959,168.09191677327146,173.17839702804577,157.64747029231208,43.52853982894531
4,519,145.5540185628344,47.252936910975976,35.51040117508723,161.999236282293,171.8256866870343,141.21888504056702,42.950007693921854
4,520,141.69883149370386,47.224759749280864,37.98654705360995,154.84731452807526,169.45739421275186,169.10231046497094,42.4986424610037
4,521,,45.85215922965907,38.45393918839227,152.1943429999989,166.6262400167131,,42.57515300651228
4,522,,46.26822572861429,40.55360428776762,148.57319230877724,165.88588138792022,,40.720658996454915
4,523,149.4886053877987,46.83697254918219,42.01840785540492,145.2435890924295,,154.1790906136652,41.63265558799691
4,524,,47.24286805150625,41.95768281201727,142.7470460295417,,,42.38650908833259
4,525,,45.40876092780802,42.929451485163625,139.26366866775484,,,43.4534498402547
4,526,137.18575209207424,45.105303369853765,43.57160151559184,137.19940063339143,,163.14237473117498,42.912671827057395
4,527,,44.32763324277136,43.8631411032066,135.94998726956044,,,42.05562953084174
4,528,,44.59940907200207,43.89288293807711,136.18733132086135,,,42.90966071714186
4,529,,44.92297871023773,43.464629740857255,137.0784046756849,,,42.439737248375614
4,530,,45.86906205419691,43.27163244236634,136.8737365408838,,,40.83536150072579
4,531,,46.02662766909832,42.67331248283491,137.82317311617587,,,40.95047179476549
4,532,,45.81358838960088,42.58306799190184,138.76111130538985,,,41.81246962436554
4,533,,46.48913302661515,42.25969967280989,139.46443237299425,,,41.366008605405426
4,534,,46.6100861098101,41.96499015785193,140.7512195359122,,,40.32090677773462
4,535,,45.29443499709331,41.394083481561495,142.29400912714934,,,38.81620299441419
4,536,,44.59349836455681,41.12378424472933,143.4601176124983,,,40.382882892480325
4,537,,44.550464916743195,40.68293378089898,145.47485839508457,,,40.017609030083605
4,538,,45.19540589597872,40.813381993320185,146.84979212854503,,,39.92465620190106
4,539,,44.80416697819014,40.52226152395118,147.59091130922303,,,40.09108496285298
4,540,,43.30720602951104,39.58631041959367,149.81148221981655,,,40.32654888079167
4,541,,42.231120794361445,38.212535498039976,153.17411939587282,,,40.37460221274395
4,542,,41.74274557457259,38.34682680909647,154.34740142840676,,,41.16538560467552
4,543,,41.9982464939693,38.53621261184361,154.88650477248726,,,39.07682907799045
4,544,,42.18128641070531,37.68310889410266,154.9253628567381,,,39.72926040809816
4,545,112.2834197222514,41.76173636513473,36.927617672100666,156.83166330407062,,178.84217538427487,38.85650224495328
4,546,113.69128237738998,41.313848508419674,35.90868694586127,158.43357438760574,,143.22827589158638,38.24793278887888
4,547,113.01813110173184,41.275022633021074,35.73429997897815,159.80000944705532,,168.0455090276781,37.528124944116534
4,548,114.86002584479418,41.69750853643148,35.290566847877415,161.1650113942528,,162.87775421205853,37.16757268601633
4,549,117.64518903455496,41.81307208975676,34.915075198112106,161.8611821727186,,108.59959693735182,37.3882607513667
4,550,115.0943703544048,42.06993829722936,35.349890175385745,161.90706175057207,,73.9470371960774,36.52871955455471
4,551,116.02978207979396,42.03652747209157,35.00168393317286,162.60206359567806,,64.54713468390162,35.96945129953891
4,552,121.55532007534504,41.67239380049089,34.72929817954609,164.89323154614254,,87.55746462839524,35.50970886525034
4,553,105.70670652792283,40.91281958977755,34.77429547337755,166.93731752550676,,170.55642470468015,35.53870549754775
4,554,92.22052261684853,40.87409134255539,33.80325352587052,169.2507236353837,,120.1766236839956,35.21558782476101
4,555,70.73317217081035,40.92002245132859,33.22096645316792,172.1518448754312,,101.82649166492683,34.344155899802715
4,556,95.77078849807413,40.34896604447078,32.73907892104571,173.81466453781724,,129.92465986236044,34.38856267495077
4,557,,40.1781961462406,31.688451706078197,177.88685444443706,,,34.893284719449504
4,558,,41.09424479992446,31.60211178062868,179.44438638116495,,,35.43481133521331
4,559,65.68019071133831,41.46014636860456,31.07867154354046,178.96837894899215,,99.25874066544984,34.77669979520914
4,560,100.18950770294664,40.709346404606315,30.01379901792315,177.04932557581697,,138.183696457811,36.006594276647945
4,561,35.58337129122093,39.57256303342783,29.430176776440632,175.7783259212122,,57.31303623335233,36.689359469150155
4,562,31.87216654544197,39.21246827988286,28.756237832388347,174.5577824070682,,53.27049193220402,37.6838705481811
4,563,24.11626703309047,39.33690772821567,28.06875463057074,172.48810196579157,,46.41751986154748,37.37399699110883
4,564,21.07624116261792,40.0107858955915,28.19365026691012,173.93899043467735,,46.22764940726606,37.48014522724873
4,565,23.595184397223026,41.182108334155664,28.32134203493576,174.74340541488112,,47.16770689602667,36.82451087284001
4,566,29.651755722462784,41.06390110683876,28.022425237040373,173.0416416074192,,59.597723307937855,36.739900749391246
4,567,36.30260743753517,41.28293525634748,27.321247300675076,171.56121429278522,,57.595683410535216,37.18285678782493
4,568,19.84749609374657,41.08175832120189,27.897055135593376,,,45.07898297055388,35.7149188920191
4,569,34.48588244771238,40.42911912852403,28.44462314090128,,,58.85246694305051,35.8049195276209
4,570,25.63634723484929,40.23041737658142,27.69113890607153,,,44.854788272231744,36.14923754972847
4,571,5.292696712818704,39.68103629472137,27.79751322743625,,,30.07505178100876,35.33562315190848
4,572,10.21634005347934,39.97051895104275,27.7302168682443,,,35.19361955676226,34.13619127739897
4,573,14.157074477403894,38.70908233062671,28.23884649055531,,,37.27483875130086,33.349431831763326
4,574,22.800066298430465,38.23039637789117,28.243814835909568,,,46.76218828090336,33.70398362198956
4,575,17.811153216818532,36.080841119882734,28.88113966538292,,,40.72005272306361,33.96648767713482
4,576,15.835858905088042,35.52499149970619,28.48900737034635,,,40.73684437470547,33.07875615967918
4,577,22.161084664602757,34.116768902624436,28.67448307001527,,,45.5063044324128,32.624176333627815
4,578,16.89611005353809,32.77533058992891,29.639697862819297,,,38.098404785295706,34.308707772856444
4,579,18.96764794810949,31.078122548245815,29.958738104500952,,,36.86409840559149,34.712277235181034
4,580,19.96686151485259,30.66699491337203,30.462672928772054,,,37.5857281150986,33.94240838712975
4,581,29.923022042210704,30.351335893025688,31.414174846654703,,,49.242123522431925,35.62306866671877
4,582,18.11388570882488,29.472749778131593,31.296431821015226,,,37.71392787660603,34.82969522851342
4,583,16.632663895865797,30.48094877014142,31.390086391097757,,,33.044572565265845,34.8575117721529
4,584,15.544891331141836,31.19269088418373,30.741551574726227,,,32.22717458194612,34.798961277215454
4,585,15.924942537018117,31.65243264782281,31.105324209627675,,,35.20621667081034,34.83610247802042
4,586,16.41243622304219,31.5645575722014,31.84602089870978,,,36.471310336551696,34.727303374637906
4,587,19.270583339303993,32.1078853707249,32.6116570749865,,,39.16603325227914,33.907471189485875
4,588,20.51777310253152,32.393652629019364,33.47628719638421,,,40.4625085737498,33.421280337131265
4,589,15.444942727122603,33.68806868645217,34.19398428182647,,,39.69423566346866,33.18513100927172
4,590,21.0833850054635,33.55155303945398,34.55075340309918,,,47.83318383209219,33.77915841275625
4,591,19.26682243416801,33.80716053646491,37.01748252826344,,,43.61984759116938,33.63977911414155
4,592,10.241641344287762,34.8287276605279,37.77625069411087,,,33.518584745351546,32.86462758235341
4,593,9.507037031480658,35.61691601121709,38.49489352175266,,,31.58960687326571,32.79395518936559
4,594,117.40929388606264,36.237511740339905,39.37173483578506,,,132.2570918879215,32.869450250328434
4,595,112.82116124884956,36.67206842518133,39.925597591227714,,,159.29245619623094,32.74917548120778
4,596,111.0286034405565,37.0341270060057,39.4868498691004,,,162.58349558448094,32.63948564724299
4,597,97.4457324931496,36.795299071484344,40.0242196604579,,,160.63102732309216,32.70322794589675
4,598,15.34271521996684,36.583406722618776,40.87946964169221,,,35.90496846893804,32.28535345261083
4,599,66.42785473906176,37.52190788957226,41.57065481200855,,,98.41802716093385,32.68521616591603
5,0,10.4538991112974,1.3361679576208991,6.184331073626657,165.88669650469808,172.21079026976292,156.51213063805167,162.68185648376456
5,1,10.330244498448105,2.6002600303712664,7.305042793556442,164.160562687357,174.0698241270185,156.35503337153162,163.82477950696688
5,2,9.834898707991734,3.3725494897717336,6.445161155340403,165.21582814997382,174.1355110713038,154.26699816933277,165.74011862135663
5,3,8.757343857665049,2.8587200048225743,6.273282329387914,164.7277543680683,172.6122939344833,154.39582918391343,164.4104462404142
5,4,9.50099893506596,0.5200368539988312,7.5538170835065985,164.9858415764615,174.90698989284675,154.68327314481354,161.83917956235237
5,5,9.398533385356204,0.7120363640417773,8.953657823309971,164.53043508891054,175.27798701458264,154.76374348752276,158.03508447889985
5,6,10.029922958426477,,9.209624632058478,166.07085123454706,174.78419159827723,152.0018352411886,
5,7,10.677289676859974,,10.79591715198359,165.9311825486319,176.32557336424418,151.151025376976,
5,8,22.794666442850527,36.76009745647927,,,,169.672793080941,
5,9,23.555505394893174,34.74067732304809,,,,171.23857122285932,
5,10,22.340762860136905,,12.166634785139273,163.59202467880354,168.61498297305218,,
5,11,15.9188078214422,9.018701587027072,10.868211630951674,161.8861802816154,169.2569408127981,,77.74532890830503
5,12,14.841790786678994,11.422934113248491,7.683789445824834,163.99944591764867,175.03630336037332,,134.81613640865973
5,13,11.647902845084518,3.568599122441652,13.634725176932644,162.57805188883188,165.42171717218466,,83.14087185798851
5,14,15.151908266467965,14.037544004296509,17.2672788434009,163.21512166294434,169.45497310713552,,55.305380878118825
5,15,13.01211918565011,13.955912053840033,16.11246490444972,162.31628969042504,170.38399865699182,,83.36937674291639
5,16,15.635841682324942,10.53202326304407,15.98746208138812,169.9251413058575,178.01675460724505,,78.53447773012326
5,17,10.926693428124173,6.5926764544917935,,171.65490271506457,,,88.64389439313119
5,18,9.13349307034564,2.5125198329265412,22.737139391974335,176.00959506474388,171.82164098165617,,96.45609089361562
5,19,11.637840884008414,8.220707122710005,26.42045926900648,166.8845715392798,163.96800848689205,,88.79594364046247
5,20,6.465273909670264,16.957411880830897,21.30389594742887,166.91201374438987,177.78871906398362,,83.80806234288231
5,21,8.221575749510178,24.29832167711811,27.4009553690673,161.3120619325181,177.62539305181977,,77.03188496393635
5,22,7.841382374265263,18.007632999782135,27.932021849352356,157.24727480066684,177.6982794962761,,81.68774551849638
5,23,,,,,,,
5,24,,,,,,,
5,25,,,,,,,
5,26,,,,,,,
5,27,8.110650611981253,6.004130374062331,20.148320860703816,175.99453340919123,177.20043827081116,,91.8558641214946
5,28,1.6508020638657537,3.636296702782013,19.24754571052963,177.95047948516117,175.50653187954788,,90.94964835588092
5,29,3.241686492935955,6.958566668806055,15.385428762384526,177.72605874517137,178.06202251998212,,82.04876851488116
5,30,7.421981209355,5.879321890699825,13.783579323306538,175.65495750713467,177.67242323399802,,83.68715433510937
5,31,12.882587022520608,1.0631880800121911,13.268658498140606,173.35825442852226,176.91728924561357,,89.72878973829891
5,32,7.630297744563414,2.7000442775795688,10.25451492191077,170.9914309340018,175.57905889040163,,91.78695506236204
5,33,5.038672266886713,5.980249570315278,7.691781585017414,164.9492950850109,173.82248813709194,,74.46019709069174
5,34,3.7230616086766144,4.875382800131833,7.4177910573914305,163.06374996843334,169.11238445235895,,78.32190358413186
5,35,7.983122501931469,6.314000149257108,9.361155707174412,161.57530915615675,168.74905634442692,,5.4353222326422745
5,36,18.25203046035756,5.949865114743225,8.80191096379985,167.71974523981396,169.91018563704642,148.77231486994933,174.6868698763162
5,37,19.31003440489258,4.898148480381503,12.237331289244112,168.43324311087034,170.74288723281265,147.03906319042662,171.9981387423889
5,38,15.777568701555037,2.2581179958117,12.70222023151559,171.04950331336536,167.85007247131907,152.38518445499503,164.60945018515417
5,39,14.509608824415931,,13.195566644152182,171.33496711447026,165.86577893225265,151.56863393246192,
5,40,14.454843913511748,,14.656046098979882,175.39179554865083,168.8691563603447,151.0649315240334,
5,41,15.32396830398492,,14.387382006745774,179.60677670123331,171.92974325434272,150.76828534519504,
5,42,13.86289962668612,,13.27021958290795,175.6702853885866,170.53136316756323,155.0504621181609,
5,43,12.845058221614726,,12.080994547575068,170.769153667092,169.51620954268793,157.60286728768892,
5,44,12.351950430721873,,10.506233622062746,167.08271387803208,172.42152561441614,159.71275636415058,
5,45,12.634447917613384,,17.064833716731197,173.2273462974037,171.67763250875703,161.73157485193957,
5,46,12.793668331414112,11.565713715878577,18.20091976393169,175.20990162608513,174.04451157572095,157.50205346334013,160.99910038102837
5,47,13.90367011319642,9.839012275472047,18.34432255175749,172.72015746340904,170.39327105067912,156.47003799718465,156.7857738659024
5,48,,,,,,,
5,49,12.045810411214369,1.2592399285798563,14.951074246181696,169.3070494819322,165.09525686093042,164.17743933087527,140.382984771725
5,50,11.85147455643146,13.157056352162847,14.199893944198438,167.17702528624085,165.47576764882783,159.64327545910413,123.3192641525675
5,51,9.074240514644124,,14.595251909706212,167.65182685884295,164.51935114827967,163.50921694460777,
5,52,6.754455081164234,13.550929563256648,1.6249665579692474,162.88352379757134,158.8379130741102,162.93858395263948,176.36838292801565
5,53,6.321982744816369,14.207783906743902,15.259088585863102,156.70104363151404,141.91597289247218,157.07637962583337,174.3352486694877
5,54,2.346439922135965,14.550196433540632,6.274342349725843,163.3162373256782,146.8093344342047,163.86660686043206,175.196477978171
5,55,1.6861372429458583,12.750866187603007,13.418882381306414,158.3954575087627,136.3533143382892,159.50463724630865,179.6277085420979
5,56,37.85177487090344,27.09055943547003,2.8661057024102496,171.1834809272002,178.50976447482756,129.37320239978158,71.06469429733471
5,57,0.1647508890832941,,14.949608563578696,166.6317920743046,131.13627054224176,156.28756021596655,
5,58,43.94211220011498,15.591867052542828,36.26024803821504,,,48.39319516243851,
5,59,43.77471357271902,15.332133379277456,36.22769139123911,,,49.46936101726003,
5,60,43.72567486401608,,36.7878959754356,,,51.15519485442085,
5,61,43.033950932423686,127.49192797491877,36.7543690472446,,,51.86420097381304,136.32024297516654
5,62,43.06664487042912,,36.75183464189497,,,51.75039378979614,
5,63,42.32425065685779,,37.05014668317519,,,52.87504728659059,
5,64,41.36625544347782,,37.53841381404623,,,51.64260887151572,
5,65,41.31903191348778,,37.464064254745274,,,50.520072755400165,
5,66,41.6780348198692,,37.56541151626476,,,49.98654695654893,
5,67,41.722590741440605,5.537223553111442,37.345743616550315,,,48.971872956850405,27.25442911181107
5,68,41.417204944375754,8.64656398773671,36.55392851526085,,,47.83824119324792,32.802627148068154
5,69,40.829144225813,,36.33887221210391,,,47.052067870649594,
5,70,41.79228940523924,110.98865539192744,35.513136228921425,,,48.94021923246777,161.65138660857963
5,71,41.72505701493274,,34.83149562995012,,,48.83149211900625,
5,72,41.41876803738916,,34.62550168131092,,,47.49718131198555,
5,73,40.56234797836581,8.565994879373992,34.30924098077651,,,45.77164862747882,
5,74,40.0976240829742,8.749867007569229,33.936277829768215,,,44.62441360782277,
5,75,39.327352669542314,,34.24927870134829,,,45.92041916443984,
5,76,39.547680537570194,107.6718076497407,34.83676583936514,,,45.24442530592584,131.7402263309866
5,77,39.27130161420497,,35.36792450142567,,,45.02132963293487,
5,78,39.40999715592202,6.392939575948413,35.63018799636422,,,45.150466257673386,
5,79,39.42223245326249,,36.18195590209024,,,44.26945859240664,
5,80,39.88735625555535,126.47550830724435,36.37695088098117,,,44.453575455321605,70.21412382224037
5,81,40.52870643245774,139.05616072567375,35.67094792710449,,,44.86788274200778,83.04024420141704
5,82,41.54092830880281,137.74272721356328,35.58642735199681,,,44.707774153314325,123.6578364286852
5,83,42.254193911905794,130.45510879254164,34.807409593928256,,,43.89786530420472,115.52771950549813
5,84,42.30382167463219,135.313281014778,34.28683264927239,,,44.57584553711136,109.5698806083518
5,85,41.99473650137632,134.94442871851922,33.03502230057477,,,42.88982017002088,105.49169843355632
5,86,31.005869798003932,21.23156694753707,31.371400907268697,169.68874909769175,179.24759600974707,143.0114288154473,
5,87,41.673839888678714,131.91939403434688,31.820554557080794,,,43.12131682359104,140.04064139433228
5,88,41.36277221120719,130.16385535400582,31.74680735490433,,,43.62708702296003,94.45884032090248
5,89,41.57338366770357,131.3517381815987,30.90130518482842,,,43.378536668911245,117.64763244615176
5,90,41.742192759514936,130.5558082308717,31.29470752098441,,,42.842595650609766,149.83688089884726
5,91,30.208506802891065,20.091776944778516,29.25122943521606,172.34771878027885,173.824215294817,149.5891649692333,176.01789369324345
5,92,42.160412226551955,129.53210540294012,30.53074669291494,,,43.43451278877135,158.4572339658323
5,93,42.35795523141818,136.06440739966908,30.0940319356994,,,44.32349214569024,
5,94,42.32407573085605,134.30893659671207,29.249078671959943,,,44.81933386934967,131.14032963826972
5,95,41.66438236970104,135.54260904824818,29.158064440048744,,,45.91720800242209,126.63326092069452
5,96,42.0883254893487,136.83373288636372,28.854693458922256,,,44.03597185421892,107.05328279320312
5,97,35.261100300179464,20.753599264750655,36.01052373141912,177.21251106113127,177.59651118370178,143.16957762881435,151.16432358267377
5,98,35.49476764985328,19.862035848864075,36.23979484002087,178.49068026321504,178.81127914735185,144.51874961735547,149.42981915345848
5,99,42.93672003916875,135.53113986939303,26.870083581242525,,,44.411201304058224,115.56319233905904
5,100,37.16313199217945,23.046726301516173,15.115501349867472,179.40122581880738,141.19075912163743,,154.0375031906821
5,101,38.025431420580105,24.060370289905137,30.082686213975744,179.60346342290583,169.53440318256523,,155.1151003844572
5,102,44.451212930145985,132.41520008472958,26.200725427692173,,,44.44043271604384,124.35738048906371
5,103,39.22098356027654,22.985623931103746,14.398756727930438,179.721437138855,172.4076196263794,105.62803596214016,150.76210322833802
5,104,37.50961350010629,20.634480613431226,31.978290028216858,177.78980482618744,173.43151706761745,109.5079105757056,
5,105,37.170409540310544,19.75163491712581,22.632546269675768,179.40937075683794,150.36149816891592,116.03815692101414,
5,106,36.814910486114385,21.046456490349556,31.853786342269093,179.62607429730062,170.27096084078175,115.9085163247606,150.54743008670357
5,107,46.20908882162617,140.11480406099076,25.069583152971827,,,51.00680993146529,122.244915141643
5,108,46.25471774663692,140.4105153620465,24.942345545381915,,,51.21138723064522,94.89425066043326
5,109,47.082821294150065,141.80034049790197,24.891480987623,,,51.08871685544125,6.410158232256282
5,110,47.882726388142174,140.21557016623834,24.91358701225163,,,50.79633106686857,12.170343373536102
5,111,48.512841792529,136.75406948044713,24.838058585677626,,,52.53408243513934,17.92675633013643
5,112,48.801932372706446,,25.022992585183783,,,51.90488251760908,
5,113,49.101344688163415,17.53686192720924,32.919963649139326,177.53515094676578,176.04009143167931,,
5,114,49.26780843499307,,25.136703760922927,,,54.346546241838546,
5,115,49.32342844288646,19.75994702576173,29.18485587250059,177.9742450023026,172.59016621448993,,
5,116,53.426011005895255,28.690346664441112,28.031460137083194,178.04200341116805,142.64119523308253,,
5,117,53.047528792159106,25.61452696487322,13.086266983701377,179.83079023447098,173.09117211971403,,
5,118,49.75561910785691,25.97180880734423,8.01880166574399,179.02168432539082,177.9206621406779,,
5,119,48.86964159080966,25.69650434180012,7.929486753902378,178.2608707418365,178.69283823254852,,
5,120,46.98068909318514,22.415248421498468,29.8945773605108,178.9986492799288,140.80491028749532,,
5,121,46.67829552687729,21.75059886629447,14.803574894518848,179.12989195645522,171.08546290261307,,
5,122,48.189500129192616,23.981864193694246,5.831439079461429,178.46194332666403,175.20629685680984,,
5,123,48.38569797348895,25.04134819863428,5.119920040867554,178.8815259765353,175.3322783509567,,
5,124,50.77683294064111,23.138218113159084,6.2175041113704745,179.08436138980844,178.73155831078407,,
5,125,50.67985219538676,22.253772545345345,13.44019612656875,178.55202390428246,170.39327167610787,,160.54523112044052
5,126,50.338117581637675,20.286079446926408,13.426953927113576,178.68556878611577,170.51772533054302,,154.84833439748965
5,127,50.64651077500288,20.729867602453243,13.322733457539156,179.26198463000796,170.39148971835624,,162.32613191005763
5,128,43.58891251417921,119.43621800742204,25.06346931147439,,,46.0248766333151,61.12743061028668
5,129,44.34997953776514,115.81240223226844,25.36225719368692,,,46.15697228851969,
5,130,44.64972179604115,110.97079334168976,25.24423294302129,,,45.96091904011094,91.15607624265712
5,131,44.68080645193736,111.32496692266344,25.593100885212205,,,46.29262316657227,94.60660802656106
5,132,44.93562949444543,109.75521664029154,25.72843817205648,,,50.32197959522803,87.07616474350326
5,133,44.162953609136295,110.66201382783493,25.626045246754547,,,51.05582107337347,46.080712049791394
5,134,44.2434787326453,112.03321311806548,25.646039214043668,,,51.6717022989866,168.5564768954262
5,135,43.60640088302252,107.85758908857986,25.61247291912179,,,51.44068523504852,164.49529323552872
5,136,43.55016574369187,106.35859475845383,25.56889386932029,,,51.20980836704174,161.43658644782894
5,137,43.62234624810543,106.82391929760502,25.38370313000884,,,51.552823686460094,161.91183129962343
5,138,43.885564615355335,106.81938605522502,24.98313713915297,,,51.700579544102304,161.62229706822205
5,139,44.4513989362992,106.0989458312991,24.951654500375227,,,52.427441321458666,160.6049316518263
5,140,44.50700806093834,103.2865741930682,24.271630963013568,,,52.74212749873336,82.89184745588346
5,141,44.4684284985827,102.48497795284491,24.45353583634178,,,51.86986653126273,126.1245778238454
5,142,43.89246075897706,102.64737060456812,25.29103402781966,,,52.32047622418379,127.23410835983542
5,143,44.489958358155654,106.1545781854494,25.619730656899176,,,51.66500934938853,134.4423062262745
5,144,44.71128202821823,64.2422010480186,26.383960374483102,,,51.28045114418481,
5,145,45.186548481719775,104.91253078880791,26.850445921320414,,,52.11977299912766,149.4439769668929
5,146,45.37532425047507,91.29190176584846,26.59433580227852,,,51.39407886891553,
5,147,45.756104066730536,94.57515866002916,26.5426035881961,,,50.7762959291829,131.71291214730314
5,148,46.565923680368286,92.1992623374568,26.831080958567604,,,51.48676097380422,
5,149,46.69294041257709,86.99522460041284,26.77595902852737,,,51.72910191684033,
5,150,46.83044879525914,82.61549772299979,26.185449982124656,,,52.707837061340314,
5,151,46.22942150360811,99.04111344203616,26.0773216259672,,,52.66916325416747,
5,152,46.720550168533585,109.926541175335,25.56127372540509,,,52.19100103517704,
5,153,47.167566652114694,,25.31568548736196,,,50.92959129552414,
5,154,47.83367520340987,12.506839493739369,25.392322913070423,,,49.67379610441268,
5,155,48.05438774125865,10.585809834831585,25.355376297591793,,,49.61312138656006,
5,156,48.39045001803638,,24.892771574214382,,,49.791975800824005,
5,157,49.08495874705786,,24.222363584680373,,,51.39014588979185,
5,158,49.02532268204599,5.108861034116853,23.932861840504664,,,50.81362350884861,31.002527822885376
5,159,48.77448974415153,4.907201323091731,23.499219595756102,,,49.40293116667662,
5,160,46.079294468720256,28.500904646674353,8.601337368183472,175.19791522606116,177.19646935811514,,177.17939258210276
5,161,43.97312403703171,26.043897321286,32.2277384906898,173.66578970892127,179.7036046985287,,178.59347023217413
5,162,43.830310238539205,24.85617221208203,14.292087343332572,172.66723879740226,170.3974093075583,,178.29573670713864
5,163,48.31576193276195,3.907191195006709,27.381498745006716,,,50.98794743173849,31.69094084610364
5,164,48.078978451210226,7.15248111288099,27.62626895894147,,,51.701154855641235,
5,165,49.03539425927769,,28.12181523371563,,,52.47776386419976,
5,166,49.56369212572523,,28.341833727899125,,,53.11587797090488,
5,167,49.03342796482551,27.077076203534293,5.9327410560682,171.98964422980814,173.62819371831887,,
5,168,50.14885529313213,,27.468499402359974,,,53.39081526386784,
5,169,50.572564107800794,,27.3406092690278,,,55.06307576319227,
5,170,50.415580454051536,,27.22425369782238,,,57.47306804040813,
5,171,50.33271062746888,,27.534322542380693,,,57.46765059727068,
5,172,50.52267869014359,,27.090391623223994,,,57.03589983864785,
5,173,51.33266829761906,,26.437770932559182,,,56.92207837297832,
5,174,52.32517348369687,,25.24833086777696,,,56.61019045641757,
5,175,53.45840504320162,,24.35003717561698,,,57.34702666992008,
5,176,53.54222736344037,,23.265729156972224,,,57.19076119095612,
5,177,53.4745104212398,,22.46761521150685,,,57.47296316202411,
5,178,52.81836760798918,,22.700120227820015,,,56.647987560754366,
5,179,52.39659570115636,,22.54223877344809,,,56.003308082472,
5,180,51.87093198487156,,22.55200426919119,,,55.492252695620856,
5,181,51.15324940145377,,23.104164407714727,,,54.43622630792376,
5,182,50.56123984506593,,22.919659639881942,,,52.01783107224834,
5,183,49.51956739850579,,23.116821293922552,,,50.7437880638693,
5,184,49.21413296300758,,25.233997730701088,,,51.051335996759505,
5,185,49.48312349122871,,26.09228421182048,,,51.58416872094632,
5,186,48.8052770048489,,26.890641883384863,,,52.66864468443696,
5,187,48.7980379794136,89.7033265223615,27.77712607906044,,,53.23023325365062,84.35771060277025
5,188,48.05951765208417,91.71787810308884,28.388034301584117,,,54.35646800134302,86.16715912888992
5,189,48.01003235537486,90.13543495189012,28.282267436493484,,,54.77980845583491,84.35241534032224
5,190,48.020870125214635,89.73726604893008,28.357979064436837,,,55.24913852866338,82.59463602977713
5,191,47.928845524046935,91.0703119344026,28.14917946562204,,,56.097656509193556,83.79106381804812
5,192,47.36256374542258,91.74920058673912,27.312698173514523,,,55.54606893683096,84.14935935973695
5,193,47.7881675702238,89.89511437211344,27.29575520904693,,,55.63203513912699,74.71958165169183
5,194,47.97179624886456,89.86649594156682,27.04059167778808,,,56.11467253286188,75.90191255099518
5,195,48.18950172828273,89.86701775174964,27.243929737426377,,,56.34449089505705,77.23617950878374
5,196,48.14643635628601,90.37283314674772,26.743736638655196,,,55.76959815350214,82.73419521634726
5,197,48.38464932710841,89.87457024667782,27.31545944869456,,,55.864900222518656,82.38662713760142
5,198,48.52638029509429,,27.30119850105391,,,56.22051686488659,
5,199,48.25253976377496,92.08977374717986,26.808590543310128,,,55.83601536630301,86.32622515005708
5,200,47.74074134207285,90.85400927422636,26.32171604040596,,,56.771532624281186,84.73979486339404
5,201,47.2601222916162,91.11770915229806,26.01628839779098,,,57.314161052441506,84.21284785765239
5,202,47.070945945290106,90.40858127430305,26.09262442113972,,,58.6589268703078,83.42673570661564
5,203,47.31091162567341,90.41708825295817,25.44018941738637,,,56.98784766585407,83.81545861746919
5,204,47.501153564064,,24.59189066816189,,,55.683613285332775,
5,205,47.28838527674937,,24.37280129584582,,,55.033754249479365,
5,206,47.261047541764945,,24.474313817640827,,,55.13151270383786,
5,207,47.4973641977066,,24.445248327531303,,,55.411209389912,
5,208,47.509521909773085,,24.72828567627154,,,55.25709120341501,
5,209,47.52035374294057,,24.50337628657096,,,55.54377557344164,
5,210,47.998779987597345,,24.298440333313188,,,55.30940227017301,
5,211,48.152271169726774,,24.220902915267754,,,55.600742738132496,
5,212,48.082582151036455,,24.467922085606563,,,55.426791329790525,
5,213,43.957360239306645,29.069497861611,2.584273076613515,167.73800992389036,177.4077321889637,,160.38676348564354
5,214,42.66163250269755,30.094343984037604,3.5911586517016367,168.6753401943899,178.40436998536126,,166.16699096776114
5,215,42.89862186832686,28.686303002589224,4.269128880225519,171.2418872832173,179.56770893117724,,170.4407203413905
5,216,48.523528363378865,30.454810680095605,2.590564174253229,171.41059683982647,176.2937358731433,,168.94312138494013
5,217,47.77053815598732,,24.669233806762804,,,57.17335941751481,
5,218,47.389127608864754,,26.311298973739053,,,59.05492639690575,
5,219,50.964290948793945,30.25487910825527,2.525785371971516,170.4467794641626,177.96148199799148,,164.61718515926563
5,220,45.40846453792378,28.74589817497997,4.391036033378626,173.98478082764908,179.1903310348097,,
5,221,47.468165975206304,90.33707529152753,30.264630402803977,,,63.32326179804903,82.73478677482491
5,222,46.08150593574273,,33.72050517889064,,,57.04907615457613,
5,223,46.54702962425625,,35.76703713877283,,,61.79303885825989,
5,224,47.94300793017595,99.48896695803964,38.697337952371214,,,56.43707131839752,139.40285744774792
5,225,47.35926039306328,101.78055904513576,39.18803072972269,,,54.010408465557546,129.97144101215457
5,226,48.270229136482634,,41.69945146010106,,,52.1165516187058,
5,227,47.28425858401241,,41.07584406346696,,,54.94556637291872,
5,228,47.3835163076904,,42.27318888120863,,,54.2681004280538,
5,229,13.756020342149318,47.819960227330746,6.091274374878882,176.86030843208852,175.18091222412272,40.08907221942955,34.10775740326747
5,230,46.390251531563706,15.456238636605256,42.960896013017525,,,51.669324337177606,164.19131771819204
5,231,47.57421274723732,14.90257114625731,44.13112368756749,,,50.30249608997523,
5,232,46.21281612071411,14.291611046748692,44.759846297862026,,,51.39510922504371,
5,233,46.549745545463814,15.285165769145244,45.79315935232844,,,51.76721574513451,
5,234,46.21233359692686,11.811011488589353,45.45624156602184,,,51.29880062098149,
5,235,45.17678098076233,14.257521998796095,46.72193858930034,,,53.57293253035882,
5,236,44.57736850980581,,46.36987427901005,,,52.03668667906497,
5,237,44.00806826457332,,46.69960843227272,,,49.19608984560037,
5,238,43.41501149750653,,46.79471013541466,,,49.467625982846286,
5,239,41.81239811927683,,46.54073291311725,,,49.33607137258586,
5,240,29.204706797435925,,,,,,
5,241,42.0682129968777,102.68958818900256,47.53629122664486,,,49.06700216198683,117.76339331962696
5,242,39.24361846193506,,46.984530940323246,,,49.71811332407449,
5,243,39.146143823062864,,47.746435539599155,,,45.561734374019885,
5,244,38.81414373527077,,47.96218860987988,,,54.071367523946066,
5,245,39.52062930487962,111.60505136197033,48.27803847840637,,,49.73273420592773,112.7948587972954
5,246,38.92133737738781,,48.66751623108785,,,51.50131000361353,
5,247,37.043216472173256,,48.70123180809965,,,52.339157026807435,
5,248,37.089020633004914,,49.26877061606683,,,51.4766174895028,
5,249,35.93475817637842,,48.61256216114794,,,55.032009377910555,
5,250,35.53015065417551,,49.185562794113864,,,56.57055813963339,
5,251,34.47509075892961,,49.72063506154213,,,56.38019077741052,
5,252,34.872196121261126,,51.1685282613706,,,50.69540267855704,
5,253,34.42018774317489,,52.02579105197088,,,49.60300949531176,
5,254,35.76951945544459,,53.34241789031258,,,49.79093304984494,
5,255,34.6623150806435,,53.53057532051537,,,48.289348369227255,
5,256,35.21574935179284,,53.08845457807478,,,47.417932799167616,
5,257,34.79266525612853,152.0282019225688,54.66336346044706,,,51.34216444421005,28.60319533221705
5,258,33.897858976743315,,54.68828282910836,,,51.58966623300403,
5,259,32.4553264524975,,55.11859497249861,,,47.53325037929055,
5,260,31.81094942438387,,54.771145338130545,,,48.80489256947482,
5,261,32.077564338746235,,54.98480088080772,,,46.566308664690546,
5,262,32.08607223247076,,54.854254994502675,,,48.191648601527206,
5,263,32.35614230041139,,55.4947182788869,,,47.15172892453184,
5,264,32.204387319094266,,54.84995035865569,,,46.654647314403455,
5,265,32.03695472537776,,54.67487196253784,,,48.20622204632395,
5,266,29.26072007982372,,52.73477783854969,,,78.49874108854915,
5,267,32.00371155904278,,51.71255589501089,,,51.77397193470944,
5,268,34.031779561612744,,50.63956470566005,,,47.46688880472585,
5,269,33.989782921697156,,49.40489899321249,,,54.44909014690795,
5,270,34.700623406069624,,49.295841903642966,,,52.97709570722524,
5,271,32.66538807532685,161.54196347173738,46.88523289894624,,,73.96598041863875,
5,272,35.72145147379699,,46.18619817668373,,,55.624473216091445,
5,273,37.44348572628763,,45.89183681840711,,,53.28605685721491,
5,274,38.96085617414058,,45.80323029704629,,,52.02583115931234,
5,275,38.669102086280205,,45.83286738813431,,,53.364094341438296,
5,276,38.18431974032053,,45.580522094893425,,,54.17038320664132,
5,277,39.22603172836333,,46.08739636099527,,,48.618483211680505,
5,278,40.77844151057616,,45.572700654332046,,,45.519976701013434,
5,279,42.12683404593333,,44.793720417843275,,,49.98745597699996,
5,280,42.100898191461894,7.805034386979849,44.61145060588788,,,51.22737921778699,
5,281,41.49122733852595,48.83198020305887,51.13426498818134,119.38223242723184,170.13855420771685,71.44643715526028,63.82541655552903
5,282,43.888064625812106,5.835142661786605,44.37265413195186,,,52.292788386884254,85.19569960799504
5,283,42.30944491046298,9.320385531923623,43.34333992088558,,,52.50858848435007,105.6169095117188
5,284,42.54690005684923,6.017675124291866,41.95218923790887,,,51.98429457759485,108.40990017715048
5,285,43.064005603896675,6.970481176972922,41.865793291782225,,,55.91770413992735,154.22935983393103
5,286,43.384078895633266,7.463290775789547,41.66046586107476,,,52.24135636260911,128.50155417706745
5,287,43.74904903412566,8.804302656942843,40.30928308969888,,,48.32242662561356,141.0423718850342
5,288,43.98137757568133,9.779116265162832,38.95231625214185,,,49.01144030189272,141.35560285653293
5,289,44.3887411534841,8.000615893727652,38.311845144402824,,,51.17565232415164,156.2135801545003
5,290,43.87469832393583,,38.72197661012132,,,57.24476249642698,
5,291,43.39676767605759,,39.065860854660485,,,56.61253475274465,
5,292,44.41006510833874,,38.27282891387095,,,58.21032007238187,
5,293,43.55719460218073,,37.947552213949585,,,54.26583383040513,
5,294,42.509666193111265,,36.148973910057904,,,50.83704270222495,
5,295,42.77134568145842,,35.27975303332389,,,51.530480699324016,
5,296,42.44345267193962,,32.89439369171549,,,52.13211235693705,
5,297,42.69394128284173,,32.225468522408754,,,52.51992351940649,
5,298,42.55890748760698,,31.347672783834156,,,52.77554118582621,
5,299,42.93305141169285,,31.46204157100119,,,53.47146488667543,
5,300,42.773541784287154,,30.4359072727317,,,55.23757781260725,
5,301,43.65538750068852,,30.927111482715887,,,54.71513946169651,
5,302,44.010645707396094,,31.74770493348291,,,55.74319805689501,
5,303,43.39862375407212,,31.30271340377864,,,56.88298551426776,
5,304,42.97172632827797,,30.96854959223158,,,55.70012150242017,
5,305,43.772893098461914,,29.418616606557205,,,53.33305079233614,
5,306,44.43138897675164,,28.044149950778184,,,53.42387900193667,
5,307,44.71128760584075,,26.54682239522409,,,52.56026854094496,
5,308,45.0509961836444,,25.93031259635391,,,52.11359730751468,
5,309,45.465250695886894,,24.80210017760008,,,52.72840587341338,
5,310,45.65635380748653,,24.57351944947297,,,52.21171937245632,
5,311,45.00259721419252,,24.383528154696204,,,51.12058541589432,
5,312,44.527216590406255,,24.91164007234858,,,51.71123501926707,
5,313,44.15867454759108,,24.420170328875344,,,52.29113971144012,
5,314,51.58908844331274,29.95997976004241,,,,60.08041958060646,50.82441205027762
5,315,51.68239686940664,33.56366985746108,35.70601953703933,178.9198951516342,173.24934736999913,,50.40360624496902
5,316,,26.56019718152344,,,,,51.79821372410299
5,317,52.46328305374374,27.57288006691446,,,,,53.114680874659854
5,318,,28.978272084177092,,,179.565675316308,,51.26224151377001
5,319,,30.00599817129585,,,176.8111281105064,,52.27328186250552
5,320,,28.94949604437415,,,179.28455368486894,,51.64242741687982
5,321,,29.70008399402688,,,173.98453180294865,,54.604661859689784
5,322,,31.646333531394717,,,171.69331236763836,,52.75757620683747
5,323,,,,,,,
5,324,,,,,,,
5,325,,,,,,,
5,326,,,,,,,
5,327,14.791789497809006,,2.296397642499511,,,179.0605511861272,
5,328,13.080478807065813,,2.7903644743242353,,,177.61241362203194,
5,329,,,,,,,
5,330,,,,,,,
5,331,17.477801378992346,,1.768733208699062,158.61438253138212,,178.67588473407864,
5,332,17.035334081888333,,1.8703101090868035,,,179.93999006357097,
5,333,16.861696989134483,,3.2976290990559596,,,179.52536168581136,
5,334,16.541289233582106,,,,,179.8243099503458,
5,335,16.658169210237848,,,,,179.75155670517054,
5,336,16.45590582982595,,,,,179.6725369781823,
5,337,17.118586523621307,,,,,177.90351980030732,
5,338,17.377714937036153,,7.307743206723503,,,178.53918866701525,
5,339,18.206766567351146,,6.607287692597096,,,179.75496057871885,
5,340,19.71134407740434,,5.765733260455859,,,178.41370914114037,
5,341,20.105890349036375,,,,,177.7727789913638,
5,342,19.121789379948037,,,,,178.95738016524666,
5,343,18.691687191319485,,,,,179.4728843435925,
5,344,20.01118765905298,,,,,178.64079085271243,
5,345,20.647417755625245,,,,,178.2990809844501,
5,346,20.573924308916613,,,,,178.4555107006643,
5,347,20.513761339585177,,,,,177.2275530931317,
5,348,18.380143781132567,,,,,178.23844700081068,
5,349,18.91851649709991,,,,,177.75534371535383,
5,350,18.337692270902757,,,,,178.6028908900721,
5,351,17.90430854815595,,,,,178.7334464607635,
5,352,17.962334072783577,,,,,177.8015820496955,
5,353,17.856109666229994,,,,,177.70340586166415,
5,354,18.302506536524835,,,,,177.05413436712874,
5,355,17.82005094492254,,,,,177.1252176930295,
5,356,18.481483810922015,,,,,175.73990954509853,
5,357,18.919373171829648,,,,,175.04119998817504,
5,358,19.263352483691605,,,,,175.60123366830965,
5,359,18.634026015847923,,,,,175.80553597724247,
5,360,18.706543840137932,,,,,175.49523674217707,
5,361,18.388932174645145,,9.898204543017776,,,174.41949456366575,
5,362,19.659359823664214,,,,,172.5336242947947,
5,363,20.10715617034168,,9.688720657519449,,,171.47583991996592,
5,364,20.53238955755319,,9.776228150743302,,,169.36776281502657,
5,365,20.009060710433413,,,,,170.5562472242419,
5,366,21.020718466629013,,,,,173.83606388225965,
5,367,21.395071956965865,,,,,174.01222377125237,
5,368,22.892744739935733,,,,,172.69441477215233,
5,369,21.805604881926666,,,,,175.68881114874853,
5,370,21.05428695790178,,,,,177.06403063093384,
5,371,19.845181999027247,,,,,177.51560888380865,
5,372,18.65795557257881,,,,,178.70084379012664,
5,373,18.23641083421014,,,,,178.39227913397258,
5,374,17.835883227377675,,,,,179.84875856260146,
5,375,21.850550485964487,,,,,,
5,376,23.74850153189152,12.403480675585907,,,,,154.23490229266565
5,377,17.275015874497537,11.4711989233832,,,,,116.26692088966324
5,378,11.371277733165222,18.009577501118834,,,,,107.2240273085294
5,379,15.704512105475173,16.396085964527416,,,,,100.02472197270426
5,380,20.81492219298242,21.677202946043423,,,,,87.64983438938495
5,381,,14.61910767954157,,,,,
5,382,38.865277866500875,4.305497156843069,39.91728634748535,,,45.30028795015345,144.84051959453532
5,383,38.87626959829879,5.220240106213062,36.99011369233714,,,46.6261735094768,147.18105442334593
5,384,40.29847509077699,1.4457593443749173,35.593308454085765,,,49.44993880046429,160.16958439835827
5,385,40.27655243520329,,31.22734273575161,,,50.426782093583846,
5,386,40.8493367796135,,28.611854329052353,,,51.7860792986616,
5,387,,22.237073475427927,30.622758850612065,,,,44.69907535644278
5,388,,20.15662896472903,27.869198024414764,,,,46.85484627598996
5,389,,20.56485141051747,29.736544167242258,,,,48.8452514631158
5,390,,23.59816991218653,28.821011746457984,,,,46.35611627871077
5,391,,20.765267093419546,31.51426658865813,,,,41.254213788379026
5,392,,22.235371536513817,27.89287453597506,,,,41.336266658715935
5,393,,22.13790625893338,,,,,38.84035041717657
5,394,,22.067603140076255,,,,,
5,395,,22.36883922634089,,,,,
5,396,,21.225985823343212,25.207433346797583,,,,46.339851491274345
5,397,,20.62719830708025,29.856500931465007,,,,44.137667115561634
5,398,,21.099028098433347,29.76496924367546,,176.7764447422832,,45.90504434495563
5,399,,21.059013506423007,33.761278482056774,,175.45071568344807,,43.317509015468865
5,400,,21.12116686854374,30.14448777725997,,177.7989886573831,,43.01638325280276
5,401,,21.357708319419835,28.38392775743356,,176.9636231892199,,43.9006871504171
5,402,45.756386564181106,,22.699521969212476,,,49.849305473781016,
5,403,,22.95194913460794,30.124674445695813,,178.0426612253541,,
5,404,,21.07849683219028,28.60780749131826,,177.69984070014442,,43.36351068439818
5,405,45.84007450035354,,22.875622113685846,,,50.53476255972025,
5,406,,25.138227026607556,27.092424353422015,,179.37537872241828,,42.103008145899985
5,407,,22.67782293129856,26.29522681612439,,173.95574975473204,,41.588922025200134
5,408,,21.291023725596176,27.336660712518064,,173.25925885072272,,42.64528434205255
5,409,,19.706060705163257,29.98975233331813,,176.0746418081915,,39.826774625674545
5,410,18.95815541915315,,,177.08864469251137,,178.64789715420585,
5,411,19.080893022197905,,40.55086670159405,179.01860591818317,160.57396940661172,179.60251715322133,
5,412,20.838196150924915,,41.80433170910539,179.80378888100014,158.84584188920346,178.5910171539177,
5,413,19.80205122650555,,42.24177650337412,179.00188108692305,162.35822965169743,176.92171785986991,
5,414,20.28628749810753,,41.517836432625856,179.14242109453198,162.07446131514442,176.07024882271924,
5,415,18.02372704417988,25.70629578820439,,,,,77.37624568730578
5,416,21.71287564567777,22.069316679594763,,,,,100.0609210491916
5,417,18.298076392118904,,42.755821335967084,178.7761962273094,160.82971584693064,178.49364144974177,
5,418,19.45082131005156,,43.88692634118346,178.9646740425425,160.4424528851194,179.5426986068418,
5,419,18.83447835227348,,43.26869425806587,179.8191621729096,156.5319314658147,177.8478025137587,
5,420,18.67858623853029,6.8471830059424255,43.266790163370814,179.16859715865766,155.4926471583304,176.6057295159195,176.1374645687888
5,421,19.06191208184909,7.871890403200472,42.22428026545568,179.2792923835357,153.94837821738312,178.0004913751917,172.5451083801432
5,422,20.065613259574203,9.534286953828484,42.632494410379394,178.81735315571166,152.1970875728803,178.9550730429506,168.69200899718504
5,423,19.414412622717325,9.125262011112488,43.29009242426205,178.285956277184,155.12098725052894,179.86828840503415,168.59669900078666
5,424,18.713988074478408,9.889976560003696,43.39045887938185,179.79431715656872,154.23382930821782,178.97910168294914,166.45352976685624
5,425,18.86551287106794,9.438475311585515,43.10681463929124,178.04261196621638,153.784781248786,179.5958074593011,168.8832392143699
5,426,17.846529080347317,10.361598476131276,42.77055340999826,177.7349137701515,153.24318227069088,178.5089649536939,169.7613592961981
5,427,16.80290424237454,12.033552931589984,42.73574973797465,179.10502242296874,153.41544925322148,177.7474149895382,168.5864767912488
5,428,16.340351138175222,12.76011450615986,41.32389701623238,179.85570206774867,152.79806941131923,175.49833915146675,167.98139416988175
5,429,16.229926164611275,14.23678667908219,41.4835403915742,179.65520703959228,152.8603797814009,178.32682789335058,167.98846012731696
5,430,17.58990072356298,15.335854857936267,40.135416039128174,176.5665893691746,152.29345759886607,177.53922638330295,167.8291415247376
5,431,18.570905677398667,14.617890220162725,41.03362677763964,175.2611799440901,149.86863684306178,171.74024751635807,172.05823030517297
5,432,18.74480603986096,16.333123290269405,39.764984499999514,175.79626905041843,150.10532157969155,172.07583977437727,171.64946431916275
5,433,19.26365149505144,17.634536946116693,40.01630671693954,175.68293763717935,153.20589510290074,171.17077524949346,170.33405012483863
5,434,19.72529508547775,18.43914949647817,40.19985119614599,179.42409825486038,158.18928713836118,173.35409504211128,169.1516187882432
5,435,19.92586448119735,20.661935983993917,39.97885709033831,178.88080165995282,159.52976001265066,170.57102761657285,167.58935888321807
5,436,19.97267617125555,21.65324427169739,37.25516148790554,178.5102151289915,168.06688790960723,170.75365742483578,165.77934618879198
5,437,19.132641388670685,22.06125870590422,36.29847987763671,179.0504460258069,171.890674282748,171.90370233614337,165.39256874637798
5,438,18.882119324268572,21.92831907314289,34.5715977443023,178.91169767391582,175.53800958708638,172.43049969346285,165.36294726169805
5,439,19.109614022584363,22.045845414033884,34.74025416552639,178.18485214552808,175.93108958376635,172.48108514445946,165.21675867391704
5,440,18.66059460515604,22.50783246210948,33.9427933303595,177.93621574326733,176.2806391672098,172.11501222948473,164.72469730151676
5,441,19.07657931938668,22.113713244277857,32.79984848608731,178.97133218646707,175.9766487881545,171.66846076627496,165.83247491670753
5,442,18.629027499340467,21.525899518477555,32.71260665161627,179.53923686816697,176.48219363558243,171.43142933480507,167.7174017378163
5,443,18.212585556126925,19.38119776890505,33.97963615279934,177.86466591590994,176.49852618451115,170.92464871639405,170.70741765261377
5,444,19.276118047829787,18.692228042740172,34.26921032425452,179.493609343248,172.92835989654685,170.10039919563792,165.76563206254514
5,445,21.043308394376044,15.696662736773142,35.37923616972225,178.9418815938715,174.45223476202708,166.8843256858875,169.19186669804796
5,446,21.4838400356023,15.454915380998903,35.576677578905105,178.99682168069202,174.49753438152533,165.59764752269382,168.90956076090336
5,447,21.371066828688104,15.151762450850985,36.03512916790989,178.2149604068387,175.90891507028837,165.23719924845128,169.81265132796574
5,448,20.948793399978037,14.35106507940801,36.21485401304084,179.5982158301266,172.86187029562518,166.01586941299138,171.1383872152471
5,449,20.55513387099158,14.442595824732551,36.27011494392629,179.3734593377413,172.8494728317993,167.07783103787534,170.4000021986554
5,450,20.298341066103983,14.07378109344077,36.42011563287991,178.430462468609,172.3198042339159,167.01442972593287,171.21976343753278
5,451,20.346354722506256,14.02244350174042,35.55872779965563,178.16208790301408,173.30561157430927,167.40680357961924,171.28061204873885
5,452,20.77034530430826,14.012508415383246,34.56854638544057,177.9709731698898,175.75590430869497,167.003129938451,172.14216178152793
5,453,20.416653182334382,14.138533758400094,34.88792634550956,179.86742366905315,178.84206943636855,165.9534603071539,171.3074513452975
5,454,19.946387920043858,14.135852305834964,35.14876801725678,179.20032974460318,179.27507086504033,165.96450749513752,171.8452451891693
5,455,19.849243932782972,14.287577848131756,35.23400376144423,178.81209716649306,179.1403529697178,166.91840120974447,173.1564595635642
5,456,19.604233089968005,15.936336652883917,35.88172337736199,178.55953582545882,179.07550429510644,168.68991592548323,173.98076491908515
5,457,19.687823305262167,16.351699311337814,35.56634849552309,177.29745950473597,178.95708359121122,168.51385863511118,174.2805463898748
5,458,19.34632814092249,17.41331969403423,36.63022318337629,178.27733582673704,172.39354028983766,167.42625310905962,172.2839211536528
5,459,18.52146137218812,18.007842355189307,38.62395876643099,177.0443503491876,165.13714393506015,167.6904825497057,170.92160230288744
5,460,18.829443652473493,18.667950205398206,36.95502168528804,175.98358483815144,164.89912555028104,167.92114875343933,168.99975618146792
5,461,18.160460020714215,18.11064144926651,38.19335605875734,174.86264053108434,164.91052909695517,168.9257883086768,171.7010357514541
5,462,17.874520726340037,15.681743466912293,38.36432579041969,176.245502357443,164.3123005252389,168.8890137770752,173.2019339390526
5,463,17.67371055345094,14.60454492548326,38.38365629579943,175.5883513513721,163.60944219125068,171.3678326979154,173.55289194177504
5,464,16.302001615941723,14.85899501642567,39.56290302939456,176.10647801976427,162.82192973551287,173.08683200950256,173.54143105517235
5,465,17.174282893120886,13.168377636507852,39.65736021582726,176.57645426689643,163.4946905647053,172.86705347417498,174.93762863290746
5,466,18.969315275000497,12.350937582583033,38.36306811067112,177.14526450940207,166.15300764488293,169.9132431579069,175.34554664894728
5,467,19.597691730679603,11.198363692853992,39.16456334335041,178.98445570237365,170.08066944033098,171.37119901306838,174.62319617337792
5,468,19.047873868690544,10.171784972189233,36.99864943086613,177.26357427056124,170.88528264879696,175.02309930205834,173.5014690981699
5,469,18.49953877636333,9.319016698961494,34.82935659271777,175.0023038640939,171.1688994883163,177.2716536352784,174.47823834587533
5,470,17.50561514208636,,35.92530068091732,175.7952401375742,171.70645625097782,178.3598172756194,
5,471,18.453264641427555,,35.162494875633875,173.44798151133645,173.10803663887427,171.9821960216095,
5,472,19.27595094834014,,35.25008600978689,174.47816726759058,174.9174410519568,168.35884045980077,
5,473,17.3415993565183,,34.91563898096296,175.2096410136543,174.51647310981426,174.44133842813176,
5,474,17.675793465438655,,34.449003120089834,173.29359059939296,171.12148198506856,175.37600322470186,
5,475,18.705684822485555,,35.313363334047914,174.80688277911642,172.01873837374862,174.08537827611218,
5,476,,18.06634893253355,30.700582528209203,,178.94116916782585,,28.792328904947713
5,477,,20.175494784229816,28.06042306569088,,179.64065218635153,,36.86009072213715
5,478,,22.15667701290631,26.76471484635809,,178.00585453123836,,34.15265239646184
5,479,,23.122926962790977,22.62037413034549,,172.00866722922663,,37.88468882868433
5,480,,25.829736704235263,23.50517719768983,,176.88002884681487,,39.97291998127724
5,481,,21.31574829617828,24.95194041786215,,179.23069268837634,,40.01261815011963
5,482,,21.242668973493505,25.48097444676579,,179.85426623115228,,40.60678087214886
5,483,,24.27095842408104,26.539448690524797,,177.75033755945566,,39.324184122018146
5,484,,24.478616151313396,24.230749427685183,,177.58239857660786,,36.395340032802
5,485,44.1520114744893,,20.751333400062652,,,54.73430276097309,
5,486,45.34474658492446,,20.562536365042973,,,54.50373470995458,
5,487,46.62534492123601,,20.773577122293045,,,52.30410804421973,
5,488,,24.89601489916242,27.01503922040347,,177.08281392681275,,46.25603619604031
5,489,,26.774360250406943,25.23348353503488,,178.0744936218338,,48.9674889935312
5,490,,26.09631327218176,26.724566894040287,,177.4074374949484,,49.01753075736815
5,491,,21.669977415224775,27.644380997495848,,176.8273611579027,,43.811984364913656
5,492,22.14032560878793,21.630931279802827,27.831248332067076,,177.60355190259554,38.736815953072856,43.86691926047623
5,493,,23.325542903763196,24.41011717352595,,176.16513064399086,,45.52764299919188
5,494,,22.99319366279617,,,,,45.87546145710809
5,495,,20.388984019720493,,,,,45.18707083282117
5,496,,21.13244830891412,32.07662860133905,,179.6558974841974,,45.18291800421474
5,497,,19.60367263069602,,,,,
5,498,,21.24801542003012,29.476378448680165,,,,53.04782937277277
5,499,,24.94221461639815,29.409489201270095,,,,
5,500,,18.168093996401268,28.96103358378081,,,,42.87355668199743
5,501,,19.163613232511175,,,,,49.09565580190487
5,502,47.102812517935675,89.50582730882064,37.66086021408462,,,49.44236775792478,81.04259160769666
5,503,47.03882432811612,92.97163898363124,41.799721831077576,,,47.52070876461214,91.72151012749448
5,504,52.88038671430232,5.9937401199309175,,,,49.989730389355564,42.05791057646794
5,505,,,,,,,
5,506,22.61384980873279,32.335474677578475,,,,,75.61528852581621
5,507,,2.667049159105481,,,,,86.53200733889217
5,508,20.744662392615645,,32.837259165165776,178.7075992773815,155.15307190047133,179.00594281248857,
5,509,18.4923884990945,,33.50785235645619,177.4154038284542,154.3658055475917,177.3131546720157,
5,510,18.96232473245978,,36.88533599262544,178.62329236398304,154.7447702275991,178.24495232860207,
5,511,20.44865212490417,,39.08619482112946,179.10814293135178,154.2504511455123,174.2199731821681,
5,512,20.21944602463284,,40.19294643073785,179.82986468027508,158.2997800210347,175.84035488455098,
5,513,20.40119284640899,,37.58130957017079,178.77947679409624,160.62767025640153,176.21550549730478,
5,514,19.065955040635853,,37.17630235186982,176.97764784400167,158.18449210985025,178.5019909138422,
5,515,20.337204118638976,,36.7622036316557,175.41239630189128,159.41235346981395,176.77709652308928,
5,516,19.15114928949829,,36.512294447780214,174.93705320435117,161.88158442892347,177.04374138013625,
5,517,18.483533124612133,,36.750670304735806,174.8278403479146,161.6283160665537,176.48996146843749,
5,518,18.625867223821803,,35.962453507284955,174.92365775892324,160.65166024225044,176.2174197783464,
5,519,18.10226339016667,,36.7532207909384,173.94850931704997,159.5852441275867,176.79547213140324,
5,520,19.100815486632076,,38.24449639115514,177.95666864749646,160.48414186297353,178.08844879907204,
5,521,18.472144005898347,,38.16006142869757,177.6923112277556,161.51655176822524,177.86392549804356,
5,522,17.333957574660946,,38.29260268126315,179.20148526344158,162.7046139408289,179.8371062637818,
5,523,16.06104556348839,,38.94376778608319,178.7878166024838,160.0442886574566,177.29258932057093,
5,524,16.1841637831903,,38.74552582526688,179.49284024004115,163.8367768076871,173.59941210555115,
5,525,15.109637754672123,10.952766595296016,38.79413276832478,179.0596861344388,167.6363808707769,171.7152283213449,173.79774041845693
5,526,14.809112310379804,11.73013351936839,38.83001719908044,176.28538339308253,171.3995067926224,171.86900678995832,175.58603177526527
5,527,15.72031992549812,12.72909564399891,41.038543258015416,174.3905045126858,170.9733098932123,174.057365758083,170.22128520331196
5,528,16.828233278856747,12.111302504471375,40.3648132361163,173.63901454309365,168.59919098893428,177.94977567784406,172.71468935517206
5,529,17.25707494578031,11.227827224388854,41.285229482896696,173.307582579455,175.07007319224994,177.72164376949118,174.2337393330154
5,530,17.009316587608204,12.122009087962155,41.96079510256469,171.56279130168332,173.6605089825806,177.3547287206149,170.32827333972946
5,531,17.098570021366783,11.124115653844177,41.93619900866176,170.93763124064958,172.25466898572986,177.9568683863011,170.08530244912347
5,532,17.38384644607862,9.765416146488173,42.3275651640584,172.49818831962003,169.3740973855845,178.56336088901887,169.0548482508854
5,533,17.395828673295075,9.273292098099857,41.27897964778056,172.9479250513342,169.96099471110767,179.99464479567567,165.72185176917264
5,534,18.080636458336546,9.284326888909542,39.39110727536012,174.34029794907138,169.44067178608432,177.3034261734677,165.31634818150224
5,535,17.79173124962327,8.86179838724455,38.11003123756404,176.19010110566984,167.1145931515714,176.7649940784574,164.86017759929942
5,536,17.892386806377573,8.436980596465231,35.97546067712558,178.9385797094475,169.4614559130882,176.71315309446064,163.47284339483932
5,537,17.195979032430174,9.2563336615167,35.28873283695018,178.11027684589646,172.05435206730698,178.83592991453435,161.2712771845282
5,538,16.7815157848103,9.703280897476557,34.52269057333716,177.30074731377636,174.58879980138926,179.6077605952097,160.87140380433704
5,539,16.89809440591883,10.137879527164865,33.91512422839725,178.08606856007327,175.02039009159787,178.53090105553846,158.40244040768027
5,540,16.724583405132442,10.466587199202426,34.874320635234874,177.79519841024185,174.4221123579472,179.74833604686918,158.27260079340613
5,541,16.02776092679499,11.128871236582038,35.232509456918706,177.32029740267467,173.31888594362013,176.2646371413863,158.90420340833882
5,542,17.427777133292654,11.058847565860509,36.337066470815635,177.16282508247528,172.6844907496785,179.3709780103454,163.91770474708625
5,543,16.33797723170195,9.98121845799284,37.692009699747544,176.2696000709415,170.5174318401747,177.13810080109135,166.6760378297762
5,544,17.85317639112446,9.101851800873536,37.968131598181664,175.8829614358358,169.16801212365684,176.69797041479035,167.93609371420325
5,545,15.28134254718497,10.45074026117408,40.15885369807885,175.36143590254406,164.78630621015805,179.4498024894729,172.1972326969276
5,546,15.355065283122538,10.497929858755986,39.90685763030426,174.05352077420483,164.8718589579789,177.93922375781705,173.19772673925038
5,547,15.098381842362713,10.767372080343758,39.38682836709038,171.97456389099216,165.58750905994788,176.7511920397927,173.20952819225482
5,548,17.117091013323435,10.666344647060123,38.302370263117915,172.89119090491224,165.41927595238275,177.90990816524922,174.54467377702477
5,549,17.646167022267548,10.32711444720122,37.7574386180068,174.25699770549636,166.16841003056447,179.2375774793041,176.24128982149136
5,550,17.903291385405346,9.364662639737157,39.05384476606984,174.5531355092191,162.99043305535452,178.62935376780453,176.70846682965387
5,551,17.101931989214805,10.639398804592531,38.95953424233877,173.63086488124685,169.23080128215685,178.70438690280312,172.62268619846262
5,552,19.09208726740032,,38.0961910083784,174.04797679832237,167.273442273478,176.10258172509222,
5,553,18.634728836446804,,38.96051241713768,173.95997424392442,164.86524961344503,176.2630692310451,
5,554,19.118572652217463,,36.69876652085327,173.74087801176552,,175.369852005306,
5,555,21.545919090383148,,35.31038520233006,175.46543700109976,,175.51350867648662,
5,556,21.944870521127346,,30.620811904557815,177.9924412822187,169.9989078129944,174.1025569866767,
5,557,23.98373431433018,,29.65010569712425,179.14772974662773,171.47227364300724,170.910597166632,
5,558,22.96055536941317,,26.36926247547941,167.48303702096902,172.10465804205452,173.2134729667212,
5,559,22.06929909720204,,24.01940287592752,170.13901711991804,172.07395600419105,174.02480510224586,
5,560,21.797948494749864,,21.97565340651551,169.60690390164945,,175.87091727905704,
5,561,22.249756797987303,,21.184589095568107,179.13690816705147,,175.89681180804092,
5,562,,,,,,,
5,563,,,,,,,
5,564,,,,,,,
5,565,,,,,,,
5,566,43.124797180509,,39.07412427184784,,,54.07430801541912,
5,567,43.932587101690935,,36.56435364335575,,,54.810876965254955,
5,568,43.758116176357454,5.043506287726318,31.655707497468317,,,54.25784548336488,
5,569,44.06843587969754,,29.92513788999333,,,55.4997856343642,
5,570,45.92473946353689,,27.198341911894865,,,56.21445976166488,
5,571,47.78895103016071,,25.565980610070003,,,56.48090260632481,
5,572,48.32499243285089,,25.34114757732724,,,57.01609520404209,
5,573,49.45883151298361,,26.037814733020813,,,56.814346862197205,
5,574,50.13928586263235,,25.440029650046657,,,58.30778486989987,
5,575,49.52505159357978,,25.12603753990229,,,58.032741202673265,
5,576,49.0727621479496,,24.83371358422808,,,55.837679507537985,
5,577,48.09852714811348,,25.257371158232814,,,52.941116052417215,
5,578,48.08263075656959,,25.381564206451625,,,52.33526890893557,
5,579,47.26407909273397,,25.38273844717172,,,53.424588324510765,
5,580,49.9403160069691,33.5280546243425,35.77892036217844,173.6465975812043,176.10475565846747,74.31232475841715,
5,581,,,,,,,
5,582,,,,,,,
5,583,50.365385912405024,51.66331241837094,31.1632228098317,173.8002220522226,175.89117982307178,69.10678480462622,51.34578175359425
5,584,,,,,,,
5,585,,,,,,,
5,586,45.85051256408366,,24.709801854650472,,,52.37388449938975,
5,587,46.49409731187542,,24.55271411501581,,,51.8643378600893,
5,588,51.43950097316276,49.55301389454217,34.838390466965485,178.48230805343798,168.86927401078032,56.73565221701771,
5,589,45.748634401629765,,34.22548300398326,175.471819967186,171.59271845255554,55.27628116647369,
5,590,43.28116928864959,47.68872352447709,3.4483152924435445,173.97902822593463,174.24712342493265,54.18372774414912,
5,591,43.72940717313085,28.795631628429863,36.22002815274009,174.13465489065558,174.08642879441183,55.811217023760456,166.0587971793635
5,592,39.928757733871045,28.777848241822827,3.3583614941046496,172.4059926191786,176.42689649088317,60.360548178492515,
5,593,39.755562271264154,20.320069048340084,3.2026637265862563,172.22697174314249,179.79928435059225,56.03216675564611,
5,594,39.93169558251196,20.296277900889923,3.408831994756182,173.88766009975564,178.9274938445705,60.04969258227217,
5,595,38.70407773132387,19.929641116757796,4.782917224370533,176.1975280823888,178.13175024261872,67.38096229019415,
5,596,38.48682724989441,20.238967040791408,7.38490315245972,178.26532133531524,177.7775092814936,66.67878559815361,
5,597,37.68237625881795,22.11672067175576,10.790657238684975,176.39526751751956,177.0684670977904,63.64783592639955,
5,598,39.25254210760128,,26.051482122300225,,,48.80765414480874,
5,599,41.265700827584034,17.586012031750748,10.018896794800147,178.444176951764,179.17586121551278,,
5,600,43.48437226203606,24.901061787227732,7.648265284465861,177.58484267968583,177.2872921432782,70.76185572344933,
5,601,44.16243059617304,26.73203721778344,7.435959306265886,178.39575593497375,174.5566398318325,62.41390522253272,
5,602,44.8764302686792,24.814115210911854,8.338233494396377,177.79679695671152,179.18013639382303,68.42952597736145,
5,603,48.1331369069807,45.99812259169928,9.343494582933548,178.2425834552399,173.45569909042771,,
5,604,43.1784797482524,21.49050820329512,35.466905426325056,178.33257388497032,176.30434777631606,,172.29215474266937
5,605,44.48309685331785,46.96568807430251,34.820122003200765,178.2283107120679,166.68780215962727,,
5,606,43.51978875603,46.95048720561913,28.565754332702397,176.9475390052636,140.55392768037237,63.34625042710359,
5,607,42.76515712803539,32.54174836458818,9.698177773332176,177.35191726090508,173.1145399245013,60.20477734332805,
5,608,47.52564836270187,41.59958940281782,3.719336616330304,178.94688868419274,177.3394824294653,64.60789823965133,
5,609,43.20333763385513,15.687639827300467,23.24341636613064,179.9965878488937,154.13827654488148,61.99680314436678,
5,610,42.344880696043674,16.69591614859327,31.114148761477672,179.93336808004287,147.00432874204546,59.994879820403945,177.60918015791083
5,611,43.19863790766029,16.54018377101156,32.19908595945654,179.51807625432602,143.98811219623548,60.68832327696508,
5,612,44.11396859141596,49.98375550004725,31.93555261093113,178.25896960433946,139.69653246285563,,
5,613,44.18550827584645,46.79181339661239,31.272885835600725,178.00968913902437,141.6593063542229,,
5,614,43.3519454320337,38.59569995997485,35.041405943806105,178.207451064696,175.8144083628669,54.856168288783266,
5,615,33.81696988653964,18.037420144830413,24.95574981070015,,,43.75370875097089,32.55454630673456
5,616,39.80262887990085,43.46207708964179,33.133662533062356,176.44743047327984,176.96828713703283,,
5,617,33.70117301007377,26.992853832197355,24.643094065686658,,,44.70566990969553,34.83621149484223
5,618,33.473215129656225,28.20038030499248,24.827714507536015,,,45.00709179039427,33.7099530573506
5,619,33.49194014515981,30.141966770161613,25.028829916270222,,,45.13212335402165,34.90708593399357
5,620,33.99922971772798,30.3772102812567,25.72947867686376,,,45.494549616004115,35.95298918813564
5,621,33.83481294000938,28.94087105242828,25.69175800506735,,,45.49796140009435,35.562917131625206
5,622,33.900021519961484,28.927478788683885,25.43553356446479,,,45.21722222997629,34.89223186008319
5,623,34.70081906236987,27.88082735073061,25.981467886271624,,,44.88391893514249,36.505462023142755
5,624,34.980624925589574,27.05257253769586,26.41767505899436,,,44.13166157753536,38.28266627544957
5,625,36.2695946910613,25.463418218957585,26.639966035427214,,,44.31572201309372,38.7474887923679
5,626,37.84695460320109,26.16788810881796,30.75589464433851,,,44.62416359140839,39.28680364878832
5,627,37.741760923762975,23.43452063769729,33.634961235398734,,,43.68352516958742,38.1458453751017
5,628,38.86790185916554,22.449969927838396,33.44358341245719,,,41.942132524501005,38.18408806912038
5,629,39.3663113301507,21.838578414448133,35.47494102256429,,,40.6853299500913,39.09348609357393
5,630,39.895341423341826,20.912980933233456,36.95718922859336,,,40.35436862657099,38.84389644462434
5,631,40.27979103588907,20.909117203848204,37.71751824979789,,,40.61058839443401,38.6029676151113
5,632,40.80378945913589,20.676374828000416,38.349672740511274,,,40.4963965461128,38.39433529081586
5,633,40.26192536853763,19.117661435373297,39.26899394272244,,,40.801623035473504,36.52148852093325
5,634,39.955633491982944,19.27459075236696,40.29743276459976,,,40.884534847114686,34.101887541061885
5,635,39.81542658080438,21.69670649353266,40.715642065378546,,,40.74335833565188,34.68756431509749
5,636,39.294886760150945,20.509107394679763,41.523456959593005,,,42.59130019419203,36.462773834725056
5,637,39.5674721589393,22.154079680942857,41.15317699541723,,,42.89637882021966,35.58156507611327
5,638,40.16606814248792,21.83277213480522,41.74163537894635,,,43.85785395969639,36.13924562287584
5,639,,,,,,,
5,640,40.41708677621446,10.526882128335773,40.64133990210944,,,45.30909279886003,24.330072232654665
5,641,40.250375920480906,7.32175645626559,40.44685931913424,,,45.51552093051911,19.912393546902624
5,642,41.40795724630819,3.5596619174025523,40.61131570381343,,,46.396835626660405,16.149018453120366
5,643,39.98465356910179,2.9704532174649447,39.44696049352709,,,46.9209640189012,16.777371316134133
5,644,36.958611917533545,19.694414479382665,44.70707864879248,169.99784064506537,164.73218632049824,37.533915011914225,157.13105197878832
5,645,33.0697486210596,9.867521191177648,45.52376852542586,171.187509848412,172.7444232339431,,170.8889267079814
5,646,33.50341800133805,,33.31104138864858,,,53.75953406466716,
5,647,29.853837073595404,1.6965072164611148,31.645261546538297,,,54.31723780563983,
5,648,33.57044708340081,13.284113146012327,44.23250436635709,170.43734345828048,165.58835160287435,,164.2293172441046
5,649,27.603747897449544,13.691493124660504,24.172360401905102,,,54.8001801178341,
5,650,28.112463249071133,14.256738761973171,21.625394566700944,,,56.43412283869967,
5,651,28.68946023892128,15.613775141801986,20.667090816883913,,,58.580968452037865,
5,652,29.941054513709343,24.8121673427792,19.26754637043867,,,59.71694342122892,25.217757233150447
5,653,30.20659391791425,23.742783703062855,17.99989345751606,,,61.24907224403261,23.05492579923899
5,654,29.838107153985533,21.371154752926564,17.304286466117883,,,62.180816547962785,172.33829069350662
5,655,30.847231619838436,20.41193958527661,16.82502862824454,,,64.06275904309514,
6,0,84.18460489610887,81.67561540137679,21.644521994193344,167.50964666774814,174.27285223399898,56.699196770411696,20.427142253792923
6,1,80.68978057548122,79.75373425406966,20.36899307002983,164.90729680112787,174.34513254915967,52.05744958340827,160.12718388439475
6,2,78.2163565500167,71.15176552285,21.885608532452252,168.48947566134032,175.13479929127715,53.86250389193516,159.08122893165532
6,3,62.52872779236109,57.487851577129206,24.674568722740432,171.53065580400332,176.28317443326793,159.98049689758895,148.91329470249718
6,4,59.035398485415186,60.49427042983461,27.403877179385105,174.16329116887903,177.8800537646407,167.54047147793997,150.2254936311321
6,5,56.88952793055725,59.42965782171242,26.657458472887324,173.2108151082266,178.1687127266682,178.2397450016177,159.89777337887438
6,6,51.27049754150417,63.59195752589672,22.92114803657118,173.9948284852065,177.83719300235887,169.47744479554723,153.78041564389378
6,7,49.32439633586217,56.31546228538582,24.241688734163656,174.92476338140068,176.70931778718813,177.5563080838567,28.595545913289666
6,8,43.29516785386054,52.011731676418734,23.501024971456008,173.03446456215778,178.6375216026914,168.69257348883235,158.95589936975708
6,9,40.10385833439022,51.138109997786515,21.940124339557354,171.74055232810196,175.4398764429485,169.0736644205059,160.67239016537212
6,10,39.35686134206799,49.73114918206995,21.820592113432557,171.22550895504224,177.11662863752215,24.960168002298246,162.64569365667748
6,11,37.8312225401619,48.41845549586743,19.472716636274978,170.76199465661531,177.56316465187865,20.276189339670864,157.55831416988465
6,12,35.409109047122904,45.82830634143933,17.11423528255269,170.23547478373484,178.04767022949554,164.12818072456122,158.41193339321063
6,13,29.503344239920352,44.895048208812,20.638536721423247,178.5636469729398,179.38949282683586,166.4310455809198,149.2892335794463
6,14,29.05339617984716,44.5741003144254,24.945005256454152,174.31126395472634,178.5804932406712,167.7140350331707,142.77520779043235
6,15,27.984767210075383,39.869362544680754,25.33412907213471,172.53207188125435,176.304584187659,176.24611693600033,146.11620015178585
6,16,39.4980892095823,34.63834727806725,41.421313405120834,,,59.73392675197338,53.39105692867146
6,17,23.41864989897732,35.619878550952684,24.90068050470346,172.29858927783678,175.80136389228633,176.71707337589748,149.80912798077708
6,18,21.766910384216196,36.84641317262211,24.51810512720636,171.35640097744692,173.94405547425248,178.0478731988361,146.3898491349105
6,19,19.58553772258706,34.93255979715887,24.516301624158977,172.1758872637689,174.1023141996552,177.0604899391776,148.57428635926254
6,20,18.577881160340848,33.246987233452096,24.86705876342066,171.50762650147436,175.87449074255042,175.32316719604194,
6,21,18.15099924169541,44.625957058978585,24.783415792281072,172.53389019538173,177.22421971758618,172.94435005763768,50.44872552983951
6,22,18.070883719422365,48.709180981804955,25.695166793219222,172.23386647166325,177.45956261828945,174.51581081802468,54.04781732634225
6,23,20.531972332449076,29.53332406202469,24.348157534294984,175.7772305272736,177.8151797586948,179.41026796689658,33.795180411881894
6,24,24.05821022532919,110.70908732863109,25.907547095244787,174.83829578633174,179.47598340518294,175.54516553223027,112.57412721849111
6,25,25.20765534733699,,24.984790951501072,176.73911938975493,178.75311757146522,171.77152190017048,
6,26,25.113367342578837,27.55274248518075,24.947175114475904,177.75319625670485,179.26678324339105,175.0272728325664,
6,27,26.53821334749944,,25.39043204474782,177.535677732036,178.91722557819,168.85849010701682,
6,28,30.651270340528782,33.57159939912261,27.175796123257463,175.81111378166233,177.01902711871608,166.37066741019075,155.08439998049738
6,29,33.33802158065116,34.31327112444624,28.701913458733028,174.85855145712836,176.7692296770482,176.28217717713306,153.5605010762069
6,30,37.3702864286967,33.85798174723111,26.04101215241603,177.47709675691533,175.7929169629666,173.40701617932635,155.7521630121726
6,31,39.84561087026367,38.13426656024367,25.816931256985708,178.34008294419672,172.2969480363218,175.30654322030122,27.876157882471578
6,32,43.90841882799149,44.046187319390064,24.716027430866568,172.7605210339113,171.21647179593785,176.93077507410538,155.1118940414493
6,33,44.35610742450845,50.36144897299226,26.15423437982555,174.64156480937413,171.21095642626605,178.3522658574936,142.11572564818087
6,34,47.959777488956725,51.82554734628676,24.686743516560433,172.90329685984543,170.80408044991535,170.87091494813885,154.09922805153968
6,35,50.83488037176769,53.2890423334664,23.24892190449592,168.7739207614803,168.68480393605205,173.45073352370108,162.47405274930645
6,36,55.50884430856104,56.04807292635843,24.740605652105828,172.34107867180074,173.05493094158223,179.67109195432388,158.90645092709013
6,37,59.26885465261636,61.09944515660746,25.42032804534661,171.12631501089808,173.0338217323872,170.27746440081046,162.49535433552475
6,38,64.918343841847,60.733656576716115,27.026757173037495,172.00044146123446,173.3201802920709,167.41856828424082,99.11072445028816
6,39,73.7746159747462,64.39125920135216,27.134825839067297,173.20945547646824,173.34963877952683,48.1575741056898,44.726601903014426
6,40,47.059221865483615,27.14600676985497,40.39213084910669,,,67.42178293920627,52.01336369668288
6,41,47.54647166977943,27.81075926565008,40.98008620734829,,,68.00771242015273,52.598914440998406
6,42,48.585878502954856,27.68512857870016,42.04541737669556,,,67.91011690339595,52.28019224223931
6,43,48.74521739972518,27.64049358391913,43.05468521488907,,,68.034591808971,52.48271833312219
6,44,48.793525441649805,28.11013473396792,45.05747474493547,,,68.18630420573948,52.211139484870046
6,45,97.551662421467,102.55290317224753,25.022287804684343,172.55174951484565,175.15780273366073,69.35185974672376,23.146138660627223
6,46,90.43399273253227,161.89481131784314,25.58235796294421,171.9088091480091,174.53035928812366,59.632456715791854,93.43060325240292
6,47,89.26511292794808,170.25014051006272,25.67463973638912,172.4294655262326,174.55649195164156,58.70516882217486,103.4524446204967
6,48,89.88558192192002,132.0780748477506,25.047625526195493,172.93109752317852,174.6984869582738,57.77073763706422,67.3349767779117
6,49,88.77746349916318,152.365249164448,25.34407357147521,173.17776296185747,175.93014094937456,57.91754746884813,83.34959712317364
6,50,88.70189954583975,146.2693564557385,25.27814616149808,173.03555993743564,174.7767690764791,57.28392758796842,84.25958434836396
6,51,89.93237336409514,150.77443522357223,25.92255164431791,174.5357773178742,174.5693109539567,62.81287227988644,150.4473909426387
6,52,82.00941636637789,74.92302627269316,25.673358774226244,174.16049967516136,176.2102447815933,52.51330719353657,29.520050273803243
6,53,81.27461537523617,74.17476574141197,24.85454095250363,172.2019251404666,175.32477065514257,52.96702647887988,16.80580485431344
6,54,78.77384609584207,71.17860295607566,25.212418943535926,171.26863580823456,175.42095595647606,47.712903026058,14.942235196441624
6,55,69.46839357934341,66.91775940359189,25.62315797621445,170.67036628179625,173.98124340693712,179.0087592301909,37.8800471754574
6,56,60.91178810559969,64.54059857098439,27.20740432660481,172.36512312054467,175.32357103667746,166.24102559443074,178.04837137194795
6,57,59.09183422376363,61.05088661672413,27.391545744636872,172.22923516269682,175.70297128492925,178.52267621432864,171.7583271381188
6,58,55.58709578303587,59.51510876875955,28.307473778238947,174.08538559821883,175.8388794207347,167.92283202219537,153.6854288011972
6,59,43.441243392970534,33.936291000714036,40.475323485140365,,,66.92425546900745,179.84413075966975
6,60,50.23657731045853,55.56621550921853,25.966764005850525,169.7125054699635,174.7134260901734,174.639632135343,147.98344411734772
6,61,46.945130626693945,52.21442219975518,27.71612099806071,172.60570283622542,173.21487833600932,174.20193890865156,149.49680744468594
6,62,44.46609627283567,48.577455180025005,27.028943539081,172.25018815570752,174.01861781684502,175.6565642862142,156.22459813497088
6,63,40.25638990491842,42.55377590894157,27.08386698027473,175.7072582363145,173.34733554142102,20.067366358885035,31.44310231330503
6,64,36.87173824225634,40.05471986477378,27.18509670287762,175.44053917998573,175.37302051772673,177.79645503283163,34.10076755759409
6,65,31.326826575529697,34.809097269585216,27.530833854063687,176.43928559531065,174.83518188603512,168.8679107984938,153.8223958906497
6,66,29.699916564398624,104.3568596552738,27.30484622058859,175.7960151539867,175.28617652545122,174.38349358014796,
6,67,42.469004079772695,37.0845906124579,36.08744780990922,,,67.93116568891084,152.38106611432386
6,68,178.21263299527604,122.6644241396166,27.56395126733978,175.53346505478132,175.41955963736558,168.29907555845494,53.43865639720501
6,69,161.05276254407883,120.87403393936428,26.809959123488888,174.5542944333744,175.46009450185923,148.92317353192325,50.00631414954306
6,70,155.12434856126876,134.0245198965366,26.83230728860158,174.49188656283516,176.07207834948886,138.1593775533774,175.28895597702234
6,71,143.8636337921254,128.02496730335065,26.728936072405624,173.5985180653666,175.3412808236449,123.54118100046092,49.24382773162126
6,72,31.865943990563405,127.74671310725242,28.096514748451632,175.8611445283143,173.56832419230756,18.558468125149485,167.80153612073164
6,73,29.457684227653395,144.0711023402857,27.088455177822983,174.6218599757721,176.59773786096463,18.04897509522423,166.91150223653864
6,74,27.82350908352547,132.39161553467216,27.878997148834884,175.85101728333484,176.5388490517214,17.27345445894977,168.4054437693969
6,75,26.00809221341417,145.17441862000086,28.251679893416327,177.58284636124685,175.74216810982418,16.03315525409178,167.95784851656157
6,76,25.653508972929767,130.32267346504,29.444311215198255,179.78994227659416,173.8805612791331,15.50173036619747,176.8236319589873
6,77,27.888201562540505,140.77394930851375,29.40089311706387,179.90110020766664,174.87594106490508,165.10954768920357,168.1854434800338
6,78,45.73305674288519,30.948298223085235,34.68552175816507,,,66.89634693062189,53.53366642763362
6,79,46.71354851965494,27.881526620506587,35.194870971193815,,,67.71760169162008,52.4602175007677
6,80,29.368246845574497,125.5530703334547,29.89651355469452,177.0724001139006,172.7267355781791,18.36831212629691,159.61059717627785
6,81,29.867077032256027,125.08028063294049,29.761351445059645,178.59607860271416,173.31973353006697,174.1383465517159,155.4155042303127
6,82,33.56881098424368,107.71367749202297,28.50118431069223,174.96861517257022,173.9722141493087,171.97896410646456,123.04013392963228
6,83,39.988312192687616,34.596773698169976,29.066060750975566,173.9815222718641,174.64356986364297,176.87466390561627,154.25020212850316
6,84,42.96266469912811,38.567170668099486,28.66337920159256,173.0073267390868,172.34621782495913,179.10480926162478,29.264517688614628
6,85,45.74046616467766,42.4323714572305,25.98779811903891,168.74349036101802,171.70591065297012,174.44482164677572,158.69221126026457
6,86,46.733629334717826,45.446265735386966,26.48166962271312,171.1180824643843,173.24387967082328,169.0574743792441,157.2228139269151
6,87,49.42596197975721,52.134369445092624,25.395364358029024,167.78835333335343,173.37696056516114,163.39589629095292,151.53440894458586
6,88,53.8390459108948,55.35237720443478,24.772562649163593,167.45763160696438,173.18559663440587,168.96724835628385,151.7145797369086
6,89,58.032925656082064,53.75575067417903,24.887631321102365,168.8134695241219,173.95802045740876,167.75212450540167,149.3921998082155
6,90,63.80763520910971,60.644818550918785,24.823775955541205,169.3845482151307,174.6810744354903,40.807075320062566,171.3899324055909
6,91,74.00693901240781,63.198078740744606,23.50933669395082,169.5231595838585,175.00868965580148,49.71161141820014,171.30889013873104
6,92,74.54359196039613,69.2299867390282,23.372413272382865,171.4799684366464,174.30556184533688,51.61023380090327,12.4913627774147
6,93,74.90243117474216,73.95680392095639,24.07309847620601,173.51158453158348,175.92951235871936,48.89437879411654,11.39546599159772
6,94,44.92970404921188,28.55321176216231,36.23546641872921,,,67.8244796351751,174.44941806382215
6,95,90.03818102671428,104.82385357496472,25.655020047743267,178.1038917116788,174.78070910477442,60.73144133449109,121.01144824829984
6,96,89.23338843619024,138.21161030846827,27.955721954679863,178.79197469059926,173.56063977004524,59.64730144102283,84.85421012668702
6,97,44.25537878083371,27.535317829934908,37.539271383250934,,,65.85244135248287,177.2444144132983
6,98,44.237738787279135,26.62700080888104,37.90518376995873,,,66.49446877628787,151.89686487688655
6,99,83.5665936199993,126.01074486330326,27.778869419757463,177.03847651822838,170.6026208316438,52.90971148618411,170.7995155385372
6,100,45.05060113933418,30.394319078238485,37.26324153761263,,,70.33544587155649,163.41301732627116
6,101,43.80813207752894,28.255366290986203,37.247474967859,,,70.12635618104096,138.80048683694315
6,102,43.88319086599787,30.84454157577476,37.61224111124922,,,70.56773299483204,142.20999744375203
6,103,78.44064201753395,94.25758430145514,26.71615009536408,176.06568766555552,174.22203641779373,52.58790115997582,38.78987258533035
6,104,79.4679399879696,78.36738252056611,29.32480848221233,175.15323701760238,171.59222666297788,54.282865343787115,163.1321896452682
6,105,76.18296972256034,70.85736891044893,28.75648451483547,177.04471297326185,172.966882564313,49.42204446024034,15.691865598743682
6,106,43.0581202694769,31.87155631498803,36.86911641521033,,,70.3460668534005,157.93566882473957
6,107,42.17467434601861,33.26373980927103,36.94102008418107,,,70.07579822254152,178.935520771716
6,108,43.609111170853815,33.77300945485252,36.775774811417456,,,72.60204634294783,179.32924625778884
6,109,42.90675762494946,34.12015284961168,36.88230901966556,,,73.04918093497606,172.4182215676545
6,110,42.34901629498087,35.115723118497556,36.70161979281736,,,70.43740025723888,170.05849735572403
6,111,42.72106223144273,33.95096858570637,36.33821489084377,,,70.19520493350697,170.65480399191537
6,112,43.53402380583344,34.45668903552924,36.498419862393845,,,69.5254175163901,168.8631671199235
6,113,44.93728754391903,52.00873293165181,28.316372737716776,170.8520286968845,172.98390294023778,174.54886277200947,144.7831043128776
6,114,44.65030931177719,33.207330268092996,36.32465809003801,,,69.8416656955877,170.7855351634213
6,115,45.242614671838794,35.52050602483177,36.40811903668796,,,69.6078902456216,166.5417381704679
6,116,45.30403363254233,35.83871924143111,36.12464925476916,,,70.15817752842254,165.04156989273204
6,117,32.58980390246126,136.53287885884544,28.297175040777173,174.16303798811555,174.0740875564931,175.787810769149,172.22375762633112
6,118,44.61877627066395,36.7901372363179,36.32037491694558,,,70.19986990168684,165.79849655476048
6,119,44.45085162114902,37.58845997760285,36.59734025632352,,,69.98507403972283,164.3884557298762
6,120,1.18879751841886,25.731759251242863,21.354646609606903,176.68646498400437,,176.88810908527728,134.02745489054965
6,121,44.83610516449859,41.638223441213086,36.207811530473485,,,71.47528423635896,64.14905920174893
6,122,12.422852033534731,6.794347106716451,23.61424598367592,170.2648902372055,168.1325774426648,154.32962787511406,168.40955075522407
6,123,8.337857352501912,32.20387629057252,14.531332758992534,170.14935528147612,166.69324723515595,151.19141766922743,
6,124,44.81023016786881,38.155215649820285,36.87929113185421,,,71.12107829775904,158.22306209521565
6,125,44.22421314845911,35.40264368889247,36.81898770914769,,,70.70903485513624,153.0792373872417
6,126,44.31174863552409,33.50417337341119,37.25140418786505,,,70.39062978700525,151.4383359228186
6,127,45.00866150951886,32.37759316113991,37.30598360262342,,,71.65781627680067,135.2610779796118
6,128,44.12004809604955,31.220484668588004,37.424954617251856,,,72.54696892626497,139.0525168762896
6,129,44.59157092230714,29.63190181829835,37.49673700711293,,,72.80059681563421,166.0130564535908
6,130,45.00033378716733,29.42939253391429,37.17096431576624,,,71.84999948288207,164.2260398466118
6,131,46.04853860539947,28.85460371019815,36.92191236441662,,,73.3238395446996,169.80760683300062
6,132,45.73625936654524,28.039181838358623,37.15003120340986,,,73.95888841549345,168.79522654127882
6,133,13.86745746623843,2.559646184896223,1.6904035729627778,,,154.38257483113065,146.3701365466317
6,134,7.1030040169870325,,3.4555171428333695,177.4326010977292,175.2511437139279,131.1414570028344,
6,135,50.41533716817269,47.11833671562237,27.819446431197537,175.35422930615948,176.71094231131127,160.2889190865643,152.44737680337087
6,136,51.6598992989011,52.57461034456398,28.599618609519027,175.9381972120878,176.84479847051858,174.6798828770455,148.4211396446329
6,137,58.168146007283234,55.17966929206099,27.47071164698491,173.14615417944785,176.61561094468638,171.143573428885,143.4095629399037
6,138,66.49592360680666,51.04704477098706,24.67444154626928,170.34449875384507,177.5252403393559,167.87721551578278,14.261377113806862
6,139,70.62334325427959,65.0032632069361,18.603165452337457,164.42462146896167,171.15176032539492,163.94704828737193,52.1184997320103
6,140,78.75221460119457,62.3131409001134,25.028480466833212,169.0070962186854,173.05605819538425,176.7356821944039,20.991924519489302
6,141,83.8259814268734,67.60745432355391,26.176821301161077,172.98189991035534,173.49519227370627,177.55902836389902,13.6689009181373
6,142,85.28229252541712,69.31383541481189,24.83736196195213,173.23849428072728,174.51214879282838,49.700237684060134,14.460297415493455
6,143,95.75323401947948,71.51448775001455,24.117311511212534,173.84208466474357,173.8425101645663,52.33685345125676,18.726599631255205
6,144,100.94843683459084,102.72901287266176,22.628921767099985,174.62512905852049,174.2074545929303,57.4197039828621,170.00724789384037
6,145,43.03787460920221,32.593735953996344,37.32944824776011,,,66.20757160804686,164.35658644579607
6,146,43.19445821010368,30.443102410774607,37.17892008677712,,,67.27073877876877,170.47356335456126
6,147,42.95222163379784,31.59150200278041,37.07298742778418,,,68.0239999226095,170.75017439878943
6,148,43.29723515392669,31.236692288423253,37.263690449227184,,,68.37757057881542,174.72060047119666
6,149,43.2557062216365,31.91662880525254,37.29992459645345,,,69.02381692797225,172.46496856971083
6,150,44.27383999192295,32.41493674173199,37.4586290835168,,,70.20989720103816,151.1356686873355
6,151,44.08153562540691,39.69615883723804,37.45096442132833,,,101.51787370717976,8.076388653224178
6,152,43.869009232880664,32.6879740574508,37.83573036591114,,,69.27491642805856,176.76852864166787
6,153,44.23416796300789,34.15013626655247,38.80342637217577,,,70.01760728696236,171.6930252575023
6,154,43.56275709211392,34.88486848016222,39.60823584366765,,,68.64109632009284,170.78482473162518
6,155,42.5902344612866,34.60238598381434,40.56009385459993,,,66.72994400208637,171.19383606487983
6,156,41.47720202713085,32.960601157704346,42.08914267568572,,,66.97280292060913,178.27186916086495
6,157,41.09987869534381,31.890314968832957,43.44457042235748,,,67.41614559911373,161.23014581136235
6,158,63.4057358750494,62.89281125160648,25.704246259166656,176.448877866468,177.53804304792845,175.25364440374327,145.31787463693198
6,159,58.595643117078794,59.41258496020684,25.157217021924662,176.23076752188598,176.981426822296,171.98335246227012,130.01415589534588
6,160,56.94384353326283,57.35501405033814,26.606980937093656,176.2013371984321,175.6175081957436,170.0193420351852,135.87587753502913
6,161,54.65301959777453,53.15077184224661,26.23732167712028,176.18407909216822,174.8123350377575,173.1057119966562,136.15761405907725
6,162,50.735460484679265,49.577915809706255,26.268706375561106,175.55853869838552,174.18843383064157,175.20272637079975,150.2645282661512
6,163,47.17771362353517,45.961498829971035,28.4190675881576,176.24438786513142,172.6525224430619,177.36619596061567,29.308689906527533
6,164,42.89814242919604,43.693054571347034,27.60007837880437,175.3687348777113,173.40661570413718,179.56434812344082,33.86744555309327
6,165,36.556776791969966,36.99682872672698,27.176444805401893,176.20884275120264,174.30422156261352,176.19745533735266,148.92294626780526
6,166,35.149780389960725,33.75995942514621,27.89144100021068,176.8141442579127,175.49126764585824,178.67242070432945,154.01252060668315
6,167,35.007353511396914,26.960846491119675,27.93620645694099,176.9922835370751,175.36871106755723,177.9644832668976,31.44059119445612
6,168,32.398726158951526,121.5484300401701,28.05976558635549,176.49569785010956,173.59626630334876,176.41657952786952,163.22030533075323
6,169,30.495921097425256,151.30885469644133,28.26830701518815,177.2742434289133,174.30327644843408,16.65089198526303,149.0697585407037
6,170,26.950092134541404,151.61464653499542,28.06224369098603,177.18704736232024,174.50763430536946,176.60283892835918,84.04195188465982
6,171,,,,,,,
6,172,23.15217144680667,18.65922434380026,27.19143458811913,178.11912809777877,174.79946825124617,177.2162157688513,150.61550836651742
6,173,22.85071157013039,19.602818495765185,28.23663008326673,177.49231747532102,174.3605512594814,177.1881038886669,147.917493052289
6,174,,,,,,,
6,175,26.389235325730173,17.92485282632189,28.809996783998905,175.48879004477914,172.51792792742376,172.01150019559526,149.92787868818175
6,176,26.931764212192235,18.247958935569333,29.622675296250236,174.61512898680658,171.72836916076682,172.19713861488202,149.64178551819933
6,177,28.271909418070397,18.743381501747702,27.383385325303504,174.1817877589236,172.67272271633277,14.49092152876855,151.3585134564453
6,178,31.191973688118964,127.4472680772932,27.333010664989345,175.37277342500963,174.92550857264803,168.9753233695585,40.35906493128007
6,179,32.549566075372795,136.84650183515288,28.22773072036157,177.0390682264852,175.8803202038566,173.85397285539986,178.04147790939734
6,180,34.01191499942585,132.50174608846575,26.55613628933,176.09955838502347,176.23421387066915,179.86144543289055,171.77315932211593
6,181,36.16502521629452,32.581350291371564,27.350457743252782,177.4009580885939,176.7625348082585,174.32935962128386,151.67195452259872
6,182,40.79042218586286,33.22409120424777,29.123926982198412,177.69036197744558,174.07056573079632,177.94989949767717,
6,183,46.612674855363785,41.99306781076904,28.138580545535504,177.026165123978,176.29937094481213,172.2176976039161,154.27853690105488
6,184,49.8443882817328,43.36547252001903,26.791741582085265,175.77090630477142,177.226126246205,163.80196503634903,156.5590729964956
6,185,53.362525662368675,52.16472690884132,26.115033873601867,174.74055838200653,176.53633799611694,171.53734917949552,145.27018551659364
6,186,55.82311565636869,54.8170422709809,25.413052787234633,174.35510264023372,176.6829317507883,157.81351473263632,149.7192544799787
6,187,60.18129344823659,58.77149866461952,25.302300668891892,171.91760527313326,175.42106404730936,167.3128252080158,149.06519924679057
6,188,65.31870230439505,62.99115463569285,26.509470914696887,172.92138983996878,173.9218014346655,168.5719222543207,152.82510610716082
6,189,71.66382450301872,65.94313191159357,24.67727654106797,171.12358869504547,174.50725899840563,177.82630745017008,144.15483467940936
6,190,81.95595092479212,63.78743685506545,23.784154654267887,172.15679112748074,176.16812987671153,144.9941419503417,141.98002872352737
6,191,83.16145008006643,64.7729951329597,23.927207884783535,172.60904984818075,175.21877317676746,175.0134445253501,55.62918616499264
6,192,89.20052621527194,67.02558053060828,24.804901737040524,173.0493684742025,174.96767406838188,52.24484007938616,25.74087556422215
6,193,13.470856736495303,,,151.79261215432297,,163.04492578317814,
6,194,7.535623250229553,,,155.64086540890844,,171.53732244254218,
6,195,8.327588409853398,31.48420109081391,54.13475152221656,164.11148859559722,174.72259372931893,172.2438684394572,136.07624544596007
6,196,12.396086879529769,32.74977860172,57.247267247299646,164.15591143618215,178.05868205961622,170.57454605180553,142.46472530415875
6,197,107.08260167682693,81.5736108793134,25.196140277625155,174.5317189386067,176.80904943584727,70.68252369233457,130.8612812244993
6,198,104.77202185887624,87.61996134395108,24.84404120237095,175.5516596575335,176.89527816145338,67.27506702535955,155.81209233028082
6,199,104.41175425540868,79.23197311465076,25.38558396597652,176.10869791858764,175.61484992566568,69.88166930470005,153.04572869250512
6,200,100.91129410965242,76.12845031407892,25.59904937171352,174.85136196813949,175.39226287554635,65.23993953128887,113.21032839899816
6,201,101.25070531221256,72.80425660624627,25.009378218945056,173.5356708328916,174.09845386610877,64.83985516389359,19.67224597941102
6,202,100.59339630603402,69.71444770409956,26.60970652765118,175.8250805736403,175.1322758660823,65.98844475493487,24.33882091149891
6,203,21.492678543127184,35.63801043659687,46.53798228307505,,,158.72431848267178,128.11901005835392
6,204,84.96298247154492,66.0729738731325,25.586815322848413,173.5065931752969,175.1033870139662,176.62358153195692,23.71141204347431
6,205,79.38868945993921,67.69616143129097,25.773535587132663,172.75567682993145,174.23524108746977,174.91921872963522,146.12314655874675
6,206,68.68998222576938,66.98356086036495,26.667133304612346,171.81969999757024,173.2575455548163,160.0922056868474,153.9999855964817
6,207,68.18650367604575,61.883331370961166,26.88041793253074,173.14998084487695,175.64414142848557,170.9061983754711,161.1348759208846
6,208,62.46758713881673,59.78540972442037,26.15367102753293,172.61263253650168,176.047620156234,179.57373405532726,149.0628168974822
6,209,55.97630757440873,51.985309000499086,23.855425892807645,171.01667171056064,174.4783721618402,31.22556200551223,34.83499027419234
6,210,52.5075863307332,53.37536515999808,25.126353856038516,172.97341051423794,175.21476401472407,30.505474551053656,44.392799842841384
6,211,47.50209621005479,52.79257839483043,25.643502774235554,174.33916133434437,178.60797310081662,168.37810435929012,148.15786325242007
6,212,43.63065791898438,49.951146933233986,28.07470528776737,175.00571086793698,176.52347083322687,178.82473498642767,151.2911300773463
6,213,40.494118139112565,44.51365370295469,28.4268943329215,176.28099816831315,178.58965918113404,178.8017042773532,149.1720545284822
6,214,36.09821328894548,42.304248476762446,27.625596556181375,178.02076730168247,179.28194324912408,168.20770881652393,149.9891342333206
6,215,34.98470763632856,38.46447322026068,27.209394311793805,179.96757662592375,179.38195170339583,170.39923857935102,156.29940194949347
6,216,34.40849494009205,36.82611606096846,26.143090891348383,179.71793095621447,179.6285382132161,177.1234371729517,156.82106300476826
6,217,31.980759160587436,132.92685541695343,26.280802553902294,176.47343161133193,179.61329204315845,173.98454969803535,169.10532964715938
6,218,29.616824562436143,163.8068144844736,27.181516808895093,175.63329710487125,176.29076765987634,13.890423184338816,148.9897802645218
6,219,179.57994420755762,130.54166319595728,26.618403195024968,173.085577694301,176.0869991135115,173.0142930979853,174.28482757765906
6,220,178.28503091965658,141.67096610600797,27.02197766793599,175.59329787144523,177.47952078365563,176.17500712172804,175.2888169374459
6,221,179.42530481280784,137.47440616729222,26.996569495398287,174.3754155012585,176.31377632963697,174.3974972973025,171.66196233538352
6,222,176.04891337635073,177.38211460020364,27.944054985693,175.28198595125255,178.2343883314173,167.22940774938482,135.0703574488679
6,223,31.261090862022115,151.95373990794943,29.85856713650764,177.73290892733462,178.4148519390962,17.553827418236846,150.481401889348
6,224,173.29900147993175,152.972475340839,30.53349881675749,178.43137467568852,174.69218165361897,169.83782309446914,142.68089748828913
6,225,167.63959030569873,160.32749195248562,28.98611123547455,177.65242543639724,175.78635636452492,164.02711386089013,131.9903236778069
6,226,167.00016180597345,153.96277178085106,28.147802837268863,178.23633233591724,175.03811776790727,163.1022474358657,144.7769158476348
6,227,159.07941127620293,132.2354182320336,26.22377527481202,175.8996923861347,173.48863983036273,150.2706090418387,177.30441658254068
6,228,27.136064118154863,135.21199199363397,28.07309456970452,174.82647526845716,173.74940950921405,17.580936371676234,178.11442619559077
6,229,27.935508599795675,129.10854557739285,28.3931932230055,175.7375698981231,173.566023219561,18.22817432723526,177.8895934446875
6,230,29.417786438465875,122.298026269136,28.920823711496087,174.23700454068526,172.73637822290496,177.4499390969318,166.5323609978429
6,231,30.8948902473488,124.384498656719,30.295365376608338,177.30199855278784,174.375344523601,171.44332841566563,164.12610952933113
6,232,26.207659642814193,29.230906680394156,42.09475381886779,163.6985483616375,178.72807730606434,151.6455159611886,148.16560497258467
6,233,29.111404667638663,28.49431132703349,38.28667417713475,170.151835902967,177.84224560798376,150.63160540437107,146.3289324072803
6,234,29.427386354887332,29.973834893550432,36.17061255281019,179.7809858931236,173.09262333396055,148.75061964172966,144.6688818438873
6,235,27.29249045113954,30.146377854595205,38.66482622143672,168.87428316183295,179.05897948676397,149.7426337911609,138.76875467780468
6,236,28.20963286857839,31.802105706545188,37.68718265760683,173.5599054694231,178.40932705181268,147.21485275685282,131.40795863300158
6,237,54.48875071470202,52.59037327157597,32.1511458390159,175.78405227183765,173.7891330045403,179.54130495089672,161.70771128921362
6,238,55.0678646798172,58.11138621792869,31.08511154443533,175.79355095254064,173.9936724998105,168.83750888357105,151.625285911192
6,239,21.715161071521113,16.13139784276695,31.262140927083852,179.92985100615405,177.5272467140759,170.94846887339946,103.48292726258693
6,240,60.28213027923381,61.96291359597454,28.694613383256932,174.58334989478095,172.60306566463788,168.95205759477355,173.27309172918132
6,241,75.28830112302845,64.10918836469895,26.554840625043315,174.11839349711366,173.6606740203858,53.216017268335634,16.506701812680998
6,242,76.22782107000296,70.73284515362816,26.292437979411005,173.09599140026236,172.3151353242373,177.77288528000892,16.058367897598984
6,243,79.9693541434727,71.47473966410945,26.837917079345846,173.78750402005974,174.1599564896599,173.94224327883495,150.0603982999502
6,244,82.94533113099219,73.31189410225862,25.36104311705821,173.7426483540487,175.82848862316564,54.295451021374646,53.39858145728475
6,245,84.25478769265843,82.46429225946342,25.013900259608313,174.1291562832639,175.58127949875305,55.14355941429076,175.97100159969645
6,246,44.292027422914494,33.699845374611655,46.98791020398309,,,78.67853044443699,146.19854890253734
6,247,45.48975103680007,33.656594225044245,44.01977763661965,,,78.0272544890175,136.5804798414185
6,248,94.76898766403627,145.61781371435487,25.996395584227248,175.21080195514088,175.8649616598233,67.10623055223809,118.29883563635012
6,249,46.529120270159815,33.125797324069275,38.936891099276274,,,76.4036884043696,153.90931466711356
6,250,45.87211100408179,35.48318951395081,37.98597115373024,,,75.17930533296746,150.93938209348332
6,251,45.46817467898198,32.47293381995767,37.957730588051774,,,75.98960550666868,160.79207564790426
6,252,45.784962606234174,32.41577037230659,37.60014996285981,,,77.49747941401614,157.29756945178335
6,253,86.00861152114175,164.3602501778517,29.417145417102063,174.5618784998009,175.25718484747722,56.46449467725113,95.37291834819553
6,254,85.41523732935649,74.44979243515063,30.5428146889255,175.73227598253234,172.18591118167507,58.10523423636158,105.53729169778548
6,255,45.50450162792375,36.80030229829183,37.419612360931026,,,75.52897713416128,128.27196616299338
6,256,45.31590595479337,32.738282736744026,37.53542690307764,,,74.46610661905542,156.25094638436113
6,257,45.97917994138096,32.579203862780034,37.3255353877834,,,74.30892081559787,166.31662175623876
6,258,46.62578599690642,32.45385309055667,36.74364674779207,,,74.76017809235704,161.59104297099157
6,259,46.76528451287573,32.33925644780666,36.209079076356986,,,74.66580249305487,166.05868503936117
6,260,46.144842657518375,35.377443235371935,36.09243717547752,,,74.12297538839123,159.42177060935668
6,261,45.62228504724027,40.97762242003518,35.793305949755116,,,73.32543074066731,71.45886839003384
6,262,45.473196725936575,41.34228587019033,36.082355135819995,,,73.74445533723144,71.10182420206928
6,263,45.301386548554675,40.56398332956075,35.98546588013438,,,73.90607142695961,72.15257949608946
6,264,46.70414234914313,41.54999624514428,36.22147445964922,,,73.5598230543964,71.00208281554566
6,265,45.91520257819643,39.58045408586312,35.79296910285383,,,73.2075051809291,123.22401214993836
6,266,45.52639145253754,40.12774497552883,36.86457687536396,,,73.84516699796589,67.61023925786476
6,267,44.95983092088674,38.90600371812665,37.1556559516966,,,75.26067451263854,66.40827202191556
6,268,45.26287295969335,38.31495791627944,37.62247463797117,,,76.6382964082858,67.57357296249607
6,269,44.82901344903846,37.21765846862629,38.301446454218485,,,76.78579948718593,67.50880875618718
6,270,44.533176704339766,36.8224331437216,38.563544682222336,,,75.7898280198679,67.90475303225922
6,271,26.762773186949932,121.85101772414976,31.38141889098858,178.07398216355645,177.04551631206647,16.426708263053126,142.0830360477184
6,272,25.775142849753376,16.463246495761407,30.88899396416343,179.35920872041947,175.6728247638894,179.9887400205631,11.18904569336675
6,273,42.51969701967383,34.43529107548393,42.534101591126635,,,73.41156641875574,62.90899649962212
6,274,19.697200825759325,30.719366931091656,35.90251970277241,173.26137963799096,174.83093345395508,,135.27861280187176
6,275,22.730131693486097,19.27113933829575,29.08457147277909,178.7382962341339,179.33000997039343,174.1461249525425,154.3183560358885
6,276,22.841572571524893,17.743642006563654,28.93074453962386,179.85334213341525,179.34197047435887,173.3294003254967,159.51285367662936
6,277,21.39828761398731,115.40037256051824,27.38050158926697,177.93346103893893,179.43468994564162,172.73686505798554,146.7440694893073
6,278,20.88282168058063,17.12196789539107,29.398809540914492,179.09986944782702,179.2291678443493,172.15657124293315,162.33586414472202
6,279,19.5158116680825,18.004910948268943,30.18494328389282,179.79762594526778,177.97037740057513,173.79745547894953,159.96259564693463
6,280,19.018101621838483,17.946356447342787,31.82104969911892,178.6243154289326,177.4142142425763,173.90449358877416,159.74848640452004
6,281,19.992789961935756,18.469260037101236,32.153922910904875,175.62166600288586,176.9891153997273,171.753836574342,157.57399246278095
6,282,21.228247731756163,18.03561728573065,32.57287348922296,175.56331170952782,177.7458766827268,171.43457693979846,158.02785037643264
6,283,7.366335960647432,16.30275796005989,11.62932295784093,161.95746769046517,169.7769843092353,155.71879214574122,119.34849971316156
6,284,,19.417013092464536,0.9924831042038832,,,,109.05180054149052
6,285,13.236729190765018,20.369668114183582,,,166.5823526607258,170.01098277558174,120.56164242080132
6,286,19.48974894907616,17.36804893396759,10.53986702519363,170.63280939689182,172.92418448419784,164.9196607538334,139.32309516623374
6,287,15.784371467501144,18.761176065273578,13.80734098904417,176.99882901231115,175.04670605145293,168.14141696971402,133.34801475297942
6,288,17.902295972666554,12.79032582832534,21.35635206273576,168.32377812746344,174.71061423131422,162.96862387523822,145.8003926713207
6,289,12.53956862873532,10.836912753967692,15.365125504483286,167.53999579470724,169.16764235200293,173.7828614416579,149.49512894811036
6,290,24.09434202881517,21.26612248323999,31.232712397661547,175.00453897356968,175.0586290378472,174.00781905596693,17.081254860770038
6,291,23.699235124661787,18.946948719805007,31.39419424295541,175.63605961619834,175.2385161453101,174.44205224351984,16.485094126698385
6,292,10.969529838265194,10.771845304569643,13.12515159351688,171.79057120647315,177.8721071572673,171.88890584384373,153.3281916355004
6,293,9.964689694074526,12.077052852176127,19.0173574641165,171.10345578667165,179.80598492705698,178.8831006023491,149.93002037484652
6,294,11.409530416140544,14.145543604827235,21.0979303095574,175.866996264957,174.2110961107486,178.03331349213855,150.20319122520783
6,295,8.967514518100568,14.334602134281418,16.62009002374659,178.5998130657535,177.45980648872822,172.72540817319577,151.7634616104018
6,296,9.599090673268636,16.560963297321333,15.008763968714922,,169.46914559281566,179.89077394461484,146.72787727764708
6,297,4.968510070639253,17.234078548010956,11.75597201602224,175.7680396783369,167.6847499019889,172.49490659541365,143.51213323366375
6,298,5.941715400570866,16.33051561812575,,,,174.53163974940668,144.8800417557928
6,299,6.811211393727169,11.950900228853229,,,,,142.46104206578093
6,300,6.653258496848169,13.782393885302488,14.869728433470568,,172.29252864691765,173.83159877657516,144.65598060647386
6,301,7.924691172152197,16.17993703469136,8.948747584184833,175.16626026770462,173.58211749091524,173.21959826872927,139.73104421883295
6,302,9.300895390952524,16.497991240609846,13.68762691689353,167.6800799846291,175.42119050893996,178.491228301389,139.45611558668355
6,303,9.815613573237824,17.253208951630427,12.619613856678598,168.2409329612847,174.08353132673804,175.7091605163352,141.00741539736282
6,304,10.862837532882327,15.630834187345908,12.274797673190484,169.24507358604734,174.18110451401608,172.99243362739827,144.1800806154583
6,305,10.859916688953662,16.691477842785147,11.634033082326084,169.4065166466218,174.1525498322916,,142.27186678450911
6,306,12.158248058374935,16.340270310378994,13.357652223395934,,172.78073900873198,,138.59282362002514
6,307,9.835307719582064,16.69400666323261,11.930896243370135,169.54544959849383,174.4198151434702,,137.9734291248907
6,308,8.85678304993722,11.750194748930724,11.320304368104802,171.05868264807447,174.91088685660267,,149.6840048779207
6,309,7.477323784624918,10.927402426061205,9.734141936319402,171.39920765322896,177.08161388802836,,150.984633840547
6,310,13.50590636694754,10.382899416000816,7.784529105977371,167.83440654944258,177.21459905611815,179.85055403689552,150.3612564721991
6,311,11.29224318032498,10.902733892545845,6.5312827604609645,171.17112483100675,179.28073246873672,,149.99665735810342
6,312,13.576189394444064,9.382334596346553,7.948392314718101,169.7121599568078,179.99912222850887,,150.89901961394298
6,313,15.570457980296084,7.964993024122216,7.524173275429012,165.52900277978472,177.13197190100803,,152.18596404814224
6,314,18.642247796135702,7.2972356225989055,1.6870866773364357,173.1096140918645,175.20961208638252,,153.4251992735262
6,315,18.74427254808348,6.578658014368542,1.9353981484666392,174.07487660276595,179.23918998123608,,153.49394488361077
6,316,18.65990497852827,7.182616134261018,0.5897828937640013,174.38713111788357,178.68999270370264,,152.72195875213566
6,317,18.724262803391817,7.534426987324789,1.041531304310787,175.4101163537203,178.75165590428475,,151.75087692565214
6,318,41.830530380712894,43.363789076830045,28.89973885690123,179.33725318959935,178.03832145348386,177.92683731790405,156.34144563480456
6,319,46.03254922156009,43.99773644288501,28.44894890188759,178.14764733179354,179.34919000833165,165.6900815452653,167.56345360731584
6,320,6.511925192320851,10.53336265000294,6.848272115622807,178.50765068728617,179.42420927719013,,153.99832910805526
6,321,10.720033124440809,11.914709523065977,11.65950591010092,,,,154.46246829273812
6,322,,13.436485031427548,7.955681726489504,,,,154.06335834006052
6,323,10.47834001954101,11.862838458050696,8.718855253853219,173.65778059315105,166.27027414300798,170.59487229805023,148.88906287876122
6,324,69.89926639972497,55.25137761823657,27.78490707552026,174.43320001256038,179.65541951580622,111.7652914701986,163.97875415870777
6,325,3.912351259527577,13.726534985966095,10.16411772019714,173.10138548369665,166.90889195460653,177.34302046155676,147.98672169650146
6,326,10.440927319607304,12.76204065838787,9.58779562331286,168.47386738911905,166.08293643834514,176.3277912393641,146.59409805611253
6,327,8.04150550401727,15.82118412684391,4.992124837868703,,,178.43054646598154,142.83308678720888
6,328,7.81444919243442,16.89655541250328,,,,178.9071466126963,145.60099210296178
6,329,7.409506119043749,15.6298107863452,17.553415004534934,,173.13442145692625,178.26163541054174,146.8824380876988
6,330,10.187359134873589,14.64089449124009,15.677680437658797,177.12748178776752,174.09471643400843,179.14032107473508,145.55092886004863
6,331,12.112389288913246,12.082632548518044,22.820061254747145,174.19380806624574,179.82990697973,178.87788710392377,146.02591670276908
6,332,10.735812457739964,15.101751603302096,20.464116728396853,167.4200091955469,174.72279868289297,176.00853679674458,140.0400269372698
6,333,11.885397614626152,15.89829778972722,17.756623560320794,173.41550024567815,176.23243836954848,176.04926881230918,137.66433277189972
6,334,16.615237113880212,16.124496673812807,17.586819542237766,172.78472081971088,174.88411588828703,174.58772563642768,138.7673027704774
6,335,17.450973745993853,14.90553797947883,21.71801546384776,178.43052997660448,177.53536967775818,169.54615643770435,136.37899352506815
6,336,99.50317367410526,91.9629136363165,25.4601245367714,169.99433000547612,172.20699316793483,66.82701726381113,170.29338456839332
6,337,16.944533591815212,12.951449426122764,22.32163355309891,178.80612894468456,179.95216916401776,170.12471622564388,149.39541415176214
6,338,,4.678277916017124,3.5580780848234923,174.7548977397102,173.30853929760087,,147.51492403321566
6,339,11.682524798094898,3.485431658193669,3.8023898171398094,174.7003824966645,172.97627232222874,178.67630296755502,145.26449878457834
6,340,82.20113547021853,72.5801169004691,28.77650809350189,173.61585775052458,175.24611119334503,53.47133600783095,70.79557238733678
6,341,76.2013072904183,71.78973891653162,29.791940036312695,172.37532684960578,173.59081625773402,50.84575342451664,175.0917128924856
6,342,63.930688882949944,64.4767099177415,30.271547767885945,173.810106822356,174.23176666200388,38.88723946273782,178.80798780285104
6,343,61.1109561687966,60.88131774053153,29.988454885262534,173.84016632017983,175.1427603603337,33.45854384322881,161.91793312610972
6,344,56.85132359108057,56.966304823013466,29.043404549079796,174.0148444210758,175.970389062334,32.22206457381393,166.20883712936634
6,345,15.541767562417846,9.454964795369737,10.60739402595412,173.01763725254682,174.22561964972115,177.78969564673855,146.52360595511894
6,346,46.01492049890408,42.847166732036065,44.0999893773178,,,74.46560777053887,72.50850299277508
6,347,48.01667022009718,52.8482331985919,30.993199436988217,175.3641060366065,175.71820807757751,174.3104651684704,157.0854054663172
6,348,47.74885849577511,40.12061338571641,38.794402685942096,,,74.15959823127744,68.40778654067725
6,349,47.80939022634016,41.10076835096953,36.22118726310316,,,73.55264381352728,67.190591163805
6,350,48.0958402061336,40.30858069621659,35.831054951504925,,,73.37782232116867,67.82950482771457
6,351,15.001251644494904,9.070579564875764,16.168866686422675,172.36478159882657,179.90477720058283,175.13026921273075,148.6225652653873
6,352,17.314407117128603,9.476745555935626,13.646803739337654,174.35073218002634,179.9033596844056,177.66640671536666,146.12383189079384
6,353,18.984596490686876,9.851229881127129,11.313146757575776,174.98779186338547,179.43839237460122,179.8875396982602,145.9215458045702
6,354,18.96395255992556,9.622443252768164,11.262908412372637,175.0948217977714,179.97399489634472,178.19767188998276,145.67027846486386
6,355,46.56257552081371,38.61421798292764,36.67049845341451,,,72.82529644678101,66.50318341168538
6,356,46.485633740220784,38.0997788304098,36.76363272577871,,,71.91430493390882,64.62302918445782
6,357,46.2926818094603,37.471462809901944,36.93350668387264,,,71.6433956475901,64.40477150426018
6,358,10.075629806946436,11.29593785769241,10.315804225561187,175.14579787626295,179.06278861920802,163.15534037268657,147.37356063887958
6,359,8.489803690853295,11.22154365662388,10.83140585926468,176.86595127368426,179.06633879641512,164.04197498249584,148.06330101597163
6,360,45.46751346630775,40.49200347035293,36.390417035560866,,,70.89355174399934,69.62279712846959
6,361,45.07952892057375,40.40034571021346,36.44536216175161,,,70.19525130158345,69.358079135148
6,362,45.01829071806731,39.33483470630686,36.07889757994122,,,70.04193124231423,69.48216407296576
6,363,44.74813887054747,38.77791126646942,36.27574229715715,,,69.98369811635479,69.99239629694182
6,364,44.540423642272216,38.50136257198056,36.486423598996595,,,69.96340060859586,70.15932874603367
6,365,44.36645157196416,37.534105398120694,36.2961896264958,,,70.23329858270387,70.57615211738546
6,366,44.72657407084917,37.00594306172663,36.48592210243597,,,70.6620218986859,69.83706092066207
6,367,44.827428284307075,36.04878254852147,36.28386300414033,,,71.60044352121619,68.97527971723366
6,368,44.34992220049104,36.312845465794005,36.267942273147014,,,71.01547586139246,66.60612904100418
6,369,44.62580276256857,35.31856232326535,37.05824545788549,,,71.39925481588486,65.94845437565068
6,370,24.483835711608556,19.010685055893997,29.347670197415063,176.63719295045763,176.6770553101673,164.9399300927442,162.86826075302642
6,371,25.56754283141953,17.30269209794041,30.59312989177739,177.0368179862229,174.61024376252783,165.84304605155074,165.11134235365478
6,372,27.21978590525245,16.55689176078254,29.628823445528745,175.67572435692776,175.6591340501225,164.43478969201928,167.51043750575175
6,373,26.628670530300713,16.92939247007765,29.783180431021687,176.2231578120896,174.9098146015047,165.31566697911822,166.27210569152737
6,374,26.38616002842615,18.095456246886005,30.21590379162929,176.29878956968267,175.203163354384,165.23947527624958,163.41516102342928
6,375,27.10263965157133,16.54052621075316,29.65336606598782,176.8038913577316,176.16251328506652,163.45605387036443,167.01640556388247
6,376,26.170824818118465,17.944208605790287,30.63834533742197,178.10191390350855,175.88429675189803,166.0064177649512,163.38118879007845
6,377,27.07468477031385,20.00334456964046,30.09651793598855,178.2214079162789,176.6917040699044,164.97923928086507,157.39956118838214
6,378,26.6820927570904,19.82836736640329,30.565328781868352,177.62459054440615,175.1304492433104,165.58835054808782,156.70844950263373
6,379,26.660424167701045,19.419369745898425,31.03635311080375,178.59136558926787,175.6995692246652,165.41202811986886,157.93041553796806
6,380,26.13406686807238,18.39516934502392,31.149205907865888,179.92114888982468,176.36033355898203,165.6205612336493,159.4783528696406
6,381,26.29226969690554,18.578257964687953,30.86805009893342,179.92221991101397,175.53534478735108,164.80113331793777,159.2932076865664
6,382,27.128712132665637,17.81770839606353,32.32445791201988,179.72566659691975,172.19395050926238,164.2500341699116,159.15428666240194
6,383,26.056733963068034,16.822822966715265,32.37339611394443,179.8749613618631,170.87349863272271,167.29351835632846,159.94172326462774
6,384,25.714374135747317,16.120261070527867,31.34607371226397,179.40747550456575,171.6295331129431,168.76267371637005,161.18057603056914
6,385,23.74108465698359,15.594582030491788,31.71632355386961,179.03184698162738,172.78642252025838,171.38162173492083,163.22166537234472
6,386,23.404606040624007,13.499809532380882,32.31114314354697,179.1527773037138,170.610606804076,172.7690981118563,167.93590588545086
6,387,21.41349897054064,14.804662254426312,29.80502559133954,179.48216367862287,176.48008855975706,173.30747941752284,168.47947596627696
6,388,20.649646707968984,16.874806031549323,28.49175550738104,178.8329133250693,178.23749317290444,175.9299799230345,164.68816423294183
6,389,22.03722821700341,15.650282082949069,27.564813299808577,179.33471183927745,179.48962470372786,175.00591769852355,166.15795445922092
6,390,23.615451325365125,15.908946029626405,25.824529666674135,179.6226946203287,175.21480221688864,171.2079344917704,167.1748276918261
6,391,22.10603481652892,18.33221555743768,27.787726907852814,179.04616493829528,179.58604293069126,173.30332489005127,164.05081598708367
6,392,24.65628608463466,18.0177684134311,29.101024255222033,177.76052913853778,176.25562700164278,173.538369519005,165.29311881443166
6,393,27.719424426697262,15.967165678335046,28.34589128842406,179.57254011584476,176.8150255974634,171.05806377929514,169.36866223166183
6,394,31.00371106286805,6.201136135326003,28.02040811363089,179.3827995394939,178.39085444818426,171.71950776336425,25.7447432108822
6,395,31.612691810278235,14.549025095982538,30.254658172571492,178.6427378341803,175.4139727243221,172.7568761392757,17.376393869002527
6,396,34.4452482058719,,31.802043499361343,178.23992509163463,175.8849733387817,175.99475672984994,
6,397,36.00623243475766,24.75072881140969,31.693780341278007,178.2492172214994,176.57622000193354,177.73986346525098,160.54144795492016
6,398,38.39497284686336,35.14086587259712,30.88504739755516,179.2923381703695,175.0689670370771,174.73956652697822,151.7148654483434
6,399,44.228367437457464,43.69051440146342,29.677329914276697,178.0493933184639,174.52575236926552,177.22074701202826,160.493853619834
6,400,48.066189599653015,45.409490318720984,28.55073647052489,174.20960283404227,173.34355024916675,162.39373114538864,161.35541741425385
6,401,47.55177280669734,50.50501623211246,27.815875352804373,171.50891441925947,174.8026057168252,163.5196073798264,159.04865495737496
6,402,49.75501631228268,54.88583599049446,26.235195600148856,170.11278770910545,174.24535811154314,141.46880248026244,159.27531126836038
6,403,53.98766746389834,59.31265384870152,26.4936705563126,169.7248744113084,174.6772250127839,145.7819235372288,162.7195848491179
6,404,55.35867726223079,62.40926975078788,27.423811849500176,171.79734827322417,173.86511385854485,132.31169785650042,162.79042311625628
6,405,60.571912212178965,63.687234878769615,28.06946186481703,171.73649937198607,174.0436437328965,122.11995147858848,72.26091300300136
6,406,69.6663996909907,69.18998909625124,27.544510678469184,170.83282695975316,173.26563471968743,154.73543901867384,23.148096595404457
6,407,76.15646776332773,72.2214766879481,28.194031658713214,172.0519141779614,171.83615073154238,159.4728655440537,90.73941854843918
6,408,74.22563948384014,68.75124672082849,27.874460432363502,172.18870082312287,172.3052884574325,106.52623687847748,157.70946375171266
6,409,84.17259512833165,72.10453357675657,27.85679403389749,171.86417709116773,172.24139754827488,54.7434683702464,17.504092025752467
6,410,89.67685152543307,151.57665469336447,27.46240070265304,170.42001404884965,172.0003401369659,61.37789877394285,155.78120588108027
6,411,91.29799874598832,95.1295380350146,27.326450549755563,170.2406134774068,173.4874658645611,60.96821553834099,42.53844939801837
6,412,92.30478957942005,143.60141940630345,27.71098737638403,171.5031790941282,173.7965893107903,62.3325053740512,166.86524964249685
6,413,91.49758757219026,126.10894589913424,27.546644982925436,171.1447123875571,173.66622480310158,61.66434493866457,165.9974612510155
6,414,91.36275644307676,108.47263968031687,27.500798542962592,172.22750399741233,173.7874889462893,61.6843978023507,133.8226313437275
6,415,90.97353368785754,107.15793837659676,27.893170084595624,172.78471644458665,173.59385734616106,61.712870935129246,130.55921787095627
6,416,92.15013542561506,143.9767144946675,27.5387897505754,172.2790714878518,174.1145338825186,62.635645229217566,165.2307670165963
6,417,92.21278897929328,121.78663438789806,26.878404526780816,170.8795307948842,172.90902248260582,63.90180400765375,161.6140625612818
6,418,89.978922042709,72.4427389877437,26.84782258621678,171.68140472133445,173.31830698608042,62.77942305173914,169.56266784039462
6,419,86.12810246523497,76.89615100094248,25.270076676510136,169.78673092928182,174.2187971579013,60.58330641918146,12.096497069361597
6,420,84.22027018146413,72.77495614897376,26.355138205745625,170.1336603216075,174.46255259824505,57.45956856894937,16.369083312436533
6,421,77.90983444652854,71.4273600150264,27.00406610856965,170.75104355672582,174.14763787805867,53.553892663689346,14.432520578416211
6,422,67.09303352828422,65.63090892050728,26.6611142282756,170.81990250549387,174.02129418566284,172.58887072218914,14.160132351580556
6,423,65.55642993243261,63.403009242841534,26.680925136702687,170.80623492691925,173.58317277956866,151.10582324208343,161.14238510922166
6,424,61.39797330652177,60.56463244211111,25.59552650410876,169.0647750102905,174.32369289333812,179.62507776223336,153.7349272756416
6,425,58.51409263017421,58.562323899844486,27.371347526690208,172.27855450919878,174.8792089589278,178.2249990294053,141.2691534803078
6,426,56.23098671635229,53.913142532230935,29.447617044080516,173.9552368238524,174.06551183202234,132.5734803479859,149.50346790815132
6,427,51.634059534052945,51.84641951051376,30.50105363138324,176.47428447084226,174.48415091823347,153.09370530516995,145.96552235952484
6,428,45.38142897431759,46.18350506635005,27.269812120442573,172.4777260170094,172.4385192845883,168.89993289828982,160.56794400955846
6,429,41.86177937863698,44.052124185206,27.284973746713508,173.12956946475094,173.0438497955197,165.6361486793184,157.52761345868893
6,430,38.04177335762035,41.88143807535422,28.7358644118866,175.83422199500973,173.6596433238799,176.97896239934468,154.3804178711875
6,431,35.60948587428306,37.32620849287968,29.60842709724412,176.8994037557543,175.83934688022094,176.07118457523595,151.24052794782517
6,432,33.14134834263477,35.55959577780624,29.82121361100479,179.45967221379044,177.40783524061504,174.76952129429293,145.10378365903708
6,433,33.096569549158495,31.243364459878535,28.009699207839297,179.602857034544,179.17261407631608,178.778772344154,7.7145679206508895
6,434,30.95192898235592,42.08494629124462,26.68662094332876,179.72362225644514,178.97702943151094,175.30381128852682,46.81215151702015
6,435,30.23268227856851,119.67465240406798,26.674919071259925,178.76917283227888,179.14422734180883,174.21645327650643,151.14537466248328
6,436,29.863579214665716,,,178.7882763332875,,13.191189424708524,
6,437,29.189906309962858,115.11809571931065,26.698112490317577,178.51366481301886,177.30331409786297,171.56212730732122,132.76909215697822
6,438,27.345654922364304,106.36748965726537,26.229709065460536,178.85902397232593,179.2527487608624,12.210751361431566,116.30709612452708
6,439,26.10692043618023,105.57473428137992,26.99165481878562,176.9874989894193,176.93819420624732,171.2145734728176,117.43128023816962
6,440,24.886946802674693,19.923956235640528,28.892243694080953,176.3028117369254,176.38784702581955,170.53307690656604,12.793807685889506
6,441,24.35477065629164,20.05355207542027,30.35404969665536,178.68442704089546,175.1289669553097,168.2911300244154,152.71779454170607
6,442,24.16412531357475,20.860425266554127,27.82588380448811,172.45587511566,173.63615961622605,167.82453783621756,152.34877307478038
6,443,23.441716561857948,21.13890672532275,28.663318150568447,173.07985235829415,172.94610324888572,167.78363002702685,151.97164063463185
6,444,25.030387033158004,102.63412838025825,28.68088328869421,177.0421103334247,173.52353406698668,167.0300599983199,121.17734290004556
6,445,24.6389177952144,126.143128747455,24.740812159574432,175.74477371261844,175.5054878619715,13.505756161914254,153.69611426599417
6,446,22.714481849483963,118.9359048341758,22.755590879798454,172.88257092434884,177.37775254658342,172.7534928494858,138.93727707104966
6,447,24.01128084602533,118.55224982479812,22.565594838458892,172.3365954633082,177.77187146134145,12.984138844650449,40.65380382422355
6,448,22.830051652974156,151.77301379151825,23.044020667721497,174.6484028560116,175.7699251288537,12.632132185761822,15.832234416576377
6,449,22.00247754286999,116.62394789787976,23.624112338941742,175.422136150697,175.4190101945397,11.655260812826118,142.4350715625648
6,450,27.609541193988537,121.40790907494406,23.21793004630584,174.19178557146856,175.71176011541692,13.919059453051617,145.1148626896771
6,451,27.99165473491384,117.48262415516557,24.69224500181045,175.9178933696013,176.54835503950468,166.00852339332224,142.1835216168432
6,452,28.978323898691183,104.47145967729185,25.1186921702693,176.99300747567415,176.67787945018955,165.48257094412588,123.24867036990912
6,453,29.136569816709702,107.01795363341954,25.75478876915873,178.17376518149774,176.2348225199333,167.44228988585857,124.34140739816635
6,454,29.65577451828197,106.62521528888443,25.806505918364493,177.57695109436656,175.42294138319195,169.30030999250667,122.69834441045217
6,455,29.603807980714468,104.96790011203282,26.098866335475403,176.76647445680857,175.27936192791637,170.08208701771363,120.78070992592572
6,456,28.948567518671144,101.9335502760844,25.571878930161077,176.8028679373202,174.61676218713075,169.37752748070568,119.03977366360093
6,457,28.53470098546855,117.61372797333158,25.944156329004183,174.96057536910246,173.5036700678492,169.7205831591483,148.89190228685376
6,458,28.86197180826538,122.56790148238952,26.154541854509116,176.0817559691248,174.68621081283987,169.84095677000832,153.96365094246227
6,459,28.83458626435925,121.13559593418056,26.494887609411386,175.68506632699555,173.59325824692073,168.66243214037297,152.17932004190962
6,460,27.299040888042068,121.7426048547264,26.4800025619168,175.32301421553566,173.34887935840752,171.33187159660253,154.18954479494803
6,461,28.12603977151983,148.73578455193777,25.727358342260494,173.72770587588232,173.00024975997795,166.7487090696083,169.60509199060826
6,462,26.17865460610299,113.87356435196824,26.04039339958379,175.15870912708246,173.10917873104594,170.25231334614062,144.5133703294627
6,463,26.58034175127415,112.1315404464669,25.615910257723957,175.4267019281368,172.99816031750652,166.92243894074952,143.7059801860619
6,464,28.047591980958416,99.69192669419874,25.485163931838215,174.4975746167813,173.2305584196504,164.22849675344824,126.63786097265492
6,465,29.412209103745862,87.16655770012237,25.397906215068936,175.2361737638826,172.1001602117837,160.69695948700158,90.26384915885984
6,466,27.67469199385996,86.39815989032074,25.308294457714677,174.75370060861778,172.79971845161597,165.794442060653,89.77415616345084
6,467,30.85227116942869,86.01555693788853,24.515987066011284,174.23297436922576,172.64590793358778,162.67262123517625,85.63502489238859
6,468,29.706152960931327,86.3499423109579,24.12215317074002,173.03850093201777,173.26457207306402,165.47689565356217,86.06987080278267
6,469,25.791054540854944,,24.49018670918541,174.11736604327606,173.68153484117002,176.30959905948296,
6,470,25.462178687332383,,24.93928267596032,175.08066245139383,174.97813566089323,177.7049514514866,
6,471,26.467757706865275,101.84067906119034,25.09698355662995,176.40472660865302,176.29085323548213,179.03225056513875,130.0493760768669
6,472,26.901108160111978,114.40990740696888,25.167577655513615,177.1916838064528,176.91516807235456,172.63938861633608,145.84345995991006
6,473,28.102812608432004,76.21855612028675,24.60123291374984,175.42754480013008,177.72879493790705,167.44917308990426,32.3168399591498
6,474,32.242185914927276,49.58027008220443,24.741481593893816,176.41752390048552,179.95636165391042,14.400109121977932,57.149512484966955
6,475,37.893182730648995,38.15462339484195,24.70414406850162,175.7787369895477,179.738400913868,18.369646430609873,26.65080003026158
6,476,40.89595429495813,41.18532443585009,22.13916128737625,172.01610351518184,178.85120175024892,20.144872120733567,150.56798124010902
6,477,44.59327490546967,34.271370282083616,20.87884667123396,169.86622957536056,178.31886365801464,22.39906626573148,30.639077025248557
6,478,49.88234696315937,46.58225701159215,21.74224389768194,170.5567985211867,179.1833110470968,26.705023557919308,172.68964927584082
6,479,53.7887190131916,50.7351283500813,22.87296082377352,173.79082246964086,179.04748715157697,29.703729009599098,17.086794410407833
6,480,58.05750491760007,51.06865099487523,22.313902667055697,173.8933669108529,178.77272287574277,156.5133598994592,16.692256178171846
6,481,61.38092309389103,55.544571623698786,20.992052292637535,170.92259668411447,179.04065551418083,155.35594095206406,21.007550354007307
6,482,63.20091495827552,59.767550029415936,21.690410453194296,170.73092456868974,179.28247778032917,141.37703405451882,22.046414926911943
6,483,72.73218553442284,67.19120999235383,20.417346370033695,169.4434401225526,179.82953296492434,45.2012187771155,15.013803349585553
6,484,76.43534530545799,66.7036683122419,21.147624991802644,169.5742674485893,179.34682844168003,47.51999190569205,41.953687965530186
6,485,83.84663119156072,71.51664387262831,21.793469454390745,171.21387434793988,179.0543586945139,55.08830554978116,13.304531895686749
6,486,97.9229995781036,73.31376064056592,21.74861044124741,171.53428690301158,178.64753107822807,71.5596823423945,169.9592729390568
6,487,97.28704757270388,73.54563890608998,20.26487077908855,170.03641825142898,179.14362639347897,176.39686682396538,173.23842258791595
6,488,95.5503617203278,74.58703642479115,19.76035147035801,169.08835173142538,179.9515456670344,175.08934994597797,170.3280599703917
6,489,93.59658400559309,76.09330444561084,19.187114852162544,169.77757234585923,178.0495316971397,172.21650800654405,170.27918040620807
6,490,90.15282688702425,76.23698726689756,20.291819070284923,171.06603520203947,177.2247859728583,169.97864360882423,163.7661933588994
6,491,80.37556288884984,73.14420233760087,20.978211904126503,172.11752771491467,176.31950055665615,150.3571091414194,41.42817861708467
6,492,78.40881766539597,71.87739875895609,21.68772798490987,171.87681520690347,178.85838978832658,151.89441300472478,5.5227495764832595
6,493,76.82363356839566,69.67166131447514,22.055309144641033,171.9459590096845,179.9900612469713,162.94987579227393,17.225274409260678
6,494,76.35833290906874,68.49823484523463,19.66280830468039,167.88144961472148,179.32314947557967,166.12239077266574,32.55447350950507
6,495,74.8958155628731,61.04047334679606,20.502467359261217,169.21840108182033,178.28427526064596,170.9818669128481,32.405165143478854
6,496,75.11915958270649,60.681130843190736,18.9202550251128,167.64343064067015,178.87315271818147,179.04125026534618,63.26169805437728
6,497,70.11879962282609,59.20968377297116,18.169150868940616,166.27313655269424,177.27595693658336,170.89363255119653,39.21033819402992
6,498,65.12882114865036,50.10846692321509,18.19427572452568,167.26993278376628,178.0598732519717,172.72851231330986,30.676983927357742
6,499,59.86985677111779,54.51714045620776,19.298050227282648,166.9418239766464,175.81843738250305,34.18651309353222,155.90708583882528
6,500,52.921284182749915,51.970324071096194,20.922195425647384,167.4016907060423,176.2980163896165,29.11961466897837,153.3465597616746
6,501,48.3801904083292,49.64132623313289,20.03441599422139,165.68360915904887,175.75922167368265,26.60228652738691,146.4115711573035
6,502,44.19163776710522,47.088541912092104,22.481424143477938,168.3193595027852,175.34654195988287,167.08027019972766,151.4159039739529
6,503,40.622472918777625,44.13356090405896,23.749913962981076,171.3960068017388,175.7344640838051,179.62919546146773,153.82424643941542
6,504,37.35976138562835,42.07881018308571,23.286425199662947,171.21547357788012,175.0949913039294,177.69635727465024,145.76372235565023
6,505,33.21427913432673,40.16619137066278,21.978963575952285,170.4517357511634,174.6092310869968,170.29740549129227,148.03386811654934
6,506,29.70883140430141,39.60505974699374,18.806286159474073,164.26511824228814,174.11185916933766,170.17370516298254,142.49903495758417
6,507,28.344323737429047,37.05254744848821,19.090156075788837,164.06489606448662,173.77522810477228,172.61603893752323,146.30050215276583
6,508,26.19925287833495,33.51846243451291,18.95925228769296,165.06322818651526,174.85751982728286,171.51164822731292,146.39110993047458
6,509,25.46311770283738,113.34578154460203,17.898198621292213,165.07413748948858,174.36918459087622,8.710768555902385,166.85200026040602
6,510,25.528672963458902,113.80254583133632,18.08415545234208,165.31253233103152,174.27181380663907,7.5435626411080445,172.51892458567275
6,511,24.892995761176547,114.33305011323364,20.21561466424891,171.97391513360822,177.0560223173006,177.65569623528336,170.328353721802
6,512,24.694363731972334,125.16002107233142,19.95586776825764,170.6440977219089,177.21370406629146,7.550470458316077,176.05697377171708
6,513,28.655439574297574,113.73150928008596,16.077958051774235,165.03534947582324,177.94640468628853,9.08288549819323,165.4568791041819
6,514,27.254217038658517,102.91672499420268,16.904803816624614,164.58092039468764,177.48988668162002,8.999812130276657,151.0552236375693
6,515,30.040946661216623,98.64347466474652,20.307163951335223,170.1612231224316,179.67706041608406,162.14418763593577,150.19875173795666
6,516,27.498310367029077,103.5524249921285,20.63974818085625,171.65934635071838,179.47164324395663,165.11221383637908,155.53625481817684
6,517,26.98549316897175,104.41727080022255,21.134351074514104,172.908702720651,179.40824970192347,10.925034403034022,156.4860490840062
6,518,24.259957387033296,104.5792907071359,21.520843753249103,171.42160658914386,177.72045904143985,170.1105511946554,148.35080478514564
6,519,24.374694263657776,101.64154591676814,21.63747616457328,172.26094441544973,177.978485890002,172.36103848346758,149.40232821387298
6,520,23.322683002460664,102.05201119847682,22.55796422988191,174.35367562116355,176.82233217929686,176.40449926650348,147.98482606399872
6,521,24.897189884355228,103.8031403762895,23.222528818646527,173.67386921822174,178.55941493051822,172.05076780822182,149.83752064480703
6,522,27.820554662541245,110.6792046735934,24.26386139510753,172.7194207610897,178.85521436447394,168.4849975492972,160.72877814418626
6,523,28.562136171039672,115.79923883790394,25.023994963911427,174.7730945510866,179.78066301192783,166.96745928156182,164.5184991924434
6,524,26.174387005677897,113.13071372859773,24.828725627284875,173.1660514095156,176.96685217797466,8.005185239918692,159.57676455706564
6,525,28.939266781586333,117.24016203016834,23.875675680404612,173.29781544340796,174.42233614115045,170.6533965213253,163.96457333253764
6,526,29.570446928759484,112.44569944181649,24.992985166180837,173.43656590981357,173.7854680544334,167.02648495799284,158.24402241421893
6,527,30.49060534041808,110.18238279612471,21.667270786498108,171.88778740313123,173.67946866283478,11.160942179735976,158.34064574268413
6,528,32.54255233565718,99.28854750968296,19.369526632588595,172.26112316852323,172.6744022696342,13.559789638837556,143.59352284929605
6,529,32.182400613291826,106.7000699784199,20.50429275641256,172.18018092614108,174.35576956436546,14.80131874718422,153.66326819474477
6,530,31.605167235504023,105.9327724986844,21.206985765441686,172.2101877006494,173.71998311002602,15.176113344708371,154.0532960184425
6,531,31.480566324605732,105.48262603452642,21.96909616589596,173.61334124735194,173.44049217835806,158.84833684034413,149.05122203405514
6,532,29.51228504647936,107.02700558416068,21.061999231865673,175.85762155474822,174.66711652303093,163.41932702280843,152.23131211851106
6,533,27.44893227479612,111.54247965776686,21.539626994937898,173.56258859192144,176.1033145301793,166.8975629134657,160.385878480338
6,534,25.616082373648087,113.293232448677,21.22206851222459,172.41397710102615,176.86903662034072,170.73163947537324,157.00621286080084
6,535,26.267500227490704,112.07671112083553,23.048330945087848,174.72256172979704,177.8879035928031,171.35627346685106,156.58775383774324
6,536,29.073890183705466,106.254259624529,21.067373909433297,171.3853777565999,178.99279134662424,166.83814911658118,151.16818935205882
6,537,27.92501292755841,107.44492893238876,21.513305096580265,173.24124426943064,179.83081366554197,168.74439248676052,152.87370794270257
6,538,168.0685007117758,105.41909155499133,20.95858682836383,173.17485934493436,179.38386002949224,26.97013566510593,155.6022467789396
6,539,28.344779047245787,102.40716654227852,21.52455073439834,173.34445977084252,179.01017865794046,12.280868735615226,152.40739869281032
6,540,24.36151298855683,107.99698946973666,20.70939970429435,173.4430994410549,179.26642515989,175.69367688820438,160.52093880539798
6,541,24.748398332090115,110.3988963089772,21.511555250494617,173.85289901192945,178.96872660901315,175.11654409207952,156.92528938225362
6,542,24.885393800975805,68.66559251611217,21.35388741914953,173.5629830319854,179.1713557312582,176.23469782973285,85.24379990539538
6,543,26.436746429245535,83.8444979893262,21.66462690861593,173.33367364388934,178.25654171766377,173.3188400436254,103.03101099123478
6,544,26.50063955485398,35.086382594028734,21.85260662061601,173.16800719678147,177.4439778282521,173.43861911682797,38.39279391105061
6,545,26.78064029721138,110.97687369785244,21.418663965457657,174.6644968348897,178.76664593896027,175.18252435181287,146.60325384538578
6,546,28.81823158829081,114.25772825202932,20.78476399964495,174.59871943358365,178.508516917808,174.58581631537157,153.13888061734934
6,547,33.42911187470922,104.58488479329844,19.539667395769666,174.73323465073256,179.5805615487964,179.63943082512466,136.70628492960796
6,548,34.0299017933026,32.46548413740158,20.799087882727022,176.48236562039386,178.44159998630877,179.8678550045772,161.91716346313189
6,549,38.0012363875915,37.215240488671704,18.710575816432794,174.15719723743888,178.77070091084292,173.35335748789427,156.4457609234052
6,550,43.52112395079785,34.8679700247304,17.300437002709213,173.69156727539468,178.3078316213925,175.38671726593176,163.06228302116847
6,551,46.52282666933531,40.09913926141374,17.441662141850816,171.54131593168992,176.36074024930093,163.43937889667427,159.60351701725233
6,552,46.7753468420595,47.3123234487987,14.589918254764273,173.2512078632243,172.0941854400962,159.13068960137144,158.3025403561681
6,553,56.282863925720726,49.23261283831071,14.743328499540072,173.64210033544984,175.86945211459636,164.0673485348559,171.80005750546945
6,554,62.57594147549722,54.34218012045115,14.168131149498112,174.9934753966127,174.431874646555,163.99968863508573,174.7257045789646
6,555,66.06033003481821,57.11834802384904,13.084482728674049,172.63134293701663,173.45283286059365,157.60770056242885,175.23426728587688
6,556,73.65513016804832,64.43512132588795,11.49913065794785,172.07669431667895,172.35786637324773,166.66746030175003,128.0450468125399
6,557,78.6349930734103,70.51253129771898,11.937863033137928,170.284589330342,175.13382894402395,166.5739888061059,177.62183776168135
6,558,82.4329373878113,70.0550275417322,12.216788978511664,170.08781711446156,176.36464426972316,170.733722598626,17.904756252295297
6,559,84.26065062699502,75.16603289679792,13.095192266528358,168.66390129630278,177.0565123004573,172.72802144789026,20.540872429140485
6,560,90.33956308414882,76.3945591463781,14.02821884334914,168.23973853109064,174.66406365446343,56.473413132136535,25.294805376792688
6,561,106.0161965575941,82.35195052899728,16.30616835942003,168.180308712391,173.87539782960778,69.1140960891038,106.85484259104324
6,562,105.23431679148877,166.81834471511925,17.493581917646967,170.11148130609868,174.8243072463696,67.96645077338724,129.72778759575712
6,563,104.16034944040304,167.9945045831371,18.97576553107834,173.74598037944415,174.4667044695814,67.68350929543139,133.2594761696816
6,564,104.92389253758034,69.73699839194346,20.69972736094542,175.3418386145044,174.8425305894676,67.19344552966996,100.62821174010176
6,565,103.46199237752036,73.93329511890624,19.560472153872475,174.68672909261747,174.92280534474156,64.59888596238633,128.15927259058196
6,566,103.39727018952458,139.2248617866377,21.26857903980076,174.89679880510576,173.94222306696494,62.26870844253251,166.44021548428694
6,567,105.27309785595892,79.40838096519619,16.52590524870508,169.27628873510574,175.2791922620339,62.57975716469801,142.4928677548384
6,568,115.02484966389495,79.76409416930488,18.185297710946987,170.54368495690815,176.00961554435904,79.00040752552518,125.9143778529255
6,569,86.40988943063542,75.89961049015065,18.547538372652394,170.30069361583818,175.21946824072458,178.8196734134355,48.06046597529715
6,570,81.04602021638291,70.96486455224304,22.865035331779833,175.10034953878173,176.28050651330994,177.76321984130226,29.094355405257406
6,571,74.51522939784995,96.60618298480172,19.11345288057693,171.59328545589966,178.34747894720655,172.46422165359922,145.31219158662822
6,572,73.35528881105512,94.82300419778628,20.01978647929183,171.9911225875154,177.08259361494066,170.6065382548098,139.82862300814162
6,573,68.03099324372147,81.4726376998844,22.077976466856317,178.00191815736008,175.94771908702387,165.43142706553974,122.12504703750648
6,574,65.30804176441087,80.35847993632699,26.588327936782058,173.55432858765192,179.49997825869548,175.48263123792327,120.85523055771232
6,575,62.246679856114035,75.31428215821174,25.603265700996207,174.92944220887517,179.94349159329406,37.224874511211475,113.9821155816505
6,576,56.94227280463836,72.54177981144997,28.093321055106617,172.30486321790292,177.50382599449543,179.3991656042392,107.90724909853404
6,577,52.99943979813555,85.63056504293489,30.322089841371035,169.96211081747796,176.83700996873287,178.50904097398882,122.60974920850288
6,578,47.20112918261341,69.6886912879011,27.71169906886765,168.3044283974622,179.1088207559489,175.5545110989689,89.79205849657158
6,579,44.994965167161354,79.52175127617296,27.10939848676609,167.91581546716534,177.81458279443706,178.34268275921795,108.44251827116813
6,580,39.21584544128148,81.02320858824933,29.204144364454713,167.7830721439236,179.0889072732263,174.15877418477342,110.6316493590261
6,581,37.71547095800055,74.84848448537203,27.201539198189437,174.09771395468871,177.68470822591664,170.83282492159898,101.83734892425568
6,582,35.125863716751994,87.20635826519893,24.286278630706047,179.4083674425103,177.83697606996253,176.54738998860012,122.10271596780493
6,583,30.517449594786935,39.07129672781204,23.77652148872884,179.46043002905162,176.29477002105077,176.19761803046276,57.11108897609917
6,584,27.82672774631965,80.8618672900107,20.180499641282204,178.2490000484627,179.69795059667342,172.71636630533672,113.79765923402556
6,585,27.426926101498132,103.99753202606348,17.25925698069388,174.08747423369107,179.71707704516484,178.9554338365761,155.63471939633197
6,586,25.80923902648395,101.1716130801632,16.655537049895226,171.41003641981587,178.6417080192362,177.9985530705792,150.9806824310899
6,587,28.06766154748145,98.43176844634084,16.250778244907522,175.67199726418167,179.87719144352454,170.18870072934925,149.39516924131732
6,588,,85.048567339318,15.450469652359969,,,,129.20103547828842
6,589,,98.67517188629614,16.656656455968267,175.80049407422598,178.41913781157032,,148.8399006218395
6,590,,95.73702016389171,20.100970239526504,,,,144.2521751124204
6,591,128.6183044436127,81.48545357717782,,,,105.868327035104,123.00881559100952
6,592,,,,,,,
6,593,128.26721109670035,97.65560402575228,18.819682764938555,177.65727284079696,178.49560422786004,107.0606415531455,146.534655367483
6,594,110.47387327608446,97.7101391168207,17.851130247387186,173.25446819261285,179.8867109161094,87.8329009522968,146.02729356696145
6,595,,97.71108892626118,20.5850941314092,,,,144.27639739038844
6,596,29.69246415715265,99.4706141438857,22.665367303451877,179.820695580302,179.3598624000287,8.73315596635004,145.2509186823294
6,597,29.61648351175092,100.4610899933694,23.6660373773283,179.6789792047429,179.99821515377548,9.613500878463984,145.40929693205973
6,598,30.05399335578861,100.59188221213438,25.44839025611172,178.3908754928798,177.8891898158628,158.50251728053513,144.4159752332864
6,599,31.611242322249385,93.49245711702902,26.833072194245965,176.7991141512095,177.1755318162326,157.3696368792654,135.1828279880178
6,600,32.331745356406316,90.86606095733124,26.217792150752672,178.04656635271638,178.20659165099548,157.062842656501,131.10224345967438
6,601,33.02693591742103,91.863835200191,24.59665568773985,178.50966586750815,179.05357192449546,157.1531155910882,133.21217900183797
6,602,29.951058141694116,98.08869363400224,22.75488924559585,177.08637674110636,178.271247746786,162.63783074669843,139.51030232408408
6,603,32.207944028559346,98.321243478284,22.536554863781337,176.11377874105125,178.45415061108986,159.91279064878674,138.60136093091137
6,604,30.60137744868609,100.4756289635947,24.09785158418292,176.4875072372618,179.9634743973366,162.94516283917542,140.34590421238187
6,605,33.15224410350629,102.79955726428224,25.46171879410512,178.27670952849226,179.34468197943488,162.54220872111122,144.9459959824857
6,606,32.04111745842439,99.99514960402156,21.041457137727633,173.51459754013845,179.00127053396093,167.97221673715654,141.64065306937792
6,607,30.238798469327495,103.80621992847873,20.34350702630971,173.8021266479401,178.1358748036755,170.64594066317602,144.28849703397267
6,608,31.486215616347355,102.63607061612323,20.439139121911317,173.24809635360808,178.70326243849345,166.7762103414716,144.52729195329522
6,609,29.244034298782584,101.74674703595616,22.129642245029267,174.39054831749763,179.25669086598987,170.01377518566852,145.94768507643224
6,610,29.470242616473755,99.99770840115124,23.77276158051008,176.2846615964105,178.84378523631912,168.83030141086533,145.42593017738216
6,611,28.858182840272477,100.5671774215627,24.24608082655014,176.3533820713112,178.3924149210363,169.96095754695017,146.5907125253879
6,612,26.804459798300517,103.03451635098214,20.0084437262382,174.21516107585538,179.78138163801236,172.66133755996904,148.9376546123882
6,613,27.269691654006216,104.52069541988052,18.070069855910653,172.38222199722014,178.954171666298,171.5698515677246,150.98244381982383
6,614,26.24913278881824,104.46516938844212,17.5322342171773,173.22492480798448,177.5165815288682,173.55191416332102,150.6545488907147
6,615,25.341019832678295,101.68439318265467,19.80614027546361,175.95707396244893,179.89794499500348,175.64727476166257,147.839902414042
6,616,26.01170078757037,102.95709589296231,19.32278405270038,176.32535658212726,179.75296417168914,175.05387649145302,151.05078409535005
6,617,25.917158567385904,105.52079681032774,21.468605532133054,179.6730647349274,179.21851521071625,174.9581906446801,155.5383663957073
6,618,26.871974366830784,104.59299071342647,21.807298253540907,177.6383433144644,178.883551299233,170.7851468663886,155.09486853939617
6,619,26.08066134458387,103.91299222884174,20.718907403104616,176.58868980972696,179.38084470377248,170.75970162155903,155.71429431705744
6,620,26.35488526670147,104.34066208149738,19.547766658989765,174.2534618409166,179.55323724338075,170.4446113977524,156.00649656801718
6,621,29.407534549743804,104.38326038417776,20.69109411694404,174.6155770718752,179.92708883878896,164.04974714990755,156.47128126036935
6,622,28.4260710703052,104.47395072149364,20.33325295290883,174.4088677083458,179.93113082724588,164.80324015126823,156.7772348461222
6,623,28.9700770677391,104.1851874210452,18.814282668805394,173.7900847005551,179.44821061525712,166.38556748691303,156.63307531676566
6,624,29.52364998910547,106.6906983644428,18.234463447527126,172.86025956627674,179.95449246868935,166.31226939169545,156.92633862457922
6,625,30.50775562884187,109.76709620968056,17.51171786236912,173.49319178865042,179.09938355215598,166.5579714191957,157.50078914492047
6,626,28.145427675844267,110.687923449942,15.846485634305113,171.65576274946815,179.26678116385904,172.50859874424611,158.9931452243773
6,627,26.616709751241768,110.0404067088892,17.108169182404,173.37558688284847,177.06744083310622,174.8703056180885,158.61039944361764
6,628,27.437650023008196,108.76605029388804,15.64305000735366,173.6180039483555,175.60499681201082,179.08581028765065,154.58931107461063
6,629,31.123479722220917,111.65500267709588,13.64417555675508,175.314663270143,175.38297137667757,179.10906770888857,158.4203377065592
6,630,35.67192868928977,98.53229661901284,12.979195989198962,175.8577922803247,176.46949706249734,178.1109798092079,138.1828797975229
6,631,41.032229631259696,103.17755449150698,12.892488960193983,172.2036219633986,178.23178352399069,172.32710284223148,145.59978261595637
6,632,42.839522279277574,48.197554323649975,15.785405217957416,172.44447701966268,179.07048126106372,172.81771524690444,67.32588908742122
6,633,45.0113403477586,92.91010472704292,18.0964649351972,,,166.36773507409006,131.65998954526475
6,634,48.1306519097802,85.5172869565939,17.05968350908452,173.7643040408643,178.84624191131738,160.04576329728923,121.86826600298528
6,635,55.85566924352423,64.23513687186501,18.26561620867959,174.45146093095184,179.2708186029955,173.0042544554581,89.59288142864217
6,636,63.93307649337729,73.55422206648083,19.854798081870825,174.96358766648848,178.90468624612413,166.54987689055662,100.24701503293464
6,637,67.33578243900742,68.45141528694042,18.2437911304122,171.37445858835375,179.14124214046993,177.06332871956255,149.833366435467
6,638,72.091124756859,86.44704274981244,13.153630966441357,165.738940789388,179.815523884931,164.81008831816078,110.97322406847776
6,639,74.96040419067042,61.53603606986948,13.048562847951462,167.80296528035103,179.2917580299237,170.45982609510807,39.24719651953238
6,640,80.34047386431678,77.38529371501967,13.124251772368284,167.26228120610168,179.63088497070393,172.46015733529168,107.29084071518554
6,641,84.11778670970882,86.96395283174571,16.46825858560969,171.27557998972216,179.83257034042262,177.9493064039677,127.98276437765402
6,642,85.08250241197057,85.22465483278422,17.3780529811001,170.35182076104144,179.6254731540747,169.89389109123067,120.96714970445204
6,643,85.05328029092495,82.59563682753755,21.21489406417593,176.36358654236827,178.61501956921165,167.40449402927678,117.17604015973438
6,644,86.043711644934,86.90256213253501,17.420420649295625,167.72265608537307,175.9968599260141,167.0857726599324,125.29944287257428
6,645,86.87434359519992,90.6757727316924,19.444927823783285,172.613412774214,176.20023542611852,167.65382655277156,132.36282580264816
6,646,89.17541200992886,92.9804303133852,17.537381673975737,168.0045617312084,174.42709458479817,169.38924735640344,135.98073643893596
6,647,89.27076754339676,94.78224381793696,17.65069012864631,169.96088405964437,175.1431656287457,170.3140009075668,140.8636827620624
6,648,87.04927717967988,88.74788069768175,19.722307940569028,171.60794808377068,175.73482768713777,168.6929356065804,133.01871714947987
6,649,86.60082569262508,90.8430777092282,21.270716879858785,173.85380037605776,175.95087932757423,170.42507066646724,135.83135365773126
6,650,84.78707916020275,81.19325905295021,22.210832111080357,172.60230835624768,172.57380072748697,172.91193383261214,123.40312407276387
6,651,86.05924524671448,83.573432062955,23.08189669301537,175.17019340158987,176.4914767552047,175.72809528971356,126.20402036078816
6,652,77.89706136180835,76.26549884097963,21.281290284107197,173.3199196711604,173.96585811022135,177.3954794416987,104.89356649993806
6,653,70.89354755959202,71.86177300567195,18.34719932765065,173.95211727527814,176.42988499043787,166.6413491720071,102.478544350535
6,654,67.41655061414322,74.12413175654993,17.273296789599495,173.0582782333111,176.83647137919422,168.6399775891719,103.1051337211066
6,655,66.42915895145552,74.07587935124222,18.27665072574028,170.62798677820035,176.6247058684025,170.96479813015534,107.034760676673
6,656,58.85823080324738,64.03460792862178,20.14943639562723,172.87810578643777,175.30734497441745,158.84996365817003,151.62978378800878
6,657,52.438844918582426,68.31988997385022,22.725949922062707,178.80306885532403,175.27659214108988,155.4875712154408,134.08754837137403
6,658,48.6969990974593,62.034312458629586,21.7321713244846,177.53232492780165,176.6831862307111,161.82673788131024,137.3616394445906
6,659,49.519621376936335,56.72860261178345,22.012901891927683,176.43491501870557,177.88155723102165,176.04665145794775,138.17355081985528
6,660,46.15170061332681,50.9690232760859,22.819098181087966,177.2438969107786,178.44722682634472,175.8861761347857,141.7765610402781
6,661,44.52615978550653,57.53957734122898,23.377668607085212,177.18983797633274,176.52139224919324,177.8266584995311,79.80226447192432
6,662,43.24620290012823,53.50938767594245,24.978272678982236,177.09707377575248,174.75210610964052,174.43033126703827,73.89594702878087
6,663,37.61756060935381,41.70288479311537,25.879679699653668,176.6171406733142,172.18336451258,175.31367604629625,142.21092897046393
7,0,42.32945652553456,57.635557772302775,166.52010085319907,150.53711773500902,73.39175714011189,67.89601384382348,35.72244400249962
7,1,37.53747010059793,56.07616291176355,127.2158299902172,102.71171089892847,68.49458026213097,12.347925722992128,34.16898958548978
7,2,38.66051905689898,59.58069452996981,44.72072456536208,86.24943433748987,63.707426479167744,101.03546716513245,37.21986172004873
7,3,38.5939241645987,62.02454117669635,13.095022489326958,42.07334588758843,58.65577361158572,,35.69111203278106
7,4,38.03403439957561,62.32284779735334,,,56.31288436500753,23.702646026860695,36.020114424442106
7,5,38.50465482573748,61.688489189610735,,,55.59030237478482,17.783961227837036,35.25414359975928
7,6,38.374392909762555,60.301164183284016,,,56.158396649015174,26.07980320047751,36.31459668840369
7,7,38.4950412782209,60.51124580388512,,,56.0421994852407,27.2417314622998,36.91446461499433
7,8,39.21613342917417,60.8066608293282,16.045961577789686,49.78708514676117,55.06451082007846,28.295680045452272,36.73407144178189
7,9,38.990488747226046,62.78638709930791,9.553022664329845,46.37904109075604,56.66825828485782,26.267120211713205,36.98310975112084
7,10,37.58435508540975,63.29590200942795,12.7781594161372,41.62323402789525,56.55219621095735,21.44929451379219,36.19498442860069
7,11,38.333071941140574,64.4954326215258,10.379960801908574,48.01059952337479,63.08317774058899,21.65496123506911,37.973873316692945
7,12,38.76362015657112,65.60524445513713,4.082434285334547,48.960149125748195,67.30369398553424,10.755415127938246,36.280592839191115
7,13,36.008378235108374,64.04358111930831,2.5230349423700695,56.98278930801863,76.2151391540766,135.65521075187627,32.77016812837792
7,14,36.88789838864828,58.54318642739714,170.27491459924468,92.32906271026022,81.90493009941929,12.186559186700167,28.215588930283896
7,15,37.41987638396965,57.195927553543754,176.6101515655713,119.43383220811224,78.54635390066092,1.5441769510409178,28.213058603671335
7,16,37.792056125769335,61.198819673856406,129.8061650896047,133.50690710402424,89.47628860586381,14.945888602475671,33.11536691180263
7,17,36.95045437883485,63.58179633639266,111.50695581775084,133.9516810197281,91.32254724846705,158.0103733238063,35.009457602113656
7,18,34.625373797436865,63.43081500299449,109.95872223933466,145.3759641744656,93.87310212377206,162.42286769433193,33.199309596230364
7,19,35.67056677458194,63.44613392750023,97.20919590191924,141.8939858972976,99.28332828482546,162.37479262318192,33.65061081302385
7,20,36.60297839021761,64.08659697569585,92.66945382959426,142.41945202713038,102.72462631350616,7.32844932602455,34.33363044636986
7,21,36.885192546450774,62.1499732279155,99.5733641175807,151.7299869515512,113.39755059874597,11.873938029223874,33.96328302497869
7,22,34.64495703252464,64.85620139682202,93.59570460464062,146.47377221296165,112.51040849280557,5.511609661940196,32.6911785613461
7,23,35.82736096702838,61.622403496660425,94.24847044846004,154.26540008131815,114.26192122663892,7.143581946572758,30.319406807400416
7,24,35.16068551652558,59.837687902063784,85.07664311608883,152.27472374656784,115.47948262286334,4.676945832442132,32.78867113113864
7,25,35.356702180881314,57.50301358814989,84.41005062973457,151.5697068760887,116.8988907026255,10.53243576620415,32.098056344933696
7,26,35.32848643138017,57.103533383111646,81.25712532715313,154.37392393059486,119.23427886094385,7.974600121360429,28.901946148631087
7,27,35.555055508289165,60.48006331494199,78.12028088729656,157.6622484906546,125.642206775489,2.02902941036885,26.395054191836863
7,28,38.93746247806962,62.31676228591581,74.17525807438034,154.85057318384165,125.76189965381504,9.5896079626439,29.215501799464196
7,29,38.34377901551744,61.48856758075673,74.01094255711,159.19381130934994,129.7750012423022,8.806271975562495,36.62673101579987
7,30,37.27157244324318,60.832805401233514,69.91573966816478,160.44143082681043,133.16327087601277,3.174968311170325,35.192061006459724
7,31,38.89832324816765,61.05632994523721,67.01127938444155,159.2453716678054,133.1658496553434,8.260480856940758,37.190654610700456
7,32,41.573885759948546,58.63640439744331,66.45500309921528,159.55781503462146,130.25537972744533,16.637258807902946,40.002745779453136
7,33,42.882938940514784,62.075029833283224,64.78806592481145,160.57540786091403,131.888261924506,14.4086155483213,38.94068484456396
7,34,43.95044962523124,59.574301174891644,64.96485490577548,161.64265405288938,131.4766074051913,11.541388168519582,42.05180753256288
7,35,42.61171287580163,55.46258972108283,66.09192548081073,166.0556444711026,131.787497173959,2.4392431238315218,40.57862646384157
7,36,42.581844845127655,55.1867839557799,66.57854131063665,168.9454170350975,133.98125427779792,3.5688827120289957,37.939267346026945
7,37,45.93766332864884,55.17483096964079,67.07966801760303,173.152557750666,137.47546117741535,19.92630206162148,43.12471057410809
7,38,47.26676167978309,51.404583976202346,64.09365376208059,173.7605606472629,140.77076978678187,14.349868991708531,41.07860507615246
7,39,46.70077855760965,50.12579048592494,61.7982022356245,174.9851743955378,143.7798537180463,18.751787239825177,42.655032819441175
7,40,46.06278170106472,48.297506950119654,59.71144057751054,176.1365843062426,147.6977687778907,13.400623175794774,44.110308876798435
7,41,45.792922438560545,49.72011964372668,55.24138057669366,176.285842354209,152.6415430402893,15.093562148344922,47.66506582988332
7,42,46.86025134919696,48.9047219545796,48.45551817510171,175.89464368434832,164.0900273846594,1.8353922179093225,38.035701815402824
7,43,45.748890831381075,49.75419882274279,44.291046552820816,175.87931008196972,168.10755835705294,17.86701477379941,40.44614316035472
7,44,45.38601358894118,47.52082984923126,41.17788693477099,177.5655638280766,176.7518793440617,25.08587172711903,35.23673031813645
7,45,46.31859820434498,45.54404291445401,39.074215547865734,177.0991375844271,179.55090533049568,23.08756593819553,38.66675167386168
7,46,45.90935700163834,46.910029512832224,37.5022123026216,175.92145539438596,178.47481334653995,20.219471715655384,40.471187129167
7,47,47.35874655921185,48.32249170511077,35.25476237793735,175.0309142418885,176.15705894762394,15.624654212322872,40.11622355480232
7,48,48.81760651576822,48.74102327849126,35.26376042999921,175.13168230350573,175.93265700617565,13.1901825838934,40.533030844768504
7,49,47.8694343737392,48.17183053789535,35.43257837130084,174.9321684697952,175.72593586793778,23.362029810199648,42.58507591656622
7,50,49.02818193372285,47.62839896369185,35.024947885787334,175.49745120694652,173.69136348281066,21.188781380181467,44.95186928620561
7,51,49.823600239247135,46.91052730267394,35.40327698825747,175.4870230883815,174.01660317562997,21.11429200654183,43.98537558525009
7,52,50.38462635054248,47.28281539102488,35.90333313140837,175.79076987035418,174.74372383786542,18.985144539058865,45.425924674708746
7,53,50.60917284194727,47.654034104977136,35.6488874530369,176.57785943327633,174.46468011944785,12.091174597473447,41.523799464050384
7,54,48.918218623702614,47.147943182950215,35.29504540878165,177.29175217031784,174.98416243444464,7.858650587475156,40.580466179398925
7,55,48.76276804574587,47.53669356438203,35.400802790606164,176.102864157846,175.50377865402714,11.8322196306753,43.37572905157462
7,56,48.82259573725621,47.28678191187564,35.84911655092022,176.6920125408979,176.1061439498436,12.459235242851918,47.72550100400849
7,57,51.31005179022685,48.86914829141269,36.51873609738917,176.92311704301736,175.3799578246876,9.612326334720033,43.56489660315496
8,0,57.332293590387735,69.3761832277951,40.43060491503074,176.03115268355504,177.10303008799312,55.38846144139943,179.27704902043666
8,1,57.35553397147659,69.54471404576213,40.46232764903974,176.05912741250916,177.20099040903006,55.417389704998854,178.57303596542593
8,2,57.46909822275341,68.4103827642493,40.44497352385702,176.1460038331402,176.90567681990115,54.47038063441631,179.4237738737898
8,3,57.35592336062769,66.30837148933567,40.576704617817846,176.2184973355175,176.9915156256346,53.076018544453625,178.5193580608552
8,4,56.60924898889672,65.85192725053253,40.44508749297434,175.8817365698589,176.69704299214246,50.75122927877693,166.345795711803
8,5,56.056912624454455,64.98581409008901,40.380957441386585,175.84921989735184,176.8771615956298,50.47490017136278,126.61600028181394
8,6,56.20226345470009,61.67359356852635,40.257785382710736,175.8549871637982,176.63333597119086,51.17386483076999,74.42478866388478
8,7,56.34973045333353,59.89285468798211,39.92332652667055,175.80155723823648,176.70006946476465,51.74180833512536,116.46983446926797
8,8,56.97743533274665,59.605562677183705,39.73239229411091,175.27292395538512,176.4076046370378,52.04550370580257,72.24395915083423
8,9,58.632001871743874,58.81723597685854,39.57283015526234,175.19192617906592,176.41149129055322,54.13428974052019,86.46174266958442
8,10,60.031730464207186,57.71594503064271,39.48258088704909,175.47775368010136,175.84727796446762,54.17595571595195,64.63305595722817
8,11,60.227649877579864,55.89301062473182,39.20595338270691,175.8301352696989,175.6364432627358,54.97087566340594,58.47064806860345
8,12,59.101237413441225,54.408541393237265,38.920059362886334,176.18519926454613,175.81599069092232,55.36606862045221,51.03663710072849
8,13,60.31192885734992,53.85273006762779,39.02792331406342,175.20044067670716,175.52173888467632,56.88397051197489,48.358588678522075
8,14,58.47868219358653,52.352414329862334,39.274959798396985,174.76140322589063,176.43231024353742,55.37578415046061,45.86537294071971
8,15,56.551678072839046,50.41229522109812,39.779252149465336,174.48535805911482,176.7181402283237,53.53158255385158,49.14208867473565
8,16,55.47463245156831,48.98187318312293,41.05993663445403,172.2069059386805,177.77871386514497,55.2714746696947,49.17481300550075
8,17,57.50229294576727,48.451550321228275,44.030097796142186,165.66357814772877,178.50613910959655,55.9244119135822,48.35838802879219
8,18,57.44564486930093,49.29706513100239,45.69463483277716,164.87052500612873,178.72862547467034,56.52992797231697,45.87301572638237
8,19,58.076639466588446,48.54023571878765,49.669761833560905,161.13214781610867,178.82146372404895,59.85520845001995,43.9205558858159
8,20,55.68741301750816,48.49689629557435,52.350933783055645,159.3497142787098,178.43664982471995,65.51365908419095,41.74570666775018
8,21,52.87234605374549,49.72216105467683,55.38401636349978,156.8820118853031,177.26209771001098,57.49568641967912,43.700235713598005
8,22,51.11530137212057,47.180759217191074,60.52230553334674,150.19157286987414,174.2081429269648,59.45072194739865,42.37955361671692
8,23,56.873757932525706,47.97117444664608,63.00261595270339,147.84362091659636,171.95342962319924,60.06151195189231,43.91845990023791
8,24,6.507470318891422,18.335584296125564,26.62053017620592,159.64894020937453,,144.57872429193876,
8,25,55.869838726791656,46.252571122528664,69.47369595463942,141.9642419029438,170.16894345867354,58.35895103469588,44.11145314510737
8,26,53.45605219714873,47.60605316312273,73.30359977883822,138.55761144756136,168.57910687591507,52.079712170256705,45.67834387630562
8,27,56.61824414714616,47.859122329941485,75.837783628282,137.9025893979241,169.61481028022712,54.03026978683648,43.88026614567062
8,28,57.80315161674039,47.9502998460681,80.82729378675991,134.6777689285987,168.06576630613228,62.74770291514422,43.87185508989042
8,29,60.132589034849346,47.586040084747694,86.97377878201367,124.87809136405596,170.07786565531896,63.17142981277748,45.06807241669245
8,30,56.33121807713815,46.59334335667969,94.31387894924455,122.42514520563935,165.54893030386614,56.02765392583176,45.57110290508421
8,31,62.23815158819873,47.90547721734181,103.31073774645397,116.54533033257889,162.52319599704782,66.25011733674262,44.57598867428187
8,32,61.47395015365272,45.84919056572671,110.54019481209453,112.78807573778612,160.99463787737858,62.48196879339523,42.7376167828482
8,33,57.29184212084129,47.43439286203853,122.13549319922136,104.29683934408986,163.01787383709308,58.09760807285621,42.57507666559701
8,34,58.93588001131966,44.57152400257835,136.29577224269258,98.84011475016148,173.03752240562562,55.28667072544486,39.832106974376515
8,35,59.81778463533545,48.64500884672095,143.14254269930925,93.9451216000352,172.30582868548245,55.7687671412825,40.774609078940784
8,36,54.77800205972462,48.25920040895899,157.43013828264623,88.69148559900238,155.95882656787325,55.76918313420444,40.396722900513595
8,37,52.8795300891599,48.08878211584535,168.68005994998438,76.96074008332185,156.51337565174867,57.92440006200853,40.4577877934055
8,38,53.6587024442488,45.52930484548535,173.69958512801415,76.08807178624913,140.85935027345968,62.570707027725376,40.0229898261887
8,39,51.97443361222225,43.243501577407045,173.51062424117362,69.50779502277392,110.04827729609217,52.749150643810026,38.13352828865665
8,40,50.680240056737446,48.48316428486855,173.19487607533395,66.825195322341,94.66101163368124,54.01428430431957,37.83164072522966
8,41,52.23063032112973,45.332153061847954,163.34287966530624,61.80461148425885,17.97609794388017,57.91132220856509,37.64547711357629
8,42,56.29246148461237,45.68423929997242,,59.31957043478655,,59.817650381439144,37.801448884819685
8,43,56.36640472190816,47.74612290107907,130.089405132,52.15842219685354,,58.67590975213959,39.65942892412587
8,44,53.310424664518614,45.536927698020165,131.13366435769012,50.45767264204283,,53.91591268698771,37.243969238624935
8,45,53.376145007729335,44.70744399221221,114.5855244840274,49.55758370151788,,52.519622704775664,35.146238009780575
8,46,52.880431895071794,47.89942988168155,119.99226154328971,43.14823299213192,,54.20190080458861,37.648992452901176
8,47,52.96968920689515,47.515385065561865,123.33335858902456,40.40583212798009,,55.148159084059664,38.8228067937744
8,48,52.369386180408576,46.087633526898266,127.26856252579856,38.971739080717,23.151026997138775,59.76688725497424,37.81281521361286
8,49,50.647618199443706,46.150312678499674,118.48821002222464,37.91741879784636,,56.68048559990735,37.00982021140584
8,50,50.30237628172668,45.70476146404187,121.59523964312964,38.242550647818454,,56.58410937336099,38.268834009786296
8,51,49.50684686078638,45.69375939338954,122.91425766530082,38.29327617996159,,55.745895224862,37.95235388687791
8,52,50.95858086960008,45.75024547974627,122.45575057920438,39.119842678453494,,56.87833874095746,38.40604034281227
8,53,51.89248792587177,46.36783582387211,126.02464519364834,40.187468513966245,,55.637004213293125,40.31881648892894
8,54,53.37332863617668,45.81198314533785,122.55573931507593,41.24107455250721,,55.29284159712039,40.76212635312909
8,55,49.66927919559536,46.1389790715728,127.85216773822717,42.11530618198781,,52.57375252647761,38.777045988031034
8,56,50.62928576035471,44.07118472294777,133.0386712209182,48.46683789228613,,53.017631773264775,39.34833296772102
8,57,52.21074327049166,44.33866342041762,128.9672546470442,50.38044375766678,,53.51260284031547,40.431718395735935
8,58,54.691381661049704,42.813819639015705,121.2857534425145,53.37550580332041,,54.84579337568181,38.5549336988061
8,59,51.19342301593435,44.76553650616261,137.56514477810055,56.889547114295,,54.188051063440234,41.56477590857296
8,60,52.78081552154722,42.954587166377976,133.0422079819248,62.07693358088955,21.170938441272963,55.803801446037006,40.270152126546925
8,61,50.4528476967166,44.57129470556431,163.3960528810556,65.69070099120425,17.137044044657014,51.74532196146748,40.94130791362178
8,62,51.358065520005475,44.694351991773885,179.63669040544383,70.89066873984967,145.7943851366247,51.6095887177934,41.03884394881634
8,63,49.83455031838671,44.34381906414795,169.24340877881895,77.96576109006882,146.73007401967857,57.62473157597145,39.035546864474895
8,64,50.99291364597717,46.29621392049464,170.35899172176653,83.00361327253366,124.63582414098794,57.826495489838344,37.43307397899154
8,65,52.01570853620594,45.722940600645146,160.89980292348417,84.901479850618,153.6286027511607,54.15259901454226,36.93171497955013
8,66,51.86797521329748,46.15347547375305,139.9531024476393,91.9810768146333,169.03000499662713,48.1086415448812,37.42704841028812
8,67,54.615887387925426,45.8314015048722,136.86978196516563,93.78350463816362,175.71892321385505,52.97988141758984,38.593642566393264
8,68,56.89534906397276,46.12484778061577,130.3971807349298,97.7464695931681,172.04123329062023,58.04750034453544,36.23314646441037
8,69,59.28080202705974,47.32595803718419,112.8775917321926,104.09051093814442,178.09721425173203,56.032958741310914,36.65927937834704
8,70,54.926144417512255,45.8376102390901,106.29335439056,111.28470258477346,174.77865455960753,52.97973289047668,39.38923488947859
8,71,56.7838168666159,45.52501481087322,91.66786056698308,117.1324398650287,174.3245508736154,53.96852311320023,36.5932867246313
8,72,59.54983214227323,44.04607178172643,88.02399748452127,120.43278330832078,173.38435504305298,58.4651374872069,35.83141061148101
8,73,54.15641917254695,47.35541359991292,80.43903656867843,128.64331136090468,172.70639870459306,49.90998968967279,36.10229709418688
8,74,53.47438303003731,45.52915017861306,75.12362705536904,133.9048124315977,173.58010461728713,53.95588358023379,38.34078612563812
8,75,54.62782308461286,45.649405950885594,69.98422160137731,138.5364687010838,174.74501335399086,51.81526485226583,37.74071362357106
8,76,53.70146201802302,45.51491439541739,69.40298337610787,140.98193107226948,174.01863599947632,54.40480795572041,41.95493154343264
8,77,52.29574210241768,49.217183642836,66.91211843503935,143.40019978420216,175.14063294440552,50.72861806000028,41.50075038372186
8,78,52.66212909184989,46.60123468480446,63.94594495194169,146.13177281730665,175.3203313829455,54.31978268772069,40.99511429177817
8,79,53.40670036154087,45.86174789274966,61.678844338527135,148.37424799124403,175.45632078593258,52.850184025242456,42.877221964300205
8,80,51.688259200486335,50.9240218657534,59.59246671779989,152.12430849419545,174.57046389594913,54.153669759008146,46.38251863627278
8,81,51.54158920177921,53.57772293454038,58.4973087346768,153.56176364510898,174.24945542911246,54.629142910574075,47.20171990219298
8,82,49.92460726553955,52.33994310677316,56.17532003754149,154.40820422754658,175.226784804078,55.364474356581255,46.789522415162125
8,83,50.948876873463,53.25604730012004,53.779238082699415,155.95268198879666,175.9766033737823,54.44061620600245,44.84252114495727
8,84,50.693110384563774,51.30186842290404,51.541632544031046,157.87310548391184,177.20564577510328,54.74445741681484,43.54929473820432
8,85,49.99956537519139,52.987290064597765,49.78920428773851,158.52495585920346,179.16445138526413,56.8697205143081,43.83203616697233
8,86,48.80972221700327,33.98096764678653,30.108479281086,176.88143741558915,179.62958806576532,90.62826264161956,83.06561786061751
8,87,46.30839330776619,31.76107462210622,28.3979758675493,177.11470193563312,178.57807915149937,17.789699106545637,56.341895929010214
8,88,47.36115197303948,30.82546938433949,27.527784574137563,179.48473988882776,179.13151234638278,16.35101005056718,9.377044655998905
8,89,47.77987826651416,31.15936434903017,21.857640597335077,179.85229105143958,178.75937428981095,32.55703751602057,5.555813661196283
8,90,54.362301804726066,55.5993229385366,40.03047780644292,174.59260330154964,177.54582168996177,57.683484139048595,42.16921300940852
8,91,54.00765030935931,53.91551519943435,39.07748535049191,174.8938183894514,177.01931551403123,56.748748031782554,40.38138450132322
8,92,54.7256285603949,53.43221812036001,38.176610278508655,176.89207534166164,176.85933177391811,57.42979223975605,40.46034981525178
8,93,54.92540846991744,53.822259084418384,37.33920023556853,177.98212545007624,176.90054275545762,56.983072561461896,41.536197096177666
8,94,54.71961289231403,53.80706866910735,36.959485468389715,178.585735355615,177.21285070138532,56.72157628283235,41.722581083460064
8,95,55.11641855564792,53.58268394939656,36.650119300338496,178.96946368580385,177.2561163438632,57.03702375771151,40.81883670854195
8,96,54.76048260106685,53.95679125178816,36.81242819665682,178.43596274405385,176.9792601702201,56.815654985163825,41.16195157962576
8,97,54.702118369575295,53.87930830094846,36.79229929051798,178.4739332255282,177.03436322679306,56.56872898671352,41.05383389003478
8,98,41.5195001493939,47.206591264971514,11.314161918472214,178.5573585098328,178.69831365290253,19.24158775728248,16.13196350510264
8,99,54.700740526589705,53.4379798518412,36.68770885108882,178.4124654452023,176.7983951219928,56.749179791411066,40.71090733210842
8,100,55.396301150917246,53.59760715745504,36.64085383975816,178.5897174938077,176.63191744194376,57.17660394760965,40.94863049205983
9,0,,,,,,,
9,1,,,,,,,
9,2,,,,,,,
9,3,,,,,,,
9,4,,,,,,,
9,5,,,,,,,
9,6,,,18.064847590914688,,,,
9,7,,4.480155216066259,18.476468806992997,,,,57.152084112413526
9,8,,44.94449188897039,20.550653097100167,,,,
9,9,,42.48889871470197,20.117650224533193,,,,
9,10,,43.14590249263764,18.272597891615185,,,,
9,11,,42.93034105771978,17.943249924093468,,,,
9,12,,42.7595140870955,23.128587429086508,,,,29.524015407264752
9,13,,35.96887608997673,24.820072961162023,,,,30.470130483861738
9,14,,,26.10671688227199,,,,
9,15,133.69733676298102,,26.97542422806581,,,,
9,16,,,28.20227436759082,,,,
9,17,,,0.7245768504913522,,,,
9,18,,,29.154971494703386,,,,
9,19,137.34926817645908,64.2903763187005,28.196158812292403,,,106.08274605254827,50.59481071835429
9,20,128.44682082780807,,4.120233891100586,,,125.5466536849218,
9,21,133.52856232888823,44.99655305094331,24.21687923287159,,25.56477793054198,116.72107542521432,47.310296515246506
9,22,117.55154658263166,39.329489191305136,4.323692274507687,,,99.4367790756151,47.41084393157165
9,23,129.265577618469,37.467817027273455,2.5516817986643052,,,103.63245386120654,42.63197852949956
9,24,125.1048752077648,35.72419699998743,2.1626901710374353,,,114.08523528195433,151.5014654051677
9,25,136.2173505484154,36.96542344903411,,,,106.95283687609484,45.24727722439141
9,26,132.55937382207856,43.28255015708226,,,,108.76346089196583,38.12938475741804
9,27,139.04435455193718,22.92296443167099,,,,103.89717197448368,53.977816358311145
9,28,143.678829606092,,,,,93.93887876993736,
9,29,,,0.165688395707312,,,,
9,30,125.45895272951812,67.55877160065688,1.141896070195129,,,3.4261818698486843,23.503732388636426
9,31,130.7126640611091,,0.5674926387403273,,,96.38850002167784,
9,32,,7.7154519501482195,0.4812797670347403,,,,51.288962506614766
9,33,,66.62715402574179,0.8666597075242306,,,,77.05596420654989
9,34,,77.87151252673871,0.4916588748774029,,,,19.359971502776443
9,35,,78.30933993010696,0.9870496468869608,,,,15.915475000611634
9,36,,76.93595778349265,1.1617523240887315,,,,16.962447138241746
9,37,122.78341366579652,78.20692546941949,,,,33.76587741895041,28.226850669045103
9,38,,77.9840255735241,,,,,46.888728040069495
9,39,,82.65268841934329,,,,,12.821295110315807
9,40,,95.20536177995652,41.87725126244066,,,,39.111745752162975
9,41,133.43796563066908,90.28534126837172,40.08235841403496,,,105.78729795826683,22.298908702622324
9,42,129.61297862181615,100.63476123350696,38.32225951940424,,,98.68645729932815,39.36939499652577
9,43,133.4152101101418,92.7532780363012,34.66729412939931,,,113.55523900452356,43.55333906065727
9,44,131.72795008903805,92.34167605049971,36.230174999482934,,,110.30909148934516,45.97828874533347
9,45,135.62573145445512,87.28170279823993,35.74443346572589,,,114.64596933355656,20.30242273558099
9,46,136.9152506671824,86.98177795831756,35.028375009230054,,29.417957546799393,108.1310208917368,15.430837835350127
9,47,130.32113169477205,93.66107508411362,33.051098664308654,,27.656742128490883,124.6799089248768,49.27707457116215
9,48,134.94607411073173,87.94380668019025,31.43560400919601,,33.61928725304605,122.41123267606976,49.793500068925454
9,49,131.9794191197765,88.34712485790706,31.228024228306825,53.73497391922803,,119.63796076213508,60.52540552674745
9,50,132.78246037196098,88.52524827825734,29.317211344997503,59.8133050695155,,116.46213957812832,65.95892971949779
9,51,129.06218191323563,93.37662532201556,20.408928379418583,104.63868618411512,,121.89173527567166,46.81288252455741
9,52,125.22382762896186,100.1053081130723,17.77666981976366,109.24141752414398,,130.03282442826463,47.21857990712509
9,53,129.1425621045185,90.95809979475744,15.694707106115828,110.44049515241336,,128.1611132022625,60.45418777034711
9,54,126.6346473000423,93.82612935453184,12.17613617075164,107.189870711596,,130.333105527112,56.57258499256929
9,55,126.80818460667678,92.92921690394886,18.69516533837767,120.69998501828432,,131.62457247595387,62.124011699404406
9,56,116.94700280862388,92.06483830979828,19.590823950463285,125.55710975408144,,154.03016439640967,45.8233136474055
9,57,113.9780482931316,93.33697065194691,19.858659084225195,130.03210603643012,,160.05909678821536,63.1754442152768
9,58,121.13147515740415,91.59431152185388,19.857208385462336,133.47901555783048,,143.90233200060575,53.91939460447331
9,59,120.45028528426666,95.1960379481622,19.775205486946465,138.54484407462908,,143.34279297606778,49.925110666771666
9,60,117.77040766049949,96.301001330357,21.927463556362472,147.25681819235848,,145.3178888491884,
9,61,120.5361679711894,95.6053164584777,22.544402749833427,153.6249032572016,,143.2711016600201,44.82041894286196
9,62,119.48622798244403,94.76606144812564,23.853428275944516,162.79933591661955,,145.87768496520383,42.309634998077
9,63,116.87400540275452,96.1634402912576,23.86483776809962,170.38781156589002,,150.17735009195496,
9,64,119.86026499928082,96.05904030902464,22.462201152469817,171.57439344615955,,145.26134720566918,
9,65,116.22855997370095,94.17840060500691,22.33122232676032,175.55408641372568,,148.34098030635667,
9,66,115.26320555253722,94.66048096497995,21.87909085390665,177.86588212322548,,151.8561724040021,42.25690319182684
9,67,116.4210380907918,95.8410742724558,21.747996536112986,178.7510432939363,,147.98366485985306,38.22935201784323
9,68,111.41760486149217,95.85858610494842,21.772476974855895,176.9479975668878,,152.46643784709164,41.89797387129084
9,69,112.03185399448893,96.80036213012184,22.31546034943713,176.16641376055657,,152.56565577957048,35.913530503538304
9,70,109.1816071103848,96.9754566840508,22.47692117642656,173.33542527543872,,157.60149509288578,36.80734147863535
9,71,113.41151463343196,98.56436845241818,22.85790737238648,173.55794483867058,,152.9269684352828,37.800052575701166
