vid_id,frame_order,right_elbow_right_shoulder_right_hip,left_elbow_left_shoulder_left_hip,right_knee_mid_hip_left_knee,right_hip_right_knee_right_ankle,left_hip_left_knee_left_ankle,right_wrist_right_elbow_right_shoulder,left_wrist_left_elbow_left_shoulder
1,0,79.35117320824,90.98235877109646,2.4731769258360132,178.3376008944429,179.55619794583467,155.63550250484255,
1,1,76.6626005162289,90.87138197893984,2.9782131999835597,179.67638857073683,178.7040698190456,157.7270756709095,
1,2,81.15672348175472,90.61371507915558,3.435839892241698,179.4405033763027,178.61005601692557,160.75357161688046,
1,3,78.31818120538144,90.69607450293202,3.66659780107546,178.67692787546557,178.86901891177175,159.92799870047992,
1,4,75.10172030775446,91.0968895492242,2.0655192635184423,177.25806941202808,178.88451704506377,157.22253259496034,
1,5,73.87161191265993,91.42183585584348,2.3240543966249123,176.95148792642163,179.34727404643044,155.41451026591463,
1,6,73.83775882642595,91.1568158961422,1.6033279869802746,178.46482481978674,177.3671751745811,155.73731698198688,
1,7,74.53023038730258,91.02945095376356,1.596310693280541,178.44331393052153,177.4422730545231,155.86632828009894,
1,8,78.09659685497734,90.64444207929613,1.528567161229014,178.35925061085388,177.1992347324681,159.75637916683596,
1,9,77.74436588177757,90.73711982485082,2.7767702521558055,178.62597060486348,178.7038663718395,159.35979699327484,
1,10,77.60063515327093,91.27346405052047,2.654268385163789,178.65629853883993,178.52341191476123,158.98519759054028,
1,11,79.81118617153543,91.0168911940631,2.0568778360674904,177.43459431010308,177.9886333349809,160.0316007503336,
1,12,71.29970475072591,90.3939630353402,1.9439846606779645,178.48581668452476,178.15173216084634,151.77708008719284,
1,13,71.01055639158842,88.18632274218965,1.852586543876946,178.42324392238453,177.25685645148488,149.92056800458667,
1,14,67.08646746004294,84.82629785754075,2.4286275895269944,177.95497018479568,178.36699804671397,140.2898725981793,
1,15,67.19615207258877,84.79264761412401,2.4577340522752382,177.9165057584898,178.52805024936873,140.86670560710354,
1,16,59.47487065096788,83.25344231573526,3.03341425778505,179.13142427224753,178.6309989471018,125.20622976392715,
1,17,,82.76213255239033,3.9327932217307255,176.4372940581241,178.82970769752296,,
1,18,33.30509548515601,80.05381324963668,4.094558636431591,176.46589200432783,179.8078991332606,,
1,19,,75.62124249996299,4.587860719851556,175.98396308138254,178.68877811600495,,
1,20,,75.48380859994099,4.573943754159128,175.27726331710127,179.1820746387151,,
1,21,,74.47355886034923,4.685655549859277,176.2134330206107,179.9800232626558,,
1,22,18.73374931815483,72.13371291763013,4.684448138922275,177.55674556763185,179.0801179776375,26.175666678516784,
1,23,20.498061121568888,68.75202534465099,3.955067206596527,176.9819561707201,176.77536638953353,,
1,24,16.9066449923898,63.31022945566687,5.307781794513432,178.44443587340152,178.30280515711686,13.89097016862088,
1,25,17.087692448938924,63.218918108953126,5.3804475383040264,178.53388925653132,178.18169833957575,14.698207964131358,
1,26,19.27908893713469,60.93140012130469,5.515360409657333,178.6840022976947,178.8992931824852,11.795895594919758,
1,27,20.074469548730494,59.97929898187902,3.8007712232513926,172.58845977504717,179.74750682949397,8.703529526702797,
1,28,23.205783749290735,55.364058734392536,4.926690754272593,172.43730724005945,179.21092780475084,9.929265345711933,
1,29,27.9345298386322,51.99985243199416,3.267119295283902,171.53597822340646,179.2076269859539,10.313569207490772,
1,30,28.036038300819396,51.85532969374162,3.1889075320940528,171.69843191495914,179.57344942238856,10.174937521352346,
1,31,28.752991908726596,52.008242429727275,4.26806618821042,172.51788804025668,179.1879747937453,8.782171934848034,
1,32,29.132392279912317,50.88889749660748,4.008038830478576,172.20876565687158,179.3162471280841,9.43193644184788,
1,33,28.593462680342057,50.84561386494931,4.061768002374329,171.61906323632758,179.4171908284852,7.484356506552048,
1,34,28.24180375745013,50.734858271999784,4.080793570191636,171.94015468838094,179.72088636290098,9.961367696047205,
1,35,28.24180375745013,50.734858271999784,4.080793570191636,171.94015468838094,179.72088636290098,9.961367696047205,
1,36,26.41524787491915,50.27930995456972,3.830339126195703,170.8184325582363,179.2900545809175,10.613021585708331,
1,37,24.04682661039132,50.72379392963675,4.369335125991315,172.3772369088421,179.23810646769485,9.907161467968429,
1,38,21.368794904407828,53.095568403687906,4.634229380834043,173.34464494235573,178.3795107351508,10.801324300210306,
1,39,16.156789123678074,53.7007118098083,4.598514730792262,171.67587593236863,178.27707429735688,15.806740908914389,
1,40,16.156789123678074,53.7007118098083,4.598514730792262,171.67587593236863,178.27707429735688,15.806740908914389,
1,41,,55.771213406635994,4.973048042917676,175.32044558656943,179.97854325912434,,
1,42,,58.202499861178666,5.55427418443997,175.82839023650152,179.79383590283595,,
1,43,,60.179160594634006,4.273628760834556,177.0459781779786,179.15311078980508,,
1,44,24.051593106579364,63.74219526955613,5.429003632159759,178.8493290955936,179.26828860701602,,
1,45,23.913519159154248,63.86783404195697,5.53972117733624,178.9617134407533,179.19268036916833,,
1,46,,66.91422013292703,6.003361244556625,179.947017083473,178.9326289439042,,
1,47,,67.42594574773989,5.25481775352662,177.97568642499246,178.8019911578496,,
1,48,,68.20698902565036,5.671777754034387,177.615056135903,179.3906971595986,,
1,49,,70.11182704786168,6.1991474462394365,178.81065008105324,179.3109954564368,,
1,50,,70.03108552981722,6.063850979724095,178.0440185234419,179.14232672070975,,
1,51,43.749480491861306,70.86255682228747,5.814561119022935,176.98334724955973,178.90117308682247,117.93279902442724,
1,52,,72.41638917587238,5.83040621345966,177.80973775156284,178.0148974367614,,
1,53,61.79388424072152,73.62581378515833,5.579620703308066,178.86045660404557,177.69752470793773,56.059171600260896,
1,54,61.32425222740234,74.98326980975813,4.682998558283725,176.1944710344925,177.72333128178542,162.71520561126502,
1,55,61.32425222740234,74.98326980975813,4.682998558283725,176.1944710344925,177.72333128178542,162.71520561126502,
1,56,59.663793682484034,76.46794670476412,4.941637832147795,175.37691112054335,177.34282692712085,144.41036824926925,
1,57,58.27572015976967,77.01453501583221,5.563630275916539,176.9470633669658,177.62287279277305,147.51035090065628,
1,58,60.22706319853227,78.20184148482767,5.557601907168437,175.86204573527365,176.80117885858283,158.45907695011874,
1,59,60.67635183892283,79.24833199058818,5.0579519069386745,174.43466484102774,175.36146735900894,154.7187081309079,
1,60,60.67635183892283,79.24833199058818,5.0579519069386745,174.43466484102774,175.36146735900894,154.7187081309079,
1,61,60.3802733847507,79.00872469778376,4.635615161272699,174.12790410911552,176.13630193749228,153.9821471815916,
1,62,58.94602485306624,79.13056524016287,4.491121394935825,174.66720540076628,176.482579776357,153.41127834378432,
1,63,58.972527388752816,77.77681138005288,4.860772989232928,174.7292065411135,177.0274300045139,154.16137436428855,
1,64,60.703735088014966,73.8623733518955,4.3124341858831565,174.8996869295508,178.39941911411398,36.402910246641454,
1,65,60.703735088014966,73.8623733518955,4.3124341858831565,174.8996869295508,178.39941911411398,36.402910246641454,
1,66,60.409481254718465,71.63402502571374,4.925010954606045,175.7852033153024,177.6955160448862,48.122739762246105,
1,67,9.364566137027728,69.48186353641329,4.620933200287808,175.72983255129418,176.9989058396398,108.9815889364834,
1,68,,66.1334882318563,4.932451861378718,175.66543717787374,179.24627278026398,,
1,69,53.30390035221883,58.98356484690939,4.247494645147354,174.67634780865805,179.18973130602237,138.44236666498654,
1,70,53.932005773542826,58.99709345530398,4.087339835558629,174.91825217140976,179.58722402710677,145.02865126935558,
1,71,,56.2067010501646,5.939622744626709,175.41197495329686,177.13971979632123,,
1,72,23.370921230194803,54.53205910724964,5.616802562609624,177.3029969023646,178.25685537995042,,
1,73,17.989045602629602,52.2220468419232,4.489118875243579,177.20641168610325,179.42225598340744,,
1,74,26.946091174273032,46.87135371657057,5.546654078838414,175.42963089138823,178.40730902736814,,
1,75,27.15072979485499,46.84991980175441,5.546003677879719,175.29368098736674,178.375722014269,,
1,76,5.54950494029897,44.01217570424564,4.270204705658872,171.29719766542124,176.9156436318199,,
1,77,10.959095812568986,39.65825690012443,5.733587721046162,171.24155010851732,174.5222727213582,15.23678309585516,
1,78,11.867992840537696,35.47133752741979,4.976129045478171,170.77517517638256,176.70858365337983,8.645721324837089,
1,79,17.66585107023305,29.70409872443695,4.85590980050321,168.76087624291588,175.71318183696854,9.161003009863308,
1,80,17.65171405339818,29.73918857781913,5.131491609196206,168.81459975094904,175.27275950337412,9.163813275365134,
1,81,20.195196142966974,26.505979808244824,4.869447601369756,169.33277855905814,175.64478818593332,12.868886582304038,
1,82,20.79663840482662,26.2967828253135,4.7833751470993215,169.13784398990956,176.60025306842508,10.093407937256265,
1,83,22.51975231446335,26.24387385506684,4.564297711869934,169.494314829369,177.15474599722796,8.328462023019659,
1,84,23.793662399449055,25.741798497329636,4.841299381865116,171.64751129528872,178.31790278858873,8.706547816988351,
1,85,23.50482592973518,25.79042937658855,5.230718935464669,171.8728019234892,178.00901061669666,8.82424948372924,
1,86,22.9250240087821,26.041425701663677,5.096876457822234,171.69453247726963,178.3964333704088,9.37156997036555,
1,87,21.46253278995088,25.77186060303817,5.74973890125082,170.4646848946043,176.3445685294586,9.335587754419368,
1,88,20.57376505863266,26.440616428017528,6.385669386212775,170.195913082292,175.04573200578193,13.110720144245056,
1,89,17.608521206263582,31.18483598548738,4.245162496117826,169.20164933647462,176.9875594397369,11.140325549051155,
1,90,17.608521206263582,31.18483598548738,4.245162496117826,169.20164933647462,176.9875594397369,11.140325549051155,
1,91,14.55772157655294,34.97907267950726,4.772469450254826,168.426200467176,175.49078189129088,10.816541840565076,
1,92,12.508707251416975,37.187417675143294,5.408423214164171,171.32773435758872,176.46905434603184,14.143975403930874,
1,93,9.161462748492813,40.65494820615444,5.564521341943406,171.24828698435263,174.6734910918478,,
1,94,18.74489897910305,44.22253956458246,4.534822117550016,172.56341322159955,176.45115661374092,,
1,95,18.704349369883023,44.24452809743109,4.446028932876829,172.48976334576923,176.55723402159794,,
1,96,20.007994637706076,46.94101095166634,5.153934912309144,176.3037347534628,178.3933928942016,,
1,97,18.06226543839628,49.85211099949011,6.120246102797577,177.3372147165196,176.41019695544566,,
1,98,,55.376822784780906,4.736347167349749,176.53066446513745,178.49602288935117,,
1,99,,56.96949875885639,5.5715684902457925,176.137801281355,176.34921660998785,,
1,100,,56.99825018780476,5.578457376358252,176.3908013537458,176.3334724269874,,
1,101,,59.216313460727626,6.305557131142961,177.96308249138346,176.54538032180142,,
1,102,22.43041401428072,60.81864290715078,5.808502561887816,176.8048598309713,177.59649678697392,105.30616989785725,
1,103,26.31296607352998,62.88466546574799,4.478190198624868,175.5946106658991,178.81844001843518,110.95180754940206,
1,104,23.961742500666517,64.71399892896582,6.071938555079126,176.16055376909435,177.50017563517994,111.85121311047534,
1,105,23.961742500666517,64.71399892896582,6.071938555079126,176.16055376909435,177.50017563517994,111.85121311047534,
1,106,19.036456529509156,65.78150546880255,6.305100784005206,177.7209731504159,177.63200228867456,106.44245136849018,
1,107,14.18316353590754,67.46261022842684,6.161523594429727,177.4838768583936,177.568344629875,109.04433277017984,
1,108,37.15070546435985,70.40047200157645,5.483699122384116,177.46602980963664,178.8806071999851,128.1675037970469,
1,109,44.283001683246184,72.43685861360646,5.663675845235477,177.38663675279795,178.58030270647862,137.00905999934665,
1,110,44.07694379189351,72.32328425878471,5.646055655615799,177.5814054540615,178.59980957673875,137.01861796839302,
1,111,48.73343845152024,73.82135525737081,5.033247979629114,177.413091389433,178.10568387150428,148.57494948885056,
1,112,51.58223678697719,75.76135798918203,4.266976045328326,175.1213789062924,177.1968471189715,152.96478808832043,
1,113,52.87872241419107,76.1043625836185,4.342660661916715,174.1816072344611,176.21773693770388,153.54150284917793,
1,114,53.15191094543786,76.0807060841467,4.421963349914758,174.37427187640202,176.1960538265678,153.9808041648213,
1,115,53.10494882132956,76.03296888965568,4.541938288984189,174.56919494169136,176.14655740273676,153.88302602028756,
1,116,52.00412651808742,75.68332236486918,4.227641240230111,173.02506085429698,177.1861539720582,152.79475705635144,
1,117,50.92326718144929,75.71449481842163,4.325214058774715,173.93880437072312,177.09160915237922,152.13570495982782,
1,118,45.8072949021813,73.48153937203445,4.928571248037411,176.44418632901892,178.81423077148523,142.96628899708475,
1,119,43.52185746033451,72.32709275805175,5.3912476781815295,176.81309125880912,178.62590412696505,138.19821145671432,
1,120,44.0257614267627,72.4081420236701,5.4146072814595945,176.7246109891211,178.54465863150114,138.77336796723486,
1,121,34.141773715298655,71.16490478977882,5.3637354908555235,176.31716134322394,177.77762970854093,125.3001828880294,
1,122,23.27724531779604,68.81214949217787,4.876243203819651,175.96767076206064,178.94119387843165,116.81169432122776,
1,123,25.548817304014513,65.53563503697512,6.246001847322393,177.4960826011382,178.6050192656071,114.30859423616664,
1,124,32.22208615717535,62.04840734988795,6.130360679203184,176.5338132969488,178.7460901312574,113.56366561222124,
1,125,31.952593308370943,61.872210693752514,6.156050547470755,176.75684858538773,178.8868997693433,113.9371201225728,
1,126,30.034374930481174,61.118702479351214,6.300034410430222,176.9258339422562,177.57238778394466,111.4317029401038,
1,127,27.434211461080587,60.33454581186922,5.747112050028074,177.46137689148514,177.75820773555668,109.26746815359758,
1,128,,56.396223652603354,6.171687915543827,177.01279023816588,176.6250331522219,,
1,129,,52.872319302381875,5.557903108257797,178.11755315729522,179.7358194180317,,
1,130,,52.79421154011276,5.386241541720345,178.62760168049752,179.7743680152749,,
1,131,,50.705629105776936,6.454305704463411,176.81334184493232,178.43632145278193,,
1,132,,48.346883558279295,6.170844898468949,173.14112581904567,176.4018607801572,,
1,133,13.774115998778656,43.634723614571655,4.826523145000437,168.9419373349629,176.92791639188852,12.92194706063228,
1,134,16.976336915227744,39.57414576549647,5.3653885149736436,171.97145080681733,178.08657198526723,10.615723845232033,
1,135,16.976336915227744,39.57414576549647,5.3653885149736436,171.97145080681733,178.08657198526723,10.615723845232033,
1,136,22.387960554005637,38.402519191751075,5.481899602463999,171.4576317761006,176.85151336945245,10.536826314503529,
1,137,24.263502386488284,35.90432933934596,3.691004469479005,170.51571455147868,179.9383399663936,8.532751800623691,
1,138,28.08264083016803,29.97539154888623,5.925164224479673,171.9302509217107,177.5268362677325,3.638506152380282,
1,139,30.152945432676397,29.10821353983945,5.866133012272361,174.88113444298523,178.86277125557658,3.914987635005503,
1,140,30.179629360522732,29.109304650646504,6.0582000884538125,174.85132513907104,178.5410783760825,3.6848352973030303,
1,141,30.322736110376265,28.27388088772924,5.576159152502402,173.17727101767235,178.01175804668216,3.835103006384309,
1,142,30.33174047068612,27.60863873819184,5.210856291383544,173.9174005091632,179.446629146988,0.6913366664636399,
1,143,30.45288229511604,27.761856527418185,5.667448314220578,175.1011113803466,178.79917069721583,1.9721168969599931,
1,144,29.04196530554868,28.115935499513775,5.7817377812879185,174.022907570024,178.03088386437437,4.163426675836683,
1,145,28.64114520294532,27.91538766411236,5.8165906260818,173.9614415819937,178.09073948977382,3.7326764129658065,
1,146,25.671029338379455,30.794423636115383,7.662554010143301,170.37495118274092,173.80487656322796,6.492996202850208,
1,147,24.53523480588034,35.108386741657064,4.705188437325593,169.5306506862033,177.63205868326847,7.686279245535412,
1,148,19.16904486596567,38.41245449918504,6.402780480111544,170.0001497529587,174.7591894447664,12.236152881676286,
1,149,15.87090944972699,41.56065072947335,5.689622967097665,171.1877701213054,176.79249328527132,11.016918258179356,
10,0,179.487572773482,162.3277819945185,76.7933574315715,,94.39953006600044,177.73712103125104,178.66560027173972
10,1,178.5483302316876,162.36301012405335,77.6876087451363,,93.75220177215502,177.79648250964496,178.557364513953
10,2,172.047669735301,163.3337271582518,,,,177.38325060746203,177.42423508474508
10,3,170.5827237306399,168.66727162412317,,,,178.5181747364552,174.35853049288968
10,4,177.7489248080827,161.28456078267132,,,,175.75590984124293,171.8379362011341
10,5,173.0716663747412,164.01670541929124,,,,172.88127111330098,168.056954793365
10,6,173.0716663747412,164.01670541929124,,,,172.88127111330098,168.056954793365
10,7,177.29425855804826,172.10324576883335,,,,168.39926347920553,163.6202244766382
10,8,173.36217102085428,175.00994342392184,,,,159.39024804295585,157.46380927111016
10,9,175.19428459644675,172.5080446107528,,,,156.1822731070541,152.47029217289443
10,10,172.122029061071,176.6470407148979,,,,151.52728360387894,140.74810983551868
10,11,172.122029061071,176.6470407148979,,,,151.52728360387894,140.74810983551868
10,12,166.39524276004906,154.64900948404195,,,,142.75883372159998,128.55313254804
10,13,,,,,,,
10,14,,,,,,,
10,15,,,,,,,
10,16,,,,,,,
10,17,,,,,,,
10,18,,,,,,,
10,19,,,,,,,
10,20,31.17815248415024,55.679897049046346,138.4341403248116,73.34979501631467,,148.0129179747871,147.05148878385418
10,21,31.17815248415024,55.679897049046346,138.4341403248116,73.34979501631467,,148.0129179747871,147.05148878385418
10,22,,,,,,,
10,23,,,,,,,
10,24,,,,,,,
10,25,,,,,,,
10,26,,,,,,,
10,27,,,,,,,
10,28,,,,,,,
10,29,,,,,,,
10,30,,,,,,,
10,31,,,,,,,
10,32,,,,,,,
10,33,,,,,,,
10,34,154.97273937873646,150.30737961821984,,,,124.90560170316408,117.89710426266504
10,35,161.8656131744213,150.55794553177685,,,,133.13867152861394,121.4171171326721
10,36,161.8656131744213,150.55794553177685,,,,133.13867152861394,121.4171171326721
10,37,,,,,,,
10,38,,,,,,,
10,39,175.22055308367246,167.94471924754748,,,,143.713018980758,143.21668726691183
10,40,178.4362119636854,178.36957689861555,,,,147.98842568830045,148.66554136238338
10,41,178.82947699971385,177.59631781517058,,,,148.00557213559748,149.10687569413255
10,42,171.57957171971464,166.6079317442956,,,,156.30949709722728,154.8354528857504
10,43,149.6398073972952,155.89034687585217,,,,159.74294288506567,156.4883827868869
10,44,131.44748880547445,157.17831041549957,,,,162.80169720777633,160.93884697547222
10,45,142.21267057663675,153.2281329910759,,,89.98260817933645,168.32256588190933,164.6117105715742
10,46,141.94455880402774,152.42337548956212,,,90.64320691816134,168.3890432602128,164.59039717314357
10,47,122.09686970465216,153.09686350292597,,,,175.18360599217942,172.65200526718257
10,48,155.55223852314862,148.0163457128879,,,,177.4613314622144,174.5641900059334
10,49,175.8781059656565,154.3710347121189,89.69298443869306,179.00974998849512,,179.02785392945995,175.49566204323295
10,50,131.0155901379438,146.46659279131453,90.64242566264215,106.46462327100252,177.3192299020232,179.42614632144577,176.22208953363952
10,51,128.06202875053765,151.8386809931113,90.77732254996066,106.96069128219185,178.71595251841958,179.61317020247617,176.14685275310177
10,52,97.449687856901,147.6665520628801,89.6841843748867,114.716242496043,179.7172766930413,177.8546307280182,178.19292207513112
10,53,93.95380320123502,56.46385352010272,,,173.9685662233075,177.90120836025346,178.66271735968283
10,54,113.6793203452326,65.11797347583742,108.21120308146232,,,179.6643292935932,176.16806585016062
10,55,138.34097473254002,130.10950002188426,,,,178.8670674999856,174.9283612948013
10,56,139.36403252343334,112.78613523633948,,,,178.94573561067847,174.8801269626952
10,57,143.10255891454997,140.3858014718882,,,,174.89972005783514,165.84231871712922
10,58,113.27491427316616,144.32947760251884,,,,171.23473236661604,162.9630592972749
10,59,115.66372412831242,144.6035536949827,,,,166.4813476607929,159.22976257144649
10,60,86.80685607763006,170.80787076665467,,,,161.16617565719878,153.75417645094973
10,61,86.80685607763006,170.80787076665467,,,,161.16617565719878,153.75417645094973
10,62,161.84174959679413,176.77477363832182,,,,151.34890745064948,140.26485349911096
10,63,172.20154735182496,165.94005144763415,,,,141.26891803061935,129.41765037459513
10,64,153.29503531831756,147.0224728782588,,,,131.88147851668666,113.9323881197533
10,65,139.4196079516726,156.5255012273324,,,,119.35422132348954,115.15414991037464
10,66,138.39067022780063,159.93695657156326,,,,119.1625715798391,115.205528033559
10,67,135.37070254153417,131.37599980010302,124.50732696811892,,11.0559595595827,92.09636697781085,96.97704828963552
10,68,,,,,,,
10,69,,,,,,,
10,70,,,,,,,
10,71,,,,,,,
10,72,,,,,,,
10,73,,,,,,,
10,74,,,,,,,
10,75,,,,,,,
10,76,,,,,,,
10,77,,,,,,,
10,78,,,,,,,
10,79,,,,,,,
10,80,,,,,,,
10,81,,,,,,,
10,82,,,,,,,
10,83,,,,,,,
10,84,,,,,,,
10,85,,,,,,,
10,86,,,,,,,
10,87,,,,,,,
10,88,,,,,,,
10,89,,,,,,,
10,90,156.31857471529477,176.62344234854507,114.95786037874817,,,134.5378506887804,137.72886485471378
10,91,156.8389646222749,178.53202845571437,116.14427673955286,,,134.58070773334808,138.80539475631505
10,92,178.22286667837415,175.01406046659278,,,,145.88523699507272,134.31559748570535
10,93,172.65307663222228,170.80560018805738,,,,150.55519835046732,144.46353926637582
10,94,151.99150635269152,129.63363193335564,,,,155.08266690912663,150.8756497337971
10,95,,,,,,,
10,96,,,,,,,
10,97,84.4192521850278,132.92721203519,,,,166.11405223457373,162.8698621548512
10,98,111.3623476156776,93.57576778789954,,,,169.52000720309763,165.91282708589802
10,99,137.9325984613528,135.5873473111863,,,,172.5221824409372,171.47561107387213
10,100,122.766088904713,85.2072657698225,,,,176.23708601765992,173.91324836096393
10,101,122.68171223153914,82.30063714109099,,,,176.23174105628974,174.0972744387813
10,102,104.3161312520073,66.80093183909995,,,,177.78863705895142,178.22674130941675
10,103,112.6017914775843,60.76733108841236,101.93833959642932,,167.4680934636492,176.36004523359318,179.43427691646372
10,104,105.86856183271512,55.06228280558248,102.4266238019423,178.89065909249754,165.22297135015813,176.81164355498737,179.47316715724548
10,105,90.00127608123141,52.073726948140006,103.12370291819428,,166.7174273544453,176.94881314900618,179.11677317975762
10,106,87.7568655151637,53.36047260341809,103.9329266507532,,165.61499977357485,176.97563093459468,179.05976033940104
10,107,139.53944085244106,78.57025385449883,108.3393928008948,,155.03690567508502,178.92270542353336,175.9951481979828
10,108,151.24647649179798,80.28929112763548,107.24101863899403,,,179.46972159567332,173.1697074815531
10,109,113.0254880833015,113.25473697854224,108.5415351356859,,161.95843368190822,178.91570264322436,170.90243893876877
10,110,127.3989238612712,89.45432296731708,119.90624412280891,,,173.6497154653924,166.11772462887998
10,111,127.3989238612712,89.45432296731708,119.90624412280891,,,173.6497154653924,166.11772462887998
10,112,168.53601616956192,111.85314201172446,,,,165.76722012180508,156.05102311299493
10,113,165.26551738826348,118.46564288074616,,,,161.03040329132406,149.66488137125276
10,114,178.22632376239983,175.8197919037195,,,,153.18210055987373,142.97015400739025
10,115,168.26040499067875,160.37951035328646,,,,146.77258543168827,127.27014023980884
10,116,165.06262383233076,161.7398980573391,,,,145.89798495186847,128.0875994237597
10,117,144.93451220659384,151.16847962270856,105.3206337028866,,131.29499047374483,131.8787012586206,118.82907331595317
10,118,132.87280354897078,153.88679844140242,114.11451684295862,9.32369787914523,10.55989763112827,122.6682139082352,111.7869677666069
10,119,,,,,,,
10,120,,,,,,,
10,121,,,,,,,
10,122,,,,,,,
10,123,,,,,,,
10,124,,,,,,,
10,125,,,,,,,
10,126,,,,,,,
10,127,,,,,,,
10,128,,,,,,,
10,129,,,,,,,
10,130,,,,,,,
10,131,,,,,,,
10,132,,,,,,,
10,133,,,,,,,
10,134,,,,,,,
10,135,,,,,,,
10,136,,,,,,,
10,137,,,,,,,
10,138,,,,,,,
10,139,149.06842038593908,166.66171209813692,118.94349812627308,18.573416053025593,9.537356320301598,122.2861065421326,143.41783246736827
10,140,,,,,,,
10,141,,,,,,,
10,142,159.18683399242497,167.25106794377834,,,,138.4125031690779,132.2269443804336
10,143,166.73023598197375,165.82096110730953,,,,142.80775008101895,127.00199691140074
10,144,178.48169819986998,171.70303173920388,,,,146.3244318391152,139.14393787632824
10,145,,,,,,,
10,146,,,,,,,
10,147,105.80107609250716,114.23515011202254,,,,157.90832569512696,149.6178776151666
10,148,104.6241995043255,96.5185851853034,,,,161.18693334010672,152.2107552267389
10,149,,,,,,,
11,0,148.03408545760055,135.3383598062271,,,,166.18543937500417,160.0317448686035
11,1,155.7486986830157,136.31309364726252,,,,166.193924853123,160.2742891643338
11,2,124.32008144062388,142.72010095145458,,,,173.24838120296258,167.9366828728511
11,3,,,,,,,
11,4,112.90343540178628,76.75808818891987,,,,179.27740936685527,177.09129939716695
11,5,114.4956579576083,79.90408663624599,,,,177.9234145188296,177.78302813686628
11,6,114.4956579576083,79.90408663624599,,,,177.9234145188296,177.78302813686628
11,7,116.4291575276519,80.68128582031778,101.12321767756102,,,178.4006628159875,177.4137284599052
11,8,106.94283592894256,77.23534138350061,103.10107938136544,,,177.55166273254252,177.43203430870517
11,9,89.81712338463932,77.55894872171936,107.76792388771476,,,179.1419707945069,176.11865791145277
11,10,101.93332761116557,78.83458480912074,,,,176.33492527037134,172.0813609429059
11,11,101.93332761116557,78.83458480912074,,,,176.33492527037134,172.0813609429059
11,12,153.38707452777993,134.26889327105306,116.2404158174912,,,171.864751875059,161.77548861505184
11,13,65.5724383727389,100.92956146885402,,,,166.53249974507057,157.96310592645173
11,14,159.37308476515258,139.04022427716902,,,,159.9187489159564,152.63982764862078
11,15,173.68891286286205,174.72887244689062,,,,151.7253763863242,148.2733549483335
11,16,174.9242203688843,174.98745842008697,,,,151.82547704185,148.3455134784585
11,17,170.87366937396857,176.31424987659946,,,,137.64313725472303,132.3003002817819
11,18,160.83589265762888,157.65450384796688,117.32043540694988,,,131.7913983665362,125.28636965420138
11,19,,,,,,,
11,20,,,,,,,
11,21,,,,,,,
11,22,,,,,,,
11,23,,,,,,,
11,24,,,,,,,
11,25,,,,,,,
11,26,,,,,,,
11,27,,,,,,,
11,28,,,,,,,
11,29,,,,,,,
11,30,,,,,,,
11,31,,,,,,,
11,32,,,,,,,
11,33,,,,,,,
11,34,,,,,,,
11,35,,,,,,,
11,36,,,,,,,
11,37,,,,,,,
11,38,,,,,,,
11,39,,,,,,,
11,40,,,,,,,
11,41,,,,,,,
11,42,,,,,,,
11,43,,,,,,,
11,44,,,,,,,
11,45,169.02375515970738,178.45168650108536,,,,137.58383817219342,135.87346070409035
11,46,169.02375515970738,178.45168650108536,,,,137.58383817219342,135.87346070409035
11,47,159.7588577637345,148.9136632597091,,,,150.70276234358428,148.2715926745459
11,48,161.18692111441553,136.416275639743,,,,155.82133545041438,151.3524353784825
11,49,140.4692678235914,156.18725007276464,,171.59437905260927,,158.11008255715294,154.1824803124399
11,50,,,,,,,
11,51,,,,,,,
11,52,103.96023913167232,141.1157987013512,,,,173.8982267735652,169.1982276932628
11,53,125.87248394953612,144.81135936785745,,,,177.20638490028207,174.76665082800776
11,54,141.2766997356538,82.89978659618136,,,,179.8172620364115,176.4785168223475
11,55,112.76469833227183,157.3298134935536,91.36864072251969,177.55642812253348,178.3115640952833,177.68331733302264,175.06042950700646
11,56,107.80489679933244,155.21415134534712,91.2501867239163,177.73767428988077,178.08808230671627,177.6900494417867,175.1468134341442
11,57,143.56004190399167,142.02581253827577,93.16809406232532,124.1136844786068,176.35467851601055,179.8352867175675,176.23423628197622
11,58,155.9031577451546,134.0146967574584,,,172.93116543972525,178.5071997013888,174.27661911515327
11,59,98.28825576299684,142.58570213689976,,,,177.3158295393056,173.17406533853287
11,60,144.2038788042381,130.21311733888626,,,,174.15250207821754,167.76932863175549
11,61,144.2038788042381,130.21311733888626,,,,174.15250207821754,167.76932863175549
11,62,165.12811821095903,108.09248792123049,,,,161.82019214592262,156.24048247666695
11,63,168.6038105167694,163.7097489564571,,,,156.15441331253086,151.99029223903457
11,64,152.36251278218083,174.46860108051848,,,,150.39470511668048,144.62783172678613
11,65,179.7220755520115,175.21883587753817,,,,146.18187080108711,137.7539549773748
11,66,177.79020535226016,175.6715282824461,,,,146.18452190562823,137.74314054385923
11,67,,,,,,,
11,68,,,,,,,
11,69,,,,,,,
11,70,,,,,,,
11,71,,,,,,,
11,72,,,,,,,
11,73,,,,,,,
11,74,,,,,,,
11,75,,,,,,,
11,76,,,,,,,
11,77,,,,,,,
11,78,,,,,,,
11,79,,,,,,,
11,80,,,,,,,
11,81,,,,,,,
11,82,,,,,,,
11,83,,,,,,,
11,84,,,,,,,
11,85,,,,,,,
11,86,,,,,,,
11,87,,,,,,,
11,88,,,,,,,
11,89,,,,,,,
11,90,,,,,,,
11,91,,,,,,,
11,92,,,,,,,
11,93,,,,,,,
11,94,,,,,,,
11,95,170.5820149889018,174.23142122474798,,,,134.88772496237132,134.33027446874917
11,96,170.08981802243963,175.12427927310395,,,,135.01123175267966,134.03159910924444
11,97,142.1052280944509,157.55918980100915,,,,144.34371239159265,142.35491541306192
11,98,167.0236339410148,170.6176315525424,,,,149.26102223202153,146.23370808030438
11,99,148.0508000529869,161.78668630196623,,,,154.3349692240956,149.28535479664305
11,100,142.96507781458718,160.72283418712152,,,,157.6732150665549,151.97287579505146
11,101,142.96507781458718,160.72283418712152,,,,157.6732150665549,151.97287579505146
11,102,131.6471238914417,144.80149151848954,,,,165.637341650714,160.13385624436708
11,103,115.57904994357584,122.0305562908099,,,,169.94316018981812,165.6995019803792
11,104,100.0174169651028,114.87246597946265,64.38186927427253,,,173.96046811115215,170.42107256446468
11,105,124.90956225929304,129.4720702271769,,,,176.70343814209417,174.00309950505118
11,106,122.80336480386435,130.538200289985,,,,176.71310648140505,174.09482039493847
11,107,136.359806519639,94.96242251113944,101.98539792008282,,75.76101936961943,179.66026549497633,177.29183827333404
11,108,127.61781839487551,91.9387306653014,98.6139275710338,,79.0502774860957,179.97187598542968,176.94481588889974
11,109,129.30212770631698,88.31979644198947,99.2565900399901,,79.41132279612903,179.65946321648445,176.59843622619786
11,110,94.58637119286672,87.31241808037105,,,,179.3353811681598,175.17847032963567
11,111,94.58637119286672,87.31241808037105,,,,179.3353811681598,175.17847032963567
11,112,101.48656097266516,106.47141699284116,,,,176.0278383931743,171.74979889774917
11,113,120.4319079102708,131.05070813850463,,,,174.18413202366563,167.9895263933311
11,114,147.65952344633448,156.9659442709534,,,,169.97306913211264,162.9800490155299
11,115,135.20589057533428,157.31733547978632,,,,166.17627704219308,157.9465338516195
11,116,127.47627775135136,122.69036916634283,,,,165.61925957729264,156.8622033636469
11,117,137.26632785926026,142.18408196654968,,,,153.33429651142856,146.56891573958114
11,118,171.79647619333443,142.9249761148602,,,,147.4223021083678,136.8882656785443
11,119,173.81764963559843,154.8883362277574,,,,138.1358311029307,131.1756503824553
11,120,,,,,,,
11,121,,,,,,,
11,122,,,,,,,
11,123,,,,,,,
11,124,,,,,,,
11,125,,,,,,,
11,126,,,,,,,
11,127,,,,,,,
11,128,,,,,,,
11,129,89.8118491854616,155.68494396047626,0.3447565874289182,,,34.748961431408055,67.91912792353565
11,130,,,,,,,
11,131,,,,,,,
11,132,,,,,,,
11,133,,,,,,,
11,134,118.1861520146357,147.93664253698853,83.6665991472574,,,84.42802770144405,68.83488329605315
11,135,,,,,,,
11,136,,,,,,,
11,137,,,,,,,
11,138,167.05186724791153,72.85492675218585,118.9568598829054,60.6762695872249,62.42019758552481,43.203374538087076,127.640201012304
11,139,,,,,,,
11,140,,,,,,,
11,141,,,,,,,
11,142,,,,,,,
11,143,,,,,,,
11,144,,,,,,,
11,145,,,,,,,
11,146,,,,,,,
11,147,155.75959836792248,143.7080888072353,115.58905966861104,,,128.5513959124121,117.76437953029864
11,148,170.5681699997495,158.16769607467282,120.723110442922,,,134.38103733323075,123.56609928083552
11,149,,,,,,,
12,0,,,,,,,
12,1,,,,,,,
12,2,121.77949216608744,122.2497302820596,,,,152.44088917726043,142.96706969582962
12,3,97.47966885191728,100.61803433225946,,,,155.80074796459846,146.09441135890228
12,4,134.49093617477146,156.92900756441517,,,,157.01473425234656,149.43218155110125
12,5,141.6002330069752,149.62841289930853,,,,163.82174623735776,155.77734975015974
12,6,141.6002330069752,149.62841289930853,,,,163.82174623735776,155.77734975015974
12,7,114.27636901700302,151.30006919967528,,,,170.38686059477757,162.17593406190548
12,8,110.22252192253382,143.58794460460444,99.56939239754004,,,174.54668058350305,167.7046642987103
12,9,97.40644733916676,92.4898663835848,,,,178.64776879064817,173.0502024041801
12,10,99.34926962277846,51.26895253929844,100.3055182647977,174.4690500986303,170.1746746946393,176.7277165326146,176.18593141649723
12,11,98.69067318974162,51.84234695995922,100.12880948107482,174.73267590577836,,176.68917846813892,176.2783066338264
12,12,123.44781577828428,55.4316996968152,98.97812579751955,178.41751117483972,,176.994880159989,176.53359278176185
12,13,106.15222156181592,56.18437093561021,100.49848964164352,,169.40291314292276,177.98195961980082,175.8497446466516
12,14,108.43582232075444,74.38156007262796,,,,178.7505383399311,174.82504407029995
12,15,96.10673921996616,162.96338595817883,,,,177.34001421241672,174.0705564059845
12,16,96.04250170101704,164.06755997719335,,,,177.27381167070038,174.03989927356665
12,17,103.8027044343678,132.26729783698653,,,,175.0216000261439,169.93550386866417
12,18,116.05217492491676,155.91739825454698,,,,171.70260682218105,162.98040760039552
12,19,128.9046169780819,147.15258647987966,,,,165.84463563668467,159.94799862329177
12,20,,,,,,,
12,21,,,,,,,
12,22,160.86566501331842,146.55634201741992,,,,144.58579064477934,141.9170608829806
12,23,173.83088426398191,138.3049957582437,,,,138.04912074028078,135.6164384425406
12,24,170.3848081280649,178.47976945807534,129.41587372305642,,,127.97754858383624,129.6201836862114
12,25,,,,,,,
12,26,,,,,,,
12,27,138.38523611317677,154.8975250095071,117.99590926406589,,,106.93156497976004,107.43016496625413
12,28,,,,,,,
12,29,,,,,,,
12,30,,,,,,,
12,31,,,,,,,
12,32,,,,,,,
12,33,,,,,,,
12,34,,,,,,,
12,35,,,,,,,
12,36,,,,,,,
12,37,,,,,,,
12,38,,,,,,,
12,39,,,,,,,
12,40,,,,,,,
12,41,,,,,,,
12,42,,,,,,,
12,43,,,,,,,
12,44,177.961901179389,77.05348923047218,121.13936054603906,61.77250367984403,64.31390196505703,30.156436004507423,124.67426225384794
12,45,,,,,,,
12,46,,,,,,,
12,47,,,,,,,
12,48,,,,,,,
12,49,,,,,,,
12,50,,,,,,,
12,51,,,,,,,
12,52,,,,,,,
12,53,,,,,,,
12,54,169.57305198527447,178.0230364082483,,,,129.56488851607324,125.56123834356627
12,55,175.72495402293495,171.55190957166374,,,,136.28329008446948,133.48511461173302
12,56,175.72495402293495,171.55190957166374,,,,136.28329008446948,133.48511461173302
12,57,171.95904664621628,147.5050591875213,,,,139.75513064527314,135.45240129787365
12,58,162.99963965330355,158.58485314614077,,,,143.9205056307448,138.10467448268773
12,59,150.7704950937108,166.24875272561832,,,,148.7717480735951,142.90402724696966
12,60,,,,,,,
12,61,,,,,,,
12,62,88.23341431304833,139.8507295956063,,,,160.66331694426603,155.03929849461252
12,63,86.27301245489535,121.37503341689948,,,,164.49139556551697,158.78247366129642
12,64,130.8276895691597,149.80216684135456,,,,168.8602142928274,162.767724828873
12,65,121.357221012823,151.3444247014557,,,,173.83953635749188,172.2167581252375
12,66,127.90118148798364,150.49069187077495,,,,173.8007259497398,172.48192372620431
12,67,153.5855540331003,149.0691441949027,,,,176.48261413399288,173.57010267156903
12,68,166.43404925812254,147.03523623660342,,179.10671882501182,,178.18783820349248,173.8832189739839
12,69,156.39455468109875,139.96119904024906,,,,178.52799298136375,174.1199678248314
12,70,141.51788272226744,132.6282724130674,95.73194054677784,,,178.38911720497072,173.63365346253923
12,71,141.51788272226744,132.6282724130674,95.73194054677784,,,178.38911720497072,173.63365346253923
12,72,144.9116028613338,139.33404856444378,,,,178.05592896510345,173.56290560595127
12,73,145.27042598923256,161.25954184326176,,,,178.18636922556487,173.4397462955377
12,74,141.31152959666952,148.90225317518264,,,,177.34743756517818,172.60806695205326
12,75,128.07808717135163,151.2619157022491,,,,174.68185442102197,169.41637205768416
12,76,128.07808717135163,151.2619157022491,,,,174.68185442102197,169.41637205768416
12,77,123.17140839353756,154.85641085897774,,,,174.18232763824207,166.03821356506484
12,78,124.77624779548955,166.055045312364,,,,169.83239140130996,160.96596412088442
12,79,123.51174005127966,146.5733636237237,,,,165.62513863092474,157.6749847739802
12,80,146.97774722551833,170.80927064744176,,,,154.41025803590148,146.3238692205863
12,81,147.45030183446246,171.087751287537,,,,154.40778535319973,146.35142549042175
12,82,161.37683289614486,157.29323830483224,,,,148.71161884098166,137.95332135962283
12,83,164.85266634118076,150.6022596868255,,,,140.88319692090582,132.24540063642348
12,84,,,,,,,
12,85,,,,,,,
12,86,,,,,,,
12,87,,,,,,,
12,88,,,,,,,
12,89,,,,,,,
12,90,,,,,,,
12,91,,,,,,,
12,92,,,,,,,
12,93,,,,,,,
12,94,,,,,,,
12,95,,,,,,,
12,96,,,,,,,
12,97,,,,,,,
12,98,,,,,,,
12,99,,,,,,,
12,100,,,,,,,
12,101,,,,,,,
12,102,,,,,,,
12,103,,,,,,,
12,104,,,,,,,
12,105,,,,,,,
12,106,,,,,,,
12,107,,,,,,,
12,108,,,,,,,
12,109,,,,,,,
12,110,,,,,,,
12,111,,,,,,,
12,112,,,,,,,
12,113,,,,,,,
12,114,179.6651794880956,164.50293435237944,,,,133.4322742741952,126.37582319032128
12,115,,,,,,,
12,116,125.01323365357707,157.45400990739017,,,,142.06634558132473,132.8754153939873
12,117,103.76568286676633,145.9894330203061,,,,146.6543393515364,139.28580188572616
12,118,147.31607702885634,154.24363720316953,,,,151.13477869732446,142.3540708959337
12,119,147.5843550880899,156.54852551095,,,,154.05155711482792,143.32521431826143
12,120,124.17465480948673,147.3673407025347,,,,160.28066680107514,152.38309339524582
12,121,124.16484270015977,146.45236919135195,,,,160.16880985586974,152.6109249959088
12,122,120.01169842082732,138.785978077215,,,,166.55179544796152,157.53776263039197
12,123,110.9678768262379,127.78651654325016,,,,171.47130460074948,161.71671661958447
12,124,111.33721993926956,129.54305802091133,,,,173.6645679464572,164.11407320422248
12,125,113.92097385431508,135.90021330691786,,,,179.55376919772212,168.53729160896822
12,126,113.92097385431508,135.90021330691786,,,,179.55376919772212,168.53729160896822
12,127,102.81191038204594,109.58543869136705,,,,179.9860075946598,168.7300798986259
12,128,103.45579005163457,109.0037020010352,,,,179.949659372314,169.01229706934564
12,129,110.49112012210529,111.39210005649534,,,,179.81114861458977,168.28770690609971
12,130,124.14351237543454,115.6226543479594,,,,178.28488893317768,168.1475443179425
12,131,124.14351237543454,115.6226543479594,,,,178.28488893317768,168.1475443179425
12,132,103.78892207897724,113.43533457071511,,,,177.9768926324749,167.98548507958657
12,133,110.35827203999446,141.18506609752626,,,,177.3515409485308,166.8918032397434
12,134,110.17024978103684,118.94623500758875,,,,176.82549768243646,166.37927463774463
12,135,147.26857199985156,142.3403812460768,,,,172.4912518718318,162.6619713356676
12,136,157.88540546011993,139.87464470853706,,,,172.66866639378557,162.67331388117864
12,137,114.3477150425314,126.281572977967,,,,170.01186434264017,160.66174570997995
12,138,135.670249741447,144.2169722322774,,,,166.16505773430293,157.32868515020738
12,139,135.2004229898336,156.162249586608,,174.73223736875545,,160.28200212345703,150.61345112245735
12,140,175.63618690992666,166.52552186558106,,,,148.94497831284826,144.26186868401624
12,141,175.7083073919089,165.85565701363473,,,,149.01279635273033,144.86590142475063
12,142,165.70731312275436,162.67171912625545,,,,145.5401362481562,137.9866862937581
12,143,178.5650436894451,170.42914106118715,,,,133.1851113129092,128.17342690289547
12,144,,,,,,,
12,145,,,,,,,
12,146,,,,,,,
12,147,,,,,,,
12,148,,,,,,,
12,149,,,,,,,
13,0,27.90848567475615,57.8573349560513,,,,165.5163480313129,175.9940359752124
13,1,9.097055868763473,63.83632788388816,,,,170.9924572486502,175.99033919278295
13,2,9.097055868763473,63.83632788388816,,,,170.9924572486502,175.99033919278295
13,3,12.58007948043578,60.283387066525,,,,170.49461238143175,176.08673463652704
13,4,23.003488044508902,51.5164244580979,,,,170.77387726429902,175.9181436651735
13,5,78.78551182168779,59.66790374467014,,,,170.29794859998253,175.81891675065597
13,6,63.20818895617482,59.86885665298747,,,,166.9595516920627,176.333118284005
13,7,63.20818895617482,59.86885665298747,,,,166.9595516920627,176.333118284005
13,8,45.31358674737376,65.64465389386002,,,,166.2969382344702,176.53524283732142
13,9,,,,,,,
13,10,,,,,,,
13,11,74.8759364146135,75.12005452670091,,,,174.15107509883902,176.68380909235233
13,12,70.31003899390983,75.05192284925708,,,,174.1045827864591,176.6248385028902
13,13,69.78104785735212,72.26699694437247,,,,175.57996891074245,177.5207004155822
13,14,,,,,,,
13,15,83.58571212865277,79.23507283125035,,,,178.98123352483614,176.973341084829
13,16,156.28360600768576,77.229570608104,,,,171.40635185062433,170.28504755396182
13,17,155.42052127597108,77.13280530468454,,,,171.12569332275496,170.24444440327255
13,18,162.66140060556614,94.4710988582935,,,,169.17737456386652,166.35457458521398
13,19,138.97344915696542,112.93431582918308,,,,165.92538569049478,162.26233288277592
13,20,127.43497725013016,142.72070151265578,,162.73118996066387,,166.31360724083032,158.9404109973582
13,21,170.69972674613334,151.5065362692575,,156.97394555851014,,160.36749407511323,155.767111072209
13,22,170.25970917634453,151.32879872864876,,156.7487362536744,,160.71130135441385,155.8515756000966
13,23,169.3842323535073,137.13143272828697,,,,161.50975825895625,168.95884483423683
13,24,,,,,,,
13,25,,,,,,,
13,26,,,,,,,
13,27,,,,,,,
13,28,,,,,,,
13,29,,,,,,,
13,30,,,,,,,
13,31,,,,,,,
13,32,,,,,,,
13,33,,,,,,,
13,34,,,,,,,
13,35,,,,,,,
13,36,,,,,,,
13,37,,,,,,,
13,38,,,,,,,
13,39,,,,,,,
13,40,,,,,,,
13,41,,,,,,,
13,42,,,,,,,
13,43,,,,,,,
13,44,,,,,,,
13,45,,,,,,,
13,46,,,,,,,
13,47,,,,,,,
13,48,,,,,,,
13,49,,,,,,,
13,50,,,,,,,
13,51,,,,,,,
13,52,,,,,,,
13,53,,,,,,,
13,54,168.99450494815707,168.94133049465225,,,136.1518863893126,147.14385713981684,116.18797007213942
13,55,160.14822627040627,167.65591857723223,98.40068480612648,,136.06909295247397,156.9228755425522,139.45010156731158
13,56,177.68413903009747,160.16857072487392,101.70021717777884,,143.66467964854513,147.98954134967823,149.28119047915473
13,57,173.2049446913652,157.01177300943604,102.4049613959912,,142.17451071101684,148.42997175577932,151.93927103402638
13,58,167.66690857346143,153.42663854667066,102.68812092873348,,148.2883221154472,153.11332761702346,153.89901549501027
13,59,141.52155725405026,158.7016058900593,,,,155.7548308903795,152.9124371788956
13,60,113.04499326152556,99.38178775445576,,,,153.94398287445452,156.60674759021992
13,61,146.48157241066468,113.1786651403594,,171.8870055965549,,157.10182757947976,157.49370738476102
13,62,148.52690284322318,113.27109206487944,,172.57964165911645,,157.04015653181204,157.534214542574
13,63,122.91992802342236,106.03561024871324,,,,161.53183823818574,158.70930711555874
13,64,147.95173547124045,89.42777920341565,,,,162.3992917752158,162.420906660396
13,65,147.38002242615187,107.43945431935528,80.41792651000247,,154.74808231250964,166.43775915499546,166.03392794212832
13,66,87.59992555025404,82.96145244182743,,,,174.04298983114646,174.93528215089097
13,67,82.06545464063863,82.6101044976986,,,,174.00021032275612,174.85397169737828
13,68,74.0947214036576,116.09205358457945,,,,176.58337047599397,178.32200022278698
13,69,37.77502956430667,66.47379728060137,,,,178.60232815954524,178.56515612867716
13,70,,,,,,,
13,71,65.52630215923935,66.26906975448884,,,,174.52570248781524,176.68848712557394
13,72,67.5201856741516,69.07602851368999,,,,174.71319851970546,176.67742745706093
13,73,86.80951090897331,63.10511957012355,,,,174.2118085903199,176.37554125937632
13,74,58.66751244808434,63.86180345670714,,,,172.09714592168484,176.51919891456603
13,75,24.492148439709577,56.82054622730279,73.95885869142161,,,170.30871885262115,176.32897900120827
13,76,179.77307540625247,66.92965012099911,68.2968886650142,,,171.31651703043045,176.29487257909483
13,77,179.77307540625247,66.92965012099911,68.2968886650142,,,171.31651703043045,176.29487257909483
13,78,170.72977913203854,68.94436638616632,68.43741995662278,,,171.86889317158324,176.3114458271244
13,79,133.63645546448868,68.46731455570051,,,,171.62177665859605,176.97509090352546
13,80,149.90955752422926,74.11285547391813,68.65460169648145,,,170.22384174138492,177.03361528146183
13,81,175.64132864208963,76.72474767875799,,,,172.8955899802325,178.0770158002803
13,82,175.55558231064154,76.877063561252,,,,172.9052838118602,178.32098207538107
13,83,175.76726991250263,119.32837837127796,60.40258426468699,,,173.95307395181115,177.54641984624453
13,84,171.5268285586423,123.7536003666506,61.51994905975334,,,174.0195040113112,178.1215992495374
13,85,,,,,,,
13,86,,,,,,,
13,87,,,,,,,
13,88,,,,,,,
13,89,,,,,,,
13,90,167.90651349719377,124.70437687452043,,,,166.44198071298374,161.13882939556234
13,91,149.34786833502346,111.1398072605857,,,,157.62184568559348,160.10804501814457
13,92,150.49964467816883,112.06858401314142,,,,157.85728482433498,160.47592466349897
13,93,178.11199863757193,142.23925213126822,97.01842577989731,155.1359974548644,,154.7051439950823,163.89118705647854
13,94,,,,,,,
13,95,,,,,,,
13,96,,,,,,,
13,97,,,,,,,
13,98,,,,,,,
13,99,,,,,,,
13,100,,,,,,,
13,101,,,,,,,
13,102,,,,,,,
13,103,,,,,,,
13,104,,,,,,,
13,105,,,,,,,
13,106,,,,,,,
13,107,,,,,,,
13,108,,,,,,,
13,109,,,,,,,
13,110,,,,,,,
13,111,,,,,,,
13,112,,,,,,,
13,113,,,,,,,
13,114,,,,,,,
13,115,,,,,,,
13,116,,,,,,,
13,117,,,,,,,
13,118,,,,,,,
13,119,,,,,,,
13,120,,,,,,,
13,121,,,,,,,
13,122,,,,,,,
13,123,,,,,,,
13,124,142.08358799152973,159.068771323587,,,140.66491528449498,166.5252889710319,145.14980142966428
13,125,,,,,,,
13,126,162.84847182867918,137.65347547869558,98.8167379248844,,141.23313224253576,151.94977810222946,165.45331812642922
13,127,162.84847182867918,137.65347547869558,98.8167379248844,,141.23313224253576,151.94977810222946,165.45331812642922
13,128,159.71026380708466,126.08325062565484,,,,147.4009744049255,157.77447123801207
13,129,126.40328844895777,122.3915852349324,,130.65374323140688,,149.0644975892762,158.09416366478223
13,130,129.00032857449165,99.98240522792412,,,,151.1042503933974,160.74203626096056
13,131,122.9729987563938,117.6597448833754,,169.54533682228976,,160.03886348968967,159.2018109758706
13,132,123.94341631497436,116.73642016213311,,,,159.94785144731054,159.19348325314866
13,133,123.9019309907634,88.84160608553675,,,,162.043800890811,160.89603582199004
13,134,163.05586059255515,103.31926071633448,,,,164.2548938915071,163.14787127273496
13,135,87.78320380397743,86.59556090390835,,,,167.55400056212048,165.08945458433885
13,136,,,,,,,
13,137,,,,,,,
13,138,174.5766342886721,112.61427876780166,25.737750393866357,,,174.907330826753,176.5014189940785
13,139,173.94023575853353,96.82128403056872,,,,179.4651221619079,179.15264433437832
13,140,163.57052328431362,85.15477589137815,,,,177.87758910330365,178.90196971342715
13,141,108.92144512197036,80.22758123268757,,,,174.27409313854574,177.18908335630655
13,142,105.62884053899998,81.2121992856261,,,,174.72860649474828,177.16962442594283
13,143,49.78395237712443,78.6430050060069,,,,170.62959356728877,177.53762789474104
13,144,93.12877779257904,79.03343844724102,,,,168.12960123463705,177.75630995842045
13,145,,,,,,,
13,146,,,,,,,
13,147,,,,,,,
13,148,,,,,,,
13,149,,,,,,,
14,0,6.478627211221551,114.1013231625714,52.52157352648679,,161.56375199031143,179.12366609459116,179.3338446995449
14,1,6.72741340332655,93.37760330925924,55.43799622336823,,,178.63294247488872,179.60051471637473
14,2,6.72741340332655,93.37760330925924,55.43799622336823,,,178.63294247488872,179.60051471637473
14,3,1.224392756963055,90.05490804151867,,,,179.26082077580557,179.2738478999891
14,4,9.442919152159057,82.55264810344076,54.69225726820507,,,179.70003710889662,178.8728971432823
14,5,20.379650689381172,70.27445951350109,52.393948263974046,,168.52547916782814,179.6851695491884,177.59275889093453
14,6,24.386143006913535,96.39909544501968,55.800176233446734,,,178.16482597336372,177.0598849509672
14,7,24.386143006913535,96.39909544501968,55.800176233446734,,,178.16482597336372,177.0598849509672
14,8,23.432893157533737,100.76039057237736,55.53819853937516,167.19313760845708,,177.22640748890606,176.12709291770025
14,9,21.777136742008217,91.14658486745832,,,,177.2238595565235,175.8871335484122
14,10,17.7160306895521,65.96177103834756,,,,178.18844836937637,175.12541128265786
14,11,45.32869125745345,44.19429506223328,,,,175.75237407185958,169.69369543099108
14,12,43.576684241980246,45.07444717419506,,,,175.47194622335428,169.69519115676755
14,13,24.548444036680223,37.62604752080296,,,,173.21287873731046,165.503039051458
14,14,35.899399280810044,32.93193357764821,,,74.72484053505832,173.17320886599686,160.89913530983236
14,15,65.04299317273109,54.20408641086401,,,,167.6125459609917,158.46028119836953
14,16,133.46808637669787,158.1645890835898,,161.0826582979047,,159.77877738296783,150.33875154143857
14,17,131.97593798174228,148.52077418908107,,160.92960766084846,,159.10935660377874,150.3701484585042
14,18,133.86486956046107,149.00198102271204,,,,154.23551104262012,144.122830575935
14,19,161.55610785252463,149.56489568946355,88.44774000736408,,111.88243515819538,151.51424694110648,143.3666934760654
14,20,167.49350793870894,149.11348247270365,,,,144.08506471279054,139.98349902013612
14,21,167.92712847015542,164.2390510856985,,,,127.64129917937755,123.8194188948218
14,22,167.92712847015542,164.2390510856985,,,,127.64129917937755,123.8194188948218
14,23,,,,,,,
14,24,,,,,,,
14,25,,,,,,,
14,26,,,,,,,
14,27,,,,,,,
14,28,,,,,,,
14,29,,,,,,,
14,30,,,,,,,
14,31,,,,,,,
14,32,,,,,,,
14,33,,,,,,,
14,34,,,,,,,
14,35,,,,,,,
14,36,,,,,,,
14,37,,,,,,,
14,38,,,,,,,
14,39,,,,,,,
14,40,,,,,,,
14,41,,,,,,,
14,42,,,,,,,
14,43,,,,,,,
14,44,,,,,,,
14,45,,,,,,,
14,46,,,,,,,
14,47,,,,,,,
14,48,,,,,,,
14,49,,,,,,,
14,50,141.2902458645,165.17760983318158,,,,139.931739760913,127.21598077391208
14,51,161.87645334617935,150.8062967336849,,,,144.41454569369412,134.10295733653246
14,52,161.87645334617935,150.8062967336849,,,,144.41454569369412,134.10295733653246
14,53,104.2661785969178,134.01324385850478,,,,147.58403968706477,136.3536609430503
14,54,48.30062576440066,86.22388476114273,,,,149.8362501705489,136.94730687205933
14,55,55.26371232545388,59.43413370626023,,,,152.66038785639125,140.87106479472075
14,56,26.85149531692221,28.4588053895032,,,,161.5940359856773,149.91971270401217
14,57,32.60302574453195,28.633947389020328,,,,161.69321863668017,149.9562740575369
14,58,35.811479980205384,25.934375908569805,,,,163.63403784647636,154.8865471914106
14,59,32.71620621403645,27.65114024918891,,,,164.03129276352936,160.12507493409424
14,60,,,,,,,
14,61,9.649645657563944,47.96742449741091,,,,174.71365063874993,172.81680812916952
14,62,11.11554378112375,52.82346592895038,,,,174.61069349963532,173.1421720264095
14,63,32.00218662963605,63.55606432256042,,,,176.8049709263521,177.64779381009046
14,64,62.56020732975498,73.22493092725753,,,,175.8417570551955,178.65727604647748
14,65,117.97266072950154,78.2726595363668,,,,176.72402721488072,178.9604578541329
14,66,83.12389711495902,75.23251669763633,,,,176.93954093561135,177.8029959944012
14,67,55.74530384417769,73.53271776841811,,,,177.26917554523646,177.75180655856045
14,68,66.10421246486466,64.24347873935245,54.72934213322156,,,177.34724091678626,178.3007419265524
14,69,84.6666637893354,74.96496231756952,54.0879091870369,,,178.8832381722419,178.43954981687213
14,70,52.295503489602595,56.67447588351604,55.35749284378625,,,177.6129120753257,178.32405748349368
14,71,85.41970781475204,64.6881400516971,52.64206514826336,,,178.9288646141417,177.70071985041682
14,72,85.41970781475204,64.6881400516971,52.64206514826336,,,178.9288646141417,177.70071985041682
14,73,45.13571394210867,58.46273482322597,54.42016808466442,,,178.3774585053514,177.60037389530694
14,74,44.68857053248416,59.340861592229615,52.504171986972175,,157.7201862848509,179.6928451948141,177.42960498206756
14,75,23.05951863715372,45.181055655397515,,,,178.31198189196485,177.18064724927265
14,76,12.5861224449923,39.73579223194774,,,,177.7718697141076,177.4732933862905
14,77,12.5861224449923,39.73579223194774,,,,177.7718697141076,177.4732933862905
14,78,13.383731033491136,41.06594519884049,,,,177.91009551334471,176.9741358666776
14,79,13.110943939486292,40.5785749224037,,,,178.55949352131458,177.1608832094879
14,80,10.614810202436985,42.40062359168609,,,,179.180449032931,177.10784418472613
14,81,7.719758855265777,41.07047452032305,,,,179.34614656243508,176.63726967363772
14,82,6.905263516709891,37.71404446166551,,,,179.18618699503068,176.35378239796873
14,83,9.419538962071895,32.34057223465645,,,,178.00385443036782,175.60155974431146
14,84,21.630105426424,53.975817621221005,,,,173.2577104971832,172.13932776999977
14,85,15.360255779458194,28.864615002224195,39.08162565506669,,,170.37968654638604,166.05459528460412
14,86,21.611303295460104,74.8913121527805,,,,162.47837702214557,157.35547462638883
14,87,25.77618240347078,64.8091042254761,,,,161.89432293174082,157.95541682011626
14,88,32.671552301146626,29.94044357618184,,,100.665799521302,161.60289399410155,149.67045826510136
14,89,47.35889019413085,58.21256395613572,,,,157.31174731654193,140.86535632309665
14,90,,,,,,,
14,91,160.67303421827486,146.66828536100863,,,,137.2641068802644,133.5094401247827
14,92,160.315202399371,148.63670584749275,,,,138.06537483052338,133.16830195495672
14,93,173.200904581758,157.28222701558514,,,,132.87226213757677,129.32960045811885
14,94,,,,,,,
14,95,,,,,,,
14,96,,,,,,,
14,97,,,,,,,
14,98,,,,,,,
14,99,,,,,,,
14,100,,,,,,,
14,101,,,,,,,
14,102,,,,,,,
14,103,,,,,,,
14,104,,,,,,,
14,105,,,,,,,
14,106,,,,,,,
14,107,,,,,,,
14,108,,,,,,,
14,109,,,,,,,
14,110,,,,,,,
14,111,,,,,,,
14,112,,,,,,,
14,113,,,,,,,
14,114,,,,,,,
14,115,,,,,,,
14,116,,,,,,,
14,117,,,,,,,
14,118,,,,,,,
14,119,,,,,,,
14,120,,,,,,,
14,121,161.5722036393882,163.23333158542636,109.16724151573098,135.84960374723758,100.59621815126845,130.10184871392133,123.9844601147972
14,122,161.5722036393882,163.23333158542636,109.16724151573098,135.84960374723758,100.59621815126845,130.10184871392133,123.9844601147972
14,123,164.9821944626045,156.62194825255838,,,,132.07012372944956,128.14315716305666
14,124,137.41816905464222,128.4666452553863,,,,132.7813822078991,133.16980412511742
14,125,152.96707902050545,137.21313133564445,,,,135.45829180378072,136.5614395408288
14,126,74.0918297574038,87.56458441595204,,,,141.54915391757103,139.92803612314069
14,127,74.0918297574038,87.56458441595204,,,,141.54915391757103,139.92803612314069
14,128,130.90148221445236,92.14063037738156,,,,144.2733357526698,141.9977768726019
14,129,42.83587040635731,95.83617841497752,,,,149.1513810137956,141.65831853529414
14,130,,,,,,,
14,131,12.865768708437525,48.166937435521504,,,,159.19101302629758,158.0606678871237
14,132,12.867905471188369,47.91539214925674,,,,159.15212925255796,158.0998449777737
14,133,0.3900998755307111,54.8967782316147,,,,163.52737693167907,161.30025647613928
14,134,60.28440758375952,76.98301543118238,,,,171.9509982780248,167.1835905122956
14,135,51.99701233105811,88.9705778928926,,,,172.07998805334415,171.70910468427013
14,136,9.3896483944065,32.49919905887717,,,,177.24419432415405,176.2651938315335
14,137,9.727295115347212,32.60681684125994,,,,177.32616104571758,176.48412071425534
14,138,0.7934012616477355,42.017012881765304,36.25711562917982,,,176.81598143988575,176.46102506824386
14,139,7.65600238063703,42.349787903727865,59.152028466130936,,,177.60387812385392,176.6249038884758
14,140,9.63993203785466,44.451273558544855,59.15860436856848,,,177.71237209538555,176.60968684613783
14,141,16.83362017490165,47.11268772817494,58.75392854140283,,,176.12677646822686,177.06067516647914
14,142,16.83362017490165,47.11268772817494,58.75392854140283,,,176.12677646822686,177.06067516647914
14,143,18.635252064959307,50.68521577984579,58.10940213754599,,,176.51892117883045,177.10677822832866
14,144,29.43072933300947,54.998725930792496,58.673086686273145,,,176.34636916934642,177.21421350881442
14,145,29.587641763507857,55.102827010482,58.772597152810775,,,178.82227253801287,176.6812385152865
14,146,24.718463680790546,49.04894562662633,59.44448770877462,,,178.05987008167918,176.57006684529108
14,147,24.718463680790546,49.04894562662633,59.44448770877462,,,178.05987008167918,176.57006684529108
14,148,16.85596005168243,38.32968775593236,59.4727995148428,,,175.60000418760652,176.55091424085236
14,149,19.960302213726496,42.99853838475413,59.349620353004134,,,175.83228591764595,176.27397092454504
15,0,25.86034704992442,44.69687910258842,17.17247920616612,158.9919718979884,,139.56294857432047,161.77061252251272
15,1,23.24809947611933,42.10285847390458,16.185591860808692,159.14274851984914,135.9553655196832,135.7427425400098,158.82900671100404
15,2,20.539259389114903,38.84904215177252,16.811727707727893,160.7399468945244,,131.79785996830307,156.70614361625437
15,3,16.885473152759175,36.04305716018927,18.043304253121097,165.7949710221636,,127.31396945632623,154.00545858045157
15,4,14.30157879589735,36.230540072907374,16.197644034131372,167.4708213508058,152.06734716878043,125.2339628462443,151.10724934194832
15,5,11.16780975736594,31.90448897164317,15.25541807961384,165.76580456424657,154.1939192953682,119.14396083862742,147.07871093882827
15,6,9.104269567113404,43.56934391411217,14.000571138371225,164.87030070103947,138.65210511983926,115.2367098785482,146.20151392612715
15,7,8.476257089466737,33.25122258352045,12.379394018950324,161.05206031432837,153.2130531602437,113.88005570170608,142.11384968489023
15,8,7.400491702564111,36.99431226901763,10.61292817381501,156.42473499644996,140.60301406520452,110.24415693518448,132.49562240178193
15,9,5.775708006556745,29.137777663943496,7.279234080959011,155.0836989967572,153.583026022567,107.9066050871508,127.6436798878552
15,10,4.634996403417023,34.31528449797881,2.0824900047446793,155.11053508630314,154.95201209465256,106.22616586452772,126.22752682448028
15,11,3.901342903756865,32.31010321244614,3.7443263429445017,156.94599155514393,153.33838725472523,104.16218699828656,123.9118442148326
15,12,3.061605938789834,33.721675649967125,5.106730255738035,157.91060840512384,152.04330008262951,103.23098394392336,126.4766867049096
15,13,2.6935874127264476,30.772448007288837,3.966294964116243,157.38675600579904,156.7576722397944,102.80980888766658,124.72626986256672
15,14,2.2644627665458565,34.77963932692297,2.4541408928984834,158.7607658740114,159.40559546632656,101.88070882476217,128.8453571192087
15,15,1.8249866628504616,20.962804536456105,1.5461448969042342,159.1804537118576,175.42379024732034,100.32642094403472,121.18088428340997
15,16,1.2722032934819854,19.34747512292888,1.0153574408615964,158.62929655672454,175.62133630694314,99.58774999286892,118.21036409772968
15,17,1.767767843361031,21.5029326146696,1.331729055700951,158.6594458704906,176.1922140429422,99.4050594252048,121.91286384589093
15,18,0.4889834199786904,27.52935766694904,2.0483112986419987,161.30258183756342,162.48795477579014,96.3285266546378,118.71911800838105
15,19,0.4202406959759837,38.22891865421457,2.333677221887959,161.9290165843583,163.00207662847507,96.19470415649036,133.95471058586526
15,20,0.4096282357933258,22.29612997470761,3.0533301498737035,161.74883221525434,163.87246548792731,96.61009074637664,111.87973920038328
15,21,0.8857662650591251,21.096704824384936,1.704573324439973,161.15837224881722,166.0583375122164,96.83611158693842,111.70788518463787
15,22,1.5785411167476684,8.356360738440888,0.8658911926708889,161.39621181579267,179.891767091007,95.7790846749575,103.14674728805925
15,23,2.9672626318976043,10.64780511840568,1.0881207154279686,162.0466524421365,179.91389786269872,94.1216063827398,107.61564397480797
15,24,2.87451489939175,7.476254162322491,0.7290360522404994,160.595742851607,177.57529690819123,93.82486659835536,102.34371231190156
15,25,4.150296899324073,9.147959853833962,0.9652836555245764,160.29068985905957,176.9653923486021,92.45955338196951,105.25105934414506
15,26,3.87695483655222,14.114723411918495,0.0096350989629084,161.246609481993,177.26599987765698,92.9011398790282,112.44162967130704
15,27,4.678018837201858,9.03371193434234,0.6255422327858721,160.59141757389418,175.94408486132673,91.32773700432406,103.59601114842812
15,28,5.179533273154807,23.57613118654147,1.737567423240529,159.88035619746236,168.91286674568914,90.66985287656382,113.19206326803192
15,29,6.864217234415116,17.867232100122777,2.235488024982581,161.09196238615775,176.3661121645164,88.83172040741935,107.50709600471556
15,30,6.896607912454135,20.755733757034267,2.0961211231886483,161.30374236661876,167.56985668243996,87.95958881755226,104.89754294979424
15,31,6.785426660999121,14.819428006850137,2.4682746144242045,162.77008995066254,179.97768574802663,88.98290403565441,104.1668825220584
15,32,8.409711213239703,10.425510524321236,2.3909410924819805,164.29367715912153,174.70197149172952,87.03770791289799,93.229241209684
15,33,8.131234415495381,18.51584449178337,3.06202692332033,162.80053163705588,175.3960091505433,87.3040398210054,103.68140207398068
15,34,8.257611432340221,25.45887992534539,1.2702624243678753,164.56313168109273,167.9805736171898,86.12165128095764,110.89363103956424
15,35,8.86213622786979,23.716505248618812,1.756928684991874,165.36023563778895,174.74121735932334,86.09893624596354,97.7126575387388
15,36,9.07340572346551,22.05327534521687,1.8173708311605576,165.01683010569093,176.7646184276088,85.17207315240904,97.69116582705584
15,37,9.578332225897665,27.659592204814743,2.5170731773037804,165.70458959436024,172.051835629656,84.61095990770346,105.7883890728424
15,38,9.412459839991406,26.99640911386695,1.5539092702429953,164.63468708757517,169.9154261688116,84.39432086713379,109.2315048624626
15,39,10.115341263370263,22.61565847300253,0.1958669322477608,166.1714461017977,172.18921944059252,83.77421386751696,101.96582302232392
15,40,9.623115940490498,20.054390183310097,0.943630557602402,165.34195728750748,173.95347628734723,82.92627847547463,106.47733966291136
15,41,9.65215677751318,19.119055202316968,1.3700967982099224,163.5556081841746,,82.66615589555332,107.0961055266504
15,42,9.906258095988232,19.1445840306486,1.9251543782591056,162.76175321252617,,81.68749665995551,110.28018533383184
15,43,10.41970402251199,19.712003749850854,1.6350713475637333,162.93602780093616,,81.49688067658342,108.95265752000688
15,44,10.634068817774253,22.349098685342906,1.6580282235462591,161.9934320648448,170.13649838301356,80.71527682404496,103.4584684900647
15,45,10.112784401836878,21.50133401563787,0.178514256389997,163.08805236933222,169.154291507294,80.87790396791132,103.39968138731572
15,46,9.491730894332756,19.50093221575717,0.1348472139702505,162.60318455530347,167.3021491567385,80.93174274476968,100.72873387437646
15,47,9.702021482003683,20.797730295160942,1.2572151554484692,162.20655971448105,170.09272082583007,81.03125551520141,104.29545174699028
15,48,11.294838144931589,15.147326303137984,2.1489343837286357,161.02528184748175,173.46686184200044,79.69104677929748,24.52968188056431
15,49,11.550770702210544,23.457100168837197,0.8948330026866923,162.4438994105788,170.3858126992448,78.48971998748067,47.795218209921195
15,50,11.66393718728191,23.91780626427577,0.4187115930331337,163.09130361847542,168.90397335192304,78.94357243627123,46.31289612488416
15,51,12.18454749074839,23.844606141872536,1.54206766686077,161.34538111541772,170.36628480615136,79.9624161476282,48.55826349537547
15,52,12.702029241891635,24.24449657583249,0.9014227393793044,161.68824380553343,170.53406048814875,78.99337223073488,48.45719633065279
15,53,12.615735360913712,22.57374594154881,0.7686358444822458,160.79885253993763,170.90316912929467,77.29387330782914,48.51953459080002
15,54,13.19477406396101,10.286207219583511,0.9251195723411744,160.07383022062544,168.77582274577446,78.27420901531943,30.37553266403354
15,55,13.006609352228288,24.19457100368103,0.9318555190307456,159.89689345616048,172.33787824516642,77.96062725256293,51.37236140804746
15,56,13.627012445309363,25.792159008932632,0.4549630028068371,160.45681515793353,167.4085138925382,77.00980836666766,49.70357638658221
15,57,13.7104743536548,27.08776340948308,0.7547736270842049,159.30808145017917,163.18634742031344,76.4828029922568,50.23692622471877
15,58,14.259234426284356,27.587780295564503,1.9950447173107184,159.0018603297393,165.32791400748488,76.67547118621664,52.71246940410976
15,59,14.128549026769363,25.08295599372906,1.0466320128919897,159.9451952251706,168.4973025220709,77.22089931306219,57.472111832476706
15,60,14.515913471797896,21.028572248243925,0.5122877238999198,161.1515999031734,178.16072265822953,76.98796854208504,50.29698752545546
15,61,15.119204249360251,26.149462521197453,1.18757805097431,160.2307039446763,168.22298809882386,75.90765054434824,53.29432143998925
15,62,15.87612952526048,24.095978010362977,2.7897278671377226,161.08259332139065,174.57218437371176,75.60711541576337,53.36673690274823
15,63,15.969909994171038,23.64708225128097,1.1850745592290668,160.29074483640431,169.76860728966574,75.1331686142274,55.346951091205405
15,64,16.15902689151188,23.725615481118208,0.6434359805525061,160.71018468221416,170.0752552053235,75.28695268666924,61.13986009920611
15,65,15.86765050244782,22.930082479738186,0.2333013854362355,161.82933823075768,170.56979361430396,74.92175451038382,60.11286536195202
15,66,16.746593784129562,18.50960285939385,0.976658221106594,164.30651772666442,175.1740239968201,74.71567751030253,61.96586885763397
15,67,16.97515460849237,22.233349321301542,2.759196550542739,164.24785789842355,165.62436006699022,74.69162022002227,70.75547290243917
15,68,17.085341051790998,17.183743999863914,,,175.23266708559123,75.3119001857189,64.67869348047957
15,69,16.847574632908625,,2.9667930910776903,164.43039350344202,165.3516028623808,74.56377384324084,
15,70,16.06246616716242,,,,174.4275692490621,74.58789493633806,
15,71,16.30831649035374,,3.3864069122414375,162.3255700626739,171.4226064451585,74.5245689351277,
15,72,16.31898509635197,,,,175.48775411821185,74.29559686442335,
15,73,16.04051069298787,,,,179.72848267626614,74.96870092033025,
15,74,16.159499914407927,,,,164.73658558692458,74.69191174670154,
15,75,16.933033863117625,,0.4539052602145345,158.1701584433515,159.76161633082145,72.7470783605883,
15,76,16.9905481498971,,1.5726537475023483,158.0777082665171,158.8533388840156,72.89668408803347,
15,77,17.215102526437946,,,,160.98895343026172,72.53441480526767,
15,78,17.250615472263924,,,,176.40435727689243,72.15136970395243,
15,79,17.676863664612416,,,,173.74758897495005,72.55422618208107,
15,80,17.387215862782956,,,,173.85690013776937,71.57640143998746,
15,81,17.17450033701731,,,,176.04033052844727,72.24046820322391,
15,82,17.953518197553624,,,,177.4057841488804,73.16103464250263,
16,0,27.512967162507454,17.607722142317318,0.4653447502052789,163.4026637527394,170.45497399412844,89.8382016219156,114.6205546713944
16,1,31.09607185041267,16.94599032599133,0.0702078428353102,167.2205841882564,173.90734670648914,97.13847660703438,118.0802683307643
16,2,29.651375681793965,17.650566314410874,1.064383813993313,166.9357709009437,169.54522575318634,97.0861945201469,72.16527880261359
16,3,34.10973942672143,21.38230861289247,1.3694415984239323,165.4339371358773,168.45907624773704,102.0851974176656,83.03230535029392
16,4,34.8567962315145,24.82050601339112,8.627944298687671,167.1286324023408,147.9227299689161,105.74837110031956,88.31161275221618
16,5,39.146065905290314,19.049955053411523,2.6350343194083288,167.0707878673386,158.77132858992823,111.04019766251491,87.03011391360204
16,6,40.90314300570043,20.81037767405514,2.588572913168336,166.3415786686965,167.0468844784427,114.12727273351932,85.34141544084353
16,7,41.12665280128627,19.547269129121204,1.394033769553633,167.25404509185438,158.04297741447616,118.32604376426768,88.25540996640447
16,8,47.6020023461264,20.291969716605177,8.765612181808088,166.3976301813682,150.4502911542305,125.95005779098584,95.68343944858962
16,9,51.65779156712819,21.503631180523055,7.023349433442367,168.92414434646452,149.37764174110706,130.56412537066737,100.33002405316958
16,10,56.41463435639356,22.94033311122326,6.022126100130784,168.3217619537988,155.4501345229434,139.22833308707405,107.59935762333964
16,11,60.07841996387705,21.0319252277407,2.9412338801795146,167.47755194535569,158.91809524502736,145.30218984557794,107.65672037839968
16,12,61.82386367559262,24.894770341094244,6.397442404961784,165.61555110049326,151.68831567380107,147.95348832503447,113.84202136331828
16,13,65.58194983252884,26.78082034135149,5.362918611680089,168.62373399602345,154.94698543218385,153.54356710599316,120.79173556057292
16,14,68.16848300933593,28.781146701634324,9.364248321851338,166.13418044056712,151.43872614343536,157.5526033248281,125.19307266668211
16,15,69.11245789932849,50.96165742646642,7.724374011421239,165.45622243613013,149.004085421956,159.04036021216496,142.779262598087
16,16,70.61554517578332,57.85937158028115,11.104500868269218,165.41042193194713,142.00414409076976,161.97809622663544,146.76265730336982
16,17,73.20933703140955,39.09704143529278,10.26532329505954,164.46194210926714,143.42796642859756,166.39886137401686,142.38918019792158
16,18,74.57472072174569,40.68726726036446,8.15407819485492,166.22224346074586,147.63830018969898,169.13075128824732,148.0596678210474
16,19,75.58211104285895,44.12353607651969,5.528166580515051,166.4248483955044,149.3801842099524,169.80944970946086,150.96421267188347
16,20,76.17836132142679,47.08656668486909,3.9547627332351,166.5263547129372,150.94071506606844,171.25399173368606,155.13445919729665
16,21,76.02044221574552,48.292655577074655,3.049360823069572,166.6939538066116,164.8355224053444,172.01592218150125,160.3320603234073
16,22,78.63506900395384,72.03589882032225,3.9054243888704305,166.27720379621638,152.31401350901763,175.08726289319276,171.2452301200719
16,23,79.34952508341733,52.833962234049835,9.993123068199754,167.00047560173553,140.89074480391633,177.09212686578076,165.33860956732636
16,24,79.6841532271367,56.3758270940727,10.485388790810976,167.8478065396184,141.96454500363186,178.30896971482628,167.44413021298465
16,25,80.48622508505812,55.413448359279194,2.876121159112407,166.634947544838,163.6836571266206,179.1376259170169,168.50428017040977
16,26,79.71731658031895,72.34411503037013,4.029762737206715,166.99629502363857,163.80997876759213,177.46647680673038,172.87858962039277
16,27,79.85967497691068,73.50394454297125,2.513362797330704,166.7197775677826,166.9013613414836,177.8860055205096,174.5557206492684
16,28,80.58213473333096,74.37267225359047,2.7659083268726437,167.18853152223463,177.93191574146536,178.2560557221109,174.7871103008839
16,29,79.62344045551102,73.04777248070629,0.1690472328271528,166.29694465540098,168.79319358006998,177.28213732820768,172.4395156003876
16,30,80.21510693150742,71.68979270124166,2.7687900086227804,166.23821593001475,163.9289017680565,178.58425389316704,171.28726856392362
16,31,80.31616355621483,71.890354258174,2.5150973968313526,165.2267802491356,163.2220414356104,178.61764831363544,171.81113723129215
16,32,80.28587957368877,74.96108067654276,0.7801969777613709,165.56101698738578,163.64680843371968,178.80539408526252,173.2130265004871
16,33,80.50529655196397,71.43595188316934,1.821506464135919,167.76237748057724,166.09173926952343,179.2038060215551,171.993316513323
16,34,80.8612816527713,70.79028059800255,1.7885855406528215,164.6666078249592,164.1761827935593,179.9116451219387,171.4644125711367
16,35,81.25418966061862,69.78119803108746,1.151523743605621,166.0091787024875,166.55109873550256,179.43439744820873,170.15264764605627
16,36,80.62615146773037,66.69953694251757,3.2097276342327548,166.5827677834915,165.8620796289046,179.73871521106935,168.89397699300122
16,37,79.70462432382446,60.72961487060373,2.598178394131305,169.2415026735367,171.14663792531766,179.3163176500041,165.67798878766183
16,38,79.29390811941607,60.93680775168808,1.1485459679564038,168.28151982246257,171.46013564167595,178.04426145911154,165.70104526507612
16,39,79.06609565286928,61.28165824613249,2.175283949143076,168.15790169016336,170.04653840751126,177.91277091626625,165.8422328959834
16,40,79.35280481658735,60.95481058362592,1.1742581343234657,167.48676073850405,171.27378223912785,178.77684413090856,165.10791449760782
16,41,78.74307276897336,61.29980002038795,1.6605239117048114,169.30891937537191,172.17651661017894,179.8153513721644,165.89371736274168
16,42,79.04243485289912,69.87325473149818,0.1986908471239992,168.2020712002405,173.35532220645732,178.11942661720377,171.70892817909692
16,43,79.30163428052282,53.25990892113344,0.5892319389778293,168.16328422665023,172.48302969412373,177.70426375094294,165.45120961946046
16,44,79.42736032328207,54.23790892794947,1.027211060305802,166.26472522151988,169.82552672081704,177.91563172241118,166.43848301887735
16,45,79.38125948095396,52.33817005263004,2.415229466383208,167.88144157640778,171.93645573975857,178.64847310823762,165.15531575537958
16,46,80.18363603881541,59.161305858815886,2.881352438341689,167.62727486196047,169.42241944275037,178.4551110805906,161.75555813394348
16,47,79.10199119184469,54.96173452521395,3.031720791823575,167.33464859829976,169.8343108861912,179.594347435336,160.17484445884656
16,48,78.68697937268173,67.083490922706,1.9896488386618243,166.24783771474816,170.40889940307582,179.41268023979472,169.2252265218156
16,49,77.98237302402521,50.89401709855679,2.1156923139177923,166.66005828889485,167.7667269634351,177.35793680658935,160.48159849155033
16,50,79.50115063661424,49.31874029273715,2.404152312592441,164.0288736500084,166.35339057289195,178.20781438237276,157.14443208675263
16,51,78.04837477120984,49.37438743236255,3.025743312647542,166.78869118345656,167.15757951178315,175.21692846769244,156.7535351531328
16,52,77.6518447018291,48.18968039031378,3.1403420738957113,166.42180132319845,169.2853189454903,173.7528847942741,153.95537550590248
16,53,76.11511443868707,47.60932068336373,3.039825989315168,166.0169721745354,167.72296312103728,171.97813953992514,152.6132411016961
16,54,73.41711150332908,51.071983282010365,2.452950106145034,167.42766778788632,164.60103448972805,168.15459805749364,151.57649829098085
16,55,71.8729153389718,51.91295869744698,0.4352905491537934,169.14113003991767,168.68652643230325,164.76794124950982,147.5749418763162
16,56,70.36733665339628,50.43718708462448,0.1088606898453841,168.8481326325182,170.26455263401448,160.77535500888132,141.2906815519708
16,57,68.58473583042418,45.79300566780396,0.8514139500057202,167.9278445640646,171.43673461085086,158.8144373224392,141.42079548014314
16,58,68.10660360060587,44.16567046713886,1.8513498066176657,168.0609979540177,169.8026250883413,155.34643167003796,135.361361553518
16,59,67.4127829652047,42.36405500492072,2.4945995516339328,166.91806357735692,171.02003139012663,152.43905740317476,133.8958785269938
16,60,65.17774660781832,40.54261305749892,2.3770916015473884,168.38085813335698,173.45154059035298,149.34162724096552,129.1566411076025
16,61,61.82672262815658,37.46045559415955,1.3281327567312893,169.90419721966833,177.13651116001935,144.83787570171071,124.96114422941264
16,62,60.26768546929121,35.814332037041815,0.284581106371385,167.92564058669754,175.48750127221322,141.16759327318678,121.02924277838532
16,63,58.4429236552738,36.35452549554832,1.7862193571014249,168.24359136234915,172.40752404793352,138.37677356070978,118.01841793326112
16,64,54.94184721794497,37.78651460301637,1.946360304977389,167.56300204714063,165.44571333052986,132.01367294776986,114.78100797205478
16,65,53.231607240167946,31.66335047173656,0.8677698310620579,165.402376141601,171.54958186775315,129.81498380300175,106.13399913012
16,66,48.056659669424725,32.49470196290149,0.6000518006529166,169.56578546813026,173.35115931826073,124.282279377989,108.28123904130666
16,67,45.51287009762859,38.039833976276945,1.703082750550295,165.48468068298612,162.97935208018444,121.45365404820738,104.44633481330015
16,68,45.360731610545066,37.016106468542674,0.732971590325684,165.52258001923477,165.77129093837252,116.06577698524256,98.70420017292508
16,69,43.05771496312534,25.360941379847997,0.8367917244474371,166.50599903023462,174.18264923116354,113.22263984191017,96.66858862790166
16,70,39.540113112264365,31.06502230769135,2.327512400729021,168.35754308182473,170.59963414350275,107.52826228384184,96.54431725191507
16,71,38.326853755310744,34.02899759119343,5.201053977609949,168.3130227852461,157.6905534070015,104.30858011458282,91.00093754127506
16,72,33.53532570985916,37.72000210309789,3.03085225857766,169.20063587969742,160.69940024915792,99.72664264751782,91.292374931792
16,73,33.129286822948224,30.22466129791973,4.241273205802279,170.49532705821045,164.62499489969824,97.71659737963536,84.55125173776409
16,74,30.697682292301156,22.20328562115097,3.657112975488879,169.69841966793766,164.17871952466658,94.60275477874616,80.87293282664115
16,75,28.085629344406353,33.217867201169234,1.7593096917684805,167.8160435646416,159.44063222732362,90.64639670708182,80.96872949353035
16,76,24.50891035150947,27.66539385481902,0.5326661675772713,165.7078047165312,162.1351579818679,87.53556720794484,74.90008897394304
16,77,22.55500798341318,28.008123212184035,2.24946897462439,165.8440033589697,148.90732437339835,81.5781985117781,74.57166218405052
16,78,24.149226192441297,26.866687160961657,2.2027300414069892,163.961515859759,158.0486373048605,82.32478424346007,72.50406547900897
16,79,25.334431576733454,,2.6539368690549905,165.18056625892498,168.3397756616368,80.3488481315518,
16,80,24.569486471486435,,2.360354675142364,168.1629054890738,170.36885283597675,79.08374044689457,
16,81,23.15782741042982,,5.996524426421817,167.53192512950002,161.05598771895748,76.46098178459299,
16,82,21.547639437149694,,6.041394191302714,167.71706244287824,155.88877627361015,74.58726682448845,
16,83,17.656989641406515,,4.087942910591659,168.83480715929815,146.38374493629115,70.9794871914281,
16,84,16.74640323227574,,2.370767509224273,167.62247657453625,158.90693684438452,68.68751783923501,
16,85,14.24028583693986,,0.2674596813445173,167.98984163911803,150.28164612863094,66.28226913615595,
16,86,14.945771090217086,,1.270685303227413,162.727172004855,144.8920021096495,67.31316775658392,
16,87,14.500477036163058,,1.238145519996497,163.86941353823295,155.02847705845102,66.35506152281343,
16,88,12.687568663686347,,3.0345072231679695,164.85152244410955,148.88515392362544,65.03605900046146,
16,89,9.51495094777031,,0.7411262121931401,165.89104814481198,150.3727411429813,61.88809736814304,
16,90,8.530010503753742,,0.8771847511954075,167.48373413425563,151.62669262478715,59.71019212996519,
16,91,9.780772001485042,,1.9935761430837329,165.29587228128102,162.93455302812893,59.954376266694766,
16,92,11.047486644459957,,3.520946892560416,164.07999719767972,165.18200203252846,60.89016088994679,
16,93,6.893488019388245,,3.7989682820673982,164.35833226195874,161.2455468363742,57.91513202666372,
16,94,7.398131254643808,,4.238513212247486,165.67818557725852,162.12471922639656,58.05731092724338,
16,95,8.59176509889955,,3.2046377121423464,163.8986716389946,165.36829663988445,55.38453343880459,
16,96,8.426856354957456,,4.995856975201395,165.2599131976431,167.20996293605646,55.72217679313674,
16,97,10.555612395608955,,5.528216024081612,162.53457517348028,164.84714359719558,58.806896198716665,
16,98,9.852421289727856,,4.426653567094922,163.65786573377432,167.60980215465943,57.636977431039085,
16,99,8.079283097511597,,5.4102436829792895,162.47338648400645,166.98366501184972,53.70083742531164,
16,100,7.762840860624937,,3.4688517356707753,160.91467925486594,167.11846589368125,52.49372789605158,
16,101,8.723582472840818,,2.799786553792707,160.97131399694226,167.08512738886645,55.46087310032729,
16,102,8.737341179595203,,4.9407453276722055,161.6579205788054,165.16188594709746,56.64630006202565,
16,103,10.72858908826256,,4.514126404458687,162.2277042276263,165.00066409307905,59.2107316827005,
16,104,9.785899855172856,,,164.71058692806076,,60.276285123597944,
16,105,8.526425025210434,,5.009333776280269,163.18152617832308,164.74568023777493,55.16111552563382,
16,106,8.543072627737885,,,164.46656598891914,,56.12414603757599,
16,107,8.06982782070272,,3.6344407094189433,161.434382885955,168.2848543060897,53.58115749237667,
16,108,7.687797190389156,,,161.396993623603,,56.20121447929188,
16,109,7.207136516353487,,3.649321096448772,160.4935765137459,166.29244814001453,54.28578626515906,
16,110,10.619132848516834,,4.37909263881845,161.1152182062138,165.30425449301512,64.022436244967,
16,111,9.309409765897636,,,161.49229832843744,,66.46020912217496,
16,112,10.884480812461277,,3.2417893800797777,163.85839990400962,168.35319216874245,65.15574744835945,
16,113,8.748332286052385,,4.31906351634792,164.7825823765546,164.28669819392505,57.62749992560968,
16,114,6.643196517181106,,4.056778693737126,163.65922826994068,162.7714721764793,57.298484680592615,
16,115,7.8635231463859965,,2.450169963926897,162.04960194733042,167.27064523798265,57.298350743267754,
16,116,9.708244886229764,,6.142799572506794,164.73583823406204,161.43275676569695,58.817288513037525,
16,117,13.117264139490956,3.930087656224293,,,,67.18282531005161,
16,118,14.827708928020344,,2.171506532956787,173.3105014745849,166.91862132854308,72.66509798607098,
16,119,17.753862453822293,,2.450627863012887,169.65911209298358,164.02985073289022,73.96101042865753,
16,120,22.224103820886775,,,,,80.5385953966469,
16,121,20.84055207708124,35.370422256437585,,167.4686334045485,,86.32463930229622,84.41861717728374
16,122,18.020861911475524,30.734203052729335,3.800618212084342,168.85843472672673,156.46908385240812,84.52165021631615,178.66303492280616
16,123,20.352798154520123,27.391662321375826,3.4659320747656683,171.50272802833177,159.79874613708665,87.61449236279995,81.63404240981217
16,124,25.92048334747017,31.985157679321453,,168.04563186835853,,95.87038605737634,119.53275516106558
16,125,28.091235923456924,34.45312266323247,0.6518078356129454,172.5161833047823,165.22629978535986,99.95996814613888,89.0866645654183
16,126,31.019931151802034,31.36687578782627,2.55132692059829,169.63902566692607,160.007139424371,105.79082501079098,87.51214808241522
16,127,34.18053863517662,33.22597331796013,1.2843631194509633,173.03382045989855,164.41739681059215,111.78143237273152,96.91049720534517
16,128,38.77909197970264,37.11347460019461,1.727435659994198,169.15386056905186,160.6542249403739,118.75396539830432,108.03617392036593
16,129,42.643143063885034,39.70580037748306,,169.26694609666697,,125.2725882443208,113.76543483283623
16,130,48.72849279345677,38.291149494231114,,167.40406636988925,,134.11811880786962,114.42044598642988
16,131,52.3738352099004,28.7515602675882,,170.43260665231017,,140.3967019136499,121.33093303247978
16,132,55.19398133791321,29.83113954352325,,167.64855793308155,,146.83073534036504,126.7499710388808
16,133,59.739407916440086,35.849107444545936,,164.19295657542995,,153.99558758062366,131.2584984004823
16,134,58.06978669723248,49.8822660588613,,168.3747822700436,,152.89450859996643,141.3944231518447
16,135,62.59156295326218,42.224374800639666,,166.79288730230795,,158.86322165600407,142.73252620638831
16,136,63.57548205289757,43.29991969620699,,166.8877637456746,,162.0703512115225,148.41779324495738
16,137,64.93082329180768,44.59267987398097,,166.2817040718189,,165.49592846862473,150.07273416753603
16,138,54.34029462517773,49.55833232884622,,167.82041891455955,,156.7578858675434,153.35337922920922
16,139,56.779495127560416,50.105133178741845,,169.4970190759749,,160.4608489643911,159.01006511756407
17,0,,,,,,,
17,1,,,,,,,
17,2,,,,,,,
17,3,,,,,,,
17,4,,,,,,,
17,5,,,,,,,
17,6,,,,,,,
17,7,,,,,,,
17,8,,,,,,,
17,9,,,,,,,
17,10,,,,,,,
17,11,,,,,,,
17,12,,,,,,,
17,13,,,,,,,
17,14,,,,,,,
17,15,,,,,,,
17,16,,,,,,,
17,17,,,,,,,
17,18,,,,,,,
17,19,,,,,,,
17,20,,,,,,,
17,21,,,,,,,
17,22,,,,,,,
17,23,,,,,,,
17,24,,,,,,,
17,25,,,,,,,
17,26,,,,,,,
17,27,,,,,,,
17,28,,,,,,,
17,29,,,,,,,
17,30,,,,,,,
17,31,,,,,,,
17,32,,,,,,,
17,33,,,,,,,
17,34,,,,,,,
17,35,,,,,,,
17,36,10.76003381799565,41.66993403406388,18.47369331312588,,,34.320294372314024,53.50686287164029
17,37,12.445295908782144,45.792375152944935,16.178282723922955,,,24.647412221712173,44.44851207126769
17,38,11.36370291248394,44.04571728330961,15.6802199589338,,,29.60874778762844,47.122134460802265
17,39,,,,,,,
17,40,10.283895360315404,43.57821910956284,12.57860100170066,,,31.53388436077885,47.07075685274943
17,41,,,,,,,
17,42,,,,,,,
17,43,,,,,,,
17,44,,,,,,,
17,45,,,,,,,
17,46,,,,,,,
17,47,,,,,,,
17,48,,,,,,,
17,49,,,,,,,
17,50,,,,,,,
17,51,,,,,,,
17,52,,,,,,,
17,53,,,,,,,
17,54,,,,,,,
17,55,8.67205512641215,42.03476948432351,13.417579951641402,,,27.851992404017977,47.64777269769128
17,56,9.350764639733622,44.81893938127529,15.091809144429636,,,21.59770919517542,49.094645752496085
17,57,13.902163372678087,45.23000234436941,11.986320804237211,,,28.8837040892176,51.05926772083062
17,58,13.624908188332151,37.30433082281139,14.520471152384763,,,30.635799351999136,56.50334036218096
17,59,15.09442750540394,35.42998334318546,7.226434260632924,,,36.21390151701513,56.61578013220676
17,60,15.332727070090876,36.95974663312271,5.934698368275042,,,34.45958552489306,57.860477216792134
17,61,18.05335102941115,38.87066675751061,3.18789457750975,,,37.629612037389045,58.98846148859042
17,62,,,,,,,
17,63,,,,,,,
17,64,15.056504916318628,41.4138468682579,,,,,62.405931180375674
17,65,,,,,,,
17,66,,,,,,,
17,67,,,,,,,
17,68,,,,,,,
17,69,,,,,,,
17,70,,,,,,,
17,71,,,,,,,
17,72,,,,,,,
17,73,,,,,,,
17,74,,,,,,,
17,75,,,,,,,
17,76,,,,,,,
17,77,,,,,,,
17,78,,,,,,,
17,79,,,,,,,
17,80,,,,,,,
17,81,,,,,,,
17,82,,,,,,,
17,83,,,,,,,
17,84,,,,,,,
17,85,,,,,,,
17,86,,,,,,,
17,87,,,,,,,
17,88,,,,,,,
17,89,,,,,,,
17,90,,,,,,,
18,0,93.18068696417784,91.22570759139532,,,,52.70500861095579,65.55533457926121
18,1,93.79442848056463,91.29943830478612,,,,52.48113360924449,65.14288740046125
18,2,93.61538834518402,91.4347111053234,,,,52.43174903154118,65.12609496452508
18,3,93.75554786180018,91.96771198238724,,,,52.575247787007505,64.62630356856009
18,4,93.95556942440524,92.11359857763358,,,,52.63733640766181,64.57765164285478
18,5,93.95509514414908,92.17737010557656,,,,53.36729753399012,64.91920150911146
18,6,93.95969204616551,92.61943226002435,,,,53.54267252543078,64.7636679192591
18,7,93.887150446242,92.61196659793328,,,,53.43917654011957,64.75579435705923
18,8,94.20000455165504,92.69672503525295,,,,53.17803058416085,64.90473598563825
18,9,93.92367921164916,92.9975939521031,,,,52.83440907647043,64.67513028070383
18,10,93.98492967931502,93.37105628189342,,,,53.6117554725127,64.592793219581
18,11,93.299309499939,93.46610013371682,,,,54.0372280569039,64.46325171320125
18,12,93.5869008886452,93.39707511661692,,,,54.142755926361325,64.89605464474617
18,13,93.57292044104892,93.0717177550062,,,,54.36038772827317,64.70890349316406
18,14,93.53523320848636,93.01747965666746,,,,54.4593816219483,64.8827417801187
18,15,93.54929787568412,92.7567376604656,,,,54.323048823969415,64.90852565398984
18,16,93.36363061803584,92.49544756967512,,,,54.5702502361369,64.86452426636575
18,17,93.60292354711926,92.25429084530884,,,,54.52532252758564,65.08895959357028
18,18,93.58436735214048,91.91974731112924,,,,54.51317770517578,64.75357581445891
18,19,93.34025638391236,91.79569803359044,,,,54.56027563365759,64.6770609418593
18,20,93.03676916847128,91.6113923463487,,,,54.33371600414804,64.71171856568704
18,21,92.79555647338256,91.6930087968478,,,,54.41020160637288,64.66496346034272
18,22,92.17101860601744,91.8136909037362,,,,54.38033072249877,64.57707687228344
18,23,92.222921761157,91.71802807224638,,,,54.160099331857225,64.73074656924031
18,24,91.74138856017942,91.3695450182668,,,,54.733927895004165,64.94621341084847
18,25,90.83372068711309,89.64249205751301,,,,55.77820370519122,65.68702379429186
18,26,88.86076949609837,89.24536870666334,,,,56.614752586926414,65.5316931587536
18,27,87.31669468008816,87.75042147478676,,,,57.161785449848864,65.30684871715663
18,28,85.40123362601489,85.65126564388638,,,,57.724397288549405,65.76924745907239
18,29,,,,,,,
18,30,,,,,,,
18,31,81.68396570710144,82.81786928446208,,,,58.04610403628645,67.80047852248188
18,32,79.51144133703738,81.38446044087982,,,,61.61466053023218,70.2432065742068
18,33,76.78942461364689,78.45824150663626,,,,63.72189219596226,72.89154718638723
18,34,75.01111574469702,77.32742298122511,,,,66.13824626332345,74.56515154655216
18,35,72.71941858949073,75.00912773226179,,,,68.58621664336954,78.33538369542643
18,36,70.26699818091382,71.73958360370638,,,,72.7974058288166,82.11681072882587
18,37,67.9219219319478,70.35972902738007,,,,74.77102595481671,84.55524464315313
18,38,64.22042485442971,67.77881647530543,,,,81.12261926632611,89.26089713256809
18,39,62.66752607929877,65.68783309792778,,,,83.53778186915645,91.5924506756763
18,40,58.74321316620936,60.89839186321189,,,,87.43645299202566,97.90163085188998
18,41,53.772460309834024,56.311464408562365,,,,93.87683167177198,104.72364457724336
18,42,53.424686159556465,53.4952284655392,,,,94.28785966003424,108.16896983868114
18,43,49.829246911705305,49.83498517935275,,,,98.64985979002864,113.1578850455614
18,44,46.37956000885537,45.56063903060052,,,,103.13806687273906,116.51028757543972
18,45,45.028128035552726,45.289713961860336,,,,108.19021788214162,110.87541556698903
18,46,37.35260331979202,36.433488433200736,,,,95.50918065428397,82.41598591587733
18,47,36.048721030969055,33.79154711950237,,,,90.67643320544586,54.61776383177161
18,48,33.83654778589464,33.00559688673171,,,,,62.03880908220187
18,49,32.92224327746924,32.422422096566414,,,,95.4209179219283,53.14724520704931
18,50,31.773135328178423,31.397262736954723,,,,,42.60949570145727
18,51,30.927679633652836,30.64246781713533,,,,,37.56094761258001
18,52,30.132060481534744,30.33800094200285,,,,48.11965383063355,25.96886099646636
18,53,29.83866225021321,30.11746896365577,,,,,21.075175292637873
18,54,30.092954753621864,30.083384406888552,,,,,41.010942424566295
18,55,29.88806922856193,30.205472535979705,,,,,30.254965623687234
18,56,30.14113211879396,29.306185999651003,,,,,24.06714529697301
18,57,30.658346209125,29.204572407687323,,,,,24.357890967031047
18,58,30.809539712168196,29.568693354444523,,,,,39.56170326134103
18,59,30.68348106993377,29.76950240914355,,,,,44.70110548545916
18,60,31.150503710503862,29.766335466747595,,,,,45.34828790057851
18,61,31.344515517777452,29.482904318892793,,,,,38.85222115996303
18,62,31.275053556418232,28.87228383839161,,,,,33.70904522618599
18,63,31.20831988285605,28.60955764960283,,,,,33.07529903837458
18,64,31.43062661844539,28.74508723989758,,,,,29.531892012487432
18,65,31.447288562869044,28.664297656276275,,,,,31.52085840260653
18,66,31.691647248232485,28.51100661296999,,,,,28.20110633552196
18,67,31.635921691029218,28.666271697244643,,,,,34.29538304877326
18,68,31.91883201185205,28.7186483691116,,,,,37.50264467224542
18,69,32.11110891618649,28.878845224613855,,,,,39.719632579449296
19,0,62.695149906893,65.29260709266077,3.008816960616308,165.62209568874823,67.45363335933355,72.87756514103454,98.75226264327344
19,1,1.857128370324568,70.28958651111743,3.6393882853980064,163.69873462502122,63.26362817798228,94.300133112436,94.68333533265414
19,2,8.04931940202019,65.94912542557556,5.402068628825254,162.6102494039694,65.94109692939841,86.82380938084175,90.3803945353968
19,3,18.435196475279337,65.7559146059904,3.2426410054595407,163.00998717795093,68.49172623770801,77.82371558833142,88.21656684265173
19,4,13.855989531539295,59.87688874276631,0.2765206036543421,162.07141440908785,70.59369322369058,82.03555288048443,86.25596137904031
19,5,14.462149188895674,91.88904314767112,0.0318370037728919,162.7158158813359,58.16977390575003,91.20899303461093,95.2769541384396
19,6,9.273678987882024,88.8324187423665,0.8006576437124013,161.6908422126748,63.14518564696503,112.42841920083934,95.135773012611
19,7,2.670566488756073,84.12494789826378,0.4579250055695774,160.9297313417577,69.59093139501472,52.271043213112705,90.83728100461366
19,8,11.830136439672724,80.78925318292578,1.273539324560644,159.5532580513999,78.560158306944,61.87002755347258,91.16976638272624
19,9,57.39173791666151,91.43271504627376,2.617051179760243,159.33547131638693,67.36334985393376,75.38579584404106,95.06501294925162
19,10,57.44749497417643,90.488649596763,2.905818261048328,158.89675302195772,66.92904338940541,79.43956349576774,93.06385080347532
19,11,4.549181167237485,92.1173776514666,2.0420094292545716,159.83398857717705,66.93845246020206,96.29024432238,94.3374143002626
19,12,3.9365147313343583,93.64055341345131,2.4671012072635667,158.6256286225482,66.81297411734127,96.5850420658722,96.9093542195113
19,13,16.977542073123693,83.64288656251234,2.5363848726491245,156.9627606753682,66.47400084924436,81.15375640097797,89.7673726092576
19,14,50.26615823371657,83.59059623831044,2.596743413414096,157.07431413592144,66.58554207512503,51.222150786267605,88.7461273605636
19,15,45.18584895031149,84.36179300638074,2.6295034435835314,157.75555246975003,67.43994630581668,54.990676899444395,89.17574362197807
19,16,39.499462559445405,84.86952768565622,2.725584610908352,158.2766480677547,67.0335366475381,60.653461953741626,90.64188718967824
19,17,7.922967295185326,85.6073045362227,2.424569428487949,157.99397015799892,65.9994934645624,91.80161868457732,91.54394623258678
19,18,16.54202865524831,84.4174482035828,2.2222785269799608,157.42625276577692,66.72620697138072,84.06801768454923,89.69750187411505
19,19,52.24019617828703,84.48309430052232,2.0540870888550695,157.5616498981447,67.12885121258927,49.68064659310577,89.50110718715605
19,20,58.8028770101636,74.33966122170693,3.3149451411793738,156.91141124087054,78.18125888417406,78.45362673603792,88.20317271023231
19,21,6.7301090641501515,91.10766891630306,2.9995381742193876,156.8445217593909,70.47986266617865,107.89612901815568,93.61378985394008
19,22,59.18451456360956,83.57541846780363,0.9391877887513086,159.05685680508526,61.109058225566585,71.68342713399277,91.36287111150986
19,23,20.10773296803117,79.58011087930556,0.1101966716096524,160.95989563051748,66.8671819042562,85.17598881817503,95.33221642887062
19,24,13.357270697850698,64.24195650696211,4.050883473007058,160.71478679311355,71.98115574524341,108.97350665489816,95.22935541218014
19,25,13.746642619921364,63.038538323756605,3.746469949201408,165.2332567540042,73.974424624947,105.86141811176792,99.04410391246938
19,26,22.89615312555202,67.01145875661055,1.5936951383400615,164.24356226378862,66.24821229009888,131.3987951970924,97.94441732803236
19,27,40.737266637930695,93.31143020080034,0.287381146256125,161.53215540093208,67.69055437614944,151.35425821972163,104.75281670973176
19,28,51.04739307607049,70.8351912751319,2.528600927847594,160.091607436372,59.06749066991576,162.78754108310977,98.75628892236774
19,29,27.374416716878557,77.41281910001446,1.2712890951783251,162.59712637217788,172.92711065890262,138.09898662500078,102.52666030535508
19,30,36.80242827181131,77.99623516573098,2.236328330930181,162.34109562334103,73.65871198178297,144.88916595186095,108.8352095743304
19,31,69.42688650049962,77.42917555883604,4.785934461413445,,,4.025110966873414,117.3279258488536
19,32,34.69885293407759,77.93438368912625,,165.09070147457868,,143.41185652194764,129.6569355229778
19,33,38.01158396990578,72.68260451476257,2.831755036549938,166.3825057267156,,144.83775684324516,136.92591294467982
19,34,64.85035815806765,72.10787084890862,,166.37521862733246,,168.99614924131112,135.44468687463709
19,35,65.20461312159608,70.15068270926098,4.458611658063048,166.24012046930665,178.53324069795056,168.30551639916663,149.73998438634533
19,36,65.40583417688697,,4.255901899035902,168.08781742100962,176.50070963890744,166.88945574575098,
19,37,46.34741884508387,75.20844683127835,,169.5217560927724,,154.18338325942045,140.43287054494894
19,38,38.041724388331765,74.27804757201208,0.0912154894509675,170.1273459196741,179.08198832405262,144.17922486232055,147.6584080569876
19,39,38.64480509973021,73.81849209799992,,168.22493833575308,,143.4813192643569,138.5884862355906
19,40,42.64891614191559,83.83963664571219,2.179602913227411,167.89886815132715,177.4470386477709,148.0348961712311,119.2978195906858
19,41,39.18507573323576,82.79804516100272,,167.66511072382767,,143.19529559435298,104.66068279354089
19,42,,82.26124171546645,,166.9946375441033,,,105.35301879460852
19,43,42.42596285712987,80.7789544583048,4.681703270717079,167.45636624020418,,147.01065843874375,104.7199223316786
19,44,42.38191681518082,80.97512749519807,4.300802304381401,167.66121771087697,,146.52180272358984,104.49277908116709
19,45,42.85736285262567,77.61433214610359,,168.1791461834552,,147.49259692986593,115.51959672293584
19,46,40.360342935956794,80.02801809898791,,167.7733918971106,,145.264945984418,111.3553685487494
19,47,40.740761965108845,73.63780645365111,,168.24764310522357,,145.69231104232085,140.40172635585472
19,48,35.571347483996156,73.7320090562921,3.2584334772229937,168.32935105995358,,141.03543669599742,138.5038375840158
19,49,39.19038653816085,68.37972304800302,,168.46972258075067,,143.89502416381774,145.33327560302615
19,50,37.70387500332015,75.8816256834431,0.3644225634565018,168.14676643080907,177.64098756853494,144.92363281290196,144.9901661344906
19,51,40.3849778964817,73.99985738648026,0.1195852730502282,168.80966980026977,179.19812082334454,148.6146470514593,145.1432306924088
19,52,49.77584449459128,75.2525712346713,1.0867704121362511,168.964296660361,178.37422500279172,160.36601959703268,145.6966428488661
19,53,52.17434296788054,74.02909528320654,2.781108351117304,168.06030011783213,178.26572392172355,161.9663210709228,143.5071131861312
19,54,49.69633836318219,69.02279322983709,3.3771522529341556,166.29591762649167,178.9430412394789,153.44740718245302,147.91557086800168
19,55,63.16922756108707,82.01896306248699,3.8757432579252624,166.89335559951982,177.00961917905616,167.69797902412068,156.8962706095355
19,56,40.853376520568624,81.2575052454382,3.059732669661688,167.27332990500034,,159.1012270299412,155.0622942262731
19,57,36.53908341426718,81.05182995750911,0.5744955054411391,164.93381252267497,35.67901788543863,149.29500073409693,146.13596582192437
19,58,27.190588260267692,77.8899684934634,,166.03678811167964,,140.98058925805398,145.15373375465757
19,59,26.64346139409127,61.1214276928304,,165.7121050145039,,140.12552812176054,131.87604626835994
19,60,69.38796469159753,83.9685591836883,4.691368278871404,165.06150235852647,,6.098058137120456,110.55328396857756
19,61,15.886152960980796,85.5021597301178,2.96163473418972,164.56834282872683,158.678518504294,127.64095485129874,110.05831246597954
19,62,19.95585857155423,86.84296085428582,2.4893484599379767,164.07995258161833,160.7771155342584,133.3321849665282,107.29800855834512
19,63,35.93203789516509,82.11333501185189,2.5228230120200257,162.8655901951003,166.06504913764448,147.73927099183666,102.52800942455232
19,64,36.023194742944824,93.36505225856574,0.9986667191190132,162.56136977551773,43.03470096658299,150.97890737457377,101.4214594231675
19,65,35.856171438672185,99.91410473077865,1.121755671844467,162.1133874220892,55.895318484505545,152.74418820107635,102.28463132465995
19,66,36.29170668778741,93.62559225560504,0.6558621069255445,161.70013998384914,60.4986120663923,150.25577789103684,102.1955398046116
19,67,25.169773366989332,71.15172580848935,1.8449375021887615,164.18333363773894,64.537630835339,136.36886175671177,101.13883743065028
19,68,28.90100642983325,70.1507361445428,1.8491139325054844,163.49734585139592,63.669303963676775,133.18682759701792,95.89907498477552
19,69,16.643393529329376,68.99365655308975,4.9277811006929575,166.46655642784117,66.09647803188939,126.36191309652058,102.31754460458632
19,70,15.941807304034688,93.56674182156829,5.98796879084988,164.73871236162557,65.33885589558457,124.14088047518727,106.89774488125794
19,71,8.211649955974375,69.64416476799234,4.223176897589214,163.68271399167898,68.97187045742697,116.88895314170956,92.16780388846902
19,72,0.9556917236248772,92.21063345657927,3.7006215095032,162.6072674319487,68.4435668858458,99.32555014484085,101.35012007359984
19,73,35.89905967094844,97.02965041382876,2.562348695797138,163.13468831582858,67.23858997677816,59.84520330356174,101.40710592746942
19,74,24.445495068703725,90.28477638105196,1.9698147385489164,162.4342645712405,70.23459367266656,85.10880389112019,96.40088097401956
19,75,25.38765785200017,88.36936431427984,2.9731176400828607,162.83704415854254,74.13202183412677,83.1994875834384,95.71946256169169
19,76,25.434724198502703,87.76834589293985,2.487727103970428,162.81702506125382,76.36581449780506,66.4935510468396,95.62668169155974
19,77,5.223213826733168,80.94099627051163,2.5389446182955155,162.2900828020441,83.96721030692362,52.89897798323509,96.37604013791322
19,78,3.4435466469064595,83.7205367859388,2.2874451237941535,161.17921962933124,81.03657256150947,52.10498335229206,96.795766672488
19,79,25.45440383231321,78.21807432247529,0.6939054766905844,159.81705700368178,80.87843168892616,68.79577467252474,90.82401637559104
19,80,22.25799103100064,84.0247774932662,1.4162850337481927,158.78857155606622,64.23806859787543,72.57006249686786,87.18399811240421
19,81,23.417379315176603,92.81957519639892,1.3320886236369536,158.05660905963884,64.10243592593298,75.52462835645086,92.27130394300303
19,82,24.39645515228496,85.60136748478858,2.089774826225213,157.93205466399408,73.04922617241967,74.15910704202933,92.7076474934072
19,83,16.74877776990334,85.87420662478941,1.6455151444533542,157.80398555432333,74.74600981185715,82.6882586810064,93.38763502624649
19,84,25.343588071038308,85.2210836193657,1.5599601982522753,157.93215140632694,74.88468044954253,74.4034910141161,92.68901777716596
19,85,14.782284111140566,83.99012490987745,1.4309425955334318,158.1411384231855,73.59167215792169,83.55766956029207,91.81144660330284
19,86,9.14173391631014,80.85577980995512,1.1703957022148654,157.97927454411558,81.43801496757493,89.3069018670666,91.93140807353784
19,87,0.7698728017186351,76.77994907940813,1.7515941318372872,157.01843420583003,79.83782947353964,93.75428214810049,87.78945214634936
19,88,6.543425876687745,81.89231701394912,2.092159571095183,158.4480263485937,80.1276094057202,50.75412193155304,92.70795643661118
19,89,35.185062363402665,90.88660597417518,0.4347628289279615,160.5574830681035,65.89110515908523,62.88705045915339,95.93918936892622
19,90,26.83450115657192,88.01014313896206,2.4642046150557673,161.00669367483093,71.75296784961512,81.63209652404701,96.04501866546173
19,91,18.079495029023068,92.05259247526052,3.5599088893729096,162.39236918034362,72.56204727620104,93.16403407861058,100.04155899866902
19,92,14.681209875624717,91.08292364705862,4.185061915428205,162.9908246872682,67.52115560157365,123.81425189999108,101.87358516792264
19,93,11.502610005516962,66.8238044608273,3.4622319599453246,165.2665955237582,68.59228597837507,121.09432493580516,101.40841385950678
19,94,23.064318983956795,92.62013485282624,1.655684775237492,163.68432735978487,69.866026870721,136.66560925551462,103.07936307345923
19,95,33.76885104877898,91.76945196971226,0.6371539494939444,161.24494705754475,59.37533165682552,146.8089688912011,103.89734904998136
19,96,13.283782027836322,87.429133749433,0.8271950378475322,160.7012995443964,63.036716656405915,130.09081853286665,100.00376539340508
19,97,5.016006897052193,80.985771888698,1.428077018814337,161.7575165648314,67.36517062561431,109.54222059757024,103.55343008451764
19,98,26.677858699967675,83.01267402080934,2.533811925073389,163.50683743018183,74.38153917460151,138.98850687592747,106.67203401921708
19,99,18.405820056263615,78.25152579505006,2.547474281557878,162.3348359088373,,127.6190145447418,125.51994649655408
19,100,19.789723919143743,76.41883993679541,0.5620505706953083,162.17058915641098,,131.9543142183296,150.0737915271811
19,101,18.6305787470282,79.81337264163346,1.1935503483968952,165.3864654665035,61.17041857821665,129.8351362223975,155.17208034693363
19,102,35.287650177002575,81.59578667932023,3.2642712803609233,165.34743286489342,,148.09217235024272,150.832144559328
19,103,64.01989156986542,69.6510609228929,5.2161410223746065,165.19963520188352,,168.29876197358382,144.10450036070978
19,104,66.1997918767982,70.20500036012261,5.600897270155261,166.16552471633577,,169.57894843267442,145.51641531791194
19,105,64.25513935164393,65.92308974728516,,168.52973103091443,,167.3848999428265,149.46231061821513
19,106,42.36073939838305,74.39620259248979,0.9373979857305228,170.70940084727934,177.30799086833088,150.4238944899577,142.9849094663478
19,107,37.26770211886436,77.90871040359778,0.0543150930938679,169.6057379764805,177.69881095461486,142.7573373367853,137.64967557157402
19,108,42.301934922146,75.31195955892694,0.911071316366101,168.8181392893219,178.02181908006662,148.07434869698713,139.86421738661383
19,109,39.3007919749269,78.15142330774378,0.3235443523454565,168.90516117934322,178.67226824236022,143.816570197355,129.475786819068
19,110,40.58188558095228,82.71141368841873,0.4263856679160034,169.00465837025922,179.67103615933513,145.6845291766133,113.79220567625283
19,111,40.66878443123472,85.62914470599944,0.1503642817631297,168.59814698685776,178.68644743913384,145.78789074169148,112.9990795473052
19,112,31.03108409416323,85.82708375278712,0.1607045800009647,168.58427013139644,178.89348756545516,135.553907555628,111.8786461525765
19,113,39.65371069835325,78.92201692399333,0.6292912558738686,167.9601999018495,178.35743548229357,145.02795193135972,124.72173692864632
19,114,37.085161600231565,78.85818396386911,0.2009849721307755,169.40898297490685,179.61008907718676,143.10369034276664,125.65286706237562
19,115,36.723511993274286,77.60941185937068,0.3067920875251424,169.089311644288,178.24322257096043,142.98249488377502,135.67997279596648
19,116,30.449766499140058,76.63481565235179,0.611835187985604,169.8483880715878,178.39394367311615,137.0138680386178,138.88665604010626
19,117,28.54130054046732,73.18324355302863,1.4752099270467085,169.42535919109628,178.92217880441964,135.11228863483143,141.30900717305727
19,118,26.12915723513242,71.673733419215,0.6457882571982262,169.45696202835524,,134.37647485362035,144.41963608583373
19,119,38.03858640647148,71.96153825003108,2.097207329559809,169.13503301775873,174.33686501593843,147.20443216017475,145.853595522654
19,120,45.228071045187896,68.7529328280677,,168.51299275940372,,158.0268246551144,144.52040284418968
19,121,43.94093125086378,75.64160048838296,6.052869647944713,165.98813571345764,,157.77910385587614,151.30612763166582
19,122,39.67242333645667,79.17435092197498,5.705421566311091,166.5182590836243,,154.50739573603298,151.37673355283655
19,123,43.11387888887679,72.99302407537114,,166.25567127049246,,159.00674866290066,149.52316824566643
19,124,40.31383035813469,78.80093477724976,3.1103120144289225,165.5688089086015,,154.15793475804773,150.92871510103802
19,125,17.505476964369993,80.23961630700622,0.24476722959567,165.6068920857405,48.75201126622105,130.6792735434843,157.76704516278085
19,126,24.82763198426972,82.73973730025581,0.0004384441488524,165.46738740785722,53.15704902488507,142.0401512549613,152.1614577434585
19,127,11.69834518269156,81.82658761417022,1.664366808256604,163.00404920932826,54.6366006876383,126.87465667583332,144.60195827190807
19,128,4.8528877922679365,89.20656312074196,4.080775032573573,165.60089497813306,54.261349152454926,121.46019848168406,113.7663945061654
19,129,9.224184559753231,86.41967737167514,3.513065436803727,164.62904613380786,61.77891398252217,127.1328352343856,111.223584515618
19,130,22.225813573484185,81.16994673372416,1.6451128585309078,162.31632709415044,63.85199053534159,139.03777836172992,104.45595966264344
19,131,16.738257458940254,86.67940543945954,2.630194981045739,163.2588840255883,77.3562294695953,130.7578399983534,101.01129673515858
19,132,34.08265588863958,88.03664090829926,1.7811959297029352,162.0963400356623,70.39475862088148,149.2899248402038,99.11827764547742
19,133,29.95157978912641,98.67693953663242,1.2861156616958334,160.77359011075123,65.24010797725987,146.42229483842348,101.48485974776838
19,134,25.726170055380972,65.77398076868403,1.7909514920014866,162.6135911312015,71.26207104298172,138.44019792183911,98.15405990367832
19,135,15.697616852207544,67.97548690814982,1.527772182525104,163.3765470857948,69.52625490936587,128.89443430752607,100.03412787946957
19,136,61.639827306305186,66.57457686747433,3.331934976308652,164.12076758684114,70.14858192684943,9.087270170004413,99.80056973374164
19,137,12.821935545474982,68.45492010142321,4.0437390721326265,165.09175419791697,73.50444165566418,120.01035534902358,95.93146566714462
19,138,18.23505704367583,66.08625533981844,4.068608234211091,163.56235508260562,77.02797440710677,124.418328150128,90.38684378855054
19,139,6.8426895443015745,89.40439666507277,3.6304035457599446,161.82597872042106,76.27623950977079,113.35219552536604,97.32803829768604
19,140,7.805557374390912,64.39149372105358,2.0431558179649607,161.88453317948475,77.56684255918357,104.80202262426296,88.22168575811494
19,141,3.882800862908707,90.99861169769528,1.1801595880117957,161.64435227952103,79.5332986228956,104.99639407075628,97.99706898809224
19,142,1.325456305270888,91.41613556968711,1.5033877447253192,161.49203387123254,75.3837792656289,38.055638996206866,99.25722030567977
19,143,1.2906717494844118,91.44830238736937,4.779018989719164,161.4813341181407,71.7552129474831,40.35566579783278,99.28870197727424
19,144,2.2795893281737456,90.36595010128872,3.621153678541342,159.5722260130654,70.68564066819349,43.87221981185317,99.48043986263404
19,145,11.239183961625882,87.51753593878085,2.5540421242673927,159.17214861052744,69.98975389937634,34.30232104956632,94.1498629870962
19,146,1.6210225423960725,85.1258898587581,0.6001998201447113,158.01307280820998,74.6468075473417,39.556081945670016,95.5509151101407
19,147,4.904297738106021,85.1429207955259,0.5969958620243666,157.43034450778612,73.74842722540085,42.17307606549746,95.10311051573672
19,148,9.61619660379844,78.51564021240442,1.0450979004984262,157.56485743064977,74.52093744365577,46.32147920597509,90.67084530861298
19,149,6.605068395619129,85.92029994589771,0.4143894122796069,158.51425779120265,73.54437515381849,48.67555875483597,96.58713430531314
2,0,14.98664512229804,40.77064536929159,5.582861105251812,169.75073614693653,176.5977513821951,11.493412249901764,
2,1,14.017684918684663,44.427702090516895,5.309582293287291,172.48507318722656,177.0664473983104,,
2,2,8.867431005100144,46.25430642199434,4.594380752418825,170.25495335756216,176.51177225963946,,
2,3,,50.509797984768795,6.923983183988534,176.48624772008813,177.01100504636625,,
2,4,72.3628621331272,53.84038735489669,4.9967144947577635,177.31589952496006,178.736550702915,,
2,5,,53.91262711807069,4.726555954264414,177.04824302277018,179.22900367624092,,
2,6,15.24873439072715,55.75971565474221,6.1977208504064105,178.95298406859794,179.22517240756272,,
2,7,3.658128040851282,58.127460232282424,5.837711064026079,177.38890022545718,179.16381282721807,106.84975962664817,
2,8,20.71881889834225,61.250040603565935,4.998714866463418,176.33027353364423,179.30826538295696,99.0097754445169,
2,9,19.537060453714208,63.58457199193313,5.294688714175548,176.56191277083124,178.7023488554895,94.56161477942896,
2,10,22.19139704109544,63.42544923932222,5.165769695574817,176.72575497092535,179.20092296324725,102.21918670344223,
2,11,19.06824755408883,64.88191023278596,6.282688114689792,177.4181309186701,178.97672166758443,114.76927222335826,
2,12,26.25769951980826,66.69323588001112,6.179498964218115,177.4779103958497,178.74737818181163,114.21071798989912,
2,13,36.32886775906013,69.93627201804452,4.54313325862202,176.82510853964024,179.69657078033816,124.13837170039436,
2,14,38.31111926227374,70.66566996720927,4.894967356974772,177.31001744736562,179.45949975298743,128.04743470086595,
2,15,37.85097463535555,70.53257693573056,5.036379483698756,177.8854365889163,179.49464106592163,127.57800643442056,
2,16,39.82816204123117,71.16191175775685,4.769589931196491,176.7635807192221,178.49265339380398,129.66783258519823,
2,17,45.17030592298613,72.01588430634256,5.353513681072201,176.19353568795148,178.38691208567965,137.5861143943639,
2,18,47.93565369027373,73.29156048326516,5.873945314177753,177.09383759566018,177.30043902209624,147.95619618273113,161.64201256820365
2,19,48.336159670444175,73.5167532466576,5.898202672378727,176.92770455979343,177.30546401166296,147.81498824806732,
2,20,48.23642124589288,73.57593212866063,5.808651331898755,177.07682657782945,177.40727197229543,147.7918489953579,162.53875457018987
2,21,47.654725633795074,74.08938785567018,5.444542802061093,175.98357446113525,177.32807986335237,147.01482127197903,162.76142973785326
2,22,48.45237534156803,74.20850968217634,5.7544703450480394,176.50540600641278,177.3899456164691,148.5677270089434,162.72878487709625
2,23,47.41809545286799,74.1272852357387,5.220978027876657,176.071181859476,177.7209067457668,147.05368567614482,
2,24,44.33279431963168,73.95095883631812,4.842474425642008,175.13351186424208,177.66443709504696,141.68974403374094,
2,25,44.33880873516392,73.95904025764628,4.998014628575737,175.57552006823735,177.57059058465111,141.63058125124186,
2,26,44.317712862039194,73.74484896473733,5.0063099158703555,176.1691728815935,178.04328748653987,141.42603004447355,
2,27,43.015546582524934,73.0108589242961,5.259809339399396,176.70242575797525,178.10185788836225,137.3723903294661,
2,28,40.007732924281925,70.11141128674379,5.341321573047077,177.8157003875483,179.89059224292782,129.2882331937119,
2,29,17.911720343718713,69.28620974574619,4.9827940017736765,177.1103062289003,179.46856807690858,108.5847780571698,
2,30,15.797993130550498,69.30914873410316,4.967731128069255,177.0330677470186,179.44348473009592,107.6390649257671,
2,31,14.808925996803158,67.89559821430223,4.50200398324784,176.01746962108876,179.5758978179042,110.21223327481276,
2,32,22.918011014342436,65.32806937186078,5.674674789768289,177.4651372162216,179.0990094465467,111.19922375435652,
2,33,22.009795420776857,62.71700297237977,5.460117432608811,177.96330752616055,179.6803357089946,106.92431241121317,
2,34,15.789002670520986,60.89954142335392,5.378009219425757,178.92807934665623,179.89500478258347,104.47101624360596,
2,35,16.57684686082773,60.9830902417801,5.2219352407442585,177.99635003224327,179.78176457720213,104.19011373507809,
2,36,,57.89063536280703,5.545098698580826,179.27140595923777,179.46769050248938,,
2,37,15.9233903285459,54.63703564862441,6.006473275315619,178.1841898659896,179.72221372053744,,
2,38,,49.76944434720913,6.485556209445602,176.1547500877005,178.60429385394534,,
2,39,6.872696017965325,46.94513033984626,5.295760588762261,172.5665405958793,176.00162878741216,,
2,40,6.6837917075370585,46.81024133343219,5.253895870530122,172.59942224764126,176.0884821161067,,
2,41,11.40309436746668,42.30288111735873,6.973315160977748,173.00638686185502,175.4508337400459,11.986158307613143,
2,42,12.697969330241824,36.39934619763627,5.300045307691458,171.58767899485025,178.28479739140283,9.343522785651109,
2,43,18.47396605779512,31.6238257655404,5.7546717685272935,169.80957610226235,176.13936194144182,7.5071993513252595,
2,44,20.76034065861019,27.966132377653572,9.003185015401808,171.16073536136707,172.02480579327053,7.770282200994702,
2,45,20.629048953302043,28.42291807234164,6.493520707272715,171.56231348462742,176.1455839016532,7.008578359202905,
2,46,24.37670523508445,26.05432760979075,4.422248539027517,172.17529974426887,179.02370874005692,8.56105687931684,
2,47,25.53517435847401,25.758659548844346,5.923604116629235,173.9510966863012,178.8755981150626,7.96846916334876,
2,48,27.531566987233013,23.639558153873168,6.302930473435922,174.24394228059433,178.13197718429214,4.098219123005843,
2,49,27.83735934723079,22.643807440873527,7.179723203084535,173.61218764899152,176.6706164070538,2.8404512615589823,
2,50,27.83735934723079,22.643807440873527,7.179723203084535,173.61218764899152,176.6706164070538,2.8404512615589823,
2,51,28.217312793412507,22.882586720062292,5.843260885762677,172.93736105805732,178.41765138225568,2.0317834311320024,
2,52,28.63254184493842,22.88133251945376,5.661596722487526,172.5347140040462,178.64920608262554,2.6080302591485176,
2,53,27.30637084191264,23.251657186367925,7.747044239658175,175.017417101588,176.53966171489168,1.3682767961694535,
2,54,26.87303942117452,24.23763698408082,6.350692012926764,175.00191359150557,178.6566613860904,4.407282280210548,
2,55,26.766771533509893,24.23449398701376,6.275829088578268,174.27780988888256,178.49670656818523,4.388058555769076,
2,56,26.038216095258218,25.70791442762762,5.882704017362705,171.8870081084351,177.12560191444024,5.55757081486893,
2,57,23.967270691288668,28.443370238010377,8.215929480163272,171.58764110501943,173.5885255756933,7.490179161297216,
2,58,18.71918146990552,33.968009670192544,6.509066834827584,169.7605934876977,174.87980574623265,9.92934450210934,
2,59,17.111320689230137,34.97144717937537,5.2166654781497614,170.13403663158385,176.73195620460052,9.372979484578703,
2,60,16.90577069613834,34.859219436478654,5.282592914322791,170.4473404082776,177.2239324865357,9.95717096304409,
2,61,13.27935723840044,37.356195890649005,5.588550913623393,172.07630755146127,177.63322180788694,12.093723449491783,
2,62,12.27533066350082,41.44968481857233,5.163157020824364,171.27813103976158,177.15166671832876,12.718127230855025,
2,63,,46.26603442166144,4.331338193838911,172.66122410417574,177.48950343876317,,
2,64,,47.48951104779335,6.143569553326587,176.2841701334898,178.01558371476662,,
2,65,,47.48951104779335,6.143569553326587,176.2841701334898,178.01558371476662,,
2,66,18.220143914468796,50.20524808029367,5.997648937740137,176.95426598227257,178.94396714320777,,
2,67,,54.33921299953413,5.0153052172149,177.0774845044133,178.96838137749563,,
2,68,12.486562174945991,58.18823597966373,5.980948221018337,177.9503984293348,178.36730338661596,107.0892529190816,
2,69,18.67332777639276,59.34833635264152,6.862763193360945,179.05479733261035,177.64724355765009,98.1277543299344,
2,70,18.40255854263953,59.32474750216091,6.8382903536572295,178.9337434912442,177.61689656520906,97.3345855489868,
2,71,20.81113134137999,60.924211940668435,6.861346507146222,179.3681292300309,177.98647543280993,107.96526481699,
2,72,22.3218610939101,61.992280515992704,5.751776380796711,177.69274025965677,179.00306941818835,104.78935030112068,
2,73,18.602442414284003,64.27173669001613,5.8224818972568375,175.73967547930914,178.23638085280507,100.94158651725104,
2,74,16.86908299829822,65.73323616270463,5.9534240948418535,176.1382387849351,178.3684134702103,100.97828869140687,
2,75,17.078847768366145,65.67890465843195,5.92569730021865,175.95744849684675,178.48274717093258,100.7403508840804,
2,76,18.09457087991023,67.40614119837146,6.336096619658879,176.44597354880645,177.56792351127908,108.68182503550366,
2,77,16.277629844882547,68.14295643705974,6.522843865343302,177.3613444915002,178.63040913116765,103.65240175775432,
2,78,28.259136877756102,71.61969070069105,6.178396847727105,176.36686269344418,177.8659670828647,117.1192236045968,
2,79,36.88294515062314,72.35666965919353,5.919552742067991,177.28585493032702,178.57071846672807,129.58814425803206,
2,80,36.88294515062314,72.35666965919353,5.919552742067991,177.28585493032702,178.57071846672807,129.58814425803206,
2,81,38.77701801233054,72.62976511552178,5.407187513881526,176.9454234174,178.98846478690456,132.1694657406718,
2,82,42.8713930520402,72.54093226509012,5.395002696783132,177.14724268823207,179.00486244068983,138.217173847835,
2,83,41.53450569576833,72.21939918106406,5.482585351026123,177.02728973530017,178.93805370502338,137.1166931997344,
2,84,43.33330507974214,72.06087072023355,5.417727243351516,177.20700651622784,178.88244074517365,138.777664206208,
2,85,43.33330507974214,72.06087072023355,5.417727243351516,177.20700651622784,178.88244074517365,138.777664206208,
2,86,43.40032813797507,72.38330489648865,5.520030166390393,177.4290983080979,178.90789252235356,138.9421121102289,
2,87,42.81462914239479,72.12598800468191,6.0756610546137235,177.94178670596023,178.49065259393964,138.65336967077835,
2,88,19.52366931357011,69.56862760569614,6.24174760661393,176.8472793109799,178.03803131192387,110.20333037835589,
2,89,21.329304396840715,67.74570784165917,7.113973409052216,176.17114051123704,177.46543121856206,107.97678570246111,
2,90,21.329304396840715,67.74570784165917,7.113973409052216,176.17114051123704,177.46543121856206,107.97678570246111,
2,91,17.790450827849565,66.60078536741912,6.549704286495405,176.49350071667973,177.77959116126004,97.5312674187082,
2,92,18.79507116760993,64.29379230937559,6.125539565701962,176.55519643831298,178.47166702093534,99.40902626505684,
2,93,24.15447336689234,62.96149287691896,6.649417801423285,177.94917489818133,179.050355309119,110.88242967810068,
2,94,19.13771362581412,62.22997302752973,6.401955478834702,178.72019146922491,179.2169182933405,107.32022165483956,
2,95,19.12420193450642,62.28752762311332,6.273304487848759,178.59883554475456,179.36888423718273,107.3076893241148,
2,96,,60.66263963978317,6.418643614863426,179.85402667010004,179.5079483627095,,
2,97,14.45478878531208,58.20719775431647,6.174770554389833,178.60871606464733,179.57290995425907,,
2,98,,54.89991112524198,5.769453927583691,177.39089082541602,179.30230816706845,,
2,99,,53.74376494564091,7.63932168308958,174.77097027130137,175.99417599307586,,
2,100,,53.74126322237568,7.204657830875672,175.22364745920947,176.4716067328448,,
2,101,10.10415181909441,49.99500213271404,4.858915344418592,171.97513480514576,177.42486540619333,22.454693741355943,
2,102,15.674956305074984,46.39193695652739,5.576388727759504,172.98745708842804,178.62528875158696,12.232077804329611,
2,103,20.7692474276831,38.32019392200293,6.272106237459423,171.41050596949592,177.52049282913808,8.481963720204677,
2,104,23.741797077422596,35.77360163202676,5.626421996929822,170.93760326030082,177.40325971187715,7.461729476838573,
2,105,23.666590246274005,35.505396530249584,5.00470995540676,169.9883439706544,177.7934916414031,7.8241816280276835,
2,106,25.40918933623982,34.25942163093932,6.479916692196596,171.74499608152118,176.7224687679179,6.35944454593837,
2,107,27.702325934209657,32.113617346454696,6.2614169816569065,172.92402580676074,176.31734579546307,4.635908218995868,
2,108,29.378313964936495,28.3188606367949,6.066701062585681,174.69172551298473,179.07360564371652,2.597967909347522,
2,109,29.965843482115933,26.43379063378539,5.927317136767763,173.9305610843827,178.2697390598451,1.633793150542706,
2,110,29.935248973185143,26.222425041786455,5.915896380384607,173.9021694564174,178.19359452927443,1.725065372632012,
2,111,30.03706444500004,25.40923322671727,6.624282054083395,172.5223137599824,176.19814042724835,1.6331291990820016,
2,112,30.144195810830965,24.354463420981904,6.708529025611838,172.77683528248687,176.1511919383956,3.7266092371805457,
2,113,28.938460962146713,25.011625215104853,7.072767196992485,173.38779462451822,175.76103843499837,3.144678601778398,
2,114,28.265476944346467,26.125302543000373,8.521724385516965,174.2161687742209,173.99517500389672,2.6041159333833845,
2,115,28.34861655776229,25.6618659263187,8.089854622230982,173.9856037321937,174.69510084824145,2.465434296546447,
2,116,27.415972176259302,27.0800297037409,6.583315685413638,173.36364740021943,177.52253106619835,4.86015209641788,
2,117,25.80930541425388,31.35634434703414,7.602478795584897,170.8083013144714,173.57937369755558,7.349010045742421,
2,118,22.620199099814656,35.56296303029979,5.892348457966878,170.94148982682893,176.59831169659248,10.283138832260162,
2,119,19.119289991472908,35.65566783165172,5.6501531443377395,171.4267947083384,177.1074850031275,7.532260899253383,
2,120,19.03747739809025,35.58387726209215,5.75331602105878,171.4709710189549,176.8827433421077,8.884233244613759,
2,121,16.365966777004683,38.23123206239051,4.921883570286226,171.93782522275444,178.2713428474597,10.279822592331897,
2,122,14.122679292927534,42.43768387456671,5.646632975307334,172.37817023186977,176.35618598021588,10.076124909581162,
2,123,,45.60207857943241,4.575693912810851,172.4597105987198,177.01521174956892,,
2,124,,47.26636448842411,4.513205967825534,172.89800285224493,177.67780893677113,,
2,125,,47.20142532094738,4.191438943107142,172.82985807131604,178.14774898137156,,
2,126,,49.410022742831295,5.718820659240481,176.2938889853191,177.9673276988296,,
2,127,,52.328673258265106,5.941886303590487,176.43689244971247,177.8949503590199,,
2,128,,57.00369998608172,5.174835450655384,177.87179758901814,179.961888118701,,
2,129,,58.19948908184218,5.1684084988857535,177.89712470244214,179.80813526013844,,
2,130,,58.19948908184218,5.1684084988857535,177.89712470244214,179.80813526013844,,
2,131,21.42506338543687,59.47010555643985,6.3296751666330575,177.72887735873036,177.77267933328136,102.21330620952128,
2,132,20.94165247054697,60.94909688456554,7.141797160287689,178.5613469593722,176.90701564168202,102.41940723623829,
2,133,22.386891399877264,63.22471114546739,5.809739892024361,175.2588162883013,177.70483758470772,108.03151282047666,
2,134,19.184474335756484,64.37672681207698,6.793560682357122,177.0056461775299,177.70421456640804,114.56241082877496,
2,135,19.184474335756484,64.37672681207698,6.793560682357122,177.0056461775299,177.70421456640804,114.56241082877496,
2,136,14.96934266310489,66.02433305151982,6.451238912296942,176.9586173666172,177.6798785390436,104.38633547211776,
2,137,16.62961193001479,67.45226683746894,6.472379162540401,176.8871403674089,178.0506105043935,100.8217868319764,
2,138,25.90851241767691,70.1655597082988,6.24909981759609,175.55843353262426,177.36862384983246,111.79582020508433,
2,139,32.80120931191559,70.92742380074418,6.223264900375278,175.86030354533762,177.88047408242406,120.0535162281237,
2,140,32.959253486642474,70.92897663775182,6.228586839869672,175.58985218547744,177.84181528420922,120.00035175206035,
2,141,45.264054940763906,71.32292279957079,6.669527978778124,175.000285232438,177.19272529190914,136.3625033645389,
2,142,46.03452398531432,72.1841818773331,6.88165046734794,175.90482729826098,176.50506346512114,140.28392723161164,
2,143,46.57375117182401,72.30414955542079,6.722216990617347,175.43391483885918,177.15357785666757,143.89732390555298,
2,144,46.31052641741647,72.34222373000914,6.7140705003168915,175.46964926487234,177.0445274724132,144.17850801343917,
2,145,47.26850306593964,72.65821255984639,6.749762935211301,175.94074583063613,177.24593183343305,143.19579184323902,
2,146,47.35080848847808,72.43394697535398,6.733339850025159,175.88571274831435,177.22480428850974,142.2401869459405,
2,147,47.66428803831847,72.20311876526533,6.7440245416964615,175.86326239261166,177.4820673148282,142.43461295704662,
2,148,45.790459685131154,71.58472832605545,6.6988432912211,175.8150243291842,176.87068803947176,140.1664666145107,
2,149,33.24046708019363,70.88799484979776,6.617141504804671,175.20440965584783,176.89944575090755,120.78946345957704,
20,0,74.12604172937613,104.76456256713278,,,,97.61955406390224,101.6871550204629
20,1,,,,,,,
20,2,92.187723907457,130.32015377942793,,,,90.07392307100972,82.49355218046293
20,3,,,,,,,
20,4,,,,,,,
20,5,,,,,,,
20,6,,,,,,,
20,7,,,,,,,
20,8,,,,,,,
20,9,161.36488428497805,148.54125665235327,166.14133316638885,,,72.00553041834915,98.14873560952394
20,10,165.45818790598778,163.5708228991402,,,,71.12830287728507,75.99548230091109
20,11,,,,,,,
20,12,,,,,,,
20,13,,,,,,,
20,14,,,148.7979343448675,0.1225493205764022,67.57281144929836,,
20,15,,,148.18198576483195,0.0506916750341132,67.10115276904276,,
20,16,,,,,,,
20,17,,,,,,,
20,18,,,,,,,
20,19,,,141.72077649862513,,64.9117532563608,,
20,20,,,,,,,
20,21,,,141.78215890366835,,64.24455594384781,,
20,22,,,,,,,
20,23,,,,,,,
20,24,,,,,,,
20,25,,,,,,,
20,26,,,,,,,
20,27,,,,,,,
20,28,,,,,,,
20,29,64.6551626464191,115.10369250389928,,,,107.34999813982948,102.17823747069006
20,30,,,,,,,
20,31,38.990173764415694,80.42538964334946,,,,119.6262065449969,116.63931216689345
20,32,58.740862910773394,76.96190552531951,,,,126.49583719639098,124.8263029385074
20,33,48.38656177697182,62.35168793272586,,,,132.4179716735548,130.29227513656923
20,34,51.97582216111865,57.2440501653047,,,,134.7872784754233,137.65693818714925
20,35,49.87727107441816,56.14941090783198,,,,140.14109785843172,142.10657135279186
20,36,53.67070418770111,52.190938450555194,,,,144.7526531514888,146.3673533155745
20,37,50.643863973544995,49.043610399739535,,,,149.12433260219973,149.69552075468206
20,38,48.17317387543298,47.78262588990256,,,,151.4326034543124,152.73277393527107
20,39,46.427241675340774,48.65065680935697,,,146.93465749433705,157.73359102859058,155.47511297520256
20,40,45.12225869966,48.76249617785361,,,151.4340842769441,162.40917084186438,159.4928845729641
20,41,43.14077132676282,44.93280721466926,,,156.1602588071563,165.04646243952044,164.35757266195787
20,42,41.808846528530296,40.62070947461916,,,153.16375286632308,169.20333968546163,167.5250526818956
20,43,41.717346197242264,38.545071340927294,,,155.62333666901716,172.18324617391792,172.48805442258532
20,44,38.84132280834949,37.681120905599215,,,,173.77860579631027,175.3611547359825
20,45,38.67492831849709,38.11897755124924,,,,173.7582612946749,177.19241548097253
20,46,37.84450884862365,38.0221315163065,,,,173.82040929500516,177.73092272193193
20,47,38.87002426594056,39.23931897614669,,,15.6198068259357,173.84256557286622,177.34729124740127
20,48,39.259708142304774,39.14505220832616,,,14.730748681333669,174.07390615904117,175.9642660288396
20,49,39.96503188239394,39.55669408218393,,,15.39163741241402,174.0807741862559,176.413199665194
20,50,40.077721429206385,39.442313510269614,,,15.035105750871171,173.63084367321915,175.8590188379608
20,51,39.00688322118903,38.118722365313126,,,12.510918135327357,173.15137125695605,174.45279137772442
20,52,40.2814728373285,36.70767237754256,,,10.629247928239844,172.71679800674036,173.7181764282297
20,53,39.657139270424395,34.877117160653725,,,7.655180975425611,172.4083502397225,172.44393473430517
20,54,37.9602819855022,36.5364058366109,,,7.811864519622441,172.18189503499502,170.66350029688095
20,55,39.47509373390736,39.857272499432,,,,169.41799485978012,166.69166722286582
20,56,39.27704477060745,41.627905539169056,,,,167.73075556190358,164.0893769640436
20,57,40.11897127547847,43.88152400051468,,,,165.40088501330902,160.6981559965084
20,58,39.58058547912504,41.90893812960662,,,,163.67434351801936,156.62413297172887
20,59,41.33282692407309,44.420003673466354,,,,160.27026402506112,153.3983727591856
20,60,48.506523627528765,47.95177447901034,,,,154.86320869031272,151.93666034329777
20,61,47.11173892245822,48.06304817667149,,,,151.6767526625473,149.9641551001364
20,62,47.202917095097376,50.366719582092415,,,,148.9052797462745,147.4929603765031
20,63,43.1495820374527,51.811272246403625,,,,145.44954676122495,144.18218002987996
20,64,45.43165515701272,53.61848803787927,,,,143.40065726123993,141.59875421543913
20,65,43.71366628898565,57.372792641159,,,,140.46613657532055,137.89242175618628
20,66,46.82478293698226,59.84373307823795,,,,135.78415712220158,135.92459342642857
20,67,47.8939498625628,64.26536621347695,,,,133.3559975590119,132.3571127317747
20,68,53.21605689551213,69.37403922101767,,,,129.9878451512664,127.89181254047196
20,69,59.47301612371397,75.73839601345327,,,,125.69516658927851,120.8114335465572
20,70,61.13615485144213,84.02364843284677,,,,121.0004405444832,113.83793919214456
20,71,52.66485137185947,90.88114937319992,,,,116.89496645239863,108.98272777549792
20,72,63.13255238481672,98.28568677542388,,,,112.01613564145734,104.51296385974874
20,73,68.90731462980227,106.53855948605788,,,,108.19802529357068,96.51754370155682
20,74,,,,,,,
20,75,,,,,,,
20,76,,,,,,,
20,77,,,,,,,
20,78,,,,,,,
20,79,,,,,,,
20,80,,,,,,,
20,81,107.10163295512658,139.00701488850646,,,,78.26294303320991,71.8491201981918
20,82,121.6537348240478,175.9593650902732,,,,73.52469288021031,70.24948618945996
20,83,,,,,,,
20,84,142.48424130162374,155.0292660491831,156.83710955232496,66.54276129007383,,68.88794095042493,79.68321131849551
20,85,,,,,,,
20,86,,,,,,,
20,87,,,,,,,
20,88,,,,,,,
20,89,,,,,,,
20,90,,,,,,,
20,91,,,,,,,
20,92,,,145.88793986376567,,62.62020819344493,,
20,93,,,0.4653303832826895,,10.319850419949722,,
20,94,,,0.2481032090803939,,10.216474601233283,,
20,95,,,0.1786055236237717,,10.607580268627512,,
20,96,,,,,,,
20,97,,,,,,,
20,98,,,155.57306657254554,,66.05400762465148,,
20,99,,,,,,,
20,100,,,,,,,
20,101,,,,,,,
20,102,,,,,,,
20,103,,,,,,,
20,104,,,,,,,
20,105,,,,,,,
20,106,,,,,,,
20,107,43.860391963204336,90.13423401811887,,,,116.36808917800548,111.64248020886195
20,108,60.453897548514895,73.16012238004528,,,,122.15519021179718,121.72841729882398
20,109,52.44097915924591,63.63950778395738,,,,127.83680773965492,127.71016441224216
20,110,54.2434959403462,58.586588402796664,,,,133.38528155096185,133.09758030547118
20,111,53.261694255301265,57.48498283279163,,,,138.3663842525923,139.72136116759285
20,112,55.13392543297733,51.48258122488398,,,,143.52579145975986,145.18301778392478
20,113,52.24082411253209,52.62878860084242,,,,148.92705908865167,147.9019464860913
20,114,50.52517214255222,50.9212214158682,,,,154.1806256270258,151.82683058115566
20,115,50.055527026190795,49.626092477218045,,,,158.90351424740484,156.19192248378184
20,116,41.52456756409201,42.61383075344302,,,,164.3515852320399,161.29806237142384
20,117,40.030778682069595,39.03265125270886,,,,169.085092441836,166.0646269684115
20,118,38.16912015258731,36.04987259178957,,,,172.77434544956614,171.32977714208525
20,119,36.74621783622513,34.99338988636024,,,,175.09648832974042,174.06407979503257
20,120,34.87796696558087,32.16117760598445,,,,176.66895680591088,177.35504257906948
20,121,35.06431569405951,30.79129880067611,,,,176.97171665461852,179.3401605722784
20,122,35.7221669215411,31.65960868215737,,,,176.327667067967,178.61077625681958
20,123,35.994646545848006,31.54458338922592,,,,176.47811851564006,176.88708137671276
20,124,36.52338054370182,31.508988422922855,,,,176.4186179189449,178.15482967748616
20,125,36.0429559388683,30.958048765058027,,,,176.62371774776835,178.3608547233206
20,126,36.40393425093614,33.017184328565065,,,,176.5139828531931,177.22409586897547
20,127,36.627950752096275,31.580490565756214,,,,176.2593549807728,177.05320862832014
20,128,36.100361975712595,31.461257767174736,,,,176.05738343699457,177.49619450679245
20,129,36.38127071287765,32.64913383080361,,,,174.73603306083913,175.91030958491257
20,130,35.70356497151745,33.53732354987868,,,,174.30666750587474,173.97733855273074
20,131,35.41200137725077,32.22674093792981,,,,173.46645869800764,172.34868640608562
20,132,36.53965510202989,32.26239198988297,,,,172.41972870698993,171.7928257179553
20,133,36.154504079173904,36.93777402003022,,,,170.7425790142562,169.30652066988264
20,134,37.03190844537678,38.81506291970394,,,,168.5519083627674,166.0968292668906
20,135,39.12340348466824,37.12740193595123,,,,166.60631364590782,163.505592902468
20,136,40.42638536483451,41.08360897119126,,,,163.61365492788124,160.8295129330396
20,137,42.91950116342466,45.543133371737184,,,,157.73018513848055,157.57319798381764
20,138,42.72957442790414,44.31754527896183,,,,153.8837527415097,153.99460334247468
20,139,44.87243822676819,47.73750286911943,,,,151.15819901459906,151.42721818127745
20,140,44.15065450368327,51.12898909185485,,,,147.77121314441882,148.86142896435223
20,141,42.395685687505136,49.7012044742142,,,,145.33277028033186,147.0776183047611
20,142,38.573276310882335,52.30874432857263,,,,141.7793694447757,143.8693944891262
20,143,43.54133264266244,57.318010736835085,,,,136.8527651315619,139.68987625017172
20,144,40.57953468158053,63.55627841756204,,,,132.6859069927059,133.50180774828377
20,145,46.83577242653974,66.44087649902202,,,,128.21607995036467,129.57041218857873
20,146,40.42241312285169,76.10140841134054,,,,123.73571008619484,121.71468356969572
20,147,54.176756150699106,83.78171258506192,,,,119.20799645087394,118.52025903425248
20,148,48.43910739768427,99.27077288495508,,,,115.95843560962452,108.43029828734647
20,149,53.29606379880691,112.25997345042208,,,,109.60855664093856,100.49831808430598
21,0,11.655948393568302,,6.630636759167502,159.48525626757765,,113.67452444657012,
21,1,12.23224434099932,,6.168719980163978,158.7936096680968,,115.5722922100078,
21,2,15.590618885404004,20.255025326028576,4.8496945936592954,160.00919403696903,,117.80769369655988,114.67872040526042
21,3,16.833521196165446,,5.569737220807188,159.52103560438593,,117.28549783046068,
21,4,18.822621250289487,20.081300416717255,3.6795111610705855,158.8015125670003,,117.80240871745475,107.57013185728132
21,5,21.324895304503706,,0.648950528218585,160.47130943642122,,120.6182193926973,
21,6,23.25113438713071,24.190657134908804,0.9290370117354622,158.6613660205952,,123.2468500588332,108.45088056846282
21,7,21.219799006966532,10.71371711890764,0.8279863981383024,170.25370050245078,172.97484575769045,138.72257060394293,164.5840587975648
21,8,25.55039498497107,10.315633654701772,1.5198549745455283,169.711551741472,171.0681791476941,129.383381176046,175.0817095415946
21,9,23.02854231924156,10.85745998671929,0.3530866840091932,164.8417709597924,168.46838098112391,132.09410995528057,173.79864031250716
21,10,21.350262599618176,5.687447169055954,0.1439886308875481,163.89532305997506,167.1962873217548,121.84341007504672,165.71957483850474
21,11,21.454040887691665,6.600884730454221,0.8946782152262186,163.81413623169192,170.24246879682346,120.30523588232256,155.50949424253488
21,12,19.564335907929724,10.225838961348025,0.2009505256252747,161.67811592268984,164.70982089036698,136.90814630934176,173.16880745165147
21,13,30.899964610469542,40.73340928395231,1.9106915566107632,158.04148742680752,,144.77913310487963,122.60393773897692
21,14,43.22948741804789,45.69093521414898,5.103352186754205,159.1343965000031,170.34821107717454,153.8607309756436,129.565403437267
21,15,47.84391759575899,44.190059095524255,4.634566685498518,160.75334532199653,170.56414988968075,153.1054651461488,127.69233999541656
21,16,50.10418233218573,47.418619730149686,4.677273935570121,161.29504893553062,170.90615316932897,155.68072209480735,131.80330744691312
21,17,53.87336800500975,50.261956523263386,3.0851163886070445,163.57707253670137,168.39989008160828,159.95719555090912,140.9614862623879
21,18,56.76035832846939,48.16301525473944,3.9273056430439017,161.8514220914854,171.60477399385235,162.66327490993885,137.04929573748734
21,19,57.82180062635775,50.19202929637582,3.0472214602255927,160.66973984920423,169.70006021525813,162.89127168537877,138.68504972391256
21,20,60.07152293622191,54.945389495486296,1.7686145087855665,162.40074118457298,168.98873544934247,164.83102465312055,142.5381320272197
21,21,60.78284092872143,51.97696106049371,1.8091022455935273,162.96325916852197,170.0418054419598,165.83957264467278,145.93761980326087
21,22,62.81949614626487,51.360466714560005,0.0201197789632469,163.74858361811556,170.65373158022592,167.8484107437994,144.603921133471
21,23,63.46299603872253,55.17795596479011,1.432927975433238,164.7181711116239,169.90635932951866,169.41068329862725,147.56942868918978
21,24,55.520003491484005,57.00601360856883,4.36506777597781,,,161.19833432407572,152.151003942743
21,25,56.214448362930426,58.97068733734699,3.707229028174525,164.89965539917046,166.27920174361,162.39453236403432,153.8515577642359
21,26,56.08393652426384,60.67357863097693,,,,161.64518806262606,155.58675345528908
21,27,55.12748963850051,62.13751695853911,,,,160.68238295393198,157.3963989881818
21,28,58.64123229613641,68.73944680880481,,,,164.5009797638408,161.55394694041806
21,29,58.983323409103136,68.68885803053543,,,,164.8461876329021,163.43620597365836
21,30,60.52554030444239,69.71589955070931,0.3216048038341377,,,166.37790199805517,165.0686692581007
21,31,60.607888659366125,71.28507064394417,0.4753431862992916,,,166.19355711391032,163.73748200936777
21,32,63.466139473667624,72.26826205834789,1.342221935871313,,,169.57142455015858,166.9604935046123
21,33,63.58661338819266,73.08096639382431,0.8124025811359132,,,170.03459590377437,168.2075053573273
21,34,64.15816753668716,73.09854533668688,0.9273721030125516,,,169.3417355201571,168.20622816137924
21,35,63.84442765896192,73.8936175121201,0.9416029812138011,,,168.95387837718658,168.69139286430857
21,36,64.04931087024914,74.51281813379148,1.0772546076616365,,,168.90416431460187,169.13946424039196
21,37,63.3380148270239,74.06068709409794,1.1118005461703226,,,167.9134449235313,168.39256208085172
21,38,62.69440824368235,72.94313327518377,1.3272507582293271,,,166.96748983728162,167.5183632332225
21,39,61.9815166110673,69.86232422667369,0.6371193763850882,,,166.25731768964656,166.02483852174973
21,40,61.26865460199424,69.91720885974456,1.0982077632349512,,,165.9945491679371,165.75894285820738
21,41,60.69953323840392,68.95916900076858,,,,165.79916457094822,165.73749512601344
21,42,60.88185149804922,69.02063934612751,,,,166.11756221769963,165.7876616732274
21,43,61.66944992129713,68.41855629593962,,,,167.1411819255382,164.3148688226715
21,44,61.402486210332505,70.13660124123052,0.6403538746395344,,,166.84004264943712,165.30170311097848
21,45,61.72661637710096,70.31829742894003,0.8365287412204231,,,167.170514066665,163.61270902480837
21,46,61.90176133349231,70.84675064738182,,,,167.16651405813917,164.3276641961074
21,47,60.64551962258084,70.323803177389,0.391551183755005,,,166.32769955747193,163.3752162460582
21,48,59.35512529463698,69.79387581066639,0.3796848292491137,,,165.06467198918494,163.24846780747865
21,49,58.58497782065473,68.75488765372795,0.4196798879226259,,,164.2059111947865,161.59564996390355
21,50,57.641458187754736,67.59242014332503,0.3684631618813486,,,163.7623678131812,162.86340403480693
21,51,55.63305691720893,65.7193605085709,3.9744918854336326,,,162.10490575759735,161.08231995148483
21,52,56.3640140351184,62.37921694078706,4.596919377785399,,,162.15266493084923,158.7715115447838
21,53,56.37544536811159,62.85909492158198,4.9157887978654955,,,162.10440364204317,162.2420994081494
21,54,53.98236319853681,61.60596707317898,3.748318075310429,166.58181647764133,162.79755302657318,160.5180369908249,163.76820762409517
21,55,53.3040865302845,60.58854988727047,3.578644714555541,165.6573225773271,162.5602343594673,160.0450852521824,160.92999115118917
21,56,53.78866895757461,59.443477210048066,1.1876850452077086,163.44471245623944,168.65775938565776,161.65928787802378,154.44172006476475
21,57,52.686736967869635,56.346125616987806,0.6634731869243107,163.51612512113184,169.06848948495318,160.48542697861592,151.49809783710523
21,58,58.40450424942851,54.80778603708426,2.7253950466229786,161.4014600130112,170.55841782662753,166.33400070715092,148.90919201927534
21,59,49.418194336256654,57.1957235959299,3.1670331536461047,160.09113305999762,169.60169697095358,158.10368034892844,150.43884904088338
21,60,55.603117463742215,52.408900805077714,5.108957280658611,159.2977100874989,170.26963190062958,163.4972224115765,136.9009188968933
21,61,55.06507724679043,49.17516987806695,5.138808893162344,160.04908800264477,169.74379464151522,163.23432247934923,133.73907032888513
21,62,52.10486890652908,46.601283522309366,5.028227597892172,159.22147448627462,168.4111582329587,161.34706641861175,131.09861362272542
21,63,50.10791416579517,46.81995375987781,5.626743063185389,159.29143488577296,167.51793943179626,158.97437827799564,132.21756924211854
21,64,48.10867553557384,47.245772539531735,5.22736217238114,158.96252167215405,167.9572475389115,157.69466931727663,131.64103466576472
21,65,45.72588296845325,36.08723067526768,5.557257256720999,158.27492694299826,171.2247761609551,154.7078411410182,112.23050747823724
21,66,43.82905938486279,34.564706019992705,6.211750896273401,157.34537061401272,171.49401467457992,154.26063189530515,112.87507771925765
21,67,27.992529799712234,36.2945845355036,6.437070915004352,158.68032755633897,,144.1248764528648,116.55998862196066
21,68,31.05675894731541,34.12686356038607,2.2946241115469443,159.32399174533484,,146.1420319577998,112.876175700561
21,69,18.149027862373508,7.4878607719226284,1.431103058251234,164.60361162428688,169.77615536881612,128.42256330925568,173.39778821324222
21,70,19.087901523043737,9.316437955369851,1.35005207504304,164.23057143353637,169.87692640759803,137.1089376000969,170.5237259506956
21,71,33.942073619137574,31.23439927082604,2.7583447441602873,161.16375920565653,,141.55497762597295,105.62128779112656
21,72,33.11016372493707,26.863559799828153,3.4473411160927014,161.38111989362434,,137.68502383201266,104.64894798235537
21,73,31.299140542185615,23.92892699148475,3.779705868860749,160.2779577937235,,134.72583295943534,100.49504021570004
21,74,30.01037176667691,22.84454942395005,4.587086714630887,160.35061874285253,,133.14636554114307,103.4005126991496
21,75,26.529007142308487,19.18040678717997,6.374907154364284,159.35732025665948,,129.19987446552855,97.9246972505318
21,76,24.543756100141387,20.330532764135032,13.071732394150612,159.38599197159186,,126.52387640410409,
21,77,21.119991177054185,,8.105608153820878,159.08633685670253,,122.5025540977996,
21,78,19.18293351117182,,8.60778299645218,159.05256129569054,,120.82680759281256,
21,79,18.646903791615212,,9.392311251144944,158.4394033806237,,119.5691627676047,
21,80,16.697161510526175,,5.338043342984327,159.3676892606047,,117.16949198268608,
21,81,13.353948674220703,,4.68742714615344,158.5572395368192,,113.07851718099955,
21,82,10.006132142196485,,4.818588108399272,158.31064692334772,,108.52260685969438,
21,83,9.648214703901877,,6.471908232129591,158.01367182507158,,108.79959228566914,
21,84,9.037808364855294,,8.147101019042879,157.8438914096742,,110.23618240480732,
21,85,6.746697849135372,,6.314551667515722,156.67303735427825,,107.00568161521988,
21,86,5.787208637066164,,1.9719158853468843,155.92747305074434,121.38964551047872,106.36728065113704,
21,87,3.2463090808485813,,6.476212675100588,155.66110460189017,110.6742591382388,102.2109525377632,
21,88,1.2573091986477831,0.0649375626126818,9.318971287335351,156.4687937986445,108.40920288755356,100.23795702696704,75.6744848809769
21,89,0.6586696280077664,,6.313799805827087,157.20616485991405,117.35993824950133,98.9778431528136,
21,90,0.3256191036119081,,10.936416038436716,157.16053523889772,,97.62381633757282,
21,91,0.2787727646980873,,10.947242375667082,156.85078056394772,,98.4345320309728,
21,92,2.496886730485808,,13.90412357771487,156.8828943336728,,94.21926271653342,
21,93,2.5505048719673877,7.553673979194275,13.585344418519536,156.5396582495322,,93.75327264114676,155.35038564445358
21,94,3.711748696681965,,10.426509484802663,156.15015429321045,,91.01388176402276,
21,95,3.602577832603946,,9.967173596187836,155.76537989612456,,91.68527867640076,
21,96,4.798780320671983,,8.843934630320257,155.83608596336526,,90.72533866521452,
21,97,4.473546874907654,,9.425625785629537,156.7187735554529,,92.03669992414196,
21,98,3.926727371516397,,8.687216734588548,156.3495714000094,,92.47823721013054,
21,99,4.300984756258204,12.186306908578306,8.073204245353411,155.94643971508685,,92.20733212470384,162.38173571365627
21,100,4.89755562672376,13.593429537922743,8.109307927259453,155.68876601464615,,91.242336623499,58.840759211158925
21,101,5.992594538560336,8.327918730154854,10.38820619291671,155.33212842947668,137.96620735916,90.95882893155348,
21,102,5.83765559558977,8.725154822873927,9.375536386724695,153.40584367236326,137.83639857195624,91.2934269589914,55.20019451768468
21,103,6.694864647130227,7.91744427532994,8.846334879880457,153.11532640685775,,89.14130999782995,56.17017671489217
21,104,7.22353310166694,12.46216308791501,8.983874175987717,153.34188779330685,142.2256997426732,87.4979471996199,51.87520761523158
21,105,8.884131677618868,14.478230383590487,6.665011600859155,154.16069980066396,,87.32924847013439,51.57688669746012
21,106,8.75849498498007,13.18500188633864,9.195806357602208,153.99164351639982,,87.69186125889748,44.47523311423764
21,107,9.0391614250374,14.213367650969143,6.147961680630375,153.81898018190205,,87.99625473742836,37.790728737604674
21,108,9.102267826469422,14.598689295353648,5.620010080833459,153.7869740891602,111.50822425824424,87.8819765325859,39.09548479622683
21,109,9.479265219847552,14.344556755298012,5.80427874247816,153.69385180582358,113.54409150981957,87.50556597230037,35.26258732960077
21,110,9.38192370160157,13.88230526337964,5.5133252860930915,153.57045767525517,115.06675136823743,87.18176748063509,36.19118385957819
21,111,9.472484243125816,13.454569742516886,5.87834069665104,153.51240047949688,,87.03559747772064,38.37165862940059
21,112,9.377149334572822,13.749637925157302,5.837975493932769,153.39230772728982,,86.84833321466772,
21,113,9.197909547186056,12.83940424487473,5.851822252729937,153.44773142564262,,86.90199372051369,36.60824639699846
21,114,9.002260657551927,16.53033305961652,6.335678993457225,154.1127648606136,,87.54016237118758,35.81953036601189
21,115,8.622323030569625,18.099713909820174,8.59957627583805,153.68266884508296,,87.95045136384721,29.0759807827064
21,116,7.455064773025147,13.795958564513462,7.073800231603663,153.80247522541472,,90.9575354330629,59.49237330709398
21,117,6.027082043893631,8.377740506208953,8.013309277956877,154.15588357504367,,91.0903848531447,64.15508526686118
21,118,4.748541131429839,14.30874312495673,8.490074580121755,155.5615666331862,,89.909662408691,161.87648971695123
21,119,4.6587376027426695,,8.733508479217145,156.0261059504165,,90.90322716015316,
21,120,2.8575011279538987,7.616203847681711,11.315393029647735,156.99981880502756,141.0677382341192,90.78407526601328,0.9668705949527012
21,121,2.279248594013515,5.893431298011575,12.05764533141521,157.73836194087298,,91.9712365471344,160.75178180648203
21,122,2.186506906209015,8.283384841509712,10.979945789695403,157.24898114869922,106.84381104228125,98.58694001816995,165.67990576806275
21,123,3.370738301011879,17.84301734894148,9.626273330058284,156.3111983460992,99.4694633190868,100.86399882953194,88.84120371640722
21,124,4.484772518198154,,5.148965838846664,156.4453676182214,110.2172908921968,101.71538977470152,
21,125,8.463971956223654,,7.7079021736135,157.86187994261968,,107.44578998275648,
21,126,9.762610974641172,,6.663212464926826,159.03668185540562,,109.6375841268676,
21,127,12.847158052853937,,4.262439575008936,160.1629775415293,,113.11170375353092,
21,128,14.53748652661303,,3.711097646939672,158.92066990440082,,113.78169605653092,
21,129,19.593565511422625,22.188939381777317,0.5929825062813152,160.7009630155026,,119.51333422437824,105.47700457750898
21,130,34.32519599844448,14.130325541377148,1.776418261917627,168.09233519598598,168.85372525771805,124.17735292836238,158.3590874255123
21,131,23.653710690275886,13.177868877223716,0.7881571167402386,170.51938789547916,173.65480610822033,119.74635681027812,154.50336409748007
21,132,27.695099890788395,26.78003766746632,3.501610108002099,161.33284401838864,,128.184225733857,105.4752519793023
21,133,32.57143259972592,31.273791742507942,2.6899580476754106,160.40522707570156,,132.80393456265554,109.64442607056688
21,134,24.382304190928643,10.107150829707544,1.2942857076276604,163.99128843609395,167.49722395770596,129.3615382307589,170.92791219923336
21,135,22.582148650660656,12.39795650236963,0.2675066278393033,164.11773126339568,168.88629347445934,117.88614869799729,178.7641221038275
21,136,29.696511011943823,36.13459913183856,,,,144.69913847890197,122.47698307679804
21,137,31.559022725451875,37.7200867270433,1.2232981835199273,159.31187567577078,,146.23022315229744,121.02068573130042
21,138,25.19287386922796,39.23173257049212,2.1246184126174654,160.71143848358156,165.4441637950675,139.71208703190692,122.3312751394499
21,139,43.774422848014915,42.58895427189193,4.86801048953328,160.14441727912282,168.9759731456301,154.62077296788138,126.03420393223348
21,140,49.225630045912865,42.02939187649147,3.257532354402274,160.3874491094278,169.45267716741915,156.48559768719832,127.65132005884502
21,141,49.67387262468034,42.94007401556403,3.6951065792680327,161.64993919235448,170.7563696255804,155.32036120010784,128.0889161882505
21,142,52.68202754768247,46.962982249862215,3.272763731571356,165.268349154461,169.09707401354376,159.60141471922262,138.0092793837426
21,143,56.40400017422503,46.71526027879622,2.526446781909846,162.64444402298332,169.99131075424796,163.47109863808393,131.59711062618547
21,144,60.2622949522914,46.75882698738758,1.5862364100828334,162.50375978141477,169.70520201274206,166.6460794559592,134.31461292117518
21,145,60.76022262394049,49.371378222913286,2.030500549065891,161.94327575532142,168.5515927514019,166.6164078554572,142.6082420195768
21,146,62.388891976556366,51.43090925033385,1.1221325235271158,162.8141070005783,171.6576005922954,168.97820679313247,143.74503705742785
21,147,61.12585780596753,57.18388236289649,0.4213199661844911,163.2997587764531,169.91400882212693,168.59135287765903,150.45286222159174
21,148,56.145894506246066,57.7150012365269,2.696810866902188,,,164.14951410403648,152.57702660551283
21,149,56.57572992991153,59.21231349348373,3.036639242932432,,,163.86994832202512,153.2954963837559
22,0,11.329057358855392,39.63833903248519,12.502705898880617,153.216246548313,176.6777037906752,38.46030818482544,54.48420630156253
22,1,10.493657080018886,37.37060036262643,11.45994500368227,155.79025251957555,174.43544402800694,32.612097907501685,54.65104357362017
22,2,8.868396435622687,35.24732333563884,5.475618199048744,152.77266920985988,166.99020703468366,28.635966788459317,54.23684609660895
22,3,9.53355998818772,33.772248711043474,3.38698507945796,150.88658375239547,164.8925270574323,34.21554533616978,58.74033984849701
22,4,12.76841182326838,38.942854172814975,0.9043661338118292,161.16682319465698,170.74699542724025,30.934183475241728,55.573052408885694
22,5,12.125751292383192,37.13287831958968,0.9179904231234114,160.05102529309795,170.59915593538082,26.765993319316348,53.52507040431132
22,6,11.509222570259542,34.21595943714442,1.812057515072798,156.36012815117078,169.9543160812553,32.646068503982455,54.145535226656214
22,7,10.729499797644126,34.89962153325176,3.3456917327844904,157.49600181900266,,16.379824548785,53.11709164215832
22,8,10.016637662795809,33.93267169772517,4.505470073237974,162.00160627087124,170.97932820920457,4.545683371097501,53.161897308319915
22,9,10.5246805177056,33.83690481232976,4.606848903194811,159.6140484131733,,3.9432860786029633,53.58081800954974
22,10,9.886469706900275,32.56477352607037,3.9209437548239663,159.0039006078539,,11.439297396685472,55.097160961514135
22,11,11.108742481829722,31.017482192267583,2.757372249139573,163.193981923885,,17.911194301041945,57.029802255310535
22,12,11.596656461829896,32.16587956551363,3.555083996757899,162.2551938124321,168.17768687989184,11.808501925483585,55.674336604370815
22,13,10.502981092662765,33.26813637283112,3.7600734653370615,160.45974356229226,166.65255819623425,11.59273800932113,54.7856249265281
22,14,10.158605344745352,33.635269657820075,3.617499655048365,157.9990950383184,166.75973580336176,12.841957392878184,54.8010117631418
22,15,10.907349037593695,33.815299447091526,3.9067434666643166,159.84620265428387,167.41877746673055,15.849784529370163,55.26431563621426
22,16,10.659534277542676,34.04267560309494,4.353013467650184,164.28388818631282,169.8567327565658,15.495653942884388,55.17991192770435
22,17,11.200868786220138,33.56727765548015,3.3490654630292345,166.62018337118965,169.98083700890052,16.73270875833996,54.69100775084035
22,18,11.45744542922473,31.963261497397447,3.5694769486531808,163.8522202910478,169.15336166498386,16.746849985284623,55.41307342954058
22,19,12.308948675232685,30.62847174918294,3.6926643866623334,162.6869941472847,168.5771089396968,15.692239471499118,55.73615325093353
22,20,11.853171097922017,30.149384864326493,2.5617167049871297,164.62686449255887,170.2042305808055,17.778518814685167,56.525654763937304
22,21,11.620225822748829,30.320074934138965,2.0596033770268525,164.81638445205314,170.30406514277084,19.595729231229612,56.710546503362
22,22,11.546487967126088,30.889743126982975,1.7882845822616114,163.4383857325161,169.2819332656408,19.45878332165713,56.583156980157426
22,23,11.435301879188172,30.460222419298493,0.2400774698556977,163.62166719684276,167.96520289469814,18.70893436918164,56.17055178394813
22,24,11.0487592606955,32.31028463912406,0.1192409344830393,162.19310268069478,167.1334957690399,19.88614263504902,55.76796564488435
22,25,12.054153120104782,31.512007468185043,0.1310763238435383,161.10652859530256,164.92870474436046,21.364015463342724,55.992002128700314
22,26,12.950305263049458,31.88983945075456,0.0049500507543407,161.13186744371183,165.4598735745733,22.202366872738036,55.82615164631984
22,27,13.35199613449518,31.91664339732811,0.2687833992407365,162.88902103548796,166.9184211753882,22.071493454840063,55.5831001374362
22,28,12.970812999589228,32.29889654242988,0.7368617316269541,162.77637216270233,169.1778249056946,22.734896255927467,55.73695742939915
22,29,15.563711646521504,30.72421755572424,0.8050867570369056,162.05763851440352,166.29577252406207,26.514849190123925,55.92301890082615
22,30,14.87560099211085,31.791083977076045,0.8827191235027779,162.1970303783855,167.15465758136023,27.419971032249254,55.467440352383015
22,31,14.707006920266773,31.371384424081317,0.9352542615880888,161.9454459701481,168.0936331104304,25.71310343489104,55.41097092987776
22,32,15.400526669130882,32.05934556228013,1.9404855285267424,163.03685095661163,168.7013748369865,27.679731747090244,54.81716755609342
22,33,14.170974112307889,33.051970706404646,1.6023034973543977,162.8895332530192,168.53632301738537,27.61441442326953,53.94114484693271
22,34,14.18010293344624,32.99587976082233,0.7361937313885224,162.2639608205417,168.15416931465683,26.310314132003253,54.17127033526202
22,35,14.849100086268384,33.06778640472688,0.3898136765285059,160.58964832861713,166.1718582009384,25.831365568488454,54.22579804154874
22,36,15.04278932806144,33.019702384394314,0.0220077207815565,159.58274258933756,166.7323758750286,27.870236621888548,54.86575323172027
22,37,14.790080802550149,41.698610549905595,0.0077133047874645,159.04063186061947,166.0190397154886,26.840496812552377,50.05240879016128
22,38,15.676062017508828,32.63709539893356,0.0343675146690302,158.42543255432324,164.95651239103643,24.435278546531997,55.316258127475976
22,39,15.947184635961284,31.15279206576021,0.2564998492334702,157.1507455277541,163.46879771402277,24.478650007376913,55.92350712605288
22,40,15.684677518621337,31.60694313358722,0.1194593100546222,157.8879368254801,163.30407278282726,24.139897998925857,55.68269269446707
22,41,15.666704386697363,31.300124472291373,0.0064167573470669,157.98971825355417,162.84655151068307,23.74965031799624,55.712623062476915
22,42,15.81721426637314,31.147849240807897,0.012964042483395,157.87908935240552,162.99544518871636,23.783624694594383,56.26905646243565
22,43,15.995270246272426,30.97912704534982,0.1490906791353148,157.27804871326055,163.0878349495172,24.027152616329023,56.096519037943914
22,44,16.13414664944502,29.876034590092814,0.2099925768721671,157.94179607336233,162.7478957802193,23.293735061856612,57.083438073034216
22,45,16.802392004456664,29.34128361617674,0.7854757505970033,157.09070282102377,161.6085908221078,21.680404881854137,56.87394469434878
22,46,15.014986420378651,32.67109616895111,0.2553674161751134,160.2703992493014,166.49391399502886,23.970920489258237,54.715632398449785
22,47,15.111856927973983,33.66210803038848,0.7673854638824665,160.8322754046406,166.86831512843915,23.615554258190837,53.82120313496005
22,48,14.53758486040284,31.325886375305647,0.307015713009294,158.50677428850122,164.0433847388559,18.618582977191775,54.77770021161889
22,49,13.95581464422833,31.88434742152951,2.3225396153320736,158.77174115500017,164.25270929291386,16.178565223638607,53.60352788302269
22,50,15.408926260929643,32.08348207859817,1.800070048619019,163.0656484720178,162.99423891870418,23.726954170119164,54.71986577313703
22,51,20.298462611759344,27.46636438509457,2.547955943307229,161.44087706136727,160.87810441077212,17.340270852804306,56.53720972254525
22,52,16.229190674621126,27.90205106977645,2.6100682415428333,156.48526541635673,160.02930306793172,21.071535682163596,56.640069107748886
22,53,15.686394953408032,32.73785116650832,3.1758124450834826,155.6568798154872,163.9900869450397,24.68447665943085,54.81188894020879
22,54,14.42527036861888,30.654567825377075,2.8069354999581564,157.85947856062512,167.0035277676058,21.717609257992414,56.54879275552795
22,55,15.88520121840308,29.09976479093658,3.779738608916384,155.71381187365893,164.18900011232122,22.651174424999542,57.87764140513712
22,56,15.002927029934453,30.305347565159213,4.344577169913285,157.25906813042366,168.6724701358729,26.751141788225627,56.65261115428694
22,57,15.63742633079648,33.121505161389045,2.9324603530010105,158.57462780032648,171.8503915941212,32.78051118585864,54.5892736564021
22,58,15.903029951890458,22.356635598100823,6.74680443436261,161.38968832240047,176.3734851665516,24.48753313365532,58.669249964570135
22,59,14.936146044510048,30.687917350248796,1.6719309670899087,166.3719771005843,179.1356300088164,31.467474226505313,58.22631909926318
22,60,9.988608380382177,26.985016663713967,6.615238654261183,,,33.81180593347233,61.49576788404382
22,61,8.310808614697255,34.02047644041673,8.165272001067562,,171.51238439092236,38.17106628118285,54.811865412128896
22,62,5.238826712080573,28.83661615058299,13.263137196676851,,,31.99275661879235,62.14140774046831
22,63,6.633051418596751,38.94953652926889,15.642932499810367,,,23.54837960319513,52.01397530306617
22,64,9.148805996300732,38.73906022906856,26.147511868417435,,,14.509674625556746,53.930112572098544
22,65,11.724257333010176,33.285705520827364,,,,23.56490170496914,56.01962006969522
22,66,7.815382279675315,29.322878761088894,,,,25.442376572449884,59.12359155893941
22,67,8.281785261078998,28.94789789830475,,,,41.412070216165695,58.14587001035735
22,68,3.1014179473455457,21.923567710179157,,,,71.16970459893473,60.25320100612832
22,69,8.339608636407648,30.3250545452809,,,,75.41931866157195,62.22551034221782
22,70,7.230498191318999,23.373670273304676,,,,62.15471167859515,59.35705060898191
22,71,52.470285570768766,,,,,150.86932414154646,
22,72,52.68119490952859,,,,,153.49501054091263,
22,73,56.11652387968791,,,,,158.92864725397283,
22,74,57.09186285939986,,,,,162.7230422911634,
22,75,57.96508579044586,,,,,165.20451803263683,
22,76,45.66698928698186,44.812666316324545,,,,154.9970437856407,
22,77,48.52173493572035,,,,,158.44318138402528,
22,78,50.48973923705053,,,,,161.10557796785662,
22,79,51.47014709967808,,,,,162.5098608718056,
22,80,64.05021510233956,,,,,176.82558928107073,
22,81,64.37129760584068,,,,,177.4601595650089,
22,82,64.30908470517039,,,,,177.48296151627753,
22,83,64.10098330425991,,,,,177.37054212946168,
22,84,63.91868028362816,,,,,177.52835230141687,
22,85,64.07829210426593,,,,,177.83621804603288,
22,86,63.864543877620974,,,,,177.73295759846533,
22,87,63.76515802564395,,,,,177.75305505144232,
22,88,63.91428005923873,,,,,177.7535293189716,
22,89,63.671805188296595,,,,,177.82180785005147,
22,90,63.43292217817727,,,,,177.45034123830862,
22,91,63.223568361361146,,,,,177.05672090991845,
22,92,63.28596974968277,,,,,177.16664295179413,
22,93,63.201381254125536,,,,,177.3083411108361,
22,94,63.50659988964187,,,,,177.22792581971106,
22,95,63.32068850405202,,,,,177.01614929126762,
22,96,63.03452981444597,,,,,176.14537402907013,
22,97,61.963755615914415,45.433638397484934,,,,174.44053064528043,149.3517451289802
22,98,62.08239793073964,,,,,173.6061854904479,
22,99,60.85244510088308,,,,,170.8542986914612,
22,100,59.77458818637624,,,,,168.81449154989892,
22,101,59.224596824877594,,,,,167.48463345168935,
22,102,57.037561419567886,,,,,163.08869584538684,
22,103,55.51911454082749,,,,,159.29853809461756,
22,104,53.97138960198918,,,,,156.5301816466046,
22,105,51.43800419589314,,,,,152.33058567537603,
22,106,51.39297886129686,,,,,149.09516548039295,
22,107,47.1279678812456,,1.615003448576832,,,144.8421808365245,
22,108,45.38097916960322,,,,,140.13557452160168,
22,109,8.14881301070836,28.450752086721312,,,,71.11955489120791,60.011509916723355
22,110,8.961447385042272,29.794681597199137,,,,36.07520608067791,57.01486361090233
22,111,7.878990553851865,30.288689511325252,,,,28.777987771505,57.34396016426364
22,112,8.899553540979404,32.09751847997203,,,,28.56562519137272,59.032836175361304
22,113,9.54752184361453,33.69961691007894,,,,30.377918866052855,58.77866045673119
22,114,11.806570056884174,29.2176653880336,,,,37.1515428697021,59.74271498803605
22,115,12.156359543398208,36.72241222431092,,,,33.96277707642313,57.491762789718805
22,116,10.748025048812307,21.87681237203648,,,,,66.74606216675859
22,117,7.4542002402625105,23.029049522260493,,,,,64.58966693100432
22,118,7.733434445717997,34.17049518800168,13.734436385870136,,,35.27046071594759,56.48781585399826
22,119,7.73025370886971,33.709144701275335,14.579003317466084,157.82981942356562,177.14778462293515,31.962817402647374,56.21065645342913
22,120,6.612133716510932,31.526202961744964,11.2838806612995,,,24.04946132584652,57.276850061803664
22,121,5.555421256283935,26.84307589582749,9.646114593791406,,,16.03111753070946,60.54538234504536
22,122,6.448634542057631,30.20718383144274,7.075552744514786,,,23.736351374995937,56.297419077363465
22,123,7.96025993004423,27.29994082178511,4.637819646109989,,,21.03407457879901,57.3461680446797
22,124,11.117936424101137,28.44866777600265,0.224674168300569,164.42704910374383,172.52152872315128,22.188715431231163,62.10687250205551
22,125,10.589168245647734,25.058667641811343,2.3511567978803094,163.30742015077084,171.68540490593526,27.0717020917748,59.81687971825584
22,126,9.954399300571412,26.590814311207428,2.1263754593952853,157.2959117637834,170.65304740527318,26.411521625934498,61.336093925470166
22,127,9.84533704898421,23.57484107551461,2.1881956287540634,159.92271798811367,173.10418208547682,23.438283550745915,61.33180287184944
22,128,9.971731650358,22.658780832419,3.9660279000642302,158.03284294265077,172.50023302143754,20.298484978899968,59.87610545604425
22,129,11.9946863474932,24.30389651875959,3.8184029016996632,157.2753557207435,,28.91396854762152,58.16884077069859
22,130,16.513610930679167,18.512894885685903,3.666853611421891,157.53933444300003,,19.93887711145979,62.2536054242392
22,131,12.657106201043511,22.536919835532053,3.68105159173908,158.46833273040986,164.2507672497054,15.14087508930336,61.46415279736011
22,132,12.95617219694997,21.84079636247766,4.0194281800820795,155.89460669288343,162.65045716182712,10.18075536251214,60.88055745273268
22,133,14.582102635900153,21.009076777352806,4.7039844520200464,155.17868334694688,164.21432530017609,18.778634285186737,61.79609198987082
22,134,15.243512211528486,18.489118875871263,4.240571899028634,159.13913771481845,165.8508345620291,15.064009145703867,61.956528833381505
22,135,14.947386100446217,19.114723818236715,4.062716730793624,158.97778847176806,163.47152138689833,13.660565771043744,62.28721319342055
22,136,14.176220829743729,15.861981998197242,3.404437807150176,160.54331022670843,163.1884702861548,7.550061948672541,62.729609116509366
22,137,12.843734691773175,19.795349680376564,2.8546708998752535,164.02534453149897,163.83648377989113,15.4469880939191,62.83881489318043
22,138,12.814481320059526,19.09904871329644,2.5628723425691593,165.58809279280587,165.32515723867968,16.141692393209034,63.495384195862144
22,139,12.865747161805071,19.24092980268127,2.515251340701527,165.4708233336035,166.3586341529674,16.29427645694826,63.283708061558706
22,140,14.592581192769016,15.628191703650437,2.6194823360495683,163.04180537983672,165.78445829240988,8.378073642563194,63.881042985589715
22,141,13.952564938452031,17.189069309718544,2.12418607602314,162.36322382079044,166.17252350085002,20.937444119942352,63.83055548619856
22,142,11.51206938332442,20.51472623909576,2.2531166735183943,162.1074972465846,166.04745148837154,25.204185853722784,62.89876013780334
22,143,11.068202128186575,21.28428116308928,2.2862943029533067,161.46867319731064,167.15688292990606,24.768899078793517,61.79117489348077
22,144,12.6342815343887,20.242078225511136,1.3282034004450545,162.79392216879816,167.22916748745507,15.26831659977052,62.03278939201084
22,145,10.20341516931933,28.35401663943788,0.2545044456352719,165.1535700646475,172.30362280114855,19.340238608694627,58.026696940101665
22,146,9.16998193444681,32.49552621927988,0.3602305206423987,165.08956166658763,172.38159023248377,19.6909844248668,55.50298894189927
22,147,9.472372600175428,29.24828223062202,0.4756367296778728,164.02217916092897,169.8732486388096,17.277483863406097,57.30560690056869
22,148,9.49688492487932,29.421674435288367,0.3333301549385563,163.81244071362687,169.14786809268418,17.243449352098487,57.428469345414385
22,149,7.917822250262012,28.975341635977617,1.2422752077697476,163.47158622154083,170.6410072039234,0.5794280701198279,57.38010211836179
23,0,,,,,,,
23,1,,,,,,,
23,2,,,,,,,
23,3,,,,,,,
23,4,,,,,,,
23,5,,,,,,,
23,6,,,,,,,
23,7,,,,,,,
23,8,,,,,,,
23,9,,,,,,,
23,10,,,,,,,
23,11,,,,,,,
23,12,,,,,,,
23,13,26.573069201172412,36.327295166661266,,,,,173.4693380207468
23,14,,,,,,,
23,15,,,,,,,
23,16,18.63107948357897,30.72395714879595,,162.8983773972198,,,134.08750769192943
23,17,14.44424858058738,30.2811419844626,12.441868460764285,157.28159775683713,,,88.41371950018628
23,18,16.093889643352664,25.157331529237258,14.2994596669221,159.21627997715214,,,91.03512228089244
23,19,13.462436505308958,26.57090972315262,,156.95389620866408,,,75.6373378749543
23,20,10.184327570508025,25.782186579793805,3.822085670111843,157.8755534002666,,,61.44656191262291
23,21,9.553594475888591,23.09378338446982,,,,,95.76876341298198
23,22,6.454208439319736,0.8024177141014605,4.517566303831355,167.12214252976514,,,82.16212859348941
23,23,9.007150391745816,3.483616585688782,0.8389411116712775,173.39533451648424,,,79.172441586427
23,24,5.379044065132013,5.182160556528966,0.2586635324149102,167.05680995030175,,,75.92312173895002
23,25,2.6187630420763077,3.2681887026921888,0.5223111643161981,171.03438626061177,,,75.22287675821173
23,26,5.226675474852984,30.50520346426255,0.5572238477309785,165.24456993718147,,,60.771247452955926
23,27,11.135643930612622,36.55603726576096,0.8974579490727791,169.83405541677678,,,54.82803791731656
23,28,13.547538174004854,37.421029520948395,1.561130958165822,,,,59.33749917005766
23,29,10.11034448818834,29.36300738106167,0.8871590501888864,,,,62.009717208708096
23,30,12.216958114177409,32.22824934958417,2.9402257384634303,,,,62.07102337227359
23,31,12.750561031166564,34.51549291381456,2.7123142533855766,,,,60.89677749941262
23,32,11.083119922307924,31.85742298551468,1.4408145258293994,,,,61.23008320843814
23,33,9.82097285285622,26.699879626739484,2.611319475087963,157.27511569160785,147.8860741302308,,62.09268088754528
23,34,8.735579209929016,29.521194389092237,2.140111383090713,157.1359884863658,147.31426520896304,,63.03993825138297
23,35,9.417859463270812,31.21858898166293,3.642749687082403,156.48347564504107,148.2889681662678,,63.35226343887675
23,36,12.80289865987946,31.243404206936756,6.392618579811722,155.5540348358512,148.46305774525754,,64.89212468459192
23,37,16.56163460993308,31.95263803462551,6.651213853216543,,150.28079064841293,68.80276284410178,63.69024090334444
23,38,17.59875871510237,31.22756875450989,7.589044330640478,,151.8561503741532,50.484300330367304,63.86500296348153
23,39,17.88769856924239,32.05108613122538,8.840077455539586,,151.68195519994367,26.860002061931382,62.04613876181552
23,40,14.565725846815102,33.35515647507545,10.170046751498694,,152.91549103809993,39.92438273821351,61.89221969048061
23,41,15.430857614463276,24.74415258999867,8.85619879415749,,157.4925189584487,38.05448689773523,65.14062345421809
23,42,15.968516595107724,23.92499368734623,9.959931945900578,170.844675245265,159.12796153945015,32.50405676902797,65.4176227822944
23,43,14.804397453038494,23.46982594601384,9.139532259833038,,159.59446680624777,32.15002484924623,62.42292878627852
23,44,14.873706777255796,17.400896704544028,7.130157417437598,,154.62716021827785,28.972529153982475,62.61382996374561
23,45,14.704843473282402,19.22540780932381,6.932998986466947,,153.71024601111554,20.49687271066181,60.14576364469193
23,46,14.290043010710969,14.8430135230199,6.425348557921471,,,14.9797671988542,61.31627363479618
23,47,14.24777356097661,14.31967970326863,7.116013148180283,,,20.16635707136425,57.47354132314622
23,48,13.10865799023842,16.094116794323263,5.850587160337006,,,15.305397595469456,56.44648605657922
23,49,13.4942173546999,13.342399914872006,7.009859466396074,,,15.776687594249358,56.94910631377904
23,50,10.86601049925278,21.183460966541706,7.861350536750257,,,12.863018697775596,54.4278739194907
23,51,11.116007115281892,18.851156001126572,8.71521758533724,,,15.493391302421088,57.438915119634224
23,52,11.828803610941206,16.854115842572906,8.937826501490534,,,13.192080484858462,57.37748397451404
23,53,10.60172907800778,19.92601078980687,9.225699443087258,,,21.265331600910184,59.794429202962775
23,54,11.183982624509651,14.65327611483832,8.459381905183392,,139.00718864216714,15.291916529821222,61.9311315422865
23,55,13.141996161929384,15.291004809742727,8.79361514860641,,140.3906265976535,18.513495919551257,62.20257135915661
23,56,13.856976524317844,18.31146593692075,8.324451716428634,,,15.30887637952436,58.49434687975754
23,57,13.333354664310008,24.913886669502787,10.298106355250962,,,14.242632168286152,57.14751638987038
23,58,16.459582746878784,15.907876071762274,11.214665138241552,,,3.668431958445411,52.96521852011505
23,59,16.07469931537185,12.940446795211098,11.403619849725024,,,1.797673069330876,52.858239753145554
23,60,16.997955344861396,17.374340180949346,11.889315096493128,,,2.4865423257358876,51.61356113692497
23,61,,,,,,,
23,62,,,,,,,
23,63,,,,,,,
23,64,,,,,,,
23,65,,,,,,,
23,66,,,,,,,
23,67,,,,,,,
23,68,,,,,,,
23,69,,,,,,,
23,70,,,,,,,
23,71,,,,,,,
23,72,,,,,,,
23,73,,,,,,,
23,74,,,,,,,
23,75,,,,,,,
23,76,,,,,,,
23,77,,,,,,,
23,78,,,,,,,
23,79,,,,,,,
23,80,,,,,,,
23,81,,,,,,,
23,82,16.28166116639335,11.869199892121836,9.980276637614027,,,2.018788578460205,51.82049315435602
23,83,,,,,,,
23,84,,,,,,,
23,85,,,,,,,
23,86,13.325980732764425,3.6706974112283377,16.469643184142875,,,,53.74828964439274
23,87,17.82399583426026,29.256780104732226,12.308445564671125,,,,30.85239747836325
23,88,,27.589178183160257,,,,,28.34805589489504
23,89,,,,,,,
23,90,13.747591199484438,2.1468486845525088,,,,,57.14514474113168
23,91,,,,,,,
23,92,,,,,,,
23,93,,,,,,,
23,94,,,,,,,
23,95,,,,,,,
23,96,,,,,,,
23,97,,,,,,,
23,98,,,,,,,
23,99,,,,,,,
23,100,,,,,,,
23,101,,,,,,,
23,102,,,,,,,
23,103,,,,,,,
23,104,,,,,,,
23,105,,,,,,,
23,106,,,,,,,
23,107,30.16818993612929,12.666353123647538,,,,176.39344278376345,163.58054049522696
23,108,,,,,,,
23,109,,,,,,,
23,110,,,,,,,
23,111,,,,,,,
23,112,,,,,,,
23,113,,,,,,,
23,114,,,,,,,
23,115,,,,,,,
24,0,74.767381129736,60.88907977352252,5.651194842159781,165.97744808166166,160.15540674515935,177.2684405240725,169.20106662948746
24,1,74.4392390156839,61.82747141635303,4.917851230759707,165.92688375526194,160.07028968133707,176.92757382243505,170.2096364422076
24,2,75.11935348866626,64.80812890682196,7.352576791898783,165.71245010955886,158.69804811764976,177.48583811259417,164.90321745459198
24,3,75.23122695521515,65.26761961275076,6.480658905012567,166.334583131257,161.12105289484484,178.67618358941365,167.62106780572572
24,4,74.54169212064114,60.9113141831344,7.499790922876269,166.6957838030853,157.81530236326867,178.47521291214372,169.9307063527833
24,5,73.99040352209191,65.20098033958887,8.358199363408529,167.16244351666197,158.18870615625812,177.01398781229153,167.57550526052216
24,6,73.7071705016699,66.17181226247057,8.111079470248045,167.1576078947381,158.2596595652742,176.78102269815997,165.7958575405712
24,7,73.25427595073008,61.26720441528947,7.076942023514199,167.69202830826956,162.25388290402856,176.7825078638028,160.58287827810136
24,8,72.94758663029523,65.72328651716974,4.653359325842785,168.1389137492195,165.3683928388615,177.13305255440278,167.3898542061862
24,9,72.85427068968866,63.840052568929416,5.966885640508125,167.4596071466653,163.08524249361884,176.6056952134736,164.01902158085468
24,10,72.88768733244834,64.58099446249746,8.882712289388706,167.53275814249503,158.11146511245468,176.46195856830246,171.27867619457817
24,11,72.61154250109723,63.66391540987493,8.281125991225988,166.85495402071666,158.53746814322184,176.28391980732792,170.65490536808628
24,12,72.2895021803791,62.41335024869315,8.30574021807473,166.73028401020915,158.37885994269325,176.14411761365986,171.5049107084545
24,13,71.88998642137433,63.6443081395166,7.85294323087477,166.93764743164397,159.20316442848394,176.39305365737587,169.5430204339657
24,14,71.49196147416471,63.4690163477217,6.238851602057654,168.23610513291896,161.873749508241,176.22901270870335,171.91223851662238
24,15,71.86941151212238,62.4380937903034,7.447077413391066,167.67562586427738,160.01903522617363,176.19506382056815,170.0684696879785
24,16,71.64538892766485,62.181921440858034,7.147505398735142,167.56882788464213,159.98014652324918,175.7110114023317,169.535027181111
24,17,71.77968535249481,62.40259929262988,6.7527078124602795,167.5458137621741,160.20918235500875,175.94065902755196,169.64384605848633
24,18,71.6767608628847,62.38220293291658,6.337517724724472,167.19535369110096,160.47036058627603,175.2752220496377,169.38302634679164
24,19,71.39312698156151,62.01863956853891,6.36130174055729,166.63194376615036,159.70437897273024,175.03933960250166,169.08809003445998
24,20,71.28063766316379,62.29192073231744,7.183595818918443,165.98433977981753,158.14947862219594,175.0914616391305,170.10703715149305
24,21,71.3105146157756,63.94615815588063,6.512727076721392,164.97054927060825,158.28899820226263,174.73228920130293,171.55743780056864
24,22,70.55203861902231,63.77795580344274,6.358842549375123,165.5550277139562,156.87149002608894,173.78688209633,170.05402674206647
24,23,70.79619464908687,64.08939527326763,6.258818314204703,165.71417646818384,159.38665168276776,173.39700557270913,169.06369940781275
24,24,70.70739199154171,63.55690229437531,5.840131183016009,164.7274291512472,158.97856590577007,174.0436576330147,169.11428964550475
24,25,70.25457438197297,63.25242793905784,4.636088219456224,164.78972247408524,162.23678372590868,173.461491530184,168.27182734625944
24,26,70.59754053822978,61.43832052364595,4.045063865117137,164.1611417357448,162.73319643599453,174.5834549602952,166.628086412753
24,27,70.22643485674507,60.42768091273644,4.602315910119623,163.88256587759983,161.93151746005546,172.31810968009867,162.64850292534064
24,28,69.91418748735957,58.073920147751465,3.966334566723735,162.99309062520538,161.07491162907866,170.97177193415192,160.30579523554243
24,29,67.52290472499354,59.0374421037529,5.341275826460441,162.18172150304616,153.9353499007926,166.36710769381355,156.85213959012242
24,30,65.85003596401869,58.98241888363466,6.037827120716845,163.47935057324304,152.46524283321622,164.83972791562852,155.10694480943044
24,31,63.69739742016975,57.84836961923245,6.521650601910672,166.0153540790755,151.6418502111669,161.53972523485473,148.6942866050953
24,32,62.58767491296313,57.63589336540998,6.699193837012528,165.77064819807416,153.83377675936018,158.8427550308703,151.82092886678694
24,33,59.101021954488445,55.62198644267814,4.977344363883826,164.67233808582125,153.6835736082495,153.19744983358686,144.83555940353804
24,34,59.223481953856194,,5.764026221845614,165.13845235812022,150.51955563109564,149.32469136057998,
24,35,56.31476791551415,54.22763956644358,3.379373868329345,163.91997162336946,156.0826794871026,142.83757807570194,131.8212603420741
24,36,54.739811870582585,,6.129037096563624,163.06239650256265,150.8796490415474,141.04494433550823,
24,37,53.823211246684785,50.698468295911,1.7528956553670705,161.73661232858808,160.88834372772914,137.86939805174535,128.95337545507985
24,38,51.01493971475198,50.8730843384177,2.3090607573971855,164.89916587552565,160.31793618109594,134.8154687755373,124.9108328193535
24,39,48.26347769233098,51.761003772737176,0.7395619127309135,167.57006158042864,165.4541473380573,132.2744372084714,129.8885752554072
24,40,45.619799615719735,51.76564659625688,2.0471941664675866,169.27908130935475,161.5896122248911,127.1404451940244,127.22552604120804
24,41,44.64866712565689,46.39815254838563,4.856937012499311,169.81883480808736,137.36975344466472,123.28213732221732,122.59984089978391
24,42,40.54560927588636,40.021302551507816,2.008532977649418,168.87393949921255,140.05512488214762,116.60841887535476,
24,43,39.708773010953294,39.20523472151811,2.9353009738383364,166.1562500265591,146.52447752414255,113.44770297300109,
24,44,39.07117207948053,35.12696094748121,1.9912658447168547,166.11571457086285,147.6583974930974,109.53668184051818,
24,45,38.11971359464184,34.18243635448231,0.7639893864826438,165.95971930431028,148.3951729518702,104.85704760351756,100.8207778223762
24,46,36.5704608384494,35.66426687416605,2.310257185165841,165.54928851407527,149.02991723485496,101.64912982384992,98.74827599008567
24,47,34.902915231977396,25.38370295543127,3.094585120823528,164.8913998791285,157.7046975215818,99.89708755513408,89.01223821839751
24,48,28.778306104471188,24.441785166336075,3.4332423256180284,166.31179339717747,152.44914098407787,92.77719256385475,
24,49,25.837545399458303,23.177601895623496,1.9907839125782856,166.73370505582025,144.38389620478858,90.54229218906906,
24,50,24.17237642671684,21.257728267219324,5.601386496318342,163.87593207168405,144.96919475654633,87.22809066555061,
24,51,22.494397283378355,,6.073808841246606,163.23919603623156,149.3790991424883,84.29493378420808,
24,52,21.7752031600918,,5.211750354429035,163.76302542663154,147.4095815000697,82.31573580864587,
24,53,17.90103977597556,,0.3218780248126558,165.78951932485904,143.10249386398502,77.81744109525543,
24,54,16.044134775873705,,1.6866591371875104,166.41775878896448,147.84858072824017,74.44176505628262,
24,55,16.795118287173228,,0.3903080430900688,165.0901280511595,146.49777880045264,73.50188672310131,
24,56,15.943414462292305,,0.7565230883207713,163.11973115981235,141.0155931043577,73.62073320488619,
24,57,13.447565286289176,,6.5013103849911555,163.37708413231374,150.73994562046076,69.24909758366734,
24,58,12.356130304329744,,5.78754951250041,165.35463830362735,146.9737308004783,68.85490306612468,
24,59,11.788442748163584,,7.432351053260055,163.77387862760273,149.9847320586885,68.25003780286332,
24,60,10.717090385550136,,6.483432871692011,164.48792330154444,149.30997841626666,67.19749450363086,
24,61,10.650339554348095,,5.785732491471624,163.88079344734436,150.5407978524606,65.92414694633554,
24,62,9.02916346236844,,7.566295528173872,163.06651806973343,150.8439725000557,63.33724904558913,
24,63,7.964630147416987,,9.736996594220107,164.15405668803783,149.89983657618697,60.54333864616433,
24,64,9.294937156551237,,9.170775397636564,162.86463274242536,151.9944575441941,59.96722289375866,
24,65,8.015459125821069,,7.100344985687904,163.7870678668674,146.7867218915925,58.620407271825584,
24,66,7.238853096540481,,7.035482049513282,162.2402944604055,151.68625697804657,56.16649574200377,
24,67,9.004546127037225,,6.183259788392158,162.70291494160406,150.05478378090805,57.09123343070283,
24,68,11.388535488014924,,5.83031098415331,163.8977006781515,146.91104146911889,59.50842013047413,
24,69,9.242229467359415,,6.25039644276941,165.40869552138705,149.22125914514433,57.36303470652973,
24,70,10.533236898357227,,7.254955407262787,165.92509680604977,141.34729257109842,59.52121663659762,
24,71,10.69257929606544,,6.062646584438992,167.64491713638557,173.96826036020292,60.3032811401239,
24,72,11.09887008385958,,6.722372736077071,166.84800568433764,173.98581349923893,59.5151694873196,
24,73,9.481934451659644,,7.486188153343851,167.1786426491458,171.72838173528984,58.65506040993874,
24,74,7.575831616906267,,6.526169382920093,168.34950959028964,172.68084507457834,57.54297872736519,
24,75,5.654737510291686,,8.029425354812748,170.16897167589198,169.74605256229856,54.76390305299985,
24,76,5.70758026620093,,8.2053943562619,170.78220352989058,169.2756051695031,54.37207237254717,
24,77,6.902580629350574,,8.677191315392735,170.37522790289654,167.83412548637978,53.82574371317387,
24,78,8.005468305219791,,11.08828635281595,168.01330881943753,170.7755216768824,54.26567356037832,
24,79,8.328980049154973,,11.125364554265987,166.97672615101953,166.74713872864518,53.57803080118949,
24,80,9.163174641193226,,11.080624524861804,167.673822477735,169.68199506542632,56.01514503268535,
24,81,8.39712393261274,,11.06143779262954,167.6949617848688,169.80802509219978,55.78173564631698,
24,82,9.247977547951027,,9.825912697496657,166.60886378145182,169.9614352362464,56.613165386247864,
24,83,9.39253798903041,,7.8516515056273,168.55131626180236,169.830613052727,57.948025824184434,
24,84,10.004031474717513,,8.985111495022467,167.4319968460275,168.0803534443685,58.03812050996952,
24,85,9.05901638307181,,9.218651400348822,167.50349586991658,168.32009853767107,57.831689426760406,
24,86,9.091008414477912,,8.640832897421333,165.6697295624302,169.44177973269686,59.521241240653765,
24,87,9.616919410022476,,9.009403797628108,165.7477918795511,155.4158400522619,58.66404493303482,
24,88,7.471714833224064,,7.025372206505108,166.07648375018377,171.23069977752778,58.16543843713975,
24,89,6.038898092356257,,4.233253328800585,165.72892662252937,179.20204695217427,56.89550378326628,
24,90,6.965313963454308,,6.263253714180365,165.31397687854502,145.57028097485363,59.110503807966005,
24,91,7.6835203743513665,,4.060877320513194,164.4260260025845,142.17970156359715,59.347546260316,
24,92,8.276765412715962,,6.14960645005431,164.92178209439766,151.38110107376002,62.529897931990895,
24,93,10.009234656711753,,5.2421021139100805,164.00346068976214,148.98692225518806,64.48544688329517,
24,94,10.624933453931543,,3.1335815367868,166.0616461517537,178.21921629428977,67.19338168654866,
24,95,10.294169050733553,,4.912859973506142,166.29893548790753,139.7349975588744,69.60263857100367,
24,96,11.821757899756983,24.013969228189744,3.982806528290874,166.7118669196056,141.5721353123646,73.48846643343673,81.20633063096501
24,97,16.331630407746186,40.17862251503115,4.362560409721518,164.92210972610766,170.74234645333897,77.11087598419446,93.7501856292824
24,98,17.41025889809308,34.903111238328876,2.980335300574198,163.2017968488474,170.38291414098438,81.32027155286708,93.31493677025558
24,99,20.16907436457463,27.053298653319533,2.101855891818806,166.97510128156603,173.63783291649523,87.65825712416532,93.08159520856192
24,100,21.935810010689732,30.88725130554042,3.2307270065367746,167.6366922730581,,90.75803519093655,97.54042375455673
24,101,24.13896710666188,32.77641960700392,0.5890786268524096,165.90040161597906,168.11151797524707,95.711508617486,102.46122227906096
24,102,28.12207406541862,36.384886878011955,1.1306580195575544,167.18488421077467,169.48019359129026,103.85952130694852,108.56199201677865
24,103,31.604143124485088,38.166990168244475,1.1909424616773778,164.87676207588646,165.49629290305873,111.32205270162191,118.52796165529216
24,104,34.22750395745683,38.83433233416881,0.4449986849077913,164.28626209430746,164.41529875731058,117.19467804600566,118.772504496935
24,105,38.66106870966351,49.47865716263981,0.973028417238306,161.77769691063176,156.86312635330802,125.41968542139254,124.37028254675351
24,106,43.17009785532282,46.05287945918528,0.9120384439251528,162.08632262726,163.0865307458035,132.50986540933346,130.616272735581
24,107,47.046677979912474,,0.4144702426954961,166.5782959749987,164.51533144449184,139.8748944400191,
24,108,50.44446705861419,,1.0320249983282956,166.51585431657742,162.0553643184874,145.25653949070988,
24,109,52.60300355080973,,2.7309872257236867,166.35964395739927,164.64417630771692,150.21426627804234,
24,110,53.6418443783219,,1.233892821853008,168.00081751431486,163.5205850851063,151.5661650172135,
24,111,59.35674174286232,,0.3700038701507717,165.89748243834035,160.8097047510214,159.37293707408944,
24,112,60.53499563357909,,2.041046787074365,166.52416148617013,157.12232395551624,162.64922368008823,
24,113,60.87660979865714,,2.1849110270421153,166.830026373288,160.08512604371364,166.08453442138085,
24,114,64.99144179868631,,1.8523802836612748,167.53072789611795,142.1302852685142,171.483959224417,
24,115,66.61934532860604,,1.4394649197173195,167.2104339612916,142.4171830158925,174.46171061675054,
24,116,67.75253835700515,,0.2404515417568265,169.44992529922928,159.37606719685292,176.3442045612421,
24,117,68.84676776152722,,0.0184482659155758,168.66199426299454,158.64165826195082,176.6004823964798,
24,118,68.8492509481075,,1.6745917128025682,167.30642571348992,159.426343450932,177.43810227741062,
24,119,52.39683648809647,,0.8455319263237152,166.15944674698324,129.2188323159732,156.93044992873303,
24,120,70.0113474862482,,1.5608971132398597,167.02422325710074,154.63949049936787,178.58948655719578,
24,121,51.085032977368975,,1.6318963832968936,167.37851636699145,139.27284047085175,155.07867056399436,
24,122,69.66643365282853,,0.732960940940133,165.6930429605631,132.89784994109314,176.80583085814322,
24,123,69.47959340226885,,0.261497220712173,166.54685303038804,125.71981827269536,175.91839894942686,
24,124,69.38223496265795,,1.3511740248211863,166.92700364148905,140.55535757681363,176.61192683695484,
24,125,69.53691191983576,,2.2989044884266554,167.0579870770893,143.5287737722862,176.9131270378071,
25,0,,,,,,,
25,1,,,,,,,
25,2,,,,,,,
25,3,,,,,,,
25,4,,,,,,,
25,5,,,,,,,
25,6,,,,,,,
25,7,,,,,,,
25,8,,,,,,,
25,9,,,,,,,
25,10,,,,,,,
25,11,,,,,,,
25,12,,,,,,,
25,13,,,,,,,
25,14,,,,,,,
25,15,,,,,,,
25,16,,,,,,,
25,17,,,,,,,
25,18,,,,,,,
25,19,,,,,,,
25,20,,,,,,,
25,21,,,,,,,
25,22,,,,,,,
25,23,,,,,,,
25,24,,,,,,,
25,25,,,,,,,
25,26,,,,,,,
25,27,,,,,,,
25,28,,,,,,,
25,29,,,,,,,
25,30,,,,,,,
25,31,,,,,,,
25,32,,,,,,,
25,33,12.702568468826083,41.0514644031993,13.92698563906014,,,17.863944307996093,48.06814732527302
25,34,11.557279478280778,40.19337520224227,25.32095810635276,,,19.762088079987965,46.4938038764997
25,35,12.35521202204606,42.209505302115566,14.205665751197875,,,27.194335772608937,49.405700360104824
25,36,12.324789783050369,42.003264729240584,16.66834503870308,,,26.326603432765765,48.73030902402727
25,37,8.73244894086997,41.79772752573612,16.975244064545382,,,26.19790773514611,46.77787702559373
25,38,,,,,,,
25,39,,,,,,,
25,40,,,,,,,
25,41,,,,,,,
25,42,,,,,,,
25,43,,,,,,,
25,44,,,,,,,
25,45,,,,,,,
25,46,,,,,,,
25,47,,,,,,,
25,48,,,,,,,
25,49,,,,,,,
25,50,,,,,,,
25,51,,,,,,,
25,52,8.454098556939512,41.88394717242498,13.81168735494494,,,25.92185807784852,47.676962033376235
25,53,11.373162424436549,43.917284371185865,16.22300429653679,,,21.1257567476265,45.04307730573815
25,54,8.915826849135538,44.79698127061605,14.977194949650718,,,28.66498780634398,48.50481117735337
25,55,10.73177596227174,41.03275041288182,14.447044464308163,,,19.45195156934456,53.917158125183754
25,56,11.574130421282534,31.85841418374231,9.237060746612324,,,23.636190447207404,59.52975514583704
25,57,13.03559158348312,34.65244640460899,3.3969989252518595,,,17.96037902909532,59.022960354397966
25,58,16.725141057563956,14.503559602390997,0.6050804723389008,,,5.274669793212668,76.74720907017205
25,59,,13.58712570122304,13.764212241693942,,,,
25,60,,,,,,,
25,61,,,,,,,
25,62,,,,,,,
25,63,,,,,,,
25,64,,,,,,,
25,65,,,,,,,
25,66,,,,,,,
25,67,,,,,,,
25,68,,,,,,,
25,69,,,,,,,
25,70,,,,,,,
25,71,,,,,,,
25,72,,,,,,,
25,73,,,,,,,
25,74,,,,,,,
25,75,,,,,,,
25,76,,,,,,,
25,77,,,,,,,
25,78,,,,,,,
25,79,,,,,,,
25,80,,,,,,,
25,81,,,,,,,
25,82,,,,,,,
25,83,,,,,,,
25,84,,,,,,,
25,85,,,,,,,
25,86,,,,,,,
25,87,,,,,,,
25,88,,,,,,,
25,89,,,,,,,
25,90,,,,,,,
25,91,,,,,,,
25,92,,,,,,,
25,93,,,,,,,
25,94,,,,,,,
25,95,,,,,,,
25,96,,,,,,,
25,97,,,,,,,
26,0,65.10261889684723,59.81126299156294,,,179.13241709310233,171.52488579871942,161.66481534677203
26,1,65.26251152175641,60.9786555735637,,,179.99192218438657,170.019369010025,158.0227908482167
26,2,63.582302541945914,56.57324379588589,,,174.75008001770777,165.57728509688937,151.9729753894906
26,3,60.703136797184264,50.221696897502035,,,177.36800039321568,158.75738486250822,145.4951187959515
26,4,59.230526989349485,40.85224376632247,,,175.82578751307554,153.31345720772558,114.8462143931151
26,5,56.64021207956623,39.15436536734736,16.15078616784401,158.74058071462747,172.15919150673625,148.1197782606086,107.93408483936886
26,6,51.52828523688784,48.49009720140541,11.977516144794006,161.0556525566154,174.2841797115871,138.6247987947696,115.2793815058236
26,7,49.6459485503406,42.942282222590265,,,171.61181299552695,131.26437272504526,103.74581600191873
26,8,46.5478873389114,41.872554085339466,14.650999063738826,161.58596222551813,174.59988334370593,124.3553255359612,114.90629520554717
26,9,43.656334364949714,,,,170.75338856825132,117.01669141912048,
26,10,40.21479884934209,,,,170.82521212738408,112.43488738653396,
26,11,35.93732994271158,,,,172.5127324431466,106.29752368952228,
26,12,34.22325290668711,18.205863550238384,,,172.54690479887728,100.94982607917792,10.303320551836835
26,13,29.7484300898078,23.11476086064696,18.52850865540332,166.37016243696817,172.75858030105584,96.36699111807744,3.879015121092724
26,14,24.041251420078144,26.788914645984647,20.54687588220919,165.83736433606217,179.67185480973254,92.96429635885892,
26,15,24.887401966333044,29.22333069469468,18.60190876832715,165.55655726536438,175.96154724848094,89.34989510903738,132.7743084083011
26,16,22.415054769897377,30.31924498137079,16.298559848931763,170.37598017827045,176.42768282686353,88.93268477391602,79.99091249786112
26,17,21.21682785179485,33.020207285940614,20.677406576795477,161.44318143990324,179.75364132774624,88.20265020608586,103.83345391382984
26,18,20.472230964424792,35.79304732061713,21.3371154489,162.06933034020392,176.97901340748652,87.5880361807699,64.30711782035034
26,19,20.680417199853284,36.74924645941438,21.423088248537237,159.27050331911198,177.0383684156134,87.11015274901978,76.86305099693105
26,20,21.049969837369986,36.914191103480086,20.101371729241706,162.2013080491392,177.81692373446273,87.02349623238773,82.18753418007269
26,21,20.54124042254862,37.3309274939609,11.66627090278018,178.894163233179,179.18512787694635,86.85065954523176,73.96517083049305
26,22,21.040937654664713,33.60812256396474,19.68683279506149,168.53427026827862,176.69695863877453,87.18233189344183,125.88027390641872
26,23,21.981125014719947,32.814884911195065,179.52704191519618,5.425023628426763,178.9903680963805,88.19816442139039,114.0864792168158
26,24,25.517023659979795,30.385918406198293,16.403627659376117,169.82659958559893,176.0809688992666,88.43841573187292,130.66971071419852
26,25,28.1952006910315,28.51310396004852,17.50072048661357,166.25420804925756,175.79654698000465,91.90253065604482,84.05322690546079
26,26,31.111655583334723,23.446719733642347,17.029884061677247,166.6201649673149,173.63969870846978,94.96720814806248,15.882724830695045
26,27,35.45355890264603,20.038803344769605,12.442501818676464,170.0286317298306,171.59233292681145,99.83578175499098,
26,28,40.18695347014013,,16.73171322902943,164.5215010002712,173.07980725345476,105.31780469721976,
26,29,42.795161567772595,45.41602373368923,18.976671889549056,159.71659175433277,171.95124154834798,111.2955580117518,87.35135705852784
26,30,46.203911065023455,41.34057324379309,14.933064971069186,158.98903018442,171.64571009943705,118.45485162004496,110.89718915565184
26,31,48.85228733214985,44.898336874504125,13.706146048310933,159.41378004365455,170.62536947216825,128.93461935726506,114.43607279751312
26,32,53.52889122075676,46.50932974933362,12.56939984420003,162.63148070551833,172.55079113189353,137.44985829149869,100.36317460356304
26,33,54.89424678731793,50.31730023696432,13.031966684447168,158.505632225577,171.45772324023946,144.7984477312644,127.41448245989103
26,34,56.68567595778783,49.283535264633024,13.1517058031694,158.39370321116104,174.2489533668137,153.00129830102736,126.34032985390436
26,35,60.57630851065296,50.99598213721865,15.480519388950285,156.79947350740292,173.99011982970015,161.85722212653914,142.99815916586263
26,36,53.05541862957538,60.12352840481144,,,170.48100022863102,159.7472907091228,163.9971565288063
26,37,62.84128742754559,61.25938448306955,,,173.62820433585443,172.3102083455737,164.35471596793616
26,38,63.13919365542347,60.12860948555033,,,170.6266202719819,173.28459257812418,162.12547991997286
26,39,54.11970973133549,58.146797282080826,8.744575964637573,162.3429302347149,173.6846968107298,163.39954598703807,158.53794466921846
26,40,63.56913283703577,57.55694949416242,,,172.8927436286855,166.97433676312252,153.2528160648594
26,41,59.72367793534561,50.716152231502925,10.89143728154677,160.9090928120449,174.27573619112366,160.6481101290249,134.842586780827
26,42,58.30836263150355,49.33549026568445,13.280116992989155,160.48027465740748,171.05844969697614,153.20717482529454,119.57612102955756
26,43,52.70831828367941,47.26221765968119,14.8676300207847,165.57214222049998,170.69104151663126,146.0170808610595,120.10545143231042
26,44,51.50205543698744,46.822813653287355,12.935591679981274,160.79953493959206,172.27324166115835,137.1074214686679,99.24458721233285
26,45,48.22268826242749,44.76159331139531,13.176832734705828,159.46515158803953,171.4193108817199,129.67550137574534,104.66015229901518
26,46,44.458643338688866,42.84275613771385,15.490277836408726,164.6066173529885,171.6094895956087,124.41481093174671,94.49621063022218
26,47,43.780152208087515,,16.566506795768465,161.1216306936215,171.02738957563767,118.29651454951195,
26,48,38.55349065051964,,15.624316915601511,164.8944554059013,173.74287586819537,113.51567093993648,
26,49,35.007166188626016,17.817650442122538,14.235457797607346,168.65162439157243,173.09491217660369,106.81106180913204,
26,50,30.61347959046413,21.513090566064513,16.246949972583515,167.18023998341454,174.7170944179638,102.51175754491992,3.991768814326389
26,51,27.216962689954943,25.592856273062864,16.662056556908823,169.3665711055416,175.13255160243602,98.51135237328342,
26,52,24.08253567914799,31.380261328134864,15.114385337349944,175.69569221484105,176.71597576926808,94.70961743604964,124.13220317769952
26,53,26.511856465613327,30.235091644715315,17.784888151188742,160.90213026628902,173.3861476149124,92.64412069821988,159.02481271062575
26,54,22.362879417850657,35.19368745198621,178.77661866134133,4.69382053597071,179.17600515700573,92.16628524448902,149.01074456695875
26,55,23.807784212743016,36.200578175657384,20.54162812918745,160.00768545086575,174.50475694715593,91.06557995100503,145.91054792974438
26,56,21.50365750679484,39.50183793553074,23.587057768932848,160.79415182341506,176.45362877476413,89.56652403236987,121.46175969230526
26,57,21.980217533248116,39.48464648676769,20.21636144916994,161.42896561629016,177.05822122108435,88.96009530834333,112.8140540353224
26,58,21.38631688285719,38.32108756541398,18.58461417673503,163.90238181749967,177.87125511111117,88.42444997538075,93.6154118390238
26,59,21.31805153508949,36.34282962423433,8.924363839144963,177.77592885479515,179.6113654106497,88.84096960035356,136.6498584046987
26,60,22.59855350770176,35.05483840396146,,,178.60872657701626,89.5573605177676,158.58529976232683
26,61,24.786516775001207,30.48369186268151,15.13603166244589,170.06120637954302,179.13014462960624,91.16538019050736,165.86076482868904
26,62,28.759465527529905,30.436954441290403,14.626588333272808,169.3393881760217,179.7075648464763,92.48390083674998,126.00909606847222
26,63,31.749728997058565,23.569713978989288,15.195075606123387,169.92652203362243,172.8937450631771,96.14694024302652,4.927731312667215
26,64,33.15938762732861,18.581149271758665,13.427338739273395,172.1058987399055,172.35506804977055,101.74310862295536,16.83348760419068
26,65,38.56507918394866,,15.76847710277293,167.36950950658118,173.38517059912198,108.35402557581835,
26,66,42.995972799063225,,16.35585652668075,160.41146426037065,172.26508330876317,112.06498736263455,
26,67,46.08156806291729,45.775527314819705,14.697568987669603,159.80577590958745,171.61559741783026,116.34733664144316,135.90584729679966
26,68,43.555638936288126,41.06625805616949,169.86976320190988,1.217621295317828,172.617338538302,124.13301041417564,101.17876599069956
26,69,50.53421241403009,44.02083473806633,13.841999607842784,162.74187744576187,177.13155047321243,131.4320921367539,123.25064851204549
26,70,52.12755022788898,48.44759935545706,17.598265862841533,159.78915041761456,175.3344180981073,139.2547363572688,125.6493043845812
26,71,56.22905988638703,52.94388923181886,10.479180010438316,166.53971726493407,168.88640282301566,151.35029612440508,134.9908597521984
26,72,58.26372614993533,50.223760771167086,7.324316339357109,169.41967137446082,167.5259880747832,156.58695875048082,140.43540025608758
26,73,61.579606647899475,56.831969189572554,,,174.70290936665964,165.18135455795888,154.90724301267284
26,74,61.51010249802219,59.93548268136256,,,172.16930305934278,169.8251865946732,159.7242575389128
26,75,63.754501698484376,61.85512471519102,,,171.62303918252962,172.2579797496855,164.27611766287148
26,76,64.37011888266872,62.087153814702525,6.966824151662247,171.33526025401284,173.05346473378285,171.8512331010875,163.94301275615308
26,77,61.944354834166866,61.366157520071894,,,171.68228343970313,169.14901271144126,158.64057020362276
26,78,53.24770385428432,59.25048654795333,,,174.1835302365522,157.5281166006628,159.76298328437926
26,79,60.51727699719729,53.2455551109577,,,174.2822600012941,157.29670357195135,139.8421916040403
26,80,59.4251885834297,54.33793052863424,,,175.97896092927297,151.07360076530722,128.82090788162088
26,81,55.19988968060378,49.86175581141181,,,174.37588624716784,142.63215461606026,126.00800080455554
26,82,53.25429490319202,47.46619309322841,14.64434726816599,159.51028191699683,179.45490568547166,133.35852937869532,105.08902540129984
26,83,48.01032865504788,46.36462794061473,14.150780714714193,160.782742056551,174.0908890474483,125.9216046384493,111.39167629787322
26,84,44.427089688671295,39.24002090380823,,,174.0906985816094,119.5141473858844,100.32227819180076
26,85,40.7388392245084,45.42707735170461,15.277959369763137,166.68469118346775,170.40446668959606,113.16310333564418,91.94785783144856
26,86,36.39252644604845,,16.58186173780997,166.05610937824753,175.24127777505777,109.93374198646669,
26,87,34.46565203583956,16.947839396417454,17.346437110301817,164.0226878431359,174.20090382648905,103.70603877305444,
26,88,29.174346198745727,20.000942839993034,16.29048155915076,167.83695257608304,173.83609868632843,99.44857911832594,1.3536859644284347
26,89,25.058781012639106,25.348384270656528,14.959235751395882,179.02429103535968,176.7866166128905,96.14129449856244,
26,90,23.14753221786625,29.265323648974483,17.86648989944031,165.0071829941157,178.98116514688297,93.12230815625308,114.97617711224488
26,91,21.70264565169666,31.58673888249879,16.063828422976368,167.357370511058,175.44141170238478,90.42932081142236,114.51350481924143
26,92,20.751038311194755,34.73713448565815,16.015475907917562,160.1893136588703,179.6731558619602,88.5185582787572,106.16371090490996
26,93,20.137503948067405,38.24398370746868,15.605832775068718,164.23756498697557,179.90890039876632,89.05068661746216,61.43005462658169
26,94,20.32416090680499,38.251132892490894,21.144452509920093,155.4695809390661,179.37683550324442,88.01865682364412,96.58495248738804
26,95,19.680528192675173,39.80726819698848,17.621878891825613,160.88191673949268,179.51977353450053,88.29839299611534,92.47265337399338
26,96,19.869847758408817,40.79146508214902,15.466691667756235,164.4358900264498,179.63454134228397,88.60283106008879,86.20478792926586
26,97,20.093097696931945,39.3693806542628,18.596744236466048,159.2813482668724,178.6548535217495,87.89839006208823,98.18621837048188
26,98,20.56710603312081,37.327713452433535,16.354168759773753,162.83165228994,178.498044333908,87.8714904658964,76.43697783215622
26,99,21.524035156678067,34.48877336584134,16.710578408800394,162.4468522984459,178.12435816655235,87.54026842003117,166.9435744825269
26,100,23.18359524517844,31.231243998472017,17.549775329736903,164.24335514378788,175.2326771033151,89.40160449766694,141.333135285539
26,101,26.673198761873852,32.00219818849189,15.194768047522944,172.4419220456174,178.96280410766929,93.80579037203326,151.6594228633931
26,102,28.738736659577928,24.168190212738313,16.366442515795878,171.01838102747544,175.21295875525544,94.803488344005,6.363579295627143
26,103,33.56367109678808,20.39811812327111,19.7794875509375,163.77275643723084,174.4301797690384,99.76365936615476,9.220612368200989
26,104,38.031299634966366,14.038461825506218,13.64984282470839,170.2322465996553,172.60775766092493,106.63108104993836,
26,105,40.07084462443354,,18.555335057326715,163.42991149163595,173.98628954556776,112.49282691053136,
26,106,39.7385516912105,47.02978260795019,16.05878782375821,163.24429381782593,173.4648960914913,115.35258434491782,111.88356035793268
26,107,43.18265732264404,44.152883853475174,13.71642118248054,162.03602839567822,172.93852297773168,123.6874183908899,121.26172065974866
26,108,46.62220551603801,,13.035434374599038,160.58504104754763,171.83476055871512,130.22606785120584,
26,109,48.64546002311,45.86053742646,170.97908289712566,1.6498517342332923,176.35736822026448,138.77841982801078,113.62835788759668
26,110,54.11793965465632,51.73409535650518,13.043011569964362,167.74405909208136,169.2637901460921,146.90586807251233,128.72799591658892
26,111,56.512373005753936,51.953982596994216,,,176.46585629579238,153.08467704222676,144.26677774569004
26,112,60.191024799244424,50.545067441293,10.083709343366504,164.81142271953792,174.8154533957807,161.4992417176888,152.1139910787331
26,113,62.19201049844936,58.59960844599859,,,170.44160072506148,168.27819717361132,160.87405659370316
26,114,63.381921004150016,53.18659848737446,6.700421009545726,167.23047457560938,175.9913886634955,172.00611974318494,157.08894543056996
26,115,64.01285401464281,60.7757547934737,5.337521030649973,171.6772445063115,170.77736172834616,173.12728061239974,162.33920326965202
26,116,61.0488793491088,59.82000642604738,,,177.86489406816267,169.51350638448403,162.16224622113532
26,117,59.81486205047232,58.13858392036539,6.4612165371496095,167.52899843380442,173.11708098278666,166.8330143026979,155.55736345910262
26,118,59.71440330265843,51.83142897230815,7.330362944835845,169.98997083560263,173.45862899529533,161.5259520980144,142.0346372418545
26,119,56.84047776312373,40.5542429651793,,,168.84842199238474,153.25558192215797,111.56100267734504
26,120,51.14962649962053,48.77653049203468,,,168.53450966083318,146.69270329545003,117.25232711181668
26,121,51.37796745392917,45.21084863345577,13.858241425524248,161.20170672815905,174.06339776760842,138.38770272693196,115.04575291224994
26,122,47.798138760703125,44.16848972845293,17.48144825441718,162.54072684965269,167.2415633580737,132.54211165229697,104.38395448824096
26,123,44.75283882980855,41.93672157898866,14.729698640799384,160.66448100886475,173.5743335019282,124.10088683582636,97.556529980341
26,124,40.50369157538135,41.99356531991718,15.120022989767293,164.29187931317514,170.94826492530302,119.63627678179698,87.61000353559051
26,125,36.72875136405278,,14.076375832725835,168.94178577671434,170.9773705597771,113.90268915030788,
26,126,32.370885775444066,13.214996516226972,,,172.62138992175727,108.5134213851168,
26,127,29.747662114212737,17.877160611139818,19.74735582779708,167.5078750082461,174.82536769800177,102.73717106603566,11.60201152942693
26,128,26.6557005630994,22.530208565418587,18.775479655834467,169.9550654382668,176.22497696684948,98.30760202130108,26.91947897709757
26,129,26.074824125987067,26.959228610731618,16.091586038973094,161.81802679400042,178.27851723828735,95.08504274842944,91.9793806992436
26,130,22.66925978126206,31.40255648219967,7.92751306866736,176.43383833506155,178.75362291320738,92.35881988667364,152.81304292692684
26,131,21.76905969345779,31.68689347891894,19.048598946501944,160.43026860083026,178.5412796059824,89.21248222593161,136.3419564429263
26,132,19.508048241622458,36.17280827847451,15.85816596503786,165.56916561926585,177.65387170563653,87.84943816627447,105.08367984169932
26,133,19.81271689950315,37.985597914761414,16.669318774706944,160.26350772277337,178.2312454326598,87.68608957281965,124.88359705552092
26,134,19.185514509223363,39.8156478021411,6.803943271394567,172.5666617012031,178.37629198534313,88.82209634807987,123.984496592048
26,135,19.458789995615064,39.11707389642641,18.438689039788912,161.41064977943563,178.0759033379048,88.86904515573721,90.65002743900352
26,136,19.228596447718676,39.51667022238344,7.135122372174598,173.88080243778674,179.0059198604642,88.15847363579073,114.97095519006716
26,137,20.495120920272964,38.15842934780159,17.419785492702918,161.08728534291586,178.07722360352196,87.8070550488861,124.73033279936016
26,138,20.40360273038496,36.66232721241016,23.281975217387213,158.67866978802323,177.7564930272573,88.27853323515299,104.06240924129996
26,139,21.984572164159953,36.78446321088664,9.096602773422106,179.5565585176235,177.7531437116065,89.3603987507704,159.54919369014027
26,140,23.28885854906204,31.22617087038009,,,179.58457361211353,91.38746230661404,167.61887640138085
26,141,24.392721778096536,30.68898624597457,18.86239747134392,166.23466157349964,179.00427901752934,94.68109066467032,115.02516867408929
26,142,26.719976743999457,22.767067014202425,17.997017306294428,166.95698195531807,176.32639346399012,97.39811098309364,82.62874624948572
26,143,31.51918900838112,18.920179535782697,17.518313085957292,167.1676689945313,173.63518638946883,99.78085952952172,12.501920597124414
26,144,33.49209228100853,13.314147542386426,16.80217095325813,165.66332090806048,172.98751689799147,105.86647706483664,
26,145,37.53912209582894,,16.773893572176412,164.98502873118113,171.95659645577473,112.32745699131628,
26,146,39.811843229239386,,15.330333757311529,166.33826333863306,172.12892977127726,115.84025486751749,
26,147,42.228092583627834,38.06984266351379,15.994875618449138,164.71440562417715,174.29593852027972,123.00531764160476,116.2193638262149
26,148,42.49343622916713,40.07072079012029,15.698276029978349,161.54922603640435,176.14941646396397,129.11950166262662,110.59138910020496
26,149,46.807664749500496,41.30254497978523,15.339153484651831,158.8913536591921,173.2146060952114,136.40127422819958,112.09084664159008
27,0,52.94692458410388,62.639846795499395,,,164.4789856340655,153.12767682784207,154.85706796637177
27,1,53.0188356509971,55.423238584394,0.4391403783419284,173.58877503933925,171.916951349183,154.4928237451793,159.835807992756
27,2,53.54831650028964,54.45124700727455,0.5350529698881704,171.87167123098473,170.39046006691197,155.72094689125785,157.02139265026844
27,3,54.262428278858216,53.74225486261,0.8465292093002496,174.72512513358262,172.487629998906,153.7529669542457,155.1453992395575
27,4,55.00886124049377,54.40960743872297,0.1177236172997127,174.58238086076983,168.41609112070074,153.16604374344502,157.00584459307822
27,5,56.502510668264314,53.04562787565758,0.2643471199394712,172.31959409612722,170.58439435392046,158.563867168772,154.64644455003645
27,6,56.55828791981255,53.31530710433405,0.1702869606380749,172.14040160998806,172.34200108939805,158.24987644390188,153.84617683943688
27,7,56.90141553424982,53.65766515015257,0.5049630958931386,171.19572407828227,172.9917832061633,158.57243567384023,155.1214309282514
27,8,57.69383456651972,53.741762824210575,0.0843896972148449,171.18852760842708,173.56200631304185,158.52592360050667,155.6747146406049
27,9,57.056403492493075,52.64248296941946,0.1238555093441226,171.46756962429262,171.91220884849525,158.14386142643465,153.1046472375018
27,10,56.294192189145306,53.027900164885395,0.5431109116660414,171.76781489912963,171.9727467672385,157.7193098507429,155.53054758728985
27,11,56.07501388306225,53.3208782642543,0.1468063740932851,172.5783554790963,170.59219518348806,157.7021596610595,155.29829355017196
27,12,53.81656603048559,52.015883339406216,0.1891488304627712,173.9726213298081,169.82896043683346,155.74908529635067,152.84109203600875
27,13,52.94388726893324,56.1548244048685,0.1558020176177069,172.92237439449912,176.22363158352684,155.1686106574819,159.92251812065635
27,14,52.762269325404795,63.70954877033884,,,160.9271246275013,155.080284531138,153.20311000369244
27,15,53.506538020348366,67.29757324313508,,,162.61493962869983,154.79675231384482,158.02773187665247
27,16,50.02433524188074,72.92821990286546,,,160.82268770025274,150.31459112217476,170.4838118689486
27,17,53.08473629050325,58.3760985700542,1.9793435598467728,170.05504405554078,173.72146729809683,154.07146706512523,169.11415402024593
27,18,52.83324586014791,55.058729598382065,0.3494973088326578,170.15895965983242,178.44281338855055,153.2462659424343,165.41555315778598
27,19,59.68183547896947,63.77172922366548,2.327299137507785,166.43697445964256,163.10609059384424,154.42171094192454,160.78771999477192
27,20,59.675554703272425,64.1800698219372,4.395688804236348,162.5481333374286,162.95986195638852,153.75923693835594,160.9772586669208
27,21,58.279675330211845,52.19992189172022,,,162.76078159542772,152.07237084744935,139.71309028212696
27,22,57.66304738804751,49.43101934482848,,,161.07485045901447,149.46832823115193,138.58274874870713
27,23,55.16859984823044,45.49626827643359,,,167.7195341487108,147.0345727829349,132.06416638705934
27,24,55.05330464600847,39.73728256731886,6.5235024361797835,162.9513047820288,166.82409456824345,144.35578944576525,118.10784931965804
27,25,54.06630238981571,23.72644343365076,3.4467662559628636,158.77805204494464,177.0828925333915,141.01102047248955,104.49597468170352
27,26,54.236461353818314,18.939302047848496,11.326225732694663,158.56489164203813,169.0051401823464,137.86659287442177,94.50896284314284
27,27,48.83060355406147,46.52638959890841,,,169.9009113825071,133.94025226980625,114.86465900656742
27,28,49.488655823346875,46.237811208118096,11.545662613293864,157.74706073293913,171.71346339268837,133.0348261519946,121.03242943388474
27,29,51.392887411803414,47.072671043366995,12.725128006571705,153.90723941101,169.62387268699936,132.7022110548531,113.41752401248156
27,30,51.46787903602518,45.71469426267889,15.909955610912162,151.8888949724752,168.32008628628924,129.9195216175059,110.94736926068248
27,31,50.36458021161315,44.54327301395663,10.297534576315606,153.17322419885284,166.31151551720515,128.31302074136465,111.65464298757507
27,32,49.406610048657605,41.466852489388934,11.009508951890846,152.125941136482,167.868989771099,127.02999902633508,97.7475140591145
27,33,47.58018992957783,39.85261659114364,11.398686723817026,154.58308218361546,168.6770651458158,125.2207252935728,70.54253331208972
27,34,47.453152082587074,40.30086728885001,12.180148695000328,156.0929580151449,169.81384501522882,123.93918945713904,71.65503894371682
27,35,44.66869585850665,36.26498966775722,14.306399559178294,156.36741695589217,172.11302833490305,120.76897001263578,66.7752999127962
27,36,42.765607315280675,36.81147231289951,14.311171625168129,155.53722681029237,170.89979184752053,117.73395978908589,71.52275422786754
27,37,42.896726932937035,35.882014311818494,14.427225682954337,157.03289128657886,169.43487017090442,116.61243299574556,71.65912476283685
27,38,40.27842508391055,34.4532340009188,17.193135709272685,157.31186003783128,172.36690763846374,113.61755201535406,73.00899342999628
27,39,39.303444518279086,34.61681411756684,,,169.8822209591789,111.72318310281968,76.01587968975909
27,40,39.499121724768074,32.62622545530014,22.35317107840742,155.37064127601082,174.9562617386245,110.92627960133572,72.30574223710107
27,41,40.64810255679081,35.5943131262153,19.78701922750562,156.2867557197319,171.35716153766026,110.53190934544249,71.51514463702233
27,42,38.53812344616306,,19.190452694619953,156.67534680838912,173.23420308140126,108.67752554087298,
27,43,37.52504655278612,,19.217411549938426,156.45729650716112,172.39564357546524,107.73346391925811,
27,44,35.21523843637414,,20.238884363819704,159.0640009643391,173.5596046980631,106.31720930306538,
27,45,35.11835735110082,,18.90811038483703,158.4886260683701,172.74687595462478,104.85242210652072,
27,46,34.27374702502399,,19.082357891201315,159.11903560604924,173.94473047095315,103.7929821989753,
27,47,33.782994779655894,,19.520962323014817,159.22201302614894,174.6180127789591,102.6691644434692,
27,48,35.04965360436489,,20.559244930826765,156.86991022315627,175.09825719622677,102.66916172696745,
27,49,32.47905982537805,,21.441506300617164,160.91916633723406,176.16244206356347,101.1216498322664,
27,50,31.23230601437621,18.428421692232824,18.938744757539705,160.19013597798568,173.3619316605246,99.61991229190696,
27,51,31.08582904650019,19.49763957171186,19.49390053065509,161.6070117766935,174.60865756425918,98.83706626290854,
27,52,29.067868453963698,20.677097122935443,20.230066956810465,160.474052923982,174.85165364797166,97.6941273025258,
27,53,29.64353985161302,23.434942580989233,19.96499511168196,159.0823882360397,174.7365163226053,96.30888601101935,
27,54,31.16275407670009,24.639011169576506,21.00554365048168,157.69853372536147,174.10862134826436,95.93489623404156,31.906630864064727
27,55,30.361607703271492,25.56507372442283,23.420641950544574,155.45097279334664,176.00221921796114,94.01768002994204,61.37974879773821
27,56,29.749093781268044,26.683050416729987,22.714963490847392,156.8847755096646,177.8516879627199,93.2549778980713,69.72006944607487
27,57,29.718631044968117,27.899978392431706,21.71136598908394,157.73995810708354,176.24146447671123,92.14581032207772,63.53513525830725
27,58,28.400601039718108,28.28051605416147,22.083674511986732,158.14009040370985,174.47300848891112,90.98134886597356,74.47495314754241
27,59,27.89572122706242,30.13329443902016,21.517510162707836,159.2714227183679,176.00370893488414,90.17011645548472,62.51380033756408
27,60,27.014470882385055,31.502215248646273,21.57927774942685,159.48569278239265,176.26295107128814,89.52424413200333,79.08585165095901
27,61,26.820842391571052,29.739262864347957,21.12324148013714,159.56834891124805,174.85600609063547,88.83274513789806,67.96513716492552
27,62,27.864499343679594,29.48737210522564,21.055238618087632,158.7096411834543,174.85781556452898,87.69286541657554,
27,63,26.51654068946089,32.022991141339105,23.14343557051396,157.1612092599198,175.4151780378242,86.76061355514663,92.3618084062278
27,64,25.550444259888465,32.20311061524633,23.9922223042326,156.9431925223179,175.95139164611348,85.88056252213183,76.36724592631785
27,65,24.6273399972014,32.99177804827814,23.69622538404226,158.66771217599458,175.83969662892238,85.6009955522508,69.37034998172929
27,66,23.095930954610747,33.868719104010154,23.198584642377725,159.3763402031432,176.15892829201326,84.8509726918314,78.44907510054439
27,67,24.30992201350167,33.49761941328137,23.08080100436071,154.98992230411386,175.0282025634694,84.6656097313502,88.74733856554937
27,68,22.56203912284792,33.853665600093244,23.27461289851488,157.31064671567316,174.87153423424755,84.44602592861608,79.17312447615673
27,69,22.232091108868865,35.376758574315865,22.50557249937967,158.57512647241535,176.69974464584118,83.41041189963512,90.38203999481186
27,70,21.983789903151475,36.32372328280921,20.7165227811481,158.94439836730734,176.70412618359018,83.15180131191246,115.06508150319412
27,71,21.4261774400358,37.52037001880779,21.70362931013025,158.4133396218607,177.88618909404306,82.50523302140971,106.6845740362945
27,72,21.17596548498541,37.99905986199718,21.23366357034452,158.8919680637131,178.19211286993377,82.5423488874403,101.31129829417308
27,73,21.235645201330662,38.83446279104272,21.186383616300127,159.5480118910311,179.31570524390332,82.44475721300785,109.60341634709634
27,74,20.86251136810461,39.7074321122998,22.307005601561624,157.52109363869877,179.9056786271095,82.19479709958904,86.1361650329677
27,75,20.69334755389961,40.03683770166235,22.19349947711617,157.31924642643062,179.82901456991934,82.5124209782586,
27,76,19.998435650697125,40.08478331314781,22.44543734598288,157.92006273011978,179.53175502009822,81.94299196931178,
27,77,20.20192237327915,39.9991699770277,22.50675889779251,157.2877535263521,179.64459350832524,82.12499953083082,51.90790994317213
27,78,18.837726096398583,40.47826413605998,22.14676775383504,160.03136489211144,179.64740215179495,81.59733072915563,51.459255207544
27,79,18.00229249242736,40.87275520122817,22.829206920070977,160.6229723878882,178.9003485765997,81.23117675081149,
27,80,18.225496224245163,40.614453950658344,22.895974294582505,160.76946539949648,178.7933149789091,81.99396527905287,53.32540971959179
27,81,17.569366959722235,40.96602414960022,23.038433514733093,161.90921218830033,178.3933231917276,82.4173418751468,52.93407225232728
27,82,17.83448374653422,41.34053394980554,23.54983936362396,161.3578453010386,179.21145574790546,82.31632641034369,51.15305861043211
27,83,17.442215341241955,41.41645244276096,22.834679718817963,161.65543181741765,178.93803375592802,81.87416284944466,54.05683579927601
27,84,17.366317275932577,41.48128136575204,23.192917202122494,160.36509056044343,179.0267434674867,82.39462616936618,54.4149968236152
27,85,16.912392372211478,41.440167423424676,23.255295763066123,160.21072426480373,179.6445489698721,81.68148347424768,55.56030087671598
27,86,17.24478926576516,41.70849404185875,22.64182268597119,160.22812484470856,178.47734577484437,81.70136169173733,54.83085141249549
27,87,16.79370997607693,41.4777471126477,21.554472450017187,163.9187063180952,177.31383931652115,81.54729227767368,52.93547670583536
27,88,16.416117950922786,41.29752548430665,21.484681071090485,163.68403596530533,176.22496553130205,81.19418744706702,54.79855312955395
27,89,15.603759347436062,41.70749963008869,21.16879433385741,165.62272715982684,175.7727182094273,81.52502539490631,54.74079543632735
27,90,15.523370827261424,41.956293576709115,21.45962714449393,164.7061424419842,175.99918912981911,80.90209485393977,54.97373338503709
27,91,15.20919449387479,41.5262322379652,21.479148561370938,166.3209973735582,175.60807908044146,81.11252325792296,54.957552569014965
27,92,15.16127625873131,42.11591364802809,22.492575449106845,164.31294490018524,175.24488826440128,80.93242194872164,53.91772227783408
27,93,15.330440049026423,42.40398049240631,22.669437731195423,164.21997245783953,175.73691556109125,81.10280967411546,53.836252985981666
27,94,15.57306652893964,42.41566588829073,22.508756349700743,164.00552450307612,175.60208421746347,81.08959587851993,53.81815859481983
27,95,15.694068754724308,42.67559817650069,21.995171419568837,163.6314978678043,175.79234323503704,80.91872758522473,53.84467959841153
27,96,15.423759154424758,42.63490990436503,22.323632377167783,163.57203617454218,176.32081347690087,81.43943518567282,54.09414934338758
27,97,15.8522299982478,41.56813869744363,22.13391841477071,163.85910484267777,175.62317568450328,81.55638451657991,55.8339882352948
27,98,16.036552337778268,41.86422484755319,22.66316223752387,163.58241500879706,176.90490079045685,81.08201650688733,55.381074781622424
27,99,17.41730456382844,41.407118347768154,22.61906569395731,164.1539614567224,177.54184714098517,81.77202021210516,53.73050886808574
27,100,18.578638018877648,42.28416157867116,25.570171692778313,157.71376222032316,178.24767022687553,82.17887856187043,
27,101,19.82898827224292,40.525558175356295,23.631613246686875,160.8627241627953,179.45623793047503,81.82827533378094,
27,102,22.891015246470253,39.46420240208587,21.601789477444584,157.87531493018267,176.74099414094778,83.42593112697959,113.01233531838427
27,103,23.67621077131229,39.01027711139523,22.620242295396583,158.98326551279837,179.77288951067084,84.80593810903628,123.42482781382186
27,104,23.95206939128871,35.92747475281727,178.43411300207393,3.394740355706174,178.8755545527188,85.57683860016203,120.02651843087546
27,105,26.26759976461367,35.50054715001156,23.40448529216923,158.6260730756032,176.3349275890412,86.28349245483504,113.47621994663504
27,106,29.17557938374272,33.544335635709714,21.601194369538938,157.9764610212379,174.93396122783207,88.05736984868213,119.00693539794764
27,107,31.072323245967976,33.9665269621108,19.71420147203314,158.3207940774126,175.35146636904682,89.13088972861405,81.16819226767348
27,108,29.830995879890033,34.35428538499073,20.169180016157352,160.67212946681957,174.20042750702535,92.07933862074438,77.10624946296385
27,109,33.379882752483944,31.2275169180205,18.258527998944707,158.6665924783688,171.3027616719544,93.05094786295108,100.05322267297036
27,110,34.75529007163936,29.61774884955651,18.00228905525254,160.02092836060572,173.5832507979362,96.23642135909296,56.35435294437244
27,111,35.20245010115944,25.078952603758324,16.86190423256461,160.73054793695204,172.8741489845864,98.01537031473326,28.66153898229611
27,112,35.320090099104675,25.91531456213702,19.082407947042284,160.91624701756555,176.85421128431935,101.00052167949404,152.3139123166482
27,113,39.216902666875946,,17.008091553721336,158.2814946293475,173.339963847288,102.5617855045348,
27,114,39.94806411242613,,18.087148563718895,157.01204946231434,171.16170668218518,104.18834494273696,
27,115,42.40270802250773,,14.988586466907387,156.13923106288175,171.1507152352284,105.75733436703874,
27,116,44.294900256837096,,16.35552839556781,159.31486232402304,173.67264801192394,108.64241224354706,
27,117,44.28964074518054,,17.17094644566367,157.50236536200555,175.7399158518492,110.83300382503272,
27,118,42.72909212061718,,14.951798783101044,159.0697875565216,172.9539722095426,111.93496246490008,
27,119,45.73605627759976,40.81818235737087,12.800793307399084,157.1073622577201,170.22242044224285,115.17304197570218,93.01804149549211
27,120,46.22964040830957,40.10898230342022,12.59712351087902,156.1494802898882,166.86506847294757,116.71408245431388,106.38030557587304
27,121,49.11180820238613,38.11807995320368,,,168.41954620929872,120.4502144156248,88.41930561565128
27,122,49.75364412844801,42.67576895904944,,,168.35535807291706,122.68518741445848,98.75158831371112
27,123,52.60474049399532,41.917311318998166,,,168.83076268982757,124.73155710177818,78.83899187529822
27,124,51.83811593579999,43.4952919155777,,,166.4178843169285,127.66217189341003,98.10488901314606
27,125,52.10025790897868,44.799057274366504,16.867773761810433,153.244671493004,168.98349616364916,129.36907890781652,104.40063779708689
27,126,56.565485292782824,52.664681800011344,14.848120507801424,151.9901673626455,167.31321965129248,134.4889113234964,117.8342315355627
27,127,55.88608187662256,56.900282152429014,,,171.72750205088758,135.75493596345578,138.3257476391615
27,128,54.33886589612573,59.878876880798245,14.682346832338178,159.9415575220608,168.80321247393144,137.64625767565502,143.95215726436825
27,129,54.14144025329266,60.736347073124215,10.526372464526997,160.88023484920237,167.35592502096785,138.19661557376054,149.48097494883083
27,130,58.97633013099095,48.26825956315491,9.723820729672267,158.76479531426554,167.66733598908374,141.72587720723513,135.013195613007
27,131,59.249659315933314,53.49368781918768,9.143355618360667,159.56516937584897,167.16235991407936,142.4540238942651,144.06943989036492
27,132,59.06150685134387,64.38605646305255,,,166.78390757448096,145.17294521975077,161.97402396140788
27,133,60.207249958994446,68.4553455731442,,,160.37955745510237,147.7381078568712,164.59736194327692
27,134,59.139041983930646,66.79011859120726,4.059124061654757,174.70753839498497,164.850907210418,149.71782725012233,167.86622665539306
27,135,63.46702479526131,69.97055130883923,2.7711160885063655,168.39020792241982,157.45029002095788,152.4586255565489,173.16742215757924
27,136,64.99830950231748,71.12592213308213,2.6274502932293564,168.9409992787193,154.04629429378326,154.2858379073428,169.57224364326677
27,137,54.33822153012472,69.6165495095167,2.6432840736572176,168.94187869063245,156.38513163524502,152.36348468495916,168.20433983659203
27,138,56.764971805543375,72.19407609010496,1.51390782659111,163.90087636981494,155.60124246113048,153.76833324122646,171.2782443764914
27,139,56.035172313302326,72.4981188219583,3.107785400453747,164.6409834335693,156.4001833211095,153.2824665775808,173.243865310126
27,140,57.72921714609703,58.16696643856353,3.2400532061251655,166.90800314559823,158.11942137501495,156.03822704333473,146.50596326434365
27,141,57.04578677822575,48.64151012140992,0.7394049502818808,169.06682459005253,176.87660883311972,156.28365451233626,146.7697395312156
27,142,56.48227863688729,50.68142347616181,1.6961999894798647,169.528476873038,179.41660887540075,156.75045027254296,150.7981994407228
27,143,56.055671251188386,56.416450023224755,0.7279893562246419,167.04728815098338,165.65156408306936,157.2088519630196,150.00215024467104
27,144,53.64574536956256,53.19924314784739,2.492648432070543,168.33286022363657,176.69118018962217,155.12200082655514,154.8379992203867
27,145,56.6655341775465,52.725949087338016,1.5306156845477412,170.09943688807667,177.81038276477526,158.0530289151591,152.28204291338585
27,146,57.00535520663765,52.41324575668638,0.3753599857465425,169.5642576883921,178.66100696100182,158.24639907319678,150.58595054748332
27,147,57.92222325884879,53.183881027654614,0.3819921419105542,170.06203636976863,179.12600008116664,158.7234347139984,152.37811867963623
27,148,58.04159120868016,53.88177631554251,0.996043542067686,169.2188988771031,177.7991493748394,158.46980614197062,151.4540894439042
27,149,58.40637362754526,55.60164498155806,0.1619090015760661,170.37306960473038,176.90135589443827,158.62832196558,155.74024406817492
28,0,23.1904742910208,24.54787635889378,,,,175.92158413262626,171.65302448498457
28,1,23.16119185950373,24.515165119003527,,,,175.87789564380327,171.70211882280108
28,2,29.006284485456924,26.717301032006613,,,,169.53491918588776,167.53745069425503
28,3,33.66367802255435,31.161630412869417,,,,161.2289503103959,159.1056628337563
28,4,39.63826399096393,39.145625532087074,,,,149.0925278195133,149.53388278112473
28,5,46.45995664151026,44.30406231049224,,,,137.64022403033658,138.96587313185486
28,6,59.811159258872046,57.373614176954696,10.199070141145771,,,117.75828298214913,118.66383537846023
28,7,59.811159258872046,57.373614176954696,10.199070141145771,,,117.75828298214913,118.66383537846023
28,8,69.47928904677761,65.92150324011318,10.7348710823373,,,106.3008843252201,108.75486203210944
28,9,76.07334076737753,76.71977735918678,,,,95.506252131927,96.133622318615
28,10,85.75817605206603,86.83727399354204,,,,85.3727575412375,83.15604216544557
28,11,,,,,,,
28,12,,,,,,,
28,13,,,,,,,
28,14,,,,,,,
28,15,,,,,,,
28,16,112.38981541817748,163.9594596912739,,,,49.7015301227071,47.63913693415655
28,17,,,,,,,
28,18,,,,,,,
28,19,,,,,,,
28,20,95.54704540421508,93.25291741651682,,,,73.59386387453488,69.54906782328945
28,21,77.62837969561384,84.3357739214354,,,,92.92708136611644,87.16622003537086
28,22,70.77711576005908,73.61314609284801,,,,103.02128833774564,98.20541213288202
28,23,61.854430607650954,64.28546903574052,8.805393297536252,,,117.09687174187432,111.0914788863056
28,24,55.445025382974535,55.48904399109112,,,,127.84306497557786,121.91527923486774
28,25,50.19036233767732,48.36701159833503,,,,137.8549318184236,134.70228588881992
28,26,50.19036233767732,48.36701159833503,,,,137.8549318184236,134.70228588881992
28,27,42.385722301108366,39.198223697313935,0.8972707451590404,,,148.84874966706806,148.21652115573843
28,28,30.11299422634236,24.490108795573576,,,,168.8474131379918,168.6809387554642
28,29,22.412356887098618,21.84384194932403,,96.18042030286595,,179.69653723612302,177.3412950133465
28,30,23.269052309757484,23.529988630110473,,96.2858261098486,,179.09781313450708,174.82553753451816
28,31,25.18938042105955,23.204386507696764,,95.36744699694852,,177.08335767779712,174.8603980467682
28,32,25.18938042105955,23.204386507696764,,95.36744699694852,,177.08335767779712,174.8603980467682
28,33,26.29436782815237,24.373607190651526,,100.25304563390888,,174.67119787362415,173.31951642176776
28,34,30.731276349570464,27.5070766342693,,,,167.3874849475208,167.2565044443203
28,35,44.853802244770925,41.20969451078152,,,,143.39177890273152,143.79264649375713
28,36,50.68514466437168,47.936350243122526,,,,134.0672568050989,132.74133735672223
28,37,56.158826852306795,54.54578151709898,,,,122.62084629074864,122.34295996744858
28,38,57.59768695795082,54.57643166063759,,,,122.60599038265352,122.46843885813756
28,39,63.9344310889787,63.0756784498118,6.137533799453116,,,111.61424007648654,112.0500282182703
28,40,73.71966451564305,74.0774174326795,,,,100.55288466220756,100.53137248215366
28,41,79.60460651593691,82.51895470717427,,,,91.46788921625756,89.67231126789483
28,42,,,,,,,
28,43,,,,,,,
28,44,,,,,,,
28,45,,,,,,,
28,46,,,,,,,
28,47,,,,,,,
28,48,,,,,,,
28,49,,,,,,,
28,50,,,,,,,
28,51,93.84707912361884,96.28634739437908,,,,69.38973401498826,64.04863983086838
28,52,87.01732812517727,95.98368819959992,,,,79.82289214870796,74.2593382253179
28,53,79.99477178029747,91.03316619814744,,,,88.93340298988085,83.72310726350545
28,54,69.22997159147988,78.31169377974103,,,,99.26689281971058,94.29615014121468
28,55,56.42332991415307,58.04110439451345,,,,123.28643664981368,118.14313485713858
28,56,55.99724239093505,57.94156277954772,,,,123.21841573351604,118.14091429521588
28,57,49.38637009872946,50.9886713774936,,,,133.2716978404955,129.75322848861848
28,58,42.80651777893069,42.21390433235453,,,,143.938444258422,143.01601216718802
28,59,36.619213589188774,33.21759111295045,,,,154.84247883339324,156.31693092515235
28,60,27.747479569673352,25.992128807025033,,,,169.38697231864532,169.3439165928981
28,61,21.269501604495208,22.104500441100072,,,,179.94050587112537,177.6143334418827
28,62,21.29771648396334,22.185555117965944,,,,179.9427213756181,177.70482436278994
28,63,26.28199377110321,24.63072400057875,,,,173.82956563801127,171.1219389277767
28,64,28.92124304015869,26.40950019793946,,,,170.32188145023204,168.979592149832
28,65,33.43704013915376,30.643797447605788,,,,160.59220248147392,161.29431905162278
28,66,41.03212412622106,38.02406789808917,,,,147.1247755015504,150.15540604730998
28,67,50.89712719366116,46.00720728511391,,,,135.24535778823315,137.22395756926443
28,68,50.70579171166006,45.88438376470248,,,,135.31562061335143,137.45490432716687
28,69,56.048887350831066,50.451489452443674,6.673348798078171,,,124.10365284954077,127.82025446265148
28,70,73.73440859016527,70.25931320094607,,,,100.93896367181418,102.46295812763638
28,71,80.62117981326594,83.37507644754302,,,,91.32002083100818,91.3111878268446
28,72,88.61195549530579,91.59172591337,,,,79.87532619412914,78.35233987734337
28,73,101.43122845442134,93.0288212722013,,,,66.93900385587092,67.34812991297622
28,74,101.43122845442134,93.0288212722013,,,,66.93900385587092,67.34812991297622
28,75,,,,,,,
28,76,114.37902198156874,179.2585378289018,,,,49.25861416351574,50.645433117920575
28,77,115.2698997978424,169.21444612756545,,,,48.76427982838921,50.49167103725792
28,78,,,,,,,
28,79,,,,,,,
28,80,,,,,,,
28,81,99.15694162531652,91.44268844672854,,,,68.80415409160598,66.9882223231479
28,82,87.90679764335022,95.5441587937854,,,,80.32665356480462,75.41872744293937
28,83,78.52031915574209,88.62499929817099,,,,90.25421886913462,84.58792196060803
28,84,64.20365982482647,67.07049979958273,9.472246889955509,,,112.36915685532304,106.24497003284505
28,85,57.602389022852144,57.26169244573321,9.072429264795286,,,124.0168090552871,119.3798753221802
28,86,57.75067464655882,57.38043120066652,7.47609382371649,,,123.9817663096476,119.07882835147268
28,87,50.031446938840915,50.92263779029279,,,,134.4121286164251,131.869276705565
28,88,46.10013033118963,42.42653590815073,,,,143.57001583472996,144.77508553115155
28,89,38.97902323545996,33.60870677209495,,,,154.30157681045043,155.82999749562663
28,90,30.069889367144818,28.394900609121283,,,,168.69861981774352,165.38261225929267
28,91,22.91270008066623,23.356005655839155,,,,179.0945628022555,174.61204591282484
28,92,22.91270008066623,23.356005655839155,,,,179.0945628022555,174.61204591282484
28,93,25.691260196004375,26.06375232805609,,,,173.42713915880847,169.29060069287954
28,94,30.040744118257532,30.513675879677788,,,,167.3507805171758,162.49073885329642
28,95,38.33181272904133,37.26016692987333,,,,153.741220586141,150.44114765227042
28,96,45.073564541984666,44.33865199047316,,,,140.6580065963587,138.9158983423177
28,97,57.790982587681086,56.939825651576726,7.672909465100009,,,118.43093272642484,118.4799591719086
28,98,57.942239408726664,57.032456896418616,6.893224344141351,,,118.43671279597444,118.38201419323389
28,99,67.09458820601562,65.20432527876412,,,,106.77602425357308,107.22375657060704
28,100,76.35636391168352,77.1144508420156,,,,95.10933251508293,96.33930742897726
28,101,83.69389602959527,88.54169619866539,,,,84.98193122295734,82.70195340589355
28,102,93.69610407641268,86.17935197904914,,,,74.777110859679,72.00831735136238
28,103,,,,,,,
28,104,,,,,,,
28,105,115.53108484313434,173.37722276094243,,,,48.278842191095315,46.77591614929491
28,106,129.93757074209412,141.02841877639312,,,,44.72868350807115,44.08116053722863
28,107,137.46339383532924,179.74752589071352,,,,45.651525065067446,45.33473974637291
28,108,120.89937780076296,150.90138234037164,,,,46.93093414512028,47.64753648724394
28,109,,,,,,,
28,110,,,,,,,
28,111,,,,,,,
28,112,84.08677960722892,93.4302788829016,,,,81.04834357586813,77.27333617011165
29,0,85.57687825949765,62.80458302059195,,,,91.40670446501608,96.00878502162128
29,1,84.84274408773312,63.50377798699158,,,,91.77215047299896,95.9924769096165
29,2,92.49165985913064,68.69752220398388,,,,79.30719275962073,81.920356160709
29,3,,,,,,,
29,4,,,,,,,
29,5,,,,,,,
29,6,,,,,,,
29,7,,,,,,,
29,8,,,,,,,
29,9,,,,,,,
29,10,,,,,,,
29,11,114.34715787476546,101.19155625591628,,,,61.209968645691184,67.05440296670342
29,12,95.9322315218651,94.08285413531814,,,,69.3919633439398,77.1820646676076
29,13,98.02537640733486,93.24411261947682,,,,69.60975933133966,77.32257631378329
29,14,90.00627654905416,76.33656354366043,,,,80.95225189770846,84.19572339305309
29,15,85.26592722090426,71.6942554985996,,,,92.2202992115694,92.28531653030188
29,16,73.56842560510586,65.01977103918692,,,,102.4733691596398,103.36635139097145
29,17,48.93685655940144,55.511890115948844,,,,127.90113140109858,127.05738329786318
29,18,38.83352714160136,44.029299119678285,,,,139.71031921089784,140.44467283804047
29,19,38.83352714160136,44.029299119678285,,,,139.71031921089784,140.44467283804047
29,20,30.52720044624623,36.587309948214795,,,,153.70676588911243,153.79617500428736
29,21,19.22728906288075,27.91532738796924,,,,172.64509726505858,169.3222380256984
29,22,14.873288800221523,22.484485040388822,,,,176.98351947624235,178.6329191364371
29,23,17.105773645446167,24.65031929325895,,,,179.17746260547122,173.89032203096411
29,24,19.50192204283733,28.403874536780545,,,,172.68651425430662,167.31590971982698
29,25,19.291303274430916,28.77417842793702,,,,172.7120187088135,166.81364623375757
29,26,27.590596558620003,33.46411481478372,,,,159.98466279569598,159.27572020177297
29,27,34.09892691214355,39.49606460868381,,,,149.48498284089268,146.5271587863409
29,28,47.72069757820004,54.79370750578408,,,,123.60030999676026,129.2362255509479
29,29,56.73126772151951,61.64188508614562,,,,112.94122510445628,116.47231723387478
29,30,72.64710974389781,52.35486335416995,,,,102.22070328726495,104.05387498790972
29,31,72.64710974389781,52.35486335416995,,,,102.22070328726495,104.05387498790972
29,32,77.7954055619879,70.82446869883992,,,,91.24903902264136,91.4071136293978
29,33,85.63357512613918,82.85102173469892,,,,76.67458058706302,81.58209539553536
29,34,110.6535781525052,167.26838884868036,,,,64.77900559841764,67.06970180779282
29,35,,,,,,,
29,36,,,,,,,
29,37,,,,,,,
29,38,,,,,,,
29,39,,,,,,,
29,40,,,,,,,
29,41,,,,,,,
29,42,,,,,,,
29,43,,,,,,,
29,44,105.08819189656032,167.76653688291114,,,,66.13411055671344,66.94600589645573
29,45,94.78674944602092,76.09289287255632,,,,77.43232137655141,78.83875553974062
29,46,87.08874058748576,66.51333100125427,,,,88.08740400122798,87.6985321170411
29,47,80.35386736575525,66.36249624277195,,,,98.77787031975303,98.50846649270268
29,48,60.21194974100732,69.77696026676692,,,,109.19962176832118,109.80421809707676
29,49,60.21194974100732,69.77696026676692,,,,109.19962176832118,109.80421809707676
29,50,49.38180953425162,61.695887089728345,,,,124.58946885703588,121.39798382338522
29,51,42.511266560913704,49.17748391268317,,,,135.37190053614182,135.13176919824252
29,52,24.95732875037977,30.082919408893645,,,,162.81511491655317,163.79074778059103
29,53,16.139143772512412,23.31567054644824,,,,178.56477479577865,177.13655304926118
29,54,16.863884337689843,22.37932178048543,,,,178.64674325306444,177.76370260863095
29,55,16.551607446325583,22.606285700707833,,,,178.37485160920022,177.708629647621
29,56,16.36419920412166,27.235635369536713,,,,173.93044233207962,169.32003822537067
29,57,25.376087896441057,32.04597403220674,,,,163.05419460054074,160.10137501808725
29,58,32.29375175359855,37.93012613892444,,,,151.39621346375247,149.82771035417747
29,59,37.58617784750077,44.82849807450047,,,,139.5600917786348,141.34342262347275
29,60,49.090535360693806,51.941868132930416,,,,123.12820876617762,129.8857101531687
29,61,49.090535360693806,51.941868132930416,,,,123.12820876617762,129.8857101531687
29,62,57.11771466329111,58.677171460711286,,,,113.05951681908876,119.18452132543852
29,63,78.26713800769006,61.83002277811349,,,,91.9192302237521,91.32381774331144
29,64,80.97056360811105,84.44343434170855,,,,77.99739918965174,81.13019397135903
29,65,,,,,,,
29,66,81.13899718634217,155.55471793444462,,,,57.6039856426402,60.03921188907872
29,67,81.81827626511992,156.8225734872644,,,,57.01350428370976,59.98079474542411
29,68,,,,,,,
29,69,,,,,,,
29,70,,,,,,,
29,71,,,,,,,
29,72,,,,,,,
29,73,,,,,,,
29,74,,,,,,,
29,75,85.56971186965137,172.03386748721505,,,,65.85923955631344,64.3498845715452
29,76,89.51926942885247,97.38162433276842,,,,77.0841224330388,75.61618244358225
29,77,83.14016537207637,80.12816698587328,,,,87.59680739051893,85.8425902756492
29,78,,,,,,,
29,79,,,,,,,
29,80,62.63886438095021,71.28579316194478,,,,105.79576827994757,104.76912467993851
29,81,53.11293664215114,64.7032786811389,,,,116.76937073586804,114.8693310523159
29,82,46.87638808247899,54.979672350483234,,,,128.4383479142938,127.24499507807592
29,83,38.3616209909605,46.97698298207967,,,,139.34651474317636,141.35159264442535
29,84,28.411894932788275,34.28668577369512,,,,156.8379644048276,156.6853388933306
29,85,28.411894932788275,34.28668577369512,,,,156.8379644048276,156.6853388933306
29,86,15.397299634832285,21.862195296151626,,,,178.962729010605,179.77437159303295
29,87,21.1960710873512,25.695773164615975,,,,177.67472939233556,174.5626922636637
29,88,20.921253741733864,28.125075070624547,,,,174.67688445889092,171.58924787250294
29,89,27.64740348682856,28.98537067742805,,,,164.41183335904483,167.30294796320695
29,90,32.5894572935321,35.18700836614017,,,,154.47200963499955,156.5097621262668
29,91,32.88616351471298,35.293468791055446,,,,154.35556931056533,156.0643080573618
29,92,37.47714466425899,42.30770149837744,,,,144.08479520472855,143.91503499055105
29,93,44.28083033686261,48.65905544425846,,,,130.5239598636293,135.09759767547516
29,94,55.2064184248687,59.66035460450494,,,,116.64791905122875,124.01735187418814
29,95,64.17878049125201,70.20510671941048,,,,106.41619740220594,111.50415532453268
29,96,71.16931016658845,78.60936578421328,,,,94.67616900443606,100.4164028234303
29,97,71.16931016658845,78.60936578421328,,,,94.67616900443606,100.4164028234303
29,98,72.87655074800062,88.67114748600116,,,,72.19185406193114,78.45586389466298
29,99,,,,,,,
29,100,,,,,,,
29,101,,,,,,,
29,102,,,,,,,
29,103,,,,,,,
29,104,,,,,,,
29,105,,,,,,,
29,106,,,,,,,
29,107,144.14283294929513,152.72472007859676,,,,59.53490807484166,58.98735148075838
29,108,,,,,,,
29,109,87.79436861000158,75.28873985901029,,,,81.82659951698959,81.87825748091406
29,110,89.45534197182856,77.91412859355948,,,,82.57451136554704,80.22725923047493
29,111,81.01446809001942,70.91804250570279,,,,93.413410650972,92.1095709972123
29,112,72.26588912955626,69.2350877417267,,,,103.22021650196272,104.15984018176638
29,113,58.76944237388221,67.73308344401748,,,,115.76384073820078,113.73687406557517
29,114,48.6145468978308,55.125008047934266,,,,129.33614098581828,128.31973901312475
29,115,40.25992738651172,45.88272341127195,,,,141.80374882786109,142.53095480710684
29,116,41.32982832544067,44.533541224469104,88.70991140660864,,,140.71420097836673,141.2409859436292
29,117,31.921229026021795,35.62059092242393,,,,154.78535122057926,154.90134186856528
29,118,21.561416552000484,28.7138350199506,,,,171.93318538899672,167.26025570770707
29,119,16.968227199702007,22.507833923828695,,,,179.4747822109289,176.40352837540053
29,120,20.155853156342893,28.919021533370493,,,,172.28660600854866,164.54715146086377
29,121,27.94604806549223,34.60563656300663,,,,160.6224197401822,154.5643097519566
29,122,27.94604806549223,34.60563656300663,,,,160.6224197401822,154.5643097519566
29,123,34.860340573724486,38.93200721344336,,,,149.5896854522648,147.0250529820396
29,124,41.758080712372234,44.9625290092208,,,,137.19647440050062,138.50598135030327
29,125,48.992293393650336,52.26777491280683,,,,126.27136660453944,128.2776049217509
29,126,54.034931519718526,62.05134674499959,,,,114.6739504344732,117.98330900927674
29,127,67.3582746598934,76.84227833064291,,,,104.17420891314362,104.64225459106534
29,128,67.54602127235593,76.1105796591756,,,,103.7306842436734,104.7295397749015
29,129,68.78969747082779,84.30774943885302,,,,90.74105519216478,90.80935940714215
29,130,81.0787570639947,92.2673208119139,,,,81.58141925158812,80.90112226469269
29,131,,,,,,,
29,132,,,,,,,
29,133,,,,,,,
29,134,,,,,,,
29,135,,,,,,,
29,136,,,,,,,
29,137,,,,,,,
29,138,,,,,,,
29,139,145.48632035876795,154.6912533820071,,172.55740671060505,,60.98898603821278,57.91859611801531
29,140,144.9074450024125,153.94249889741437,,167.76095751139357,,61.56084147816838,58.227920732472604
29,141,,,,,,,
29,142,100.4155244331838,93.35438626178808,,,,73.53176316969822,76.95166941033067
29,143,77.8060965787518,96.29270190217788,,,,84.38960961951382,83.7065180588837
29,144,67.10612486893943,67.88486084226521,,,,105.92881114267831,105.5300362502868
29,145,57.39011126440428,63.98520917039222,,,,118.15904955573389,117.17689656950222
29,146,57.02172694783866,63.79418977583438,,,,118.39216742560328,117.14973295984726
29,147,47.13587604566242,50.49839579330895,81.42562499569372,,,130.22677326048515,130.784456484274
29,148,36.46506195220748,40.42912317222181,,,,143.9848668176012,145.91850799506233
29,149,29.10615040622837,30.455817829911695,,,,157.7413563143383,161.4051284238045
3,0,30.356261564285557,70.83205626140004,6.8485042384793005,175.05389448510658,176.9494851737381,117.469733014078,
3,1,25.146516507145943,69.9507215891857,6.842796479413143,175.70531231635707,177.13332979830648,110.16456224670338,
3,2,17.312247619342337,68.72503869647099,6.714086566200331,176.53837763774544,177.46846664587355,103.82339847140685,
3,3,24.16640262869953,63.89697039350148,6.442074093274638,176.7200946655335,178.30851993295934,112.6167340672015,
3,4,27.251362523078765,63.88713076111963,6.313060632774261,176.28214122600298,177.3670853241738,113.98927692507816,
3,5,26.018870935306634,63.83346276463253,6.178630337313991,176.3395600003228,177.6453700716841,110.7181393442318,
3,6,23.178795772581665,62.389006641254426,6.223811656333962,177.8794102176575,178.33418340709326,104.90537806369451,
3,7,,62.31889271386634,6.409752966317846,178.03990533007786,178.07638808719818,,
3,8,,58.888302119274506,6.460213640703126,177.4305557659506,177.25370390534587,,
3,9,,55.83115351016535,7.324089332379253,176.6799825106768,177.04305754843907,,
3,10,,55.83115351016535,7.324089332379253,176.6799825106768,177.04305754843907,,
3,11,74.4451723184646,54.94588452936899,5.372956818604755,172.8414578876145,176.7161731810467,,
3,12,13.053638714074925,52.29117026916404,6.355899092716822,171.99253203803704,174.89660166599904,14.67092060552882,
3,13,20.282166016960772,45.378488751818374,5.283470582728365,171.5955018026095,178.61695937642287,10.549433255562136,
3,14,24.055930597762337,42.91675986642735,4.884194670439275,171.9290342605026,178.78458150505273,7.640404939143624,
3,15,24.055930597762337,42.91675986642735,4.884194670439275,171.9290342605026,178.78458150505273,7.640404939143624,
3,16,25.22189487930158,39.95190814406485,6.030317247909219,168.73086771708955,175.555980388191,6.532706731427534,
3,17,27.438618774977208,36.64177270598039,6.352536425327232,171.14063784853974,176.27204269232178,4.854674586261965,
3,18,30.413488880648135,31.487165909765153,6.134240173726022,174.55015365855456,177.77068981266547,2.3649003159912434,
3,19,30.249770781307348,30.58758424380759,5.507490164214047,173.77853927561762,178.19751187523684,1.1100794393912496,
3,20,30.249770781307348,30.58758424380759,5.507490164214047,173.77853927561762,178.19751187523684,1.1100794393912496,
3,21,30.70139861615931,30.086115656700315,6.730064429928434,173.2130288160648,176.31847846125714,5.862689132525471,
3,22,31.232525476371674,30.23995000833881,7.099585374727165,172.57936356820596,175.2692241474486,6.009411887493399,
3,23,30.679832859111688,30.78324147647346,6.804237698416729,172.5324538864068,175.93861160107153,2.941166151561764,
3,24,30.724931019067544,31.26139448104608,5.809594729549503,174.06805511404934,178.09874292350295,1.6971550045699586,
3,25,30.656732670626447,31.212079582913603,6.647903701461357,173.9772891139432,176.74649942102928,1.919025818791979,
3,26,29.943249855356232,31.42553022153115,5.684415916350927,174.67438052185867,178.18917297075757,6.403445987982236,
3,27,28.178240943077707,33.75596932772058,7.561709409327913,171.3720607710046,173.8793801645978,7.768762934879721,
3,28,24.419290404304107,38.132488648356144,9.630970581403204,169.22141734366278,170.13073406217617,9.49855842663328,
3,29,22.750005223372785,40.658773882093605,6.6650517964298155,170.71299740785398,174.0290191984223,10.447025194130346,
3,30,22.83652359691254,40.65285984005692,6.552371346180073,170.5702550817081,174.07685009374083,10.40042581673951,
3,31,19.375132304416592,41.399318819110206,5.643980464277406,171.2399143029826,176.31694284375305,9.437523148003423,
3,32,15.370440459509204,44.649844454017554,6.582456496337901,172.30200197491624,176.82103211775546,9.299715232213918,
3,33,10.447188626843904,49.452906273222915,5.3468042678805086,172.5596103574055,175.43469432488888,,
3,34,72.48398478681995,50.74127467787039,4.754844196360499,172.1519030535911,176.2881113906697,,
3,35,72.42083226361436,50.67697115033206,5.0913890255216465,171.96528424898136,175.85791667490955,,
3,36,73.94635497039538,52.36404525196476,5.917521210560956,174.2469965067403,175.36170446336916,,
3,37,,54.91438788504549,6.016952865995399,175.74368826526555,177.34214892683826,,
3,38,,58.31607976909975,5.677571640831335,177.59830448956436,179.0943192807827,,
3,39,16.066636635586683,60.092190131357555,5.581373304483536,177.52021704215932,179.06303783109595,110.5264740611362,
3,40,15.917260917180352,60.04815881611108,5.47667024171788,177.3721258166606,179.13055962212135,109.61275556389974,
3,41,16.954849601257497,62.316253913325,5.818889628152932,177.9922705473573,177.6142970891485,100.1565335239977,
3,42,17.715691349702706,63.81267093023531,6.5432568240158275,177.90459412516077,177.12204896193018,99.26048129562614,
3,43,20.345145842133253,64.37309455452585,6.050972194048653,177.1694703641494,178.21490399594668,107.95303314520466,
3,44,22.939991850867575,64.77959057695975,6.640187460340363,177.48505266179586,177.7854456327348,115.10010831257776,
3,45,22.960461364565788,64.70348606739901,6.488780784018786,177.1005321743828,177.75110081392762,114.71183397648151,
3,46,19.866225966056163,65.89027618407566,6.9195391494046605,176.59964193230778,176.6630907065328,108.8719968706175,
3,47,20.149569548382704,68.83924816816504,7.019418090232895,177.45694879140868,177.4164327583047,106.30285521939912,
3,48,29.151590037744235,69.25987839653966,6.961704536602667,176.4729561394269,177.38361844871275,118.05076875941636,
3,49,37.574780640818474,70.28860980426128,6.891971645726389,176.1067807413564,177.1422428780103,129.51958877250095,
3,50,37.813975461659574,70.29477158051745,6.905977901184247,176.0844471532028,177.13060988344097,130.03464314519778,
3,51,44.80399925865949,70.55500056512561,7.147927288843853,175.99319899025318,176.85346312185374,138.79052048561485,
3,52,46.97583238824447,71.6451827536071,6.862207054293665,175.39706710072718,176.79147700421825,143.23935695597055,
3,53,47.45345043595556,71.86272682941174,6.578498935109078,175.1077267046466,176.8671274340306,145.12218746923978,
3,54,47.71313848899392,71.87620297712036,6.703723784764147,175.34726300839466,176.85881776319695,145.8682822127027,
3,55,47.71313848899392,71.87620297712036,6.703723784764147,175.34726300839466,176.85881776319695,145.8682822127027,
3,56,47.81143596145067,72.13180394110516,6.61872388735412,175.24706889821073,176.55047554370842,146.23031702052316,
3,57,47.6291931218013,71.79727688146717,6.603127747717476,175.06085241207788,176.6499023409873,146.11561200885404,
3,58,46.374463785088075,71.60569168975674,7.16885338790909,175.44892215337558,176.49903980784012,143.4358426059415,
3,59,45.579051410951195,71.3788028886625,7.167760230675679,175.67984520092895,176.4377877713565,142.10638754986292,
3,60,45.579051410951195,71.3788028886625,7.167760230675679,175.67984520092895,176.4377877713565,142.10638754986292,
3,61,45.27241503381191,70.83700213857854,7.290047997361322,175.58670648167154,176.82461120498832,139.51561172315357,
3,62,20.820412827912296,69.83337499134107,6.743629860464979,176.073962088231,177.44782601942882,105.84291770557869,
3,63,17.274005716893335,67.82674090235662,7.025109442716997,176.33426838144655,177.68749718572028,107.07228012118443,
3,64,26.77956582651994,65.57296094217659,6.494443445143562,176.97711942921285,178.95666689058055,112.0499584788048,
3,65,26.77956582651994,65.57296094217659,6.494443445143562,176.97711942921285,178.95666689058055,112.0499584788048,
3,66,22.252409972117785,64.04600141508197,7.300591581737573,178.82617878888436,179.14965884829226,108.22223673296035,
3,67,,61.45143395341284,6.002775968486191,177.11200913366605,178.7958440820972,,
3,68,,60.680362135799875,6.506113898867823,179.60852526043206,179.99156823342963,,
3,69,,60.102088250434406,5.670053714153083,177.51720563878584,179.73200341373652,,
3,70,,60.07819218400611,5.75178010696409,177.49981528674112,179.4633351940433,,
3,71,,58.0578180050981,5.644821780981593,177.65306000568052,179.31711327464754,,
3,72,,53.4710973812474,5.108914520351905,175.0708754849518,178.7217616237721,,
3,73,9.277965969520857,51.149784831264185,4.323655619536691,171.1128640309534,177.13707513343505,,
3,74,15.431626791176512,49.395039975816616,6.485516093712646,172.48492686522417,176.11718322310386,11.739338432301672,
3,75,15.316085127536978,49.3828723935008,6.3816256882611135,172.17959637324697,176.12255386842824,12.546107101502477,
3,76,18.36393824813583,45.146540108956934,5.519680790878584,172.10828416285716,178.28667677087142,9.300983453886886,
3,77,24.460874887063067,38.959561494126135,5.982872678246056,170.08534475672698,176.304063244338,6.107362098981979,
3,78,26.57291743562471,34.41691711751171,5.30660675002777,169.50317459572042,177.02422929548757,3.365751833763801,
3,79,29.814982824734994,34.43130676300701,5.193415447572254,173.16006248922395,178.85115749243107,5.347391984947225,
3,80,29.814982824734994,34.43130676300701,5.193415447572254,173.16006248922395,178.85115749243107,5.347391984947225,
3,81,30.75718490813997,32.278686517180724,5.2977760277245896,172.2264755552826,178.49289617641227,3.823151414718254,
3,82,32.038856059608214,29.545014107730417,5.959347586953036,169.72701309441382,175.60302326051513,3.7906195950738377,
3,83,31.933261164517713,28.691702242229788,5.98942370894281,169.81569590282206,175.4792701516024,5.342672596269244,
3,84,32.97633502560402,28.53945887896655,5.825417728450699,171.16072825190025,175.5158102738531,4.621407373765136,
3,85,32.97633502560402,28.53945887896655,5.825417728450699,171.16072825190025,175.5158102738531,4.621407373765136,
3,86,33.34678064470963,28.084365627895785,5.869202073445471,171.174347360392,175.56812683590474,4.5185742938021765,
3,87,33.43088995974453,28.456919935601977,5.599738494421998,171.46688825003676,176.41350521860616,4.888038067618275,
3,88,33.195215127124705,28.664625266238662,5.893737812963621,171.6397542879857,176.05848762040745,5.508028356121886,
3,89,31.965568816779857,29.626560672806,5.552184136400153,171.1609115680804,176.73733970873673,4.034098572376821,
3,90,31.965568816779857,29.626560672806,5.552184136400153,171.1609115680804,176.73733970873673,4.034098572376821,
3,91,31.041178277213717,30.518726602855946,4.538805477524081,171.30183292320388,178.5244517378071,1.718020931205363,
3,92,27.23482183825749,36.01622774069712,5.436529523436244,169.07106461509602,175.81842248961377,1.7242322163325252,
3,93,25.469361756891264,40.33589039790868,7.81244691631219,170.0227011629515,173.0872662744648,6.90087850113033,
3,94,23.90761981312628,41.55546290544241,5.28323456043142,169.7782759001752,175.94134930863262,11.054249443220836,
3,95,23.84195168028857,41.34036981904812,5.372753561786312,169.78368825721537,175.93575363342694,10.855259200557208,
3,96,20.559763759848273,46.47930366250208,4.189572001570413,169.9044541464652,178.08893939158688,12.553092590510817,
3,97,17.770146135604715,51.81766034195088,5.461893622481191,172.11951603101838,175.83026823056176,16.204828650695383,
3,98,11.5269886757239,52.20482932418195,6.246029431832248,173.22283567600294,175.18951903053087,,
3,99,,53.830843180268914,4.566481336273454,170.9731154721355,175.96275860938525,,
3,100,,53.927026226395725,4.657951132395745,170.95319639622505,175.8608791838012,,
3,101,74.65083067859815,55.3858387152454,4.415380907867157,172.15173417501595,176.99543862201338,,
3,102,,60.08011088744053,6.57961947464697,176.66539694670593,175.4595306749971,,
3,103,,61.1004307351393,5.643414151762958,176.46183236981392,177.052625859119,,
3,104,5.3008182848297505,61.05349097272887,5.7154824923851875,178.76839912228908,179.41059255331254,105.96615349632532,
3,105,1.9483960078857423,61.57476767339321,6.103208308639022,179.46278652537683,179.48515397179366,101.33961258767695,
3,106,17.13885005720062,62.67515125830149,5.383706403614112,177.22981757881718,178.79994694368816,100.6904286931924,
3,107,19.80505159405809,63.90601737360081,7.581634638943248,177.9653670786334,177.1037035737736,104.8306087388626,
3,108,20.165647074516624,65.27458260996524,7.6422659165881806,178.03630533917604,175.957115545106,110.9001521863824,
3,109,21.15321455795775,65.63145651466921,6.585091275391346,176.75875950678247,177.037482850834,112.41598808842534,
3,110,20.95201357456249,65.39924544531188,6.244742595166223,176.4533102961599,177.2385425693299,112.70921857964456,
3,111,20.272539769239444,65.66789453489896,7.0459373170979545,176.24837253792285,177.122589483415,107.42355260016816,
3,112,21.78316154334555,67.94515255436653,6.740399733445551,176.6130235147358,177.51490739800957,111.17698838121396,
3,113,25.32652841183215,69.1354871443061,6.784670446716466,176.41784486418112,177.56107614782144,112.88786368007058,
3,114,32.116844195711316,69.78512500895565,6.279700797843573,176.8818552051469,177.96596505689556,120.86624436136924,
3,115,32.30192572614919,69.88586800590237,6.201597423750397,176.42540191039186,178.01655628833947,120.78364217280853,
3,116,42.98542501771632,70.72509707807123,6.993592164681718,176.3054981189089,177.5709988072859,135.92552734960802,
3,117,47.00807452647799,71.1280074834496,7.129337009822298,176.83592608720923,177.44634791512885,143.76785790536806,
3,118,47.04507059494435,71.10571059933523,7.187263912295285,176.52913171881826,177.22677029995882,144.55883761093992,
3,119,46.69387059083354,71.14424025838724,7.077888643004871,176.36066631133158,177.25682827722102,143.45271237086914,
3,120,46.950370686080895,71.10736659520504,7.02639208403739,176.29954208865897,177.2288338408962,143.8321787335543,
3,121,46.83621513999975,71.3209469473493,7.157243186058065,176.49861579310056,177.34835765439033,143.5512780562483,
3,122,45.31842337652127,70.79392602682611,7.1238627571248285,175.71568108261573,177.3298583698405,138.53485033319174,
3,123,43.60175769582678,70.46990511437835,6.842986093810181,176.3624589833848,177.85886428861537,136.0900722486747,
3,124,34.23542424576508,69.78120106807735,6.952214387224955,176.28998951161554,177.66286206151173,123.411957228068,
3,125,33.98064447767375,69.73621715424228,6.832555905973906,176.46719524295713,178.04399469408372,123.35764977776871,
3,126,25.16528157570078,69.53762067044174,6.8391948940381,177.10427954441593,177.7254301566487,111.85627127145312,
3,127,20.926031576934104,67.08064083541979,6.660103402836175,175.9537547216504,177.46347110694862,105.33112610487002,
3,128,23.56507713174888,64.97738169071236,6.060358280761111,174.5713353274451,177.99012902937352,109.43872218968907,
3,129,26.25331287234698,63.827285751864885,5.790046373131412,176.29039910528556,179.091393206922,114.31071285874218,
3,130,26.25331287234698,63.827285751864885,5.790046373131412,176.29039910528556,179.091393206922,114.31071285874218,
3,131,28.26053074318944,63.66437438085228,6.695392465693577,177.07295579513368,176.9140357965952,110.61411843947106,
3,132,20.971569659421306,60.74702302121309,6.293435479866601,177.33652241975292,177.70039582490134,104.98159390980015,
3,133,,58.70282945190244,5.316445318144235,176.37614833760685,179.873914681593,,
3,134,,58.268062359873525,6.736283421039378,177.9955599550833,176.75463849603216,,
3,135,,57.849200629682926,6.644846480776988,177.59652128879077,176.41601297318846,,
3,136,,57.243917331796986,6.778539551501992,175.9130905294317,175.82169580090118,,
3,137,7.417500253214241,53.97442076476044,5.270865209191079,171.6361750482222,175.85530849828393,,
3,138,16.319539508329136,51.53727757711667,5.955434409479213,170.54564699419836,174.9297961624812,11.705519491859713,
3,139,19.959232413470954,49.13941562279887,5.964020235662874,170.29702274366508,176.66790493128948,10.01879071541237,
3,140,19.959232413470954,49.13941562279887,5.964020235662874,170.29702274366508,176.66790493128948,10.01879071541237,
3,141,25.002498129759022,46.47289473116241,5.410932072059553,171.46320542400622,176.39978423349532,8.363848784364535,
3,142,27.27287593885272,41.67372639441387,5.902774607273267,170.24842034316754,175.98758152286908,2.372332360522554,
3,143,30.849416435120904,37.29031189662373,6.620259406307149,173.0730035701351,175.58555983188847,4.420753755043835,
3,144,31.2425486261563,35.140572462905645,6.088818672891462,171.34939461400447,176.04315334549997,1.3180762891104807,
3,145,31.468905492607934,34.88317650158059,4.813637643501675,170.49280984140077,177.23719306073488,0.8441746856126108,
3,146,32.40634719169318,32.994228951365244,5.729418369821405,169.4524485160854,174.9088215898771,4.1133519748596346,
3,147,33.28044649322583,31.638477536750433,6.0688050645561065,170.063520228807,175.10144899794523,6.163185875155453,
3,148,34.01018221310586,32.1454230348967,6.117660712124978,171.09634467393906,175.05319403729135,8.212661843647437,
3,149,34.10096331397339,31.668533346652907,6.189910450324126,171.06425246598965,175.11504725120923,9.357020257624216,
30,0,51.73918351317187,35.93667719790735,,,,,
30,1,51.739022162632935,35.93151728847118,,,,,
30,2,42.719932671440944,31.62185418306842,,,,135.86071441625953,142.26033099466068
30,3,27.397981709989224,23.009492117898283,,,,160.66549857310025,
30,4,16.106699543258856,17.78058028092412,,,,,
30,5,13.693450418329077,18.43771164488544,,,,,
30,6,16.73594433413382,18.60076761448836,,,,,
30,7,16.96487285329441,18.556487390809913,,,,,
30,8,18.216842992400753,19.910949169526138,,,,,
30,9,25.41603510838823,23.732554356554967,,,,163.7949953396262,
30,10,33.717138940321576,28.29769303967282,,,,152.62874252323795,151.03057022290918
30,11,39.476350869367515,36.17245432553431,,,,137.15287561444572,139.94023208525144
30,12,46.18016997913219,40.87041535364654,,,,,129.19817462552638
30,13,46.18016997913219,40.87041535364654,,,,,129.19817462552638
30,14,,,,,,,
30,15,,,,,,,
30,16,,,,,,,
30,17,,,,,,,
30,18,,,,,,,
30,19,,,,,,,
30,20,,,,,,,
30,21,,,,,,,
30,22,,,,,,,
30,23,,,,,,,
30,24,,,,,,,
30,25,,,,,,,
30,26,,,,,,,
30,27,,,,,,,
30,28,,,,,,,
30,29,,,,,,,
30,30,,,,,,,
30,31,,,,,,,
30,32,,,,,,,
30,33,,,,,,,
30,34,51.940307021335805,34.88326834426295,,,,128.16450154056554,130.26948981196762
30,35,41.79243785430029,30.48517123041201,,,,140.4300759847972,144.08700394771975
30,36,32.001029170431835,31.205825996301098,,,,152.27189210281708,155.73888727968034
30,37,33.01391935267748,31.269359646403103,,,,152.092905211951,155.3226941275771
30,38,13.370051133641567,18.686643185712708,,,,176.8017952238067,
30,39,14.712715621535056,18.90790860918046,,,,178.08149062659862,
30,40,19.105776829625366,19.86829706671342,,,,,
30,41,24.190619894780767,20.609975469632445,,,,166.11020032408018,
30,42,33.5904054328375,26.04959694690253,,,,154.6128407692548,158.42449775299283
30,43,33.756123355924466,25.07927382976538,,,,,158.6315184005271
30,44,40.41132703186375,29.76430416089472,,,,142.44222287959713,147.4936276036576
30,45,44.3706830247203,38.49556140780529,,,,132.29137570381724,133.23977196528816
30,46,,,,,,,
30,47,,,,,,,
30,48,,,,,,,
30,49,,,,,,,
30,50,,,,,,,
30,51,,,,,,,
30,52,,,,,,,
30,53,,,,,,,
30,54,,,,,,,
30,55,,,,,,,
30,56,,,,,,,
30,57,,,,,,,
30,58,,,,,,,
30,59,,,,,,,
30,60,,,,,,,
30,61,,,,,,,
30,62,,,,,,,
30,63,,,,,,,
30,64,,,,,,,
30,65,,,,,,,
30,66,51.6939502375814,38.91824681963038,,,,127.78849563529673,123.60812907518152
30,67,50.99915416826203,39.448455273911605,,,,127.80809247815002,123.41718809611658
30,68,39.63226651159418,31.587069512676468,,,,139.97679275128564,
30,69,35.27515796631004,30.069570309741255,,,,151.3315379167734,147.540057387624
30,70,28.473772323481633,25.01066641164018,,,,161.2630582913818,
30,71,15.563444923686085,19.053231337514628,,,,,177.62381049930974
30,72,16.248352776258834,18.96279687822435,,,,,
30,73,16.05221495662835,19.043847977276677,,,,,
30,74,19.395145034053503,21.776188829525186,,,,169.70933425000814,171.20391185456154
30,75,28.939678449460917,24.662724128504458,,,,160.35603533522692,163.69091840075222
30,76,36.86370906692062,27.01252807960531,,,,,150.21352038445124
30,77,41.40428298077662,37.76889905525972,,,,135.41962887664175,
30,78,,,,,,,
30,79,,,,,,,
30,80,,,,,,,
30,81,,,,,,,
30,82,,,,,,,
30,83,,,,,,,
30,84,,,,,,,
30,85,,,,,,,
30,86,,,,,,,
30,87,,,,,,,
30,88,,,,,,,
30,89,,,,,,,
30,90,,,,,,,
30,91,,,,,,,
30,92,,,,,,,
30,93,,,,,,,
30,94,,,,,,,
30,95,,,,,,,
30,96,,,,,,,
30,97,,,,,,,
30,98,,,,,,,
30,99,,,,,,,
30,100,44.239751697331634,36.800369606197215,,,,132.19567541894014,126.02438860268762
30,101,37.46583995805906,33.02518309187537,,,,144.99851986052093,141.04064909909155
30,102,29.725148225161437,34.085445208715115,,,,154.8507430511525,
30,103,29.5440059290914,33.59063582013915,,,,154.88365372416283,
30,104,21.380646182285627,22.35150499504341,,,,168.181559386682,
30,105,13.821808814920804,17.415321392377127,,,,,
30,106,15.277797351651929,19.00066663330146,,,,,
30,107,25.61046099720012,22.749747144198516,,,,164.51109018923518,
30,108,32.7864289101461,28.602005030314785,,,,150.81862534691143,156.18440856228582
30,109,32.7864289101461,28.602005030314785,,,,150.81862534691143,156.18440856228582
30,110,43.18321917546736,32.58329384971638,,,,,
30,111,,,,,,,
30,112,,,,,,,
30,113,,,,,,,
30,114,,,,,,,
30,115,,,,,,,
30,116,,,,,,,
30,117,,,,,,,
30,118,,,,,,,
30,119,,,,,,,
30,120,,,,,,,
30,121,,,,,,,
30,122,,,,,,,
30,123,,,,,,,
30,124,,,,,,,
30,125,,,,,,,
30,126,,,,,,,
30,127,,,,,,,
30,128,,,,,,,
30,129,,,,,,,
30,130,,,,,,,
30,131,57.544435912272455,43.965378707672286,,,,,
30,132,,,,,,,
30,133,48.835434340580306,36.73630355031776,,,,130.40921964642754,127.5597656517822
30,134,38.0546152251658,37.18599193599937,,,,140.01666352235418,139.5595519768963
30,135,33.21810864946382,32.89106999700816,,,,148.40776767564296,152.39466031139597
30,136,23.747405177443973,24.60100511574166,,,,161.95264148986865,
30,137,14.604131074129237,18.15384784928543,,,,176.03867220938884,
30,138,12.478548119408591,19.567891018551776,,,,179.6769976592307,
30,139,12.83920006688917,19.49499488567784,,,,179.69203359420652,
31,0,30.764281752635267,20.67857919570922,,,,168.36849843577798,164.131539748001
31,1,37.78827236158872,24.746738705193113,,,,155.71920916659914,155.39510234178923
31,2,37.84678963809315,32.63574904877356,,,,147.61545775645695,142.90515982061422
31,3,39.53646016745564,37.42892978313423,,,,138.47739371100204,134.20780252100366
31,4,53.08382470542913,50.61611168052307,,,,120.47251759201905,116.47766035164128
31,5,54.721657968740786,58.273447746938174,,,,113.79715987228982,104.95430358269128
31,6,55.27377993416565,57.721924549365525,,,,112.91198346633092,104.97448465851734
31,7,,,,,,,
31,8,,,,,,,
31,9,,,,,,,
31,10,,,,,,,
31,11,,,,,,,
31,12,,,,,,,
31,13,,,,,,,
31,14,,,,,,,
31,15,,,,,,,
31,16,,,,,,,
31,17,,,,,,,
31,18,71.43219318511868,79.76148916777467,,,,90.7375104937234,81.41349670690117
31,19,72.94080112776713,77.82767403836702,,,,90.50680265032936,80.96635610111187
31,20,67.47541442760581,70.47269028864328,,,,99.8855924125554,90.30783073303058
31,21,59.35269070775856,61.64266630744042,,,,108.98571808258234,98.56180480817773
31,22,53.854478500231835,52.74645230744109,,,,115.80868451128062,111.12912237796796
31,23,53.701085164618185,41.70400902828737,,,,127.3129382348486,121.7473632544574
31,24,41.70853994198176,33.07822592024847,,,,149.2338592660781,142.59106811647413
31,25,40.76831362334716,33.33742856253099,,,,149.21336610846757,142.632757837158
31,26,34.6747285425158,26.19795757415793,,,,161.85197174421333,155.08862825593437
31,27,25.836567824457955,19.98339756814207,,,,177.17642940180946,169.28911839981595
31,28,22.81487828591896,17.831857101602907,,,,175.30808356091407,178.04209021330354
31,29,23.676723947753217,18.996303633003524,,,,178.2702841561147,176.14676299597676
31,30,26.86928231621443,18.34720359776994,,,,176.14132017550696,170.29976222360995
31,31,26.86928231621443,18.34720359776994,,,,176.14132017550696,170.29976222360995
31,32,35.85847057239152,27.27061637228917,,,,156.44469694072683,151.22443882648247
31,33,43.5513107779645,32.62146681596431,,,,144.62115317495056,140.97105558254083
31,34,43.64551406939747,37.98315357269171,,,,135.37522427446638,132.17659917443197
31,35,47.14463875962095,43.423763505010086,,,,126.65504185302204,124.32068597803048
31,36,56.95490386292352,47.41247503518234,,,,117.2029636209316,112.92643802268177
31,37,56.95490386292352,47.41247503518234,,,,117.2029636209316,112.92643802268177
31,38,65.59316021661944,57.47648562700708,,,,106.89935624114072,101.49050331591867
31,39,,,,,,,
31,40,,,,,,,
31,41,,,,,,,
31,42,,,,,,,
31,43,,,,,,,
31,44,,,,,,,
31,45,,,,,,,
31,46,,,,,,,
31,47,,,,,,,
31,48,,,,,,,
31,49,,,,,,,
31,50,,,,,,,
31,51,64.33515414434129,74.63452970634303,,,,98.5643256766074,86.6052636810526
31,52,63.31794181225943,64.48326221925666,,,,107.76172443992776,97.29515738285905
31,53,50.87993654539982,50.53819245179612,,,,122.68924570262986,117.30471422126294
31,54,48.313841486045646,39.45299370661071,,,,132.82826273907173,128.0899770222451
31,55,48.07142559997969,38.86992721865856,,,,132.59052735252536,127.54286189565124
31,56,43.19236579853454,35.02131332660495,,,,140.78066881908626,136.21156707329715
31,57,39.11811976597544,28.46448722050025,,,,151.2965099030573,147.3361752441393
31,58,35.100065955006194,22.184433449202043,,,,161.83630536824842,161.53112394947223
31,59,27.05216633918145,15.397229792735544,,,,175.7910241333989,176.0231334320524
31,60,22.905338797194528,17.20975522751443,,,,177.86502069555937,176.50538040183037
31,61,22.905338797194528,17.20975522751443,,,,177.86502069555937,176.50538040183037
31,62,26.497510421759316,18.95192655972108,,,,176.2202162022452,171.58823519536236
31,63,30.854546788310312,21.662496582040728,,,,164.51266613543632,163.7084017923464
31,64,33.515053573639605,26.517019525935332,,,,152.89386638837053,154.7939937440738
31,65,39.67816209130353,32.15776779509246,,,,143.65299000803685,142.29439149210714
31,66,48.197652810339626,46.2286965557268,,,,127.76345864068745,122.41465708923184
31,67,48.45304934369202,46.57648398206588,,,,128.0106171911813,122.40832153843569
31,68,48.406132635848536,55.340593783237814,,,,119.1149016018748,111.85081323998833
31,69,60.93993310127305,68.56662720323911,,,,108.94271187272156,100.77576445670944
31,70,,,,,,,
31,71,,,,,,,
31,72,,,,,,,
31,73,,,,,,,
31,74,,,,,,,
31,75,,,,,,,
31,76,,,,,,,
31,77,,,,,,,
31,78,,,,,,,
31,79,,,,,,,
31,80,,,,,,,
31,81,,,,,,,
31,82,71.08024622862825,72.83771058499272,,,,97.266940652866,83.28542039281484
31,83,64.50505886534077,66.94185166401603,,,,105.80998847622148,93.50284494107068
31,84,58.60148623778623,59.7385328791536,,,,112.6403266139878,102.11903001082956
31,85,59.03611183536528,59.67852909968063,,,,112.62522715081344,101.9362361583547
31,86,54.130292268836094,55.984583751893304,,,,122.14479253295964,111.69640378417073
31,87,53.85244706617044,48.99998797832414,,,,130.27462013739338,121.87885117105408
31,88,43.02483804991394,34.83470805628228,,,,147.3666407715595,140.467352737551
31,89,35.73575111833918,27.93177364004132,,,,159.2803646449502,149.29924579225394
31,90,27.517317148763052,20.901746093949093,,,,174.46896802244396,162.7904655212426
31,91,27.13337677155766,21.02881661486268,,,,174.65484780529812,162.74178461527788
31,92,20.57011249111561,17.978843969011006,,,,175.24188086860678,176.62992055636582
31,93,22.833884379762026,17.222311101323392,,,,177.2913285884319,178.1903097448054
31,94,23.238946779506826,18.09930983917408,,,,178.88523142045398,172.5612510161641
31,95,30.60325730002505,24.063303285488157,,,,166.42357009885322,160.52304189907636
31,96,39.88362984225808,28.14225842711226,,,,153.20767443902722,150.7788791312938
31,97,39.88362984225808,28.14225842711226,,,,153.20767443902722,150.7788791312938
31,98,46.698401287803456,36.971779120108984,,,,142.53791550412265,138.1746684427563
31,99,51.9881201200884,37.72077932186193,,,,132.24567521307517,130.4212843655573
31,100,52.824251681306144,49.65828531759801,,,,123.70869796448716,117.77957582145372
31,101,64.03511722026742,54.46767960386602,,,,113.86051568332788,109.13307168859568
31,102,,,,,,,
31,103,,,,,,,
31,104,,,,,,,
31,105,,,,,,,
31,106,,,,,,,
31,107,,,,,,,
31,108,,,,,,,
31,109,,,,,,,
31,110,,,,,,,
31,111,,,,,,,
31,112,,,,,,,
31,113,,,,,,,
31,114,,,,,,,
31,115,,,,,,,
31,116,69.91085468007138,80.90569000091752,,,,95.9249677622024,82.63765013129041
31,117,59.78902208059303,70.03520037478326,,,,103.6424964117948,91.42707958889989
31,118,56.91748354982611,61.98600347865905,,,,110.24492262678558,102.2073476633282
31,119,56.85178884865062,53.938665328753515,,,,117.94749879482542,112.4214541448178
31,120,53.5866172237628,42.315265481916136,,,,126.58813663998302,124.2164462092771
31,121,53.02482411758615,42.34298734597126,,,,126.58665142210636,124.3255312134344
31,122,47.068240973395774,38.30465197760905,,,,134.47801762138982,130.38902271067732
31,123,38.75759729833212,25.90047563210974,,,,155.21125041055828,154.49589375453343
31,124,32.51133931579679,20.557124218417503,,,,166.26475972789632,167.15939184469875
31,125,23.145812714000595,16.772836800194103,,,,178.33004455238748,178.0600546560112
31,126,22.220250135348,16.80350956463059,,,,178.93887672644792,175.9605673296553
31,127,21.6381799404258,16.648619750018582,,,,178.81150005944951,176.2587856349896
31,128,25.570173863494546,18.140426281245755,,,,175.48078628100302,170.8452891562209
31,129,28.3235383134015,20.67960657233336,,,,170.6923011294232,167.32368695432663
31,130,40.67309838552914,28.11187965123172,,,,148.11735854272212,149.99685438278567
31,131,45.200633923644446,33.902485715712096,,,,139.15477016174356,140.7320581496851
31,132,54.07451966617223,38.894374126342974,,,,129.17984616781322,130.6286861339289
31,133,54.07451966617223,38.894374126342974,,,,129.17984616781322,130.6286861339289
31,134,57.32463691828832,44.4166316519075,,,,120.42279464117254,120.45046697865077
31,135,66.1607029237071,57.62470582844257,,,,110.70769732149316,108.00164129504827
31,136,,,,,,,
31,137,,,,,,,
31,138,,,,,,,
31,139,,,,,,,
31,140,,,,,,,
31,141,,,,,,,
31,142,,,,,,,
31,143,,,,,,,
31,144,,,,,,,
31,145,,,,,,,
31,146,,,,,,,
31,147,,,,,,,
31,148,,,,,,,
31,149,,,,,,,
32,0,28.045848842657445,115.71727164565424,39.3550190414333,76.97050956641365,133.2688215804179,,169.4279118128931
32,1,27.786534935954,,38.10537826981181,72.29329204283033,131.67898569719793,18.28716459142682,
32,2,20.511635948576277,,33.6669159117575,76.59787764003737,130.46343307804415,68.22378102921337,
32,3,21.074669122027572,,30.034730016051544,75.63254690772729,126.42073710906,65.67614961963848,
32,4,17.40595542463101,,6.555966690079466,,69.24633069853198,,
32,5,17.961141151118856,,3.1475856221465235,,65.24136988358615,72.16367758838828,
32,6,19.96194903657493,,32.48822197302973,76.06483530555118,129.3885281606923,72.0874798869664,
32,7,19.326913589415813,,45.89299536742615,,144.3011345493113,77.51239765312157,
32,8,22.763159154560093,110.68522896108044,48.7151409189357,,147.78886843435802,84.37079211446941,167.33127832265455
32,9,28.03291578217784,75.18152422016695,41.339644991320895,76.20465842435108,133.9918285161789,98.81887528956672,169.08093348615813
32,10,29.833365775219487,104.91957338798647,,,,104.68976087735368,160.85329665147046
32,11,29.883086474881363,84.69014312131138,37.27252370746789,73.3374189442555,130.79642922255104,105.14811115118572,178.20508507787636
32,12,31.80646314417866,86.13981058630976,41.43590767533079,72.29321999490101,135.02999875018298,112.18492643645052,178.48125752687915
32,13,33.48727672529294,79.44198174790075,4.078286543413501,70.1596538781439,55.13447605984104,124.34432159630144,176.106209651676
32,14,38.2288888938128,76.75930095579906,29.655305260083914,65.22703764280207,131.0222029072178,132.19961095418896,175.9832276413543
32,15,43.13190039195858,76.58492706840197,31.03352145221916,61.87232869418902,123.9446048741241,144.78850610613975,175.52777946914523
32,16,,,,,,,
32,17,,,,,,,
32,18,,,,,,,
32,19,,,,,,,
32,20,,,,,,,
32,21,60.82153656327159,75.66417929732931,35.11051686988766,60.97044213503035,135.08239637389633,171.15406052028706,174.58284626553274
32,22,,,,,,,
32,23,55.86520579596299,73.85929187257997,,64.65616619713401,,163.78743413251888,174.88563867472487
32,24,,,,,,,
32,25,44.6970236035348,75.39640363505923,,68.25365359588443,,137.9190954184791,169.2447138783617
32,26,43.479964356021576,76.1346695512645,,68.3993158263322,,129.5368891704122,167.82711918449647
32,27,,,,,,,
32,28,34.563976273938636,81.30292530802267,39.462122032368406,78.85612524616073,123.18341828068596,109.37639624432036,173.3593521540283
32,29,35.79486473833512,80.37808813345659,42.26054221214424,75.96986063266517,138.24269325123564,111.11356596564522,172.35568137189128
32,30,33.217585242705916,83.78384260784867,38.48843902606355,77.16422433765032,134.06134554318731,105.62340590985136,176.23095280122988
32,31,25.921415410048223,107.01051885177914,36.24870514921532,,133.92388515545363,90.88429321118969,159.2067991670269
32,32,26.58159148517682,96.05588889033749,34.36259699577557,77.98053124960553,129.125150749727,89.81027238843129,178.6364543979737
32,33,20.53069745834293,81.60036301528457,39.465780740926064,77.77938300748501,133.03495398007,85.92979755929194,151.826090394251
32,34,18.49381669044308,,37.92125248337751,80.34666028489691,134.01715761286178,86.05741076653821,
32,35,18.49381669044308,,37.92125248337751,80.34666028489691,134.01715761286178,86.05741076653821,
32,36,17.61831375937469,,36.93445255906138,79.38133750865654,127.69034440071728,86.27553445561912,
32,37,19.364161882334596,72.0409053121161,37.39520684912671,77.91559881124624,132.01364382292397,87.59802039985185,142.34827827241222
32,38,27.91027818422937,94.22814728003284,30.490290912657017,71.93731188644345,122.3193960205345,96.01467212967512,172.29704765911688
32,39,31.08941642506572,86.80465662346292,28.475207891364857,72.1945309371886,121.8677044242195,100.21035404176344,175.03663127488198
32,40,34.50379724969624,78.74248359197547,,67.61644461997606,,109.70295950909374,178.11384461300509
32,41,37.06436503909389,78.86371220100504,34.52932133736349,67.007146287976,128.2751000281635,115.47175281212988,176.71338009718136
32,42,37.18834266327905,77.88376232585956,33.380508454371586,66.11723953032393,132.9614186425762,113.7037146724758,174.8547788048921
32,43,39.376500481482175,79.4283286354343,,64.39657938843547,,123.35906625039678,178.2522908533184
32,44,45.4714273177581,82.3485984899734,,58.17109466303,,133.25029349415453,179.68211024056868
32,45,48.15547219523848,80.66206914192152,29.716713618663732,59.0688070753504,114.41872285109864,140.74067643271115,177.66100736090715
32,46,,,,,,,
32,47,,,,,,,
32,48,,,,,,,
32,49,,,,,,,
32,50,,,,,,,
32,51,,,,,,,
32,52,,,,,,,
32,53,,,,,,,
32,54,,,,,,,
32,55,,,,,,,
32,56,,,,,,,
32,57,50.99977710080307,76.29620906610212,20.289239683615573,69.8790048207075,116.6592837700354,141.3200709869956,164.08159513844004
32,58,,,,,,,
32,59,,,,,,,
32,60,,,,,,,
32,61,,,,,,,
32,62,,,,,,,
32,63,26.774063636052578,,21.859974689578976,76.21505359008243,118.61826468860332,118.16319201335176,
32,64,,,,,,,
32,65,,,,,,,
32,66,18.331704575037847,,17.245381998069888,,,104.16181725116664,
32,67,,,,,,,
32,68,19.00635266123304,,19.12768300068553,,120.1737073633122,105.87448427760604,
32,69,,,,,,,
32,70,,,,,,,
32,71,,,,,,,
32,72,,,,,,,
32,73,,,,,,,
32,74,,,,,,,
32,75,,,,,,,
32,76,,,,,,,
32,77,,,,,,,
32,78,,,,,,,
32,79,,,,,,,
32,80,,,,,,,
32,81,,,,,,,
32,82,,,,,,,
32,83,,,,,,,
32,84,,,,,,,
32,85,,,,,,,
32,86,,,,,,,
32,87,,,,,,,
32,88,,,,,,,
32,89,,,,,,,
32,90,,,,,,,
32,91,,,,,,,
32,92,,,,,,,
32,93,,,,,,,
32,94,,,,,,,
32,95,,,,,,,
32,96,,,,,,,
32,97,,,,,,,
32,98,,,,,,,
32,99,,,,,,,
32,100,,,,,,,
32,101,,,,,,,
32,102,,,,,,,
32,103,,,,,,,
32,104,,,,,,,
32,105,,,,,,,
32,106,,,,,,,
32,107,,,,,,,
32,108,,,,,,,
32,109,,,,,,,
32,110,,,,,,,
32,111,,,,,,,
32,112,,,,,,,
32,113,,,,,,,
32,114,,,,,,,
32,115,,,,,,,
32,116,,,,,,,
32,117,,,,,,,
32,118,,,,,,,
32,119,,,,,,,
32,120,,,,,,,
32,121,,,,,,,
32,122,,,,,,,
32,123,,,,,,,
32,124,,,,,,,
32,125,,,,,,,
32,126,,,,,,,
32,127,,,,,,,
32,128,,,,,,,
32,129,,,,,,,
32,130,,,,,,,
32,131,,,,,,,
32,132,28.24222123914172,86.57104915376239,1.6154017291630551,65.04834933433133,50.62062178317253,108.9836932907334,176.9611389942195
32,133,35.48617441217701,89.12544735759191,0.9516353665360172,59.42593064735485,50.353884466113634,113.19760870844802,175.72560442368948
32,134,42.00120415585947,86.45952344758363,,63.75412830330721,,124.59142836798826,174.0396892623086
32,135,45.1765967295149,90.0073237479162,,65.34541689459778,,130.8535713163902,170.66364672725155
32,136,,,,,,,
32,137,53.37879692261089,87.47519453467432,,60.83345945738484,,146.02200016299187,178.6040005107545
32,138,53.37879692261089,87.47519453467432,,60.83345945738484,,146.02200016299187,178.6040005107545
32,139,58.733330866500786,84.39603211905057,,62.46020891049507,,154.84070831799394,175.03409485825586
32,140,,,,,,,
32,141,,,,,,,
32,142,,,,,,,
32,143,,,,,,,
32,144,,,,,,,
32,145,59.07743815764381,79.67886705586501,,65.44065933442113,,159.360725946829,170.37893739526413
32,146,55.15809581259008,80.78995772972718,,64.25479309432417,,152.53051630340627,172.9407670234518
32,147,50.21846189009959,86.56478129815224,,64.70132719177565,,140.60417927865402,175.43107402303477
32,148,50.91001828291035,88.44700965860892,19.8747342271259,64.96020408472549,107.04705045419786,134.42329848378773,175.4016743631487
32,149,47.193462746092024,89.27460151915429,21.778372602945986,71.37592191815722,109.51494523830644,125.1522137749165,178.05237452355246
33,0,48.824858933859936,87.64015262600446,,63.778189764270486,,149.18959340152776,179.5985498506043
33,1,52.72120915775261,81.3091135438312,,62.71484696745823,,162.72602635380304,174.33878880599084
33,2,55.805804078723,78.55702582661637,,62.3619871930111,,168.3308177670598,169.7993172124052
33,3,54.48058496197462,79.70937021255712,,63.11273577012189,,166.08596002638615,172.26748724368252
33,4,54.04335769750623,79.97836565403352,,63.727376060938155,,166.08295856736763,172.438327403972
33,5,48.841937085301275,88.35769676359085,,64.87234803799107,,154.84772412076046,179.25709776638874
33,6,47.61922341032979,86.75056635072931,,68.03819759964577,,147.26794943672556,177.32520455722357
33,7,42.54753191424951,93.0907836145407,,,,122.71263029470327,171.70915131603076
33,8,42.31284595872261,94.39452326576566,131.4544770919745,75.03035218947565,1.597194553941217,116.21971759150556,171.08514671011648
33,9,42.66848649023539,130.95043725306235,39.06242975864813,78.57171717905858,118.31187631083552,101.15274168835133,136.5267186022252
33,10,42.66848649023539,130.95043725306235,39.06242975864813,78.57171717905858,118.31187631083552,101.15274168835133,136.5267186022252
33,11,41.04368376770626,114.76164899737786,37.76330129055101,79.68599707095046,112.90411238054504,89.6961441775969,154.1760969428335
33,12,38.60322862199256,97.502440894652,39.451352624390246,84.43851501946871,121.8184204887071,73.88172178477589,114.8948293544566
33,13,33.51236211614083,102.050656344507,47.64014484047204,91.0436922757658,125.08316504278092,67.74783654691235,148.26312463999972
33,14,33.965932036428505,111.33410690793644,33.4558818993246,85.84713144330196,124.03566622498548,56.70594114984431,106.23924030245364
33,15,31.375749711378372,,38.30509142685119,88.77653270052302,127.9250261742364,54.242889990640286,
33,16,31.398684766244347,,38.291545717489306,88.83364168034116,123.2608281652867,55.3011977985541,
33,17,34.38479115909859,,35.27894066840148,83.52873866462022,123.79748981474164,56.03366036338895,
33,18,34.457459702284886,,39.73613878988993,83.24783721719493,129.08646090568334,56.97364759212208,
33,19,41.81533137324108,,28.83947684275449,75.41753012805567,112.4850549248245,65.99781750224966,
33,20,42.29504398589871,56.20697495230692,29.068886108303673,75.72028452352268,114.75745263693965,71.47021669928219,68.61266392646353
33,21,42.76589471300803,129.21424885826283,39.26107376863104,74.12690939561281,112.11501349377446,82.05999627747607,136.07729927740618
33,22,42.05331180711142,,41.66190579105828,74.96953625588795,114.03231381011412,82.71722984414494,
33,23,45.95377274629789,133.03354058458928,34.00662847828531,73.11198159318307,114.80197771931536,89.17163716200078,132.66143652078324
33,24,45.183371871501905,119.7841595268852,126.69151602358072,70.02178022439449,1.393519057585006,102.83189850838755,144.13878780038465
33,25,43.239299032173136,115.9016286476069,127.21360280044368,68.74038680473603,2.3638491714505627,109.6469233304573,146.0616321298915
33,26,44.45768932444969,92.62112171347444,,,,126.95531699579604,169.88696062452337
33,27,46.34967168192105,93.01464054568608,,64.04888062521238,,139.33709956270323,171.69581170853058
33,28,46.292884510222684,93.94619425709644,,64.2112540901541,,139.27779018817566,171.05522245247235
33,29,53.398469208323874,82.34165881312212,,65.48018470225561,,160.8853454666744,177.62426358271756
33,30,57.33735863435246,80.35857566864834,,64.18139658946589,,169.93775414730487,175.35076789721018
33,31,51.077382794006326,79.16740023175046,,65.1152128442496,,162.64534530681044,174.67983450460554
33,32,51.32336428921237,82.52044782528749,,64.73057842616186,,157.06896815085923,177.9664832197918
33,33,45.43651588234843,93.41650150554838,,65.44263659559056,,139.0790244513886,171.76599750276364
33,34,45.199830259032176,93.39384635299896,,66.13571780661215,,138.98727157756483,171.42016079911684
33,35,45.039710063364446,97.70516713449004,,66.65542098588693,,132.08278783674754,169.31945783945355
33,36,45.78463068861591,112.62947123031589,,,0.4309235876436116,114.3682662740583,153.26474553900863
33,37,43.66348480927947,118.40289571910051,128.96602387593754,76.09425060165749,2.1792326795124244,105.4695179884783,147.3287819076066
33,38,41.50342301073408,122.74284378427544,63.165460593057986,84.11832472541194,129.43566061354102,,143.6600744981164
33,39,40.50475119228954,,61.288100168331226,85.26000192593185,134.695348384191,,
33,40,39.57193782610767,,50.33623133016478,86.13805498842252,140.6805402439094,,
33,41,38.83005151979667,,65.75541842961404,86.11608917134107,151.4137527061268,,
33,42,37.71551450010508,,47.97274088073667,88.26781801592898,139.6609584730333,,
33,43,31.9413056149085,39.6917400456106,52.38076083802726,93.21272911788064,141.77769344848326,54.1828034577137,
33,44,30.864943659279163,,59.33314170206639,94.88110761722312,148.73282274118037,52.68979921345526,
33,45,31.494921136037203,,49.72190680817334,90.34445562058782,137.9148644179072,,
33,46,34.6817418444145,,40.90300401731309,87.6785590788131,126.2927780946398,,
33,47,34.6817418444145,,40.90300401731309,87.6785590788131,126.2927780946398,,
33,48,37.7553884457777,,55.81454026037849,83.80552410912716,140.37060450929266,,
33,49,39.49125416452551,115.2086427821488,64.4652659721459,81.68089815918087,139.92382010025912,,150.1014795967835
33,50,40.36697491312551,,54.45793140573884,80.4150671546814,128.58131455130626,79.31030108930659,
33,51,42.32211231146228,142.046436275611,48.270392633579306,77.29434518428705,121.00545711245722,84.01164253364892,121.57394649114404
33,52,44.707663211568544,114.50169314522051,,69.19860461036541,,100.16817858516066,145.32752876728452
33,53,43.904944045595826,143.51542455970844,,,,100.53040389771942,118.40888642158592
33,54,43.44053670237593,106.44879773970764,127.66078113140932,67.99124897630634,4.538096363267233,110.0474330572528,152.01253081731883
33,55,47.54524853270747,97.02867530161008,,62.986726009979456,,134.14063274141816,165.57369545341504
33,56,48.3471426846159,95.90854240156344,,63.39766264394148,,141.67874775969102,169.7373856507855
33,57,57.44248145781614,82.46885659293119,,58.82730605323449,,165.22055857598764,173.48902471892336
33,58,59.40520647349563,80.42195623859887,,59.85645508514866,,170.78629361446505,170.1461539786878
33,59,59.47181848726239,80.83816297306939,,59.90353847392662,,170.47367483432723,170.16473086274982
33,60,56.20477893894992,83.3635948346806,,60.55323094633612,,164.39018838736604,174.4647369093657
33,61,56.721905744955976,87.19910713144495,,60.416316478658665,,159.014401434482,178.2496982947834
33,62,50.07157046761134,93.99153632240048,,62.37464797942781,,142.82509944931752,173.82282401551635
33,63,47.313173832804374,92.45613399604449,,1.6653972898653473,,136.44187974516225,173.7132812126033
33,64,48.4658653300105,103.53390630091756,,,0.1343896530242638,,163.66557469252058
33,65,46.60967363726678,105.26075280585891,,,0.1776639739637283,,161.50767096417687
33,66,46.11023134406062,138.01685296383104,,,,,126.62588159340352
33,67,44.3581323610176,123.70946594851296,,,156.54501025607414,,139.5789760690971
33,68,46.32205424685677,118.04947512954386,57.627466095179656,76.2647057406084,137.7648965464787,,165.5740677432619
33,69,40.347633387241466,,53.65700703358957,85.43033990812984,136.51242580736067,27.76107085453647,
33,70,40.08126437323634,,44.36098023968783,83.43796729132548,134.21259271280567,,
33,71,40.08126437323634,,44.36098023968783,83.43796729132548,134.21259271280567,,
33,72,33.13920059574538,,36.250073261123255,89.71944262028185,123.99220047285448,53.69120975783875,
33,73,32.63644306466561,,39.88391713598794,88.3298145401475,132.41988977780167,,
33,74,33.48793597638508,,2.1417990968059932,86.89635959973461,67.41061160510112,,
33,75,34.81019753313069,,45.55778514175924,86.21591478283169,135.63610885819665,,
33,76,42.17110602662793,,0.3807514863494799,77.78704283324444,62.309461756734784,,
33,77,44.06158243415459,,33.71749074762102,77.01358475432555,118.2006897823419,,
33,78,43.343443008099584,,43.64179475003718,75.55197320910057,132.1133147007959,25.91119891467089,
33,79,42.676685066383975,,63.970658661723746,74.7646123585169,135.86096761457557,,
33,80,43.50162681551869,,48.483477735197695,75.7488597455403,114.904207467072,,
33,81,47.89497047348638,132.07404948090033,47.31819841812213,68.89358888941739,116.73565289873603,102.0773837183326,129.64963585680405
33,82,43.978786005454175,106.61355836588017,127.70670103334264,71.26042554685006,1.0331098596271846,110.57500014763188,153.31440410603292
33,83,43.64521426938423,105.6493792468151,127.6575937745826,72.43891272164991,1.234408924774657,,154.87632935432666
33,84,46.59797242901933,107.90138487179966,42.446309864074784,65.58596250875752,116.32090332443488,122.78477048043568,154.06812329694117
33,85,46.91179284049152,95.77457789965791,,61.95858479747695,,134.11239380175755,168.72737510373926
33,86,53.19831568861129,90.11228512958948,161.0326353243314,59.6876206138753,38.67216279817048,157.1676438302371,177.31389698598238
33,87,57.95050930414905,84.39287079219088,,57.95267173237809,,168.7784279823114,174.86778824721128
33,88,57.419038063676105,83.40537318572235,,58.66962410096441,,169.43296247282598,174.57451616880996
33,89,57.419038063676105,83.40537318572235,,58.66962410096441,,169.43296247282598,174.57451616880996
33,90,55.86670518066379,85.9981288257466,,57.276693737423955,,163.5056307758297,178.17668355950892
33,91,52.13019738866,96.18058788915104,,58.81733303467055,,146.8701593513515,172.1222143181633
33,92,47.93062204674661,98.25420109197808,75.09986085924032,61.671046634048885,20.486139963936974,,168.87946082998602
33,93,47.45140263331333,102.08491809718129,,66.65531206479429,,,162.78211047324194
33,94,46.1395600877702,137.41992021218135,,,,110.72178467797563,125.8983659574765
33,95,45.95331898900623,137.62616560903894,,,,110.3969776713821,126.24410746724806
33,96,44.44168609443425,137.06622969649936,43.51675709783704,78.79155962284732,120.06355687942929,,128.13998494869165
33,97,43.997745692393565,,42.81543165462628,82.10090695120188,131.00134544370837,,
33,98,44.098324612914745,,33.641234581585394,80.2637135035597,112.65086713199598,,
33,99,41.06064928622896,,45.70405468667136,84.75721373242354,132.51637806315816,,
33,100,39.101288661682766,,32.22002799628901,83.79163781894584,122.2492148228943,,
33,101,39.101288661682766,,32.22002799628901,83.79163781894584,122.2492148228943,,
33,102,34.29226377821518,,42.10447384717072,86.80444590665353,131.63540602628422,,
33,103,34.750963288928396,,2.1037926322254896,85.66712508396814,67.37218823981476,,
33,104,35.31027003811837,,38.23823973589038,83.68603644386084,124.79110313794789,55.45384313679404,
33,105,41.0566621110313,24.969481139917217,32.05475966767231,78.82679319626487,113.0948540051988,,12.727616878839171
33,106,38.91722751899222,,46.244268050762805,78.58642342577073,130.95892577346092,,
33,107,39.172218466189285,,46.292667742503234,77.859288185128,129.84438387649507,,
33,108,45.352286112273816,,45.80050710053104,72.00576037009148,124.57189819062268,,
33,109,44.50093077252937,,42.77311332777339,74.63794579937432,125.82938088934878,,
33,110,46.6738386611831,157.64061291561163,44.55156646034989,69.80954976574056,118.27756539746808,92.77491658392351,101.75364775812716
33,111,44.76057293124042,114.34203139939828,,69.38603164081981,,,143.04180560198125
33,112,46.86213547785607,108.46136383076062,123.05898168097482,63.26804855575047,1.1419202934668666,117.98389145378724,152.35362904897175
33,113,46.13012168521003,109.07383841454998,,,,118.80408139132987,151.21849985615216
33,114,47.988679861123295,102.9082565052989,,,,128.74092881441086,159.47232743669392
33,115,52.62753594854637,92.95373458161278,,57.84865285784196,,146.68027779395996,174.51199647322082
33,116,56.092357816223355,83.20212798747033,,57.727884480725585,,161.29541592389077,174.42330894126167
33,117,57.68935850116141,80.32887865565722,,60.584206922978595,,169.1899029342537,168.90602212960002
33,118,56.77238737223043,82.61321617728238,,62.32510993119353,,164.36528067357298,172.10260489916786
33,119,56.77238737223043,82.61321617728238,,62.32510993119353,,164.36528067357298,172.10260489916786
33,120,54.333063372281885,86.77035332935034,,61.216196676084586,,156.5644955910935,174.81909337209447
33,121,53.00948584509476,88.4803660076005,,60.7192204427728,,148.8654020962344,179.23957322036597
33,122,49.857995440584595,97.0172223791126,,,,134.4214574108287,171.03977204878598
33,123,50.343980849562506,97.15700200245034,,,,126.61279270035222,169.4221192662047
33,124,46.902024416060435,130.00328237978545,,,0.0071826152224715,110.63431157326217,133.04157794207848
33,125,46.52478927304333,129.65693570009896,,,0.0793033025171747,110.68788165969411,133.2942526899126
33,126,45.400390842400945,132.38669982080464,50.09066109042999,77.41349448017002,134.56760973735476,101.92964361243034,131.54557240593368
33,127,43.51718696682181,138.0238058345349,58.226405659190874,80.56694284950947,143.69877769829787,,125.89776239649476
33,128,40.22647942186954,100.9201775033452,69.62818637637766,83.70225990430092,150.59250595863247,,170.2497696286866
33,129,41.4073994153164,,46.95942113535421,83.0443454237194,138.07251902862146,,
33,130,39.78837210753944,171.64111397181284,40.8060907099104,83.86112288292058,130.58718201718554,,
33,131,39.78837210753944,171.64111397181284,40.8060907099104,83.86112288292058,130.58718201718554,,
33,132,36.20803076673725,,43.051765460198666,86.03988966406585,125.96500269621733,,
33,133,36.91121885849565,,37.50712644573644,83.74904827617641,125.73938760080364,,
33,134,36.54141074723553,,48.58558944717116,82.94615825036634,135.35380023718017,,
33,135,40.4573960557068,,37.25885789812626,77.1002035544721,120.99215614369082,,
33,136,44.708216141797536,,48.79605533632444,72.0911020751351,131.24458873710583,,
33,137,43.99703370222677,,60.84115970623229,70.99324237646184,148.8860418299655,,
33,138,48.76748414506799,172.5194781965856,49.094819226343816,66.1785904647062,132.32793319371663,,41.711502439171895
33,139,44.62364035637851,139.01889131020715,,,,,135.98685131410926
33,140,49.814949329719035,135.51887931521875,,61.964939917245495,,,129.43352927057694
33,141,47.76182129657858,145.14931065385207,122.50255989954204,59.930581827363895,1.7887633914386811,107.0325831149957,117.44626466753115
33,142,49.46543362347981,109.8464254816037,,,1.84435384573222,112.35764977817642,152.50224613366476
33,143,49.88049843847783,110.48625477651548,,,0.600804125738717,113.99528925018868,152.58055685784183
33,144,48.31944715020254,95.95291731303256,,3.1709855295205154,,133.92676966195967,168.75173010287548
33,145,51.57096078580313,95.50325023704464,,,,145.8614177040521,171.5754701606977
34,0,16.45495228529562,32.39416138943651,,,,161.4398132925031,173.00089660196423
34,1,12.722899075380116,27.630695579305105,,,,172.11036459165484,178.99560469236172
34,2,12.722899075380116,27.630695579305105,,,,172.11036459165484,178.99560469236172
34,3,10.906290408798084,28.123824716742963,,,,179.02684071330845,177.7291984269452
34,4,13.620640407268674,30.921743474552695,,,,171.0084431011768,174.6933956331775
34,5,16.4025744627621,31.455776361708104,,,,164.31140126895016,167.08881216610868
34,6,20.997968063413804,34.03603842405182,,,,153.0746504213813,159.40730202743904
34,7,26.239027755334224,41.81229661358795,,,,143.5048258503182,152.1081591022785
34,8,26.525797646963905,40.27394578582339,,,,143.56178834566674,152.07375094666324
34,9,30.575653780568537,44.214821512563816,,,,135.8451009153791,145.7495468958562
34,10,39.25422024016352,46.81624797816988,,,,117.61971146278876,134.4543696521652
34,11,43.037525454082726,57.82209575506221,,,,108.12041275064227,126.8769593001928
34,12,52.59841703754197,48.82329389145388,,,,99.19921036896564,118.32819958020828
34,13,,,,,,,
34,14,57.03070355054719,68.69474320977054,,,,89.01295062433366,111.35321297657656
34,15,,,,,,,
34,16,,,,,,,
34,17,,,,,,,
34,18,,,,,,,
34,19,,,,,,,
34,20,,,,,,,
34,21,,,,,,,
34,22,,,,,,,
34,23,,,,,,,
34,24,,,,,,,
34,25,,,,,,,
34,26,,,,,,,
34,27,,,,,,,
34,28,,,,,,,
34,29,56.01907527561622,53.8681057978593,,,,93.3787570767399,117.84175754330607
34,30,46.03206068580615,47.68304752729426,,,,101.11954060816343,126.17539704366068
34,31,43.24017965927081,39.84967341441248,,,,110.03351417209724,126.56135681456968
34,32,43.24017965927081,39.84967341441248,,,,110.03351417209724,126.56135681456968
34,33,38.328588740605205,40.55930197921179,,,,119.5927707539696,131.58510832391792
34,34,30.82830968905687,35.49472413185624,,,,138.06162355985546,146.7128080417253
34,35,27.665040009699993,31.131881183899683,,,,146.5129462867476,154.39659418755352
34,36,22.051436714446098,31.05102560703228,,,,155.24132370169167,159.5514604143594
34,37,16.707376135207813,27.046198148292877,,,,166.38312930774404,169.67053130320923
34,38,16.562872152818134,27.429020385422913,,,,166.33152845579949,169.74179194021664
34,39,11.657407527161675,23.84941435210127,,,,177.28833352647575,179.53568048327062
34,40,11.796562781277505,24.94864362128495,,,,175.47109515468583,179.24866824324124
34,41,13.529112969374584,25.74256791236496,,,,170.379998748666,173.7544283520314
34,42,19.46410657810961,25.95797822465188,,,,161.2806773555526,166.98067611454425
34,43,24.56472519784697,27.793062646689524,,,,149.79736787381955,158.49187072359211
34,44,24.886498908433136,27.744560522084463,,,,150.19452768803788,158.31240549678398
34,45,28.530490227462646,34.4763670246484,,,,141.4463680819995,151.44511184249637
34,46,38.730082416453875,39.14856773857284,,,,123.37931168180114,139.55504961507282
34,47,40.034417272784935,41.29865137104367,,,,114.58565391707104,132.38541652665725
34,48,43.232696316135645,53.27262405585162,,,,104.89623869237197,125.20718850881867
34,49,,,,,,,
34,50,,,,,,,
34,51,,,,,,,
34,52,,,,,,,
34,53,,,,,,,
34,54,,,,,,,
34,55,,,,,,,
34,56,,,,,,,
34,57,,,,,,,
34,58,,,,,,,
34,59,,,,,,,
34,60,,,,,,,
34,61,,,,,,,
34,62,,,,,,,
34,63,,,,,,,
34,64,,,,,,,
34,65,,,,,,,
34,66,,,,,,,
34,67,,,,,,,
34,68,,,,,,,
34,69,48.02126784428539,50.645645552488645,,,,102.09492824248188,114.89230255845943
34,70,38.64866864560387,42.68407448375679,,,,119.6206907137085,130.89007692978967
34,71,34.3253177425563,37.14066402316974,,,,129.67575410263703,139.29014673474805
34,72,29.340015813238853,34.253160079397325,,,,139.22094026877298,146.71251187904775
34,73,25.112886593526895,25.638544424660367,,,,150.58012479394003,155.57183643226128
34,74,25.567534464288485,25.666784576072416,,,,150.9745228807427,155.2521137547551
34,75,16.819423572622867,26.255394990392553,,,,164.009512871499,166.28781684721633
34,76,9.919536152594048,25.88246051159741,,,,179.27443359750717,179.76691904095435
34,77,12.223866455725776,26.948594480590614,,,,175.9943951755189,174.4148017036827
34,78,15.448984105933254,30.069498098564875,,,,168.81546525349694,170.36384497747252
34,79,16.95942768600099,31.081634391765597,,,,162.87780814851993,164.2071080758203
34,80,16.708406204192073,33.05925415841956,,,,162.6363377014253,163.59538360642986
34,81,22.073448759901492,30.380602361342227,,,,154.93913236378464,152.5994462582711
34,82,35.172535181721315,38.64700156791522,,,,129.87216662781705,141.31799054094287
34,83,37.92070601284023,45.166264254126666,,,,120.82280647084175,130.84440167863306
34,84,42.62396241339518,54.613649406729394,,,,110.25410033065629,122.25312855154274
34,85,46.25264498249132,58.72394142908525,,,,102.1170532159411,116.44679613542743
34,86,45.31426221640496,64.61957784714012,,,,102.09859909269908,116.5533800382
34,87,,,,,,,
34,88,,,,,,,
34,89,,,,,,,
34,90,,,,,,,
34,91,,,,,,,
34,92,,,,,,,
34,93,,,,,,,
34,94,,,,,,,
34,95,,,,,,,
34,96,,,,,,,
34,97,,,,,,,
34,98,,,,,,,
34,99,,,,,,,
34,100,,,,,,,
34,101,,,,,,,
34,102,,,,,,,
34,103,,,,,,,
34,104,,,,,,,
34,105,,,,,,,
34,106,41.73719361094851,40.18202852802398,,,,118.610377590456,132.55293970514276
34,107,35.74051750986708,36.97178733078976,,,,128.5165807317235,138.738638861487
34,108,30.203247470689103,33.63514777272297,,,,139.43748581937334,147.6206770780937
34,109,24.736459576517923,33.859697379289386,,,,149.07211679261823,156.93327649724756
34,110,16.371536754646208,35.541106448190384,,,,161.76106690870552,168.44085039956943
34,111,16.371536754646208,35.541106448190384,,,,161.76106690870552,168.44085039956943
34,112,9.705972519605266,29.79292318865272,,,,177.81983505047612,178.33477004438623
34,113,9.727520893929585,31.170181843951102,,,,176.7900484280154,179.2957768698571
35,0,18.230460917059744,33.28462547382313,,49.36638260723397,,135.2421493779572,166.6513069041113
35,1,15.91395170397269,31.60317392453299,,49.47572181864505,,128.4941868291698,165.40502413264184
35,2,15.91395170397269,31.60317392453299,,49.47572181864505,,128.4941868291698,165.40502413264184
35,3,12.27169998671074,34.96835741226932,,50.55037314541342,,122.03788409803543,168.2607467299349
35,4,11.850486683350583,33.148644724620006,,52.29098273362145,,113.71208785630968,166.53206507032905
35,5,11.922357073162424,37.1887214832297,,51.86040376585336,,105.0027108785497,163.22738640788629
35,6,,,,,,,
35,7,7.756189615365544,72.13994346271527,,59.65795418635359,,80.26855338966203,156.86993915058986
35,8,7.372476682460125,75.10710681366774,,60.67571946230085,,80.62566899338549,160.80557420342726
35,9,1.4287967131096748,61.234367111223655,,78.48871116549466,,74.50344486560226,99.19556317065113
35,10,7.037948955712549,,,57.4916061785986,,66.2683076132414,
35,11,5.338781920155508,,23.62271980197369,59.909303557969494,113.9196652752246,62.564750531820984,
35,12,0.9961514973976257,,,61.65668659805157,,53.76470828240899,
35,13,8.43432321362314,,21.519688800196295,55.07552055937643,126.93473456055486,52.35182330208622,
35,14,8.43432321362314,,21.519688800196295,55.07552055937643,126.93473456055486,52.35182330208622,
35,15,4.526791380312231,,,60.27583584422669,,46.47028962412323,
35,16,3.150843586002123,,53.37870525304943,62.53131091092851,112.49879454044289,47.66085157012529,
35,17,7.637933762473267,,20.67814055652125,59.087446046112255,121.67004435308296,52.53854389167064,
35,18,7.773495243769608,,,56.05557823893778,,64.43839439183618,
35,19,6.569267919090896,,,55.078078943454024,,62.46815259779705,
35,20,6.739764400565697,,,55.13007539646611,,62.079394836731005,
35,21,6.0621691978291485,52.76031415785095,,54.47598831581195,,68.41054492517742,87.97102529320867
35,22,2.1612998662615888,43.26407939609078,44.89659658011484,60.47249693028167,120.67253969254789,69.87711182253898,67.27125999436187
35,23,4.761615738381537,53.36761416846582,,62.54249892172152,,78.87715628300826,76.3664853056143
35,24,,,,,,,
35,25,,,,,,,
35,26,,,,,,,
35,27,,,,,,,
35,28,17.01585819981696,54.47992674639005,,46.12971124733935,,114.79446502824317,178.53592327545414
35,29,19.399588370628603,52.38876627360689,,45.535748798695,,119.68683312882864,175.59215060436634
35,30,24.7694567883535,53.83156078001209,,44.86437524968033,,131.40649246866568,176.27568220162334
35,31,31.84554826120276,54.74624002969227,,44.132549889040945,,152.83912043216466,174.42174792986637
35,32,31.84554826120276,54.74624002969227,,44.132549889040945,,152.83912043216466,174.42174792986637
35,33,37.10541820073336,57.12555402194454,,45.739242175216425,,163.16502773404343,175.20985870348474
35,34,45.98995660229016,54.206505780213405,,45.13419284312721,,174.56811371145105,172.14404402407155
35,35,42.39502586461356,55.35746736942547,,44.69914109889738,,172.28306380203506,174.19609843856168
35,36,42.47117002977194,50.6145219084169,,46.199684250053174,,172.02394123824573,173.20555068985846
35,37,39.131292661405105,55.66814221378614,,47.29256661594931,,163.1704714959777,173.97057973863852
35,38,40.333142769082464,55.3338645464503,,44.36366997841397,,163.16226994374856,173.78220472646038
35,39,31.371824231808773,51.84337985004438,,46.523927570078655,,153.38241930423476,171.0612764880313
35,40,27.00665961238144,53.1225369571619,,47.71860210209334,,143.35884884864578,170.27833127721874
35,41,21.773924883026694,51.09514262104,,48.62748667940876,,131.69491519861273,169.35657811041764
35,42,19.134804520131446,51.52066022782809,,49.566772995518974,,124.70772786515136,169.0821635449837
35,43,15.659274554406418,43.84767355309933,,51.27006201305968,,107.88772153794338,167.85956413015452
35,44,15.659274554406418,43.84767355309933,,51.27006201305968,,107.88772153794338,167.85956413015452
35,45,,,,,,,
35,46,,,,,,,
35,47,10.35999874776346,65.18780388029221,31.855466610817196,56.51735775630645,123.1270459778312,84.1359832005134,137.05749134821016
35,48,4.300767920146586,179.39693253582428,29.454484359926575,62.82447490483331,113.64880053601246,73.5274642044516,38.82854251034358
35,49,5.26654465125401,,26.774324198844216,62.83389274351754,119.6723262558857,66.52407781232017,
35,50,2.638182291936821,,33.21596933634478,65.37063719689986,122.62175945748815,66.34106953704354,
35,51,0.4328116446569053,,35.22424778482535,67.16409150195607,120.44580722401732,62.31735341494394,
35,52,0.8788491730487301,,27.99625908491514,66.97897030857744,121.19250897527904,59.405172388105406,
35,53,0.8281171399601975,,27.000457428421516,67.47494630532871,119.08151843546004,54.2366567766206,
35,54,0.2439173411346798,,26.772025529471872,67.29744762559541,119.01859734105965,56.013344394170744,
35,55,0.9919898088092336,,34.049704844891366,66.310145240627,118.21659002183496,58.17369406936725,
35,56,0.9919898088092336,,34.049704844891366,66.310145240627,118.21659002183496,58.17369406936725,
35,57,4.947395737043187,,29.75132484857748,61.982098186088024,120.1052362120266,61.15282539387446,
35,58,3.919123945221655,57.67950775995704,36.74393745022201,64.59747706100421,124.85087524568488,66.69560480951844,87.74352247216049
35,59,4.820557202006706,49.203776833354006,38.258689474522654,63.93741572242007,128.6981831022298,71.52028239438478,72.77705500632632
35,60,,,,,,,
35,61,,,,,,,
35,62,,,,,,,
35,63,,,,,,,
35,64,19.171262747190877,44.03335582103715,,46.270704829961666,,107.85011690293446,178.0212551962159
35,65,20.957783888111308,63.34749667150171,,44.84682636459959,,111.95421282540848,178.73001288682704
35,66,22.33378273778752,59.145786132591574,,44.06110664647898,,124.51348924964915,176.56347452143385
35,67,29.034675410971175,57.1422796351613,,46.86414650266357,,142.46722295017523,176.28263151976242
35,68,29.034675410971175,57.1422796351613,,46.86414650266357,,142.46722295017523,176.28263151976242
35,69,37.03734612232692,54.855822461444426,,44.837799291971955,,153.26648808386616,174.56941434021883
35,70,37.951899097397195,51.21390353834365,,43.697058298749496,,164.50461293623093,174.79706292478616
35,71,41.66284826171798,49.988871583775264,,45.157413979434075,,174.06724107627173,171.97207777826802
35,72,45.12858006393606,50.28364563278039,,42.7889263951585,,172.63708198678867,172.2607892771558
35,73,37.685810486957045,51.85135794447914,,43.91985368046077,,163.07705902823352,174.9353828417603
35,74,36.60905741763544,53.68083410366154,,44.985610715245826,,162.37145424613286,174.8143226284012
35,75,32.6637800364988,53.36491059158581,,45.80879665268494,,153.72120008918762,176.28631615829516
35,76,27.448330664270653,52.72366370938015,,49.21583541598756,,144.2266924198615,172.4994177095244
35,77,22.87009139315587,53.00813839600895,,49.47361677473198,,134.79333296629,169.52916684423357
35,78,19.545726102298364,57.33537528940142,,50.928571242584056,,126.1630577707661,169.52781162571034
35,79,,,,,,,
35,80,,,,,,,
35,81,,,,,,,
35,82,,,,,,,
35,83,,,,,,,
35,84,3.783472963275842,,,68.3905561170417,,74.22047175053977,
35,85,2.0200894029446057,86.82542694536532,39.7765678363393,64.69351115054714,120.79165668333148,59.95847590592904,116.76417921037276
35,86,1.840816219243455,86.73671019340388,40.24167422388669,65.00911982443706,120.2904750612796,60.14271859454225,116.51180651655176
35,87,1.204361294077429,,35.795692802716005,66.26031685804415,115.51718661742927,56.882457668403816,
35,88,1.57167578262431,,28.951478488954564,64.10178021116731,119.03507989855552,48.12970339332525,
35,89,6.116174580456564,,22.532626427255742,61.348827497217265,122.56079961721342,46.42951616416485,
35,90,5.594188860759973,,20.651769358247808,62.92883883295499,120.11711817635198,47.42805936712619,
35,91,1.9953131963778803,,32.852775125619466,63.80750299123276,124.21980251392463,51.32856432521196,
35,92,2.765654394209756,,32.58775041509038,62.38689637784749,123.07231615631108,51.4931285150593,
35,93,1.332031880596961,,39.206352659200405,65.40545900935632,123.22810689706644,57.13257005892589,
35,94,7.230780931301259,,29.700219923830712,59.47695044836422,120.75750775853268,58.87326113629431,
35,95,10.53601965300014,,30.81389171852459,55.331944359545695,117.02946895027348,61.72728741025396,
35,96,10.705568264699169,179.85408213485297,33.8722239813626,55.27764989356199,120.7364534993683,68.21813374760416,38.57455888568667
35,97,,,,,,,
35,98,,,,,,,
35,99,16.562599940466743,65.51098041042819,28.57286528149052,50.0048277011711,,91.67355362686496,173.21747460822186
35,100,,,,,,,
35,101,19.02453783336056,66.56902678332624,,47.68174439019459,,107.21532799656798,178.93080243858032
35,102,23.048434706333666,62.73000205007699,,48.28818609510631,,118.05048676373784,177.85402311902556
35,103,26.230085816976512,56.94102450518599,,46.20579823932292,,133.46508632707878,178.48826271024728
35,104,25.822180818118692,57.87565675759212,,46.95265625623384,,133.87776514973487,178.7105238161893
35,105,27.475841546382046,58.46171282047505,,45.44075550980387,,139.92418713003516,179.7810502087056
35,106,33.80885617596856,55.728893738622865,,45.45742217349633,,151.0469368898393,177.37813988716346
35,107,41.25780820450512,54.79948232529364,,42.46684577312165,,164.16885930699573,176.06002683316694
35,108,44.25889370826572,53.15949110668804,,40.20383966340352,,172.0267225467463,173.0283145735377
35,109,47.027085669135424,54.014721632258215,,39.99929701101627,,169.13286080979236,174.0015527007989
35,110,47.027085669135424,54.014721632258215,,39.99929701101627,,169.13286080979236,174.0015527007989
35,111,42.19652066702264,53.52689652947872,,41.432274615850666,,165.96676602126684,174.808971304487
35,112,36.357510856580014,54.07588055668273,,41.89228043405838,,158.12286896399024,174.96984292710022
35,113,36.51740407317656,54.112583989028025,,41.74900144173416,,154.08263140137976,174.8738427715578
35,114,32.306364877462315,54.79762932856642,,46.29363188176406,,147.77778920593775,174.32185794776956
35,115,21.293893597931845,59.15455221980427,,48.67897515394813,,123.211159180838,174.00113582752158
35,116,21.260936267306825,62.18400619062813,,50.47075351624292,,121.77490991329964,175.64169405425685
35,117,20.44132910596818,65.35812399519878,,50.92086577578472,,113.40736659952208,176.59353768434255
35,118,17.450871797015722,74.39025597749969,27.99414528223425,53.86688879909509,135.88128650850032,104.28994981717804,179.0568367952414
35,119,,,,,,,
35,120,15.513798588622295,81.75786775327862,28.2984922312157,54.20426266844796,124.28769643793628,84.10614262419597,174.1261189507707
35,121,14.114380469759606,49.56498336631696,31.58413429287246,56.03231882750522,126.46354406123508,70.87889250793988,63.91156026760193
35,122,14.114380469759606,49.56498336631696,31.58413429287246,56.03231882750522,126.46354406123508,70.87889250793988,63.91156026760193
35,123,10.820143270865334,,27.016461191449544,56.8533668284361,122.83311458835551,63.36825601885488,
35,124,7.538128935365741,,28.848811531065255,61.812672035180064,118.76933737611162,56.83416261138882,
35,125,9.218863336449637,,23.20388508033546,60.41719689171059,118.05815714400497,52.7529630326194,
35,126,9.568108913632326,,22.88914475718817,61.19406404156307,120.05039003266972,51.308640619441995,
35,127,6.9080710642163,,25.235002482404873,62.69692082147336,122.45169159627072,50.314431927120594,
35,128,7.298558867244186,,26.117476671174096,62.21871618719318,122.88006625762348,52.148403461611906,
35,129,9.89616914578777,,24.358626650641895,59.85960636403808,117.30452229175246,54.56929743197474,
35,130,10.928847774148451,,23.276360219372386,59.1878171970989,116.11303345747756,55.69862614046306,
35,131,12.735939219352096,,24.0810593901062,56.82293096990562,116.79229691787428,61.99957211658786,
35,132,14.907128123209864,,25.22949573719018,54.12577345091983,121.6855655828893,66.57478235657919,
35,133,15.425139668453092,45.98341708564003,,53.565815857587985,,76.32973382414845,64.39265037077897
35,134,15.139134657728976,51.91415559416456,,53.30293216558865,,74.56475806028703,76.54681303717075
35,135,,,,,,,
35,136,18.59308130515871,71.02400358469986,,51.426738386166384,,87.68310239986474,116.5757803842066
35,137,20.53174961713584,70.27726397675325,,47.71678879480575,,96.90842734641512,126.25242810104656
35,138,23.12884585761706,78.51240929113524,,45.444359751354696,,103.5143096342295,171.9410406150943
35,139,24.569797147678404,68.11777309415032,,44.77600477125682,,123.46930320901647,177.72756443274665
35,140,25.00683053725564,67.91439586985814,,44.564902186666174,,123.77270199985044,177.58484590548045
35,141,27.49196083907597,63.64112561606134,,43.31912658057536,,130.86387665676668,177.08030640740574
35,142,31.755893382608956,59.141601974622695,,42.35170715812706,,140.2997682684451,178.71269131901136
35,143,33.88215273152878,57.134732143425715,,41.2855831148414,,150.83356271912334,176.69431474718604
35,144,40.26050208762297,56.26011094430043,,46.04995499297201,,163.35501421497727,172.9778290810197
35,145,47.78310670451779,54.70683932548172,,40.70270799018841,,173.56141066845902,171.64590606438787
35,146,47.69016106149935,54.77769470222629,,40.29775844399724,,173.3284804329136,171.63138762233768
35,147,47.08713654332685,56.72076430083676,,37.46920294226711,,170.5658574922625,174.3304297654861
35,148,46.70107674964605,56.31439741312179,,38.72976849888271,,169.03648522356352,175.28783047939257
35,149,46.32701667348781,57.21832796686421,,40.12913836943085,,166.50451491209097,175.81194200454223
36,0,36.55469490950814,10.999834028219723,4.735492669213765,161.9380767623182,151.1203569193052,127.97337950861136,93.38975638461622
36,1,29.308193033668793,15.520463606164288,4.990892386759096,165.2815353686848,149.5967487641343,119.03077229120964,99.60788949963172
36,2,28.704309167750488,20.09745732923396,2.7404620195726808,163.23173060834523,149.386173407661,116.758779947185,106.92469384249247
36,3,37.97245818747223,24.46152300142863,2.260810991794114,167.81936012193526,150.52980435400693,131.48503546369065,111.31300892109522
36,4,37.17802141452223,27.856009853040774,0.1553046807708231,166.91036017020392,148.46458631917386,133.1529143805603,118.93845163260072
36,5,43.48742373038634,33.69443033374506,0.5519822295136616,165.82916330391717,147.59535380437424,142.68415040448176,126.15780522164157
36,6,48.07215242171255,37.03792485146464,6.941199574903886,154.31328303339285,146.98315784827483,146.77253672878598,134.23040815955528
36,7,54.18460154444889,41.28400409851781,3.053160243817565,163.1669877287186,147.57201106121357,154.82598254878684,142.01364974118349
36,8,58.2170305366147,45.697993986650026,4.707232013570516,158.20395655693162,149.7883096064976,159.63701562892174,152.3501985864428
36,9,58.947617816661726,52.15445512770336,3.9721475627426712,160.57205939400595,148.64231574179314,163.2403395069753,162.61906968612593
36,10,62.230221487677994,56.61729918645282,0.7702147657282135,164.11473269418224,150.0168451686945,165.8935847704255,168.9873853329082
36,11,62.34316280865696,60.225118109701555,2.5113800735584717,164.24363153679846,151.17190417865612,166.73228886028735,174.25011771276175
36,12,64.39646053821706,61.902316019663616,2.15468868245795,166.24250827621648,151.16138227002057,169.23187964812266,177.20915107119052
36,13,65.63031346258862,61.99880343088848,0.107864513852187,170.51661654073436,150.04994020879622,169.28060571200632,177.46988727421194
36,14,65.67957969415465,60.11465212866687,0.4428323609635401,168.88765538112943,150.6909514464111,169.03143612596958,174.07430435238842
36,15,64.85898975491315,58.66708472187159,0.0895296770450438,169.41460939397376,150.11055844910717,168.5210561723669,173.31135720957536
36,16,64.28709325882237,56.95826103459596,0.372353898055304,166.37596974099688,149.42287026399197,168.43971970229956,172.1947515794687
36,17,62.32478075139522,56.089303660192215,0.2510629836944757,165.90020857179942,147.6307410466708,168.39785340833603,170.3701504628712
36,18,60.65866313575633,56.02612363408516,0.132861077206666,166.04151819332347,146.41753742627355,167.60928069585822,169.86354338880048
36,19,60.170424287607695,52.91339577466356,0.0243130827040791,163.57294185061158,147.9782236180806,166.53720716612108,165.92804435792723
36,20,57.937278159393415,48.7041832417721,2.177219647092493,160.25091143937914,148.358327855269,163.83353288424448,160.86065542809308
36,21,56.345633439419935,45.71885472823106,4.287775947611167,158.00460113097236,148.7539673714476,161.6346879529598,157.1134500844925
36,22,54.56643788467768,43.99699172405626,0.2186748320054019,164.3869797686027,146.05848404752493,160.17563513504498,150.33900010804618
36,23,51.37432213258902,39.20451855394936,2.4173690207877288,162.6165305563483,146.3685783241085,155.33351700316274,142.11549067701185
36,24,47.57023500984461,36.74464621210836,0.6090245776571546,164.81222694352977,145.32334255320396,150.12110374968418,137.8659926159165
36,25,43.27079335179641,32.971763883905254,1.4450805649426464,163.31084831009682,145.87629971551468,145.02111189978604,129.6613366629276
36,26,37.74658482276994,28.400903807980495,1.6527301484726638,161.52642790057635,144.25936362520832,136.10013760396214,121.37989496143808
36,27,36.101210554854575,23.774900426024708,2.7764279701371644,163.7578916189743,144.652183050525,130.68135757455008,113.3837418551681
36,28,29.81500570438144,18.530196889382335,4.4514538739239695,162.30854200172868,144.04726290640636,121.59672841178168,106.25016189143749
36,29,27.288320317733543,14.448299868339769,3.747208577423965,157.4882786560553,145.96812360904747,112.67637739439073,100.13716813212925
36,30,31.3502009892328,12.149122765504066,3.635758219301709,159.10721422180168,147.54096660768238,108.95654407965306,93.7680885912052
36,31,,7.964434592461799,2.1974371944782582,164.44833269960637,151.32404792484226,,90.54867293157028
36,32,1.3066781007022146,4.198707470633044,8.806226654592113,178.8753546804513,149.78647075329943,67.3363684727648,87.77376642460312
36,33,,3.5326582128156683,9.478198562306806,178.3914344762813,149.63138403705597,,87.6869358154136
36,34,,1.2646209109023208,10.89275139551414,174.11289120330747,149.4194865780392,,83.95791794693659
36,35,,2.0827744828713177,14.394797089541262,175.97602852182706,146.05821032253994,,77.97190716777561
36,36,,0.9918123672025644,14.011061846931494,176.1090586893967,147.96313665423324,,83.42104466046358
36,37,,2.5382765174023674,16.725167816643744,177.51683746603146,144.23126318771094,,79.64802147247255
36,38,,4.672201443241242,15.664618589705354,179.86680584880796,145.4743161203669,,76.1741823471414
36,39,38.073065377869995,5.067601987674894,16.015627136394354,178.17534816049078,144.4448775927115,,74.49942971637348
36,40,38.60330603241362,4.951016589433364,14.829287988357448,175.82605323384067,145.4023199294879,,75.14430717091116
36,41,38.08658262021447,3.455663406233675,13.07554888470978,171.11721823575948,144.92938808271535,,79.2536449477446
36,42,38.5570949776186,3.9799819840942186,12.890284391196722,169.53636305234875,144.90065139554574,,79.2462697955417
36,43,51.75400244442324,6.059994889755328,13.344348638296374,169.89649924798186,145.08173567388195,,74.7984907891459
36,44,36.87332253340421,5.816132418332974,15.640231205024618,175.66327303508058,144.97639314534197,,74.5367970303329
36,45,,5.812690712508084,16.452103053449306,176.9232039923368,145.278096672748,,76.11377419790422
36,46,,5.605149579745683,15.273929566234786,177.0143222282327,147.2759009381073,,74.33882334188289
36,47,,0.2374720720852625,14.450212105838672,179.6304853175443,146.42978056194346,,82.3630727305193
36,48,,0.0113782929091922,11.430868498144394,177.64393248833957,148.06923833540583,,79.98516346569737
36,49,,0.7916713464168794,9.73609137755417,177.61379548767022,152.24167589150105,,80.99714780661289
36,50,,3.9889560963124513,9.042831105896964,179.93491042141468,152.6782589131783,,83.41395857515403
36,51,27.553719697172586,7.579126476069707,7.816802093584896,177.28152577859123,153.04501732831957,110.923106318953,88.43936591282095
36,52,33.44259405450723,10.156242667379756,5.371468149503123,163.03505519279156,153.33095452366987,123.9018319560017,93.2872754971297
36,53,31.19489307911076,14.181849067825794,3.2903298733263666,161.78484949138823,152.1819866847562,122.14572414876812,99.16880711539144
36,54,29.144173415979925,17.003399892561468,4.043593942264529,165.7797885359412,147.9097118328144,124.52908404793573,104.38751237127092
36,55,37.03802793318545,21.555550952519372,3.0951036423478753,161.70479595975115,148.18026919354966,134.06249344014833,109.936270295751
36,56,38.042093855610005,25.169738452877834,0.5827606254764602,160.95878937848195,148.64192104167282,139.37476452744744,116.63803855733056
36,57,41.08307534402273,30.84647230200248,1.8158928308507396,161.0790757753119,146.16030897610318,145.41030401465764,124.73602999813028
36,58,47.80564965499129,36.0838879608122,4.51512921559019,157.7782982881521,147.11986036237383,151.4987572458968,135.4311198968018
36,59,51.41007949275354,39.40517304397263,3.705907275843064,159.87039797118874,145.23782825861144,157.02706455993138,142.69428640324054
36,60,54.15124783254837,43.21662359608983,0.6292568117718145,162.36283925401534,147.4250822810843,161.83972712393967,153.5152737595437
36,61,55.76555612422948,47.72324904618337,3.2294815117825832,157.6080367863143,148.5323853744709,163.75066038565896,161.88690917753374
36,62,57.526020257220104,49.31295702125247,7.107196914580177,153.40783407303343,149.2459726196803,166.33184991783355,166.05652572313286
36,63,59.59573633238827,54.864024122166285,7.13614609201014,155.36638265663163,149.1776612380106,166.57807229185448,173.502192612384
36,64,62.21284403704201,57.45424266944673,2.5998835302520487,160.00704651974812,147.83878576567454,167.22413927406254,176.12009136936086
36,65,62.67432170244337,56.57117580772349,0.6882968269492389,164.85468803020845,149.14724522367007,166.86934756347432,173.75235602809687
36,66,61.8378848745817,56.98430527448939,1.0702737590907667,164.14963220647405,149.06671979145247,165.58706281171183,172.7444884226056
36,67,61.59803249485382,55.8924044434546,2.623322463705183,159.8116800825587,149.80265806636234,165.121963089688,171.53001394205705
36,68,61.45844306371939,53.16064697599049,2.345791673360362,161.44805591902556,149.59132203903948,165.53016709166366,169.06087869706138
36,69,59.50851370893152,52.81680251622295,0.5665248570277212,163.61492011079957,148.11980512728658,164.55397678916478,168.07858228856747
36,70,59.79676687511236,50.08889742426556,4.083105129392142,155.5040039140337,148.01962792420755,164.15199858393146,163.98948790977985
36,71,59.162418949630634,45.891050085090754,9.21361249947334,147.94545191842826,148.6913660656058,163.45637356234676,157.71399353794683
36,72,58.246498074111386,44.72950904140139,10.016807436717402,145.99789577327238,149.10357061943887,162.61265335737093,156.0982975610924
36,73,55.57532812212315,43.1896659922655,5.900557802908072,158.04316749027308,148.20489910422475,160.25895931105595,152.70854404113456
36,74,55.19626714390793,41.477595013488546,0.6540110206258567,166.08260298348372,146.06766083300906,158.95330357500185,146.6859125800381
36,75,51.10792485568369,38.134536373324,4.031424601716592,159.38344959766604,145.9832262225279,154.33339440132372,140.38885086495304
36,76,46.876266823154026,36.500347346476474,3.469824834332518,159.4858504880268,144.6194835635426,148.18133941412356,136.24213606084882
36,77,43.95704052999406,32.33114508498129,0.2539821165598029,162.68434614365395,144.8361694709276,144.92213596749195,128.01919475807824
36,78,40.08586439072551,28.18405191214205,1.209244697675879,160.88266145971508,145.43179751316225,138.77151093698137,122.35632300699348
36,79,33.957175664684975,22.46540776757859,0.2509958718491369,155.84025023308163,144.5186167797422,128.7809225791198,115.0305927563937
36,80,27.765760120711207,18.27186740482235,4.270355767069567,163.607363499625,143.83331246215715,120.86754982278534,108.64308102988603
36,81,27.208990458171172,13.337181622408613,3.256207051898141,159.45363007821177,146.4682406090455,119.08115141021756,102.5010380679454
36,82,26.855213160757604,10.186840117343625,2.331017449489066,163.34904070382476,149.06610810557254,116.14756537890185,98.769053079739
36,83,,6.318563095215006,6.374125500745917,171.21866066504123,149.3243945702291,,93.43013914812065
36,84,,4.516082859750834,7.23912558633711,175.50726814294117,150.0291647918328,,92.48789094392684
36,85,4.6058248165787345,3.131614765210688,7.640025066389086,177.69131145878268,149.7143134975004,23.9502974650928,90.28708878683304
36,86,,0.8735997142073532,12.216586760661192,179.1691521746966,148.54356425897728,,86.04346077764444
36,87,,0.5436905989599339,14.504688190264812,178.87315857788428,144.0316794355995,,86.17084198254413
36,88,,0.4585105715319164,13.803452979554926,179.92098936442562,143.88515344465804,,84.61795696263526
36,89,,2.2674131597217877,16.23005426473579,177.16152362502433,143.8569605083131,,83.29620380711232
36,90,,3.1922900388593343,15.822965779924685,179.71326726553556,143.9789631574602,,81.36585039390441
36,91,,4.730779946504205,15.210078190029233,179.38904616396678,146.18283504583567,,80.99536193519158
36,92,,4.381520908947077,15.73251000352983,178.29530935548294,144.99313333662363,,81.5659323056587
36,93,45.99370019156969,4.625716670582975,15.522623691549637,177.62558769414153,146.25752484018426,,83.20046772798345
36,94,38.67993835075773,5.924731103408151,15.43055235546116,177.6674617409955,146.15449575379878,,81.8947579570391
36,95,38.90449641112848,5.63360577242319,14.46302038699124,174.25859940233394,145.9284842774828,,82.12671822102978
36,96,38.23413809517811,6.363733366691364,14.232922027689977,173.43530497586076,146.4052225751281,,81.61241429604429
36,97,46.14287278418228,4.5217368280638075,14.351462235379522,172.84268386147954,145.1515167087799,,82.41201959246985
36,98,,3.762694088003432,13.997669975477248,174.3028016690487,146.2743078832175,,82.78300480856107
36,99,,4.11551098393266,14.651599277693744,177.742098782549,146.9161574187264,,80.88970105758628
36,100,,2.971663398221793,14.691280827176277,179.54085422812358,147.2853458834077,,80.70692134284565
36,101,,0.3995197935781689,13.989105008697152,179.86719831601235,145.27911663080891,,84.51140950527247
36,102,,2.1460782302132513,12.071616092208233,178.03709996913875,149.22767593656224,,86.05909821364355
36,103,7.987413061513054,3.8181582568686463,9.336494199917214,178.10348615183202,151.58897921414876,60.54761169802605,88.77892702990835
36,104,,5.636888619430066,7.788588668200362,178.41705833580966,153.16048852062863,,90.46596631213232
36,105,39.03271981670399,8.289744659210422,5.174509020801945,171.67967741099125,155.1709913940875,120.6196501023084,94.47613167939951
36,106,26.95489253366384,12.9586052722899,3.414897342867399,161.74069010786647,150.5288860449859,118.32173939547594,101.67547196607384
36,107,28.454457650768383,16.57933572549313,4.510826413376408,164.61689969662396,149.20597776902426,123.33944426292966,108.54990948540824
36,108,33.9504284551106,22.400828242155843,2.810158495378689,163.02345236190484,145.58807793181916,133.74338715242155,115.39772457703332
36,109,38.466966310684455,25.56264731354413,2.7916009666657593,160.9131388410733,145.63670742573242,140.00537176180413,124.07967054184611
36,110,40.77612415894764,30.891613055270348,1.8363584701647515,158.81356296626515,145.31984327868958,145.64600586696525,132.9329334692404
36,111,46.14803584140774,36.89304756294344,1.7897415472154783,162.03583591150965,145.45247900538374,150.9482216697781,142.81582087859084
36,112,51.925538658544376,42.336047248051905,1.9814312539905128,159.27415025587797,145.1745124237662,158.64262508362287,151.66989622594355
36,113,54.38980126158446,46.60137901508398,0.4870002152149494,161.64210403368045,145.19330398250162,161.8904660745534,160.17050310652598
36,114,55.10812203178113,49.22333090849408,,,145.84444031008138,162.9705745036542,164.91763119112844
36,115,57.83629399705397,51.362387403688146,5.598423018108884,153.02129579155667,147.64973782373673,166.17924469684905,169.57494590017052
36,116,59.19622971410188,53.608164666916075,4.653335784746279,158.45138232389476,147.11081732368223,167.08036805750592,172.13995980893904
36,117,59.68676617860827,54.141935544944104,3.4464155487339725,160.0163641791766,147.9357956246543,165.8192476453838,172.59403798098074
36,118,59.93225477180473,52.33513323280297,3.441884733860291,160.1187554771338,149.11722049873842,165.44666845042914,170.40622227254383
36,119,59.156450969303535,53.394776533856984,1.280679782225523,164.09510962191854,148.99551614859496,164.47900483039177,170.23780162279635
36,120,58.737749037408314,51.459066763652096,1.511000252750493,161.06905036982954,148.10737648184897,163.4135285015895,166.9407489507993
36,121,58.144386172818926,48.11043144694729,6.596537138406631,150.96706729041853,147.71508332930867,162.6179193838639,160.69343505010866
36,122,56.19449665742537,44.18253505167082,0.3097170434785233,164.00613554085794,147.15865233851363,161.91461928079224,156.80262308765552
36,123,53.9868261094114,42.94099202142491,,,144.46883092862157,158.3017614329515,151.43752554661432
36,124,50.847792228664275,39.89661223359067,0.8741178670949432,161.9454923511096,143.2515348074059,154.99818280256622,143.74053637537466
36,125,48.619092788994685,36.42528555588432,0.6415789569321627,166.18997772144868,143.7850957947095,151.3009577229689,138.67005592962542
36,126,44.36158851904016,32.67704230096194,2.2795557280165495,158.11469404364902,146.6374131957512,147.77093613241627,131.18855750797778
36,127,41.143034208109064,29.231659597432245,0.3298121751658329,161.16343206473226,142.9202791563364,142.5684553570139,124.67098720754916
36,128,36.67427843880101,23.986727228759765,1.6611603871253315,157.10918086021945,143.73294987764933,132.9016771224427,118.90253243249876
36,129,33.80496856472547,19.4245844588194,3.4006246664908044,155.38554260429888,142.40008031717545,128.66134452821177,109.95081716062226
36,130,33.58892590654465,14.924195249841649,4.3609663331997055,157.75308265046652,145.73332213059973,125.77446159364558,105.41071691675572
36,131,34.17012837312519,12.71948354359778,4.369443022182461,158.9099460554575,145.72790464951885,125.4110560823832,100.14711791055954
36,132,32.018617543378994,9.223512531662532,5.453456612444309,160.80450246742373,147.75385691587618,116.79339396095602,93.5920416915508
36,133,11.363058590062373,6.404015626895904,8.868795317107296,172.12124465617924,147.94144529173064,58.25944701088965,90.62250916825867
36,134,,4.29236722144676,8.694179825538281,178.69623815565834,147.35452005380623,,87.12834572061904
36,135,,3.7354073945747657,9.182696749933546,177.77825801765783,148.9969185989871,,86.5071252196141
36,136,,0.1782494361186414,9.563274289606955,175.77201348692043,146.94269999614843,,79.04016060874592
36,137,,0.2699541909161789,11.927540305169316,177.93369436092422,145.1156386739042,,80.23945649586065
36,138,,2.1684075308580515,14.344191999194924,178.9296367427671,145.53338364556515,,80.5178930042786
36,139,,2.6248350874592923,15.7475010980103,178.90045288864084,144.2672241895104,,79.06285559235128
36,140,,3.8444058015933544,15.650923051058689,179.1262590574113,145.0058908027973,,76.61084169592988
36,141,,4.666290284242665,16.274474097032346,179.05603714224145,145.89670690709002,,74.63145743925286
36,142,,4.372989963319403,16.448932210244838,176.82918712309703,143.91162365805295,,75.36902915105067
36,143,,5.332442780452942,15.534269710278531,179.48490403693705,145.79307070589888,,74.62021469021255
36,144,,5.330006616115,15.733874155786284,175.4334853112295,144.3651519155754,,75.19431247851695
36,145,,4.958669456098518,16.06515942328054,175.37423620172083,143.05460905617863,,74.79192799570474
36,146,,5.095664334673905,15.601193259955991,177.16560283952765,143.671050080199,,74.99414531204268
36,147,,4.632182600904539,15.39944214529894,177.8409351268398,144.09441534264474,,75.41523955664861
36,148,,3.8775772674335074,16.017558610546406,175.4170289135334,143.88089826843722,,75.60626185559497
36,149,,3.770229397783363,16.464060745031368,178.56935870005526,144.25625409029212,,76.03055218488079
37,0,47.67522741560133,67.18271485732474,,,,160.53094592016257,161.6149515256022
37,1,,,,,,,
37,2,51.85077753991523,64.98580545942387,,,,155.49399029931465,155.07425101496972
37,3,35.88428480079587,50.00591441129754,,,,151.45912646042785,149.64587227615968
37,4,,,,,,,
37,5,,,,,,,
37,6,,,,,,,
37,7,,,,,,,
37,8,172.4774213747978,162.52194060978186,,,,118.50221005399143,116.69846054978365
37,9,,,,,,,
37,10,,,,,,,
37,11,,,,,,,
37,12,,,,,,,
37,13,,,,,,,
37,14,,,,,,,
37,15,,,,,,,
37,16,,,,,,,
37,17,,,,,,,
37,18,,,,,,,
37,19,,,,,,,
37,20,,,,,,,
37,21,,,,,,,
37,22,,,,,,,
37,23,,,,,,,
37,24,,,,,,,
37,25,175.05480900136178,144.4573601020225,,,,111.2089597281303,89.8100295832284
37,26,151.82053622889867,176.69475630916364,,,,124.7133480465962,111.32925126814412
37,27,139.94387152649915,56.34504175052318,,,,131.03722400312796,125.13052264254208
37,28,,,,,,,
37,29,,,,,,,
37,30,,,,,,,
37,31,,,,,,,
37,32,,,,,,,
37,33,,,,,,,
37,34,,,,,,,
37,35,,,,,,,
37,36,,,,,,,
37,37,,,,,,,
37,38,,,,,,,
37,39,,,,,,,
37,40,,,,,,,
37,41,,,,,,,
37,42,,,,,,,
37,43,,,,,,,
37,44,,,,,,,
37,45,,,,,,,
37,46,,,,,,,
37,47,,,,,,,
37,48,,,,,,,
37,49,,,,,,,
37,50,,,,,,,
37,51,,,,,,,
37,52,,,,,,,
37,53,,,,,,,
37,54,,,,,,,
37,55,,,,,,,
37,56,,,,,,,
37,57,,,,,,,
37,58,,,,,,,
37,59,,,,,,,
37,60,,,,,,,
37,61,,,,,,,
37,62,,,,,,,
37,63,,,,,,,
37,64,,,,,,,
37,65,,,,,,,
37,66,,,,,,,
37,67,,,,,,,
37,68,,,,,,,
37,69,,,,,,,
37,70,47.41462334455557,40.113734978778005,,,,175.74916972437677,177.2641401517159
37,71,,,,,,,
37,72,,39.65478217158857,,,,,176.76222097824737
37,73,,,,,,,
37,74,,,,,,,
37,75,,,,,,,
37,76,,,,,,,
37,77,,,,,,,
37,78,,,,,,,
37,79,,,,,,,
37,80,,,,,,,
37,81,,,,,,,
37,82,,,,,,,
37,83,,,,,,,
37,84,154.39779756330256,168.70290163175042,,,,125.31641051281126,109.08526642436134
37,85,,,,,,,
37,86,,,,,,,
37,87,,,,,,,
37,88,,,,,,,
37,89,,,,,,,
37,90,,,,,,,
37,91,,,,,,,
37,92,,,,,,,
37,93,,,,,,,
37,94,,,,,,,
37,95,,,,,,,
37,96,,,,,,,
37,97,,,,,,,
37,98,,,,,,,
37,99,,,,,,,
37,100,,,,,,,
37,101,155.10483228507562,158.51932577735164,,,,129.0528557035114,107.29107262285191
37,102,,,,,,,
37,103,,,,,,,
37,104,,,,,,,
37,105,,,,,,,
37,106,,,,,,,
37,107,,,,,,,
37,108,,,,,,,
37,109,,38.73123717135227,,,,,177.49456256273095
37,110,,49.28483912374559,,,,,177.55081216661983
37,111,,43.43381247322537,,,,,176.47696891562518
37,112,,44.82423308026938,,,,,174.01272648288503
37,113,,41.017034758735825,,,,,173.66380113920243
37,114,,,,,,,
37,115,,,,,,,
37,116,,,,,,,
37,117,,,,,,,
37,118,,,,,,,
37,119,,,,,,,
37,120,,,,,,,
37,121,,,,,,,
37,122,,,,,,,
37,123,145.05838003581636,146.15561718862747,,,,141.9603637780734,109.24790345895532
37,124,138.6325341948863,163.01057402938875,,,,145.72713575459727,105.83233670278511
37,125,,,,,,,
37,126,,,,,,,
37,127,,,,,,,
37,128,,,,,,,
37,129,,,,,,,
37,130,,,,,,,
37,131,,,,,,,
37,132,,,,,,,
37,133,,,,,,,
37,134,,,,,,,
37,135,,,,,,,
37,136,,,,,,,
37,137,,,,,,,
37,138,,,,,,,
37,139,,,,,,,
37,140,153.74413597870625,161.66505462032555,,,,125.56668094203704,109.98026655965796
37,141,169.65304736752938,168.45888172406902,,,,120.2581429410997,118.22699530431296
37,142,,,,,,,
37,143,,,,,,,
37,144,,,,,,,
37,145,,,,,,,
37,146,,,,,,,
37,147,,,,,,,
37,148,,,,,,,
38,0,37.125082980161736,19.642217261733624,2.813364148248127,157.11664705305725,147.41734957518526,132.72592075231248,105.99023015444268
38,1,38.319027563409335,23.607479510301005,3.572008189111603,160.89675923694767,145.10555245179145,137.08473850708188,111.27664448786317
38,2,44.939635279418994,28.747883982262255,6.242709069597184,167.85210077826687,144.404073674939,143.4248428486114,121.29798730552758
38,3,50.562134968258015,33.01424893813552,2.594903227305549,167.8074189902449,150.25954069770592,152.42210727050843,131.1508819262
38,4,53.63614689619896,38.85462130252385,5.450162052532918,156.40681120678127,147.52815708485653,158.25289058256857,142.1535693919068
38,5,60.523113894152345,43.24830377851029,4.355305603337484,160.37684720970933,148.92147611701466,166.44372756222725,150.4763773276191
38,6,62.61307363577537,47.34929404003982,2.365300065017206,164.73923960780297,148.48645608276854,169.66940860676792,160.08300138962326
38,7,62.94908938251268,51.701882994922826,6.0650041801629895,158.31021829427726,150.2954858115857,169.25821915028305,164.8280343595543
38,8,62.84709865287845,54.73196442770264,9.282816628514748,156.37917745588928,152.98566680842234,169.80578797603448,169.0236630186468
38,9,63.89459161499925,57.27356599517192,4.808926571508207,161.27930009714092,149.84287597577918,170.9250841189141,172.4245906989804
38,10,65.23894688585072,57.8301133492831,3.343000140435198,161.7774042089466,149.7636244423431,170.6506343347773,173.06021989765287
38,11,66.13427166365608,56.508630324087335,4.484787698502725,159.5013195285385,150.38577547363624,171.31910831281013,172.19897374966783
38,12,65.91800785549258,56.13008230083541,5.917774607925529,160.2310738102815,151.2129876542422,172.46901328801258,172.2078016047083
38,13,65.98069646849947,56.279465245636544,10.139016732160377,156.1030480647046,155.01333944167015,172.83111880872818,172.17968008633716
38,14,66.2779671876282,55.96638747517028,11.640081829750804,154.09029233846076,156.6926532442795,172.78611009752646,172.23423000049232
38,15,66.44982003179442,55.90393862463239,12.33626209481332,153.94520876617378,157.67835407251044,172.99023113990822,172.43845856913433
38,16,66.41541817946103,56.17717731180272,11.818842569342904,153.0846043612997,156.6078081554031,172.91144452767568,172.72813499333782
38,17,65.81511752012163,55.99488654961525,11.659586722537172,154.09517322157149,156.0149847755063,172.71289687210887,172.2679199211616
38,18,65.63611710664976,55.90758127237825,11.688774563706836,153.52025002315187,155.52222677142657,172.73400789478325,172.48342059173538
38,19,65.49450652627,55.89230126492504,10.90227488030566,153.764527762518,154.91945685059727,172.45846138226685,172.57705263142506
38,20,65.54660583820115,55.79361092571729,10.331040214122815,153.75017449506936,154.25127539773257,172.53845793675077,172.5855363050875
38,21,65.7746106451647,55.653262860641185,8.231376964286609,155.3378578863197,152.31942836158674,172.45812683707894,172.30818483934263
38,22,66.0582331736302,55.84062073842817,9.301244108079782,154.00295841574217,153.6494549945075,172.65464602596938,172.27763365048847
38,23,66.14901195859082,55.64247383784313,8.148285014558912,154.94259316505173,152.48422117604284,172.9452105814383,172.18300371119489
38,24,65.9506928372476,55.15471362427959,9.300956948282517,154.76526547947938,153.33766032614727,172.87506393243217,171.59622647462226
38,25,66.038633885493,54.97432530388101,8.076056183186244,154.971851921519,151.69374522733497,172.81793097811305,171.6407662339245
38,26,65.94115841677373,54.75079671421806,8.574070850006335,154.6720742258179,152.52018923880215,172.8538176621611,171.4805780471547
38,27,66.03427650712996,54.55555436597056,8.245322946136541,154.9100909309822,152.35361796374383,172.85294981811504,171.3277395977985
38,28,66.0583178975798,54.44753642907679,7.397534026702152,156.17101067229518,151.64383157706334,172.90127200741156,171.30990711285625
38,29,65.72358780833527,55.379856888577194,7.487060434972113,157.03389258310764,151.8302894799398,172.02450282780995,171.62747098002268
38,30,65.69736194067195,55.05792354426196,8.176159963235976,156.58556630596632,152.43422955417776,172.00997269303576,171.2498369426215
38,31,65.844204720119,55.03779386115945,7.948285105706382,156.93441332579258,151.98745976228824,172.31124418220844,171.19462398004887
38,32,65.74962396273467,55.09513731316229,7.719121932433772,157.31120430770017,152.03891108988563,172.0809224826658,171.3797779665308
38,33,65.97331179775713,55.461028731853645,7.670809486051974,156.908249790976,152.28670360949852,172.21107167216945,171.6033938354981
38,34,66.23819167854474,55.67547377903475,7.097770334811455,157.491831996457,151.58587374671737,172.41257715491113,171.56986844944433
38,35,66.24638593726594,55.62346320414817,7.131317012002019,157.469272279081,151.69188298804914,172.49100409279876,171.60334928805648
38,36,66.11876240305475,55.61557645908182,7.797529171214426,156.8052526186401,152.54899640397946,172.2459416754274,171.59802711910282
38,37,66.665475231101,56.069284803388875,7.921356896245956,156.4684361939074,152.3898938828179,172.72620123578196,171.95384381516956
38,38,67.17830022305415,56.2405781101943,5.705090822774594,158.1265030238219,150.2635735871135,173.02601407153912,172.0926677801507
38,39,67.2766122542139,56.16959666206197,4.450626039724314,158.95262266325162,148.6662322510156,173.0971544644663,172.25833293089596
38,40,67.22083711656487,56.26213735248364,4.905012797423935,158.46497209827675,149.0706595125166,172.94996310387396,172.3009914543797
38,41,67.15241499892498,55.88729059697853,3.49523395479276,159.11696903467646,147.78546992704554,172.72020479520546,172.13249182839633
38,42,67.18595631703771,56.03088972303818,4.686092403575169,158.65560122122216,148.74224165181548,173.21592179163235,172.25827626523673
38,43,67.41274533890986,57.07197700023973,3.7168638651993744,159.19909556632024,148.23508167543437,172.93915380988764,173.61406639058904
38,44,67.00775019358588,55.94140250194427,3.202283238929331,159.95922020642155,147.56721154470094,172.55789069742448,172.2969972494216
38,45,67.25131088753012,56.78939110940782,2.995278658251692,160.12816221944354,147.6591582304189,172.73978702840742,173.1517422608262
38,46,66.76305697443249,57.20742444094038,2.0107014446231735,161.59659851704296,147.36317539224697,172.16762349521994,173.2697372399069
38,47,66.20008505132795,56.19337752685907,0.8202344279038071,167.19842104053822,147.29041037974756,171.25688476567365,171.6140728608039
38,48,65.83495769385385,53.39416004899303,2.35141338761857,170.76407164357647,147.35263817126082,170.72987893663802,166.6385745134643
38,49,65.79199430230805,51.34839203355381,4.982987808392853,172.98725792760573,145.3386388336697,170.20214442027958,163.48186355677728
38,50,64.2856533451398,48.81887090854383,1.6684909559060044,168.22289422466903,145.78750012271385,168.90804107461054,160.10430847677776
38,51,61.28513382837223,46.019766033423416,3.535877140052946,168.955385717332,143.91549507875288,164.18879185561636,154.34356353199684
38,52,58.64223866650587,42.95427864976659,1.6374087804120947,165.9708946177238,145.39599329902777,159.59245637297835,149.05478221680403
38,53,57.36452420680725,39.44543083001243,2.811004931152469,165.9182414684259,145.479717973087,157.3811537526707,142.37541161256124
38,54,55.20934989154923,37.34314434589575,0.5907895159722013,160.27316852931276,147.4535521661083,155.06220660714283,137.5811167048676
38,55,51.81957890250761,34.01659485053046,5.580593569867804,153.79676281747356,150.10893930994357,151.36146437943117,130.8209172896932
38,56,46.533073487433136,30.88262024315532,0.4721487789844066,158.58506940636798,143.71943088983906,144.18600267342373,124.27784314218448
38,57,43.288405971860215,27.09044909779189,3.767278352614461,161.0295926120483,141.5127328004217,140.70131453762727,117.498617549144
38,58,37.22811499034079,23.51191460516092,6.102862062712352,160.6539471495381,142.83012929379404,131.72694776149922,111.408048636949
38,59,38.15718809513294,19.91347372742256,5.9721660248592805,153.30189198583773,143.10843975792645,129.15377577420458,105.86039832937166
38,60,29.89296565807831,17.217666508084015,4.093439131618584,157.07629804793388,143.25269562010664,122.9856134543551,100.38880126581374
38,61,36.28333962751039,14.403717603248973,3.491556843942506,160.20694143775174,144.641813680468,127.4955530962773,95.90367902797838
38,62,,11.137290206701232,3.2352403014534517,162.7479721884322,148.60831548173732,,91.02598152841638
38,63,,8.905954335714641,2.7339244389793858,169.23109627965607,150.71624157359247,,86.43552134462723
38,64,,5.829114429606367,5.2774269547735315,179.81069456130828,155.19406890810765,,84.13636131572189
38,65,,3.799536560424508,5.838424829197316,178.18170441891192,151.24171444702552,,80.0637843155156
38,66,,3.038593936226598,6.082288211278681,178.96143183464304,149.2861418724846,,78.81867628395386
38,67,,1.89151368291771,3.744887867387085,177.6126581889788,149.64404989852144,,79.88118397612676
38,68,,0.9554297987690888,1.2315947293017804,173.64448563586936,150.49237573982373,,79.90930472163939
38,69,,0.929934918547888,2.9714984168972625,174.97916954681654,151.3816543718984,,81.94579250901877
38,70,,0.0495847940443501,3.949297664625664,174.81660372660022,150.48173464410866,,80.7262803764523
38,71,,0.3319882761884535,6.01259445138271,179.29286417419837,150.7432389111769,,81.71147299765042
38,72,,2.1380975821242463,5.995023819443637,179.65747581218858,151.44858705621508,,76.59927567908973
38,73,,0.6861470076520803,6.7460552081843055,179.17201729855475,150.3503592513173,,80.96850128557979
38,74,,1.7496370791505411,6.852043761001921,179.32115540366436,149.97831471726212,,77.26180545678461
38,75,,2.7090644749894093,7.059297623839182,179.2455321491668,150.60978244229022,,74.49924337285697
38,76,,2.571150650083146,6.946702792000583,179.5581069086338,150.66418740896336,,74.51679233450555
38,77,,2.599236570872419,6.307932999501899,179.93800336675417,151.14054216976407,,74.4394440795697
38,78,,2.198256013364099,6.398025181698177,179.6602788489018,150.42497762126254,,75.8629628900723
38,79,,0.518359223163349,8.0727634892894,177.03198951382254,150.48311623650545,,81.71935043274878
38,80,,0.3570282051290176,5.061624800265421,176.5130990639623,150.1951576011016,,81.83239828160276
38,81,,0.0963037098893195,5.058946894165996,177.18511585697553,152.59798604830655,,80.01268168271619
38,82,,2.9077381176474058,2.198243068131988,170.4660312622687,151.06746396981123,,80.89266467800316
38,83,,6.406077073744754,4.166609737907818,173.86468429045968,151.63240078593452,,87.24415798964078
38,84,31.128318986425555,9.45975647925693,1.1775012158790217,159.00554208414755,153.72581753323226,117.6452178401307,91.78787866194934
38,85,35.86905592978404,13.946318509992512,1.6505142012123606,162.26752917036217,149.295846154665,135.3910840338517,97.2265915473104
38,86,34.72731666309883,17.881270479352683,1.8130295867580264,160.89740491707008,147.25923976847176,135.71218282073457,104.77962865417796
38,87,38.80654379188407,22.64929683925497,3.0631799748838957,161.2484490518882,146.51964456217004,140.97200097742856,112.69719085659229
38,88,44.496232061713336,25.99396643831606,1.681183016452921,159.7626389694873,146.61775608871227,145.1558408553851,120.92486518870746
38,89,50.488088763867026,31.498543920773987,0.7342418726443181,155.91340833412218,147.15442415319896,152.50126080958637,131.94275455895843
38,90,53.423713286160215,36.04781911407402,3.214635401307201,166.73913892231965,148.61934838041034,158.656413077615,142.61871797461166
38,91,57.92628423387173,39.89330732537653,0.1971243404056038,159.87954583716365,144.5075118818209,164.62693744669258,149.93548618796015
38,92,61.197675127995,45.30209867241491,1.784997492179084,164.1259337568526,143.85674494875775,169.00721442877716,159.8230983181333
38,93,64.26206329122945,49.28527079392521,0.4443260480475301,162.332283201188,146.19911653793733,172.0467135853135,165.64173532733872
38,94,63.68256208787933,53.20125254687604,3.42395121416181,169.549145299151,146.38658601264456,170.71873803301156,172.1134040594485
38,95,64.9399930262063,54.487028979093864,0.501958829043064,163.81569039248782,147.43316193341502,171.98305948154072,173.0089009936007
38,96,64.88168917476513,54.93174470059276,0.3962719910093054,164.27708388291586,147.77293653104346,172.12596959443945,172.98012473373092
38,97,65.80432273197621,54.94824076784147,0.0421860569081913,164.43886173239358,148.84693504449214,173.02367270882397,173.05220206079662
38,98,65.6052898808604,54.852387217782706,0.1919428216414132,164.361967608494,148.66581421851006,172.47183026942344,172.9560792720842
38,99,64.37262033035809,55.03413436864483,1.129019908480838,162.7594915192385,148.5373489463697,171.75502703577678,172.10404802886566
38,100,64.86842522330505,53.74670759814673,3.1002208763674277,169.14749658917958,146.9281296034422,171.54154435718556,170.45008385717605
38,101,64.04175997360834,52.41838974882009,3.7519969567057823,171.3122076634922,146.50907447474322,171.39231447988172,169.0504661850232
38,102,64.22154239245977,50.40980716429021,3.614681532027251,169.8964819605948,146.6550954724666,171.27995362685573,166.0537352493101
38,103,64.24601202647936,48.30185405624541,5.460519904570879,172.70254123612747,143.80519886623534,172.50482857703108,162.76874211388588
38,104,62.47825986322228,47.16435715237964,1.8632514476954192,165.75736715655717,142.75178761378513,169.8093586426441,160.65450744135498
38,105,60.117829792388655,44.52314655124844,2.2469546267368505,164.92534376002334,143.64107812432923,165.6730847913125,155.87962606484277
38,106,59.50511936410448,41.42316995074368,2.3172569583137137,163.97251853038057,145.88300391552008,163.5954016721625,150.056916204021
38,107,53.17461922322975,38.260018679053545,2.708330894837166,167.18025575760583,147.40832113151689,156.29346940141534,144.0911475186411
38,108,48.83558083326993,36.273540579963026,1.2764263452971207,159.92504066901492,149.650246623168,152.31395546918128,140.5054318206137
38,109,48.44248009379311,32.522789764753895,0.8322111970873628,160.93738383059622,149.0890571929952,150.89816742874513,133.1840828345855
38,110,43.69331459356253,28.97032470691739,3.3862797106507574,163.43691033533634,142.91117496979385,143.50669341994117,126.1607625265702
38,111,42.89283821980003,25.34953592403343,3.570024542240326,159.4630127198552,142.1314577827754,141.40822656066808,120.75760877073016
38,112,38.45225222885878,21.7310714989039,4.970033051954225,159.28290371434022,144.24054865556312,134.04955939476207,114.44705678164718
38,113,36.74149530409518,20.01869281536724,2.955421486713699,157.0326010644703,142.44209763139716,132.96035506103377,110.20155044183872
38,114,32.76916097880328,16.645851031068354,3.824141345218326,155.03997341562564,143.96355834624845,126.47563347149564,104.90763673578036
38,115,37.11337751687394,14.956877873779977,4.1836644925082,159.4021794086382,142.8348759954647,133.8502750087525,99.10434650283167
38,116,32.01845937229188,12.319922332366607,3.762925487591083,158.8975908963712,145.71333121449248,117.51459429738443,96.98389777017732
38,117,,9.149304642918723,4.797601990754764,157.96920860835638,148.582393782832,,91.80829080360328
38,118,,6.532086543529086,4.428859776101641,176.81359564157952,153.733228633909,,87.92427056351349
38,119,,3.9782485551360143,6.246902852116335,178.8994773254897,154.1810233898758,,84.58311633946526
38,120,,3.295369636490036,5.620274922435017,168.38197050800707,150.85350209808092,,82.92590710286655
38,121,,1.8480397496039191,4.028250436980876,175.1077677551888,151.83992506523066,,81.43014030995344
38,122,,0.2838721879187775,4.6432705596849075,176.66190261813907,151.17072638534398,,78.34589999567922
38,123,,0.5012627682050642,3.394979156992503,176.63888262120304,151.49265559879953,,80.75641202437735
38,124,,0.431394620635699,5.70278777599071,178.8813707997293,150.39148281517126,,80.97244155471623
38,125,,0.3308440531117513,6.644322772393285,178.3962174421474,149.20700374437752,,82.03193543378761
38,126,,0.8101908808442874,7.608431633796499,174.09030300234303,151.26611091403907,,81.28129616895518
38,127,,1.2220037853190495,8.005007892848935,175.90246609415036,151.2793277980876,,80.64076791543559
38,128,,1.2198763091700744,7.936902669413403,174.81826714729553,151.41127454331712,,80.9552378397589
38,129,,0.9965261474720876,6.352927912531903,178.2805019406604,151.44593934440312,,81.62188919349012
38,130,,0.20804296169632,7.477063564095957,177.11060593869271,149.75387934133337,,82.59365915183858
38,131,,0.0614461278718468,4.735625832197481,178.4496611123949,149.91375215142352,,82.8334934154096
38,132,,1.028459977026626,5.166179943946932,177.51526875529282,153.45446075223228,,80.95151949869154
38,133,,3.672939521007443,3.0316238527810855,171.99586243068262,151.34727755931286,,85.82462459164664
38,134,,5.049410233394935,6.636875443034771,175.99397564136746,153.2508348614499,,86.10200827584586
38,135,,7.635646212212207,2.4945846157594973,169.95726183408036,153.8275910764841,,90.3199202239539
38,136,40.37268749421011,11.94745990085226,2.569550858204394,155.61790828409292,149.0478792914884,136.3824365068771,96.22458234229435
38,137,30.61829546510228,15.860118499414696,2.0146778525593665,161.42832118405371,145.53518549974658,133.67512414548,102.38244639980635
38,138,41.05399444149178,18.28593353059073,3.010129369222122,154.19363780025768,147.5759199273964,142.1469623209385,107.86408077049876
38,139,39.50954435861642,22.26755857093724,3.4116168506246036,162.3609034569843,145.85865513858656,142.15497609886057,114.1476470379008
38,140,43.63699909743899,26.817501214683144,0.6949430004566107,156.48123445598873,144.03643828255505,145.16085280624014,123.49564350341991
38,141,50.17920179540493,31.975166470701453,0.9017277123724547,159.21692358011626,147.27209716114768,152.74149350214674,132.50528690379207
38,142,53.23522130169049,37.07479970986861,2.1175818414506824,165.6626366572778,148.60645667465596,158.8573773564573,144.07676058874162
38,143,59.24584886227589,41.640840037073865,1.542697461139528,166.02898788160456,145.62303248168635,166.55778783132874,152.2475276343184
38,144,61.845458214638285,46.25001002119349,1.525545908985055,163.94360103388414,143.20584800865646,170.41749738686775,161.54660319877186
38,145,63.19388223883244,51.8251073988214,2.8020066045090184,159.00502854376944,147.01888787831916,171.34291971259577,169.4384039316142
38,146,64.12704696270822,54.96327345273456,1.803613116157445,169.24232244320777,146.15180804916957,171.2750507816089,173.91070011176086
38,147,65.03066068203792,57.11817044272749,0.5717891901175436,165.44157814363697,146.05706059204755,172.2618913944007,175.28241056628542
38,148,65.5632128868088,58.2059756312356,4.763590789335346,156.99191376221364,149.08276610128866,172.5648209966122,176.0008395209736
38,149,65.63669245989578,58.24599162752236,1.4048415181589244,164.16533841393996,147.00105752026508,172.7348753250992,175.73103034474877
39,0,,,,,,,
39,1,,,,,,,
39,2,,,,,,,
39,3,,,,,,,
39,4,,,,,,,
39,5,,,,,,,
39,6,,,,,,,
39,7,,,,,,,
39,8,,,,,,,
39,9,,,,,,,
39,10,,,,,,,
39,11,,,,,,,
39,12,,,,,,,
39,13,,,,,,,
39,14,,,,,,,
39,15,,,,,,,
39,16,,,,,,,
39,17,,,,,,,
39,18,,,,,,,
39,19,,,,,,,
39,20,,,,,,,
39,21,,,,,,,
39,22,,,,,,,
39,23,,,,,,,
39,24,,,,,,,
39,25,,,,,,,
39,26,,,,,,,
39,27,,,,,,,
39,28,,,,,,,
39,29,,,,,,,
39,30,,,,,,,
39,31,,,,,,,
39,32,,,,,,,
39,33,,,,,,,
39,34,,,,,,,
39,35,,,,,,,
39,36,,,,,,,
39,37,,,,,,,
39,38,,,,,,,
39,39,,,,,,,
39,40,,,,,,,
39,41,,,,,,,
39,42,,,,,,,
39,43,,,,,,,
39,44,,,,,,,
39,45,,,,,,,
39,46,,,,,,,
39,47,,,,,,,
39,48,,,,,,,
39,49,,,,,,,
39,50,,,,,,,
39,51,,,,,,,
39,52,,,,,,,
39,53,,,,,,,
39,54,,,,,,,
39,55,,,,,,,
39,56,,,,,,,
39,57,,,,,,,
39,58,,,,,,,
39,59,,,,,,,
39,60,,,,,,,
39,61,,,,,,,
39,62,,,,,,,
39,63,,,,,,,
39,64,,,,,,,
39,65,,,,,,,
39,66,,,,,,,
39,67,,,,,,,
39,68,,,,,,,
39,69,,,,,,,
39,70,,,,,,,
39,71,,,,,,,
39,72,,,,,,,
39,73,,,,,,,
39,74,,,,,,,
39,75,,,,,,,
39,76,,,,,,,
39,77,,,,,,,
39,78,,,,,,,
39,79,,,,,,,
39,80,,,,,,,
39,81,,,,,,,
39,82,,,,,,,
39,83,,,,,,,
39,84,,,,,,,
39,85,,,,,,,
39,86,,,,,,,
39,87,,,,,,,
39,88,,,,,,,
39,89,,,,,,,
39,90,140.16621554465976,168.7594379022168,,,,178.78942842536472,169.76079815807404
39,91,,,,,,,
39,92,,,,,,,
39,93,,,,,,,
39,94,,,,,,,
39,95,,,,,,,
39,96,178.42437670131312,163.5975702617555,64.61602621425723,151.1375344824238,166.1546463522541,140.90275583140053,134.0067178753491
39,97,,,,,,,
39,98,,,,,,,
39,99,,,,,,,
39,100,,,,,,,
39,101,,,,,,,
39,102,,,,,,,
39,103,,,,,,,
39,104,,,,,,,
39,105,,,,,,,
39,106,,,,,,,
39,107,,,,,,,
39,108,,,,,,,
39,109,,,,,,,
39,110,,,,,,,
39,111,,,,,,,
39,112,,,,,,,
39,113,,,,,,,
39,114,,,,,,,
39,115,,,,,,,
39,116,,,,,,,
39,117,,,,,,,
39,118,,,,,,,
39,119,,,,,,,
39,120,,,,,,,
39,121,,,,,,,
39,122,,,,,,,
39,123,,,,,,,
39,124,,,,,,,
39,125,,,,,,,
39,126,,,,,,,
39,127,,,,,,,
39,128,,,,,,,
39,129,,,,,,,
39,130,,,,,,,
39,131,,,,,,,
39,132,,,,,,,
39,133,,,,,,,
39,134,,,,,,,
39,135,,,,,,,
39,136,,,,,,,
39,137,,,,,,,
39,138,,,,,,,
39,139,,,,,,,
39,140,,,,,,,
39,141,,,,,,,
39,142,,,,,,,
39,143,,,,,,,
39,144,,,,,,,
4,0,60.1078703411022,62.33497681789612,1.9324867116001387,177.62866348534618,174.6474931317942,124.95387096919792,128.70748189414556
4,1,54.39189776693725,56.95295085677305,1.4790052793210728,174.44482070904493,175.81301889290523,106.35763436858949,114.3947513487041
4,2,55.26129994399032,53.723406170360995,1.6498642974848812,174.6609022868466,176.09811814942705,100.55660503069004,111.25122934851709
4,3,55.26129994399032,53.723406170360995,1.6498642974848812,174.6609022868466,176.09811814942705,100.55660503069004,111.25122934851709
4,4,54.87089291813596,48.70468772681966,3.6901698926474857,174.86734519309056,177.99535941992104,97.1104530216477,103.50752685573796
4,5,50.14036068054192,43.51623026033838,4.8625097448488095,175.29582594114646,177.5624738174669,91.95952760270148,97.09768574501338
4,6,56.507378789076334,37.68016590906024,3.576604004883991,173.93414618299167,176.8563994528371,53.0376229507865,89.13710500058924
4,7,58.75059139987057,34.27358756081338,3.6881988915918256,175.42866435124415,177.2478725175452,121.33332774075603,85.8590686534117
4,8,58.649262200949785,34.37070802876121,3.4699142324112633,175.2663599719858,177.1692142039228,121.34118928218342,85.86606456570892
4,9,59.42113063443198,29.777500632655663,4.382151807849767,176.08578649701084,177.2321765230342,124.54738247818612,79.20097044786381
4,10,52.65576175222159,26.540626837013537,3.5978524017380367,176.88652134858242,176.60568665259294,113.9051078346699,77.80488969312515
4,11,45.55345225905402,20.471895992764487,4.1513727412223265,177.4234900103932,177.68144577539437,12.22994973477593,71.22192621089528
4,12,48.99100112465102,15.852292650643523,4.440651386576334,176.20565305957587,176.7685552734133,108.59649152233104,69.27733882229182
4,13,48.99100112465102,15.852292650643523,4.440651386576334,176.20565305957587,176.7685552734133,108.59649152233104,69.27733882229182
4,14,,13.624043869028323,4.580669922268374,176.9189366265275,176.82627230315595,,68.50000140732558
4,15,3.538788163177512,10.781220241562954,5.366186437162882,177.94158944850213,177.7449616480822,55.74720887773265,65.69498736596529
4,16,6.110330615746963,7.262983788085198,4.8775916236232835,176.2593350544139,177.86808865395642,54.076234257607666,63.87909980604248
4,17,7.498644275961697,6.0671540343420745,3.9363051521675945,174.10971340098536,177.8941442413398,51.61962819117633,63.714184357905424
4,18,7.577826278268603,6.062422469213506,3.968084459949037,174.0983501775607,177.9879255072884,51.427247031625214,63.730955851771455
4,19,8.04125863296766,5.353183626551582,4.0811525318866755,174.0348254934038,178.22261109428376,,63.359904765042806
4,20,9.656762099686334,4.639613206990818,4.464439594199566,175.5682596856844,178.33075273632855,44.1518581749491,63.60034822971938
4,21,9.713425596347768,4.880616643993625,4.518225386455902,174.72820603545588,179.75313605492602,48.56377346824151,63.14353772608195
4,22,10.985475450857123,4.360358825765432,4.30745673114774,174.66564019382218,179.05081032026575,45.98321624828898,62.87060463999786
4,23,11.035316696735068,4.385210746110316,4.396953783846649,174.70766719030829,179.23810766632172,46.1443759421204,62.93249258840045
4,24,10.850632593406834,4.028970260731075,4.656465868908401,174.71323671449875,179.26646102178205,46.39518444947664,62.68390822811071
4,25,11.265735646083655,4.230139087765457,4.503046113105943,174.69405043336198,179.42558472298498,44.981278063854305,62.78497623790808
4,26,11.66842033637406,3.776960203854258,4.35543457986488,174.2974927592316,179.66696419609693,44.24895094813058,62.27470873223686
4,27,11.59733337913477,3.446031580141222,4.57740109838467,174.69564792110586,179.7591875523169,44.333197805191645,62.389284436042146
4,28,11.519116907737684,3.377490812014692,4.5049609201582586,174.30295910225698,179.79268956086446,44.261372005326905,61.96321884035373
4,29,11.030787850708403,3.8042839586787385,4.1459466632904975,174.23547514306009,179.64807215040878,47.79076461062576,63.18069552065283
4,30,9.956099721407108,3.989804435140902,3.628115096353218,174.1627865652199,178.18818108204778,51.24715890354811,64.32397237686486
4,31,4.873089133645592,6.434511965342873,5.377963135830947,176.67454003216025,177.412131744494,11.432532331597791,66.83795570206054
4,32,51.60732845316665,9.857038766935972,5.5281817829820366,176.52116012994802,178.8048829704008,116.02268282693365,69.28922666137333
4,33,51.334016377214056,9.966174273082864,5.229727486343202,175.89148610775538,178.8384927689345,115.68844689729248,69.30877644998013
4,34,,12.014734785980725,5.751099746788996,176.2926262863464,179.1868444221469,,72.75520655433336
4,35,50.31797205811896,17.702987201198905,3.8443848714205626,174.3134035138678,178.14136736193038,120.31531789016331,80.4460023958354
4,36,,24.577898949695275,5.274527621006329,177.10667964869867,178.7464142392662,,91.89887439308514
4,37,54.21016054550567,28.45616235536111,3.731127664106099,175.52639803539492,177.88693551036832,,98.46036702329958
4,38,54.21016054550567,28.45616235536111,3.731127664106099,175.52639803539492,177.88693551036832,,98.46036702329958
4,39,51.16841482794847,30.677006366488648,3.5678129120440016,175.36858628930003,176.99346197535604,88.81794177454175,103.82877559502732
4,40,,33.66855018473768,3.0144257078102124,174.16290233317315,177.82651979348037,,109.85369965515068
4,41,48.89316437934574,39.52618176845756,5.074473820315784,176.16113067390845,179.63790311452888,91.72711312711172,122.96939342129112
4,42,50.77284324972418,42.13829287706031,5.333198335357315,175.0825036395881,179.7052884072018,96.9726511077556,127.6282375095736
4,43,50.80720328591605,42.13435830634949,5.498999567699653,175.47858580802858,179.63204637828818,96.37689151167852,127.62901180924916
4,44,51.82728725581353,46.37746609759273,5.483757259021707,177.08125862044542,179.5677427043215,98.17485877200112,133.9552942052386
4,45,53.127844081751824,49.264680637087,4.792284850395005,175.85775506087214,179.45506665004507,98.30259741391866,138.75909741617846
4,46,55.41126692629646,51.52179229325964,5.50881221278279,178.42616052496686,179.9916988009351,,143.3199918221366
4,47,55.90764444880422,53.891233422662424,5.269189523149841,177.1725576538406,179.09907606343126,125.8333919660034,146.4979700385441
4,48,55.87554531709237,53.96255709898862,5.593096199702738,177.36517512075926,178.61924133454096,127.79727218414658,146.42073581929523
4,49,49.749399834404144,54.79417625320649,4.787954571192367,176.67606159600177,179.65059261667002,138.104641090436,149.76000667517334
4,50,48.546976298737675,57.37364207404499,5.996769845008376,179.29832022569394,178.91648709250742,140.29521099755803,152.76653593038017
4,51,52.84744172437447,60.50943487992417,4.846402729237025,179.47385709773457,179.1212680554619,151.57582256196196,158.39506501540785
4,52,56.54205247557717,61.9548163730794,5.465008956551336,177.51839173312206,179.68295418168773,154.94112849285074,161.07634762369725
4,53,56.54205247557717,61.9548163730794,5.465008956551336,177.51839173312206,179.68295418168773,154.94112849285074,161.07634762369725
4,54,57.371328515334945,63.55988218274962,5.446011314388436,177.68505597032745,179.89304955472656,154.9115005782069,163.15284539471796
4,55,59.16571256477605,64.35700865993624,5.69955012253598,177.66254735226093,179.69778072700362,157.57231935743127,164.6110071139132
4,56,64.54250225420462,66.79233117146427,5.868905765905612,177.3717765336231,179.78997773610035,154.3326557314884,167.8646367171024
4,57,65.12740001161593,66.65179478902233,5.1889486495136445,177.5758361053113,179.11054774742823,148.6316614940401,167.5323801542344
4,58,,66.8168652286721,4.816420165466126,178.07808982455882,178.10303206327197,,168.41193900908684
4,59,63.275647706533874,66.59112728375749,4.601806973219578,177.6449537301515,178.21697855312323,161.4974443869964,167.73227752835342
4,60,64.08383453029127,67.03063134430977,4.4878761173793675,177.3578878827705,178.3545424710237,162.1308760175457,167.959262693634
4,61,63.4312092980447,67.37720254961279,4.617988044318507,177.6841315902382,178.4776777829404,161.3227099645913,168.1365717417894
4,62,63.186839323996,67.46993817374461,4.78995993440087,177.42056349845103,178.62171667483645,161.2188739844893,167.955733651354
4,63,63.26227266376437,67.36461070823601,4.313016138005116,177.2471369761499,177.89618486508766,162.34660500228657,167.64797813573583
4,64,62.17867291941499,67.22695529386897,4.415259050764567,177.3504105394633,177.8456800055819,160.5057655721029,167.36951432061815
4,65,62.15779356129243,66.41624391406803,4.611029573523947,177.2847483989501,178.5546485370343,160.747456122009,165.75969331915095
4,66,65.35726286004083,64.3074080172798,5.051772357858997,177.18394030007588,178.9177963345488,129.8704080110325,158.81638451228935
4,67,63.696845815928135,63.527791203304936,5.5442371283418135,178.43627655958426,178.9283561320567,,156.35016744844626
4,68,63.696845815928135,63.527791203304936,5.5442371283418135,178.43627655958426,178.9283561320567,,156.35016744844626
4,69,61.47689255089924,60.27316217725042,4.16015636632768,177.0321533019874,177.6657359204842,111.18762846693312,149.37083570625472
4,70,59.031314734684734,58.9515560137467,4.212530528841016,177.6667958740995,177.27795189787395,113.59150532569146,147.5550645410573
4,71,51.412620442358794,54.531100273889656,5.283182879611018,176.8911901230186,179.38645041635843,119.1096445404826,134.97327853011788
4,72,53.7978650134363,52.281003637891736,5.228745403425782,176.7596465279622,178.96617873805172,105.58746929842869,129.5602273474322
4,73,52.89745463944217,51.90941699404153,5.75955911616681,177.2392552180469,179.27948531744985,109.1329320664666,128.83126279870325
4,74,54.46051293319756,50.16417278633702,4.727182627474182,176.0776694000099,178.80487380937586,102.68702483797748,124.37095431559196
4,75,53.44926360942318,48.537379883069015,6.322823820928634,176.75481764105817,179.82884564524588,98.7503386828752,119.16076130289709
4,76,50.354230898039766,41.40824302302437,5.888761363362532,174.7427564402266,179.44573417836986,96.5048879969242,106.44685475535368
4,77,49.630139242447136,39.73570811135173,5.505716015730714,174.375995877081,178.86678027208913,81.18359769852195,102.23766140070006
4,78,49.71761974518512,39.758027790829345,5.483982334438121,174.13487214034268,179.001538286059,80.45620279457552,102.23874995327584
4,79,,37.436099465524414,5.8724698118269725,174.99076153901822,179.979643575753,,97.6835683337714
4,80,52.18763750096584,34.94458434857016,6.858606275851825,176.61276378990394,178.5606492895186,59.646627420974326,92.22788821108836
4,81,55.335125000811765,29.566382360237135,4.889443786064832,176.06089562527998,179.07653036916807,124.77372602086577,86.00739013865496
4,82,53.088189812990514,26.060239986510048,5.081334779525913,176.52204720742557,178.2542913680825,118.3301136725473,82.03438490566306
4,83,52.872505562938976,26.100781033518366,5.148219910677091,176.46297254032106,178.49303834952246,118.17659448659964,81.89667671720228
4,84,50.241065576028085,24.367852335515888,6.164611763108025,176.76757888711757,179.10434074476422,115.07320202314897,79.74036168360472
4,85,48.69809150266359,21.074210145401413,6.4190012225340505,175.52825721502347,177.4070477313908,113.1704052644773,77.07961957061038
4,86,42.5243093226538,16.04449149281585,6.198156488999379,177.84711093914484,179.59807213469048,105.00678119835668,72.10498510036913
4,87,48.62424235538932,14.250518764983031,6.297366272960529,177.5010605176228,179.13367707760008,110.880239383889,69.12216466151212
4,88,48.56307469118018,14.294490785940411,6.385908462752753,177.34698279977172,179.5952879695002,110.59398424346227,69.04155645981524
4,89,2.772176214016093,12.452567075316267,5.642920622336176,176.5757365416485,179.00778518956537,56.330124507316505,67.98478398849548
4,90,5.292631537213209,11.524915619098053,4.63707961201855,172.50317964036114,178.62612612211126,52.68694928923354,66.99413896974409
4,91,9.110309850363766,7.426474577019506,5.771710135543736,174.624849346718,179.3654934909112,50.23735062716919,64.83813577643804
4,92,9.442627567246063,6.099576358152637,6.314590301119993,174.7600188554787,179.97840800289973,50.95142582304345,63.956165578307285
4,93,9.442627567246063,6.099576358152637,6.314590301119993,174.7600188554787,179.97840800289973,50.95142582304345,63.956165578307285
4,94,10.445652340590218,4.820756182583336,6.217307694024796,174.7939115150054,179.90197961968977,49.823782317733375,63.25031721054854
4,95,10.903014948157084,4.772629020398163,5.893108113524756,174.15591890899935,179.8660040842405,55.49901173456711,62.767811451296105
4,96,11.206999972629909,4.3564518673486,5.851120743616255,173.68925399119814,179.41561612439943,55.779277968265234,62.71418750263738
4,97,11.013326877343,4.254034949660543,5.803812590366241,173.93651290684892,179.7788702086293,56.37098436429589,63.4101727618978
4,98,11.013326877343,4.254034949660543,5.803812590366241,173.93651290684892,179.7788702086293,56.37098436429589,63.4101727618978
4,99,10.41357479103745,4.124280798813602,6.072826756731182,174.740525948126,179.76088561220757,51.039903077304686,64.69072867922594
4,100,9.608580098793295,5.715875805138118,5.322597325659295,174.36964338875245,178.9932641387164,52.5095972312156,67.18935775078806
4,101,1.2928910492382166,9.603540824356864,5.5925016235760285,176.58651179822118,177.76445107195386,58.033908281445626,70.80633064457733
4,102,,13.720302745405792,6.206535347989171,176.9660942301724,179.8701897404968,,75.9910212902139
4,103,,13.621376473523108,6.55059814389195,176.86789208518286,179.54736053883138,,75.96316925256089
4,104,,16.675552245204273,4.763006372299509,176.16461631335616,178.84522070919573,,80.49818137313365
4,105,,21.450191000577934,4.952757240376593,177.20011637677158,178.48410565041934,,87.27612767932942
4,106,54.48686517353648,26.34595831536409,6.415095963662171,178.57795952112502,179.748172055015,130.51132939114015,93.11518074652028
4,107,54.18589129142447,31.690717735665785,6.006238713720187,176.37745161723473,179.82276293703788,62.85702951959408,101.12957148431416
4,108,54.18589129142447,31.690717735665785,6.006238713720187,176.37745161723473,179.82276293703788,62.85702951959408,101.12957148431416
4,109,14.264994638778948,34.21228648229365,5.605709858439721,178.09814060758262,178.59814758924918,63.989027354344245,107.421304404113
4,110,47.62842923401547,37.43839493800274,5.457895124891063,176.8036745391405,178.30793656853004,88.10509593340552,114.97865126851694
4,111,49.32114948002641,42.370023283798105,5.490706639353328,176.1958470873002,179.10524305677603,93.04153434515204,127.66168390056824
4,112,51.19744655331367,45.01434762209581,5.124167100319216,177.29967743033123,179.09868179376036,90.97201793717277,130.6730996437159
4,113,51.00194701712678,44.8001913685904,5.202145358985364,176.9114370462696,179.56047569344867,92.4837099930282,130.51232931077516
4,114,52.53932024729833,47.3618052825143,4.797434373220222,176.22846467626482,179.7064984736485,98.1622062835257,135.93704100006389
4,115,53.686283489919546,51.2820865322414,4.412189166847017,175.51630510037396,179.1231326429391,100.64708047772176,141.7137578744243
4,116,46.07455549088749,53.54538352228073,4.880601281135688,177.13904457606884,179.46353620810808,125.31165707526657,146.89428582855365
4,117,47.999406122037065,55.48396837899399,4.835303007666644,176.81069853935765,179.71265154873237,130.23237442573895,150.02309430343416
4,118,47.999406122037065,55.48396837899399,4.835303007666644,176.81069853935765,179.71265154873237,130.23237442573895,150.02309430343416
4,119,50.136810797670805,57.49000276785117,4.596590806696886,176.48166700339658,179.72596302013554,136.19610460016017,153.03838960354904
4,120,51.48768403859168,60.13351243659549,5.531411635893147,178.98616351804307,178.86049044986544,144.18121421570325,157.1633783450552
4,121,56.54901810524502,62.905610240985695,4.433475829583698,178.4362300796023,179.7029385415468,156.5262996534368,163.43397420709175
4,122,59.26786797099324,63.4457693184125,4.52137079931255,179.00500622319683,178.97229492993392,156.54193311938127,164.16201389334432
4,123,59.26786797099324,63.4457693184125,4.52137079931255,179.00500622319683,178.97229492993392,156.54193311938127,164.16201389334432
4,124,59.806596274904216,64.70279823120912,5.1140033986726845,179.497785894963,179.3893040961655,159.8444098907083,165.06400430244298
4,125,61.27681890136824,65.32680979076616,5.278475385877467,178.31322783417383,179.4772911742818,158.75860901713355,166.01860862377515
4,126,61.685265136089505,65.47245369497074,5.211215612184349,178.58117772203008,179.49697193304596,159.2031873774877,166.2438179369437
4,127,61.99021267434748,65.5314626301961,5.252073853347711,178.30362017896468,179.9074836249494,157.89406787596303,165.95025105468264
4,128,62.02093502678082,65.5478313098907,5.2838589056972305,178.34637179204597,179.9600080419034,157.62652223873192,165.6791557795584
4,129,60.768864803155154,65.13693506461892,5.403936203443331,177.89271712550408,179.99647999976537,156.11794750135212,165.16106865740764
4,130,59.40753927041411,64.38113234334077,5.317042729889473,177.28425686906462,179.8526606521336,158.8251907698348,162.68842847422735
4,131,60.194522069808535,62.10241554679825,4.996952304544736,179.04377958358742,179.76403039295775,116.82926405486457,155.60259440417332
4,132,51.65568336446092,59.29425438527573,5.331985740634621,177.53586573595584,179.9829179934142,126.90076512891603,151.52166160299538
4,133,51.60930028674866,59.31352077077833,5.287213955531181,177.4335085876342,179.82105377423554,126.88230592583504,151.72614922025642
4,134,55.17960369986681,56.91206428418399,5.441614354980436,178.16248546510408,179.95595985258927,116.07470646703575,145.70405102004807
4,135,48.08417800949899,54.92086561377674,4.619083451290065,176.96895377115607,178.48866714958643,118.780020689314,143.18581214501955
4,136,51.62096369869214,49.82909180510842,6.343531295712691,177.70998655543366,179.5209276237602,106.23218678839145,129.49941253047027
4,137,51.48998134271013,46.44452767561871,6.271691735683028,176.56386540782796,179.5342908888944,100.54986318181886,124.3329532121759
4,138,51.48998134271013,46.44452767561871,6.271691735683028,176.56386540782796,179.5342908888944,100.54986318181886,124.3329532121759
4,139,50.69817587037788,43.4699878478865,6.956146037838155,176.28262837257355,179.05343989139408,96.8248993282942,117.05860842666247
4,140,48.509839713539726,41.32710648743192,7.14760250232577,176.34075970513197,179.01324205986285,92.64724515723896,112.56642456558572
4,141,4.021539712949128,36.36534594865471,7.285111142740351,176.95070627804205,178.48644539719206,80.7565111813591,102.045441397869
4,142,5.449922542434208,34.03842549960979,6.637974932971492,175.73021329754852,179.75722753418538,76.57659297292489,97.65820250612816
4,143,5.449922542434208,34.03842549960979,6.637974932971492,175.73021329754852,179.75722753418538,76.57659297292489,97.65820250612816
4,144,55.39789405592305,30.739727498790646,6.851813125853528,176.31211884116917,178.46538287039314,127.92276781164288,91.7169251242917
4,145,55.44169964811886,28.02133041201665,7.072675073108984,175.94738124223346,178.7806840728915,127.95410564341503,87.60582992996375
4,146,48.86328826354736,22.72326075131419,7.468930923986657,175.21437655651513,176.5709369369974,114.69114849610416,82.55021530787259
4,147,47.37454109235387,19.8117179839294,7.643977604892519,176.42377669201676,177.0966293138223,114.62701781471448,78.37937081423526
4,148,48.20143954887767,19.867584177192235,8.331583415651197,176.24018798257762,175.4040488662187,115.59047944048528,78.5441371871732
4,149,,17.239502790272134,6.850777435938791,175.96783621535425,178.61128783449945,,77.19065477667031
40,0,45.340511846984775,52.528384049326704,44.26639297175813,119.27458733870225,32.53009249392163,169.32499571815765,177.01556369708928
40,1,45.61164350187277,52.2770232027037,42.87249137641603,119.7060028599493,28.08443881826484,169.38970099091577,177.12804663177786
40,2,45.640206302371354,53.17304506490422,42.27231970838004,13.381243249588833,26.20975430836446,169.79518502770154,176.97840907942688
40,3,45.53227330592236,53.7155460084126,,119.0651726702894,,170.0326282434659,177.1428555438395
40,4,45.24775470402168,52.283155836610575,,119.34064034926108,,170.4800366326185,176.89832772108286
40,5,45.37207152724677,48.917448619007615,,6.079334261323202,,170.13355152994902,176.18777847861492
40,6,42.454681356447146,50.02652398353579,,53.2414328630244,,171.09350747848933,175.21225165707145
40,7,41.76971388053946,51.86758517640585,,144.18977717000405,,170.93211369978593,174.4935688952685
40,8,41.450282110350535,51.43813289420522,,143.51707652832826,,170.6796280746825,173.33360938580623
40,9,41.571589376693616,47.51406372851338,,,,169.61758565023504,172.7115792757659
40,10,42.68437156211311,43.031052733485744,,,,168.37393819086537,171.6016315012871
40,11,43.28497731811769,46.73566702475029,,,,165.68043577106533,167.64793286683022
40,12,43.55253340268966,46.94658971133666,,,,164.34924928959674,165.8378263007963
40,13,,,,,,,
40,14,,,,,,,
40,15,34.10306803103525,50.37808486317331,,,,156.99604585425118,155.43651203212303
40,16,,,,,,,
40,17,,,,,,,
40,18,,,,,,,
40,19,,,,,,,
40,20,,,,,,,
40,21,,,,,,,
40,22,,,,,,,
40,23,,,,,,,
40,24,,,,,,,
40,25,,,,,,,
40,26,,,,,,,
40,27,,,,,,,
40,28,,,,,,,
40,29,,,,,,,
40,30,,,,,,,
40,31,,,,,,,
40,32,,,,,,,
40,33,,,,,,,
40,34,,,,,,,
40,35,,,,,,,
40,36,,,,,,,
40,37,,,,,,,
40,38,,,,,,,
40,39,99.03939999058235,139.5838941693822,,40.639283541709624,,80.07935840371309,78.57190976189953
40,40,145.97303138483556,175.17272240296248,,,,103.82865804740956,91.55654482945508
40,41,,,,,,,
40,42,,,,,,,
40,43,,,,,,,
40,44,44.54199279582742,54.74168248292028,,,,144.51350859655764,145.29593517165196
40,45,36.910504740317975,51.84192666032116,,,,150.759754205714,151.94564578267037
40,46,48.49102684435979,40.854166803977186,,,,160.37269555988388,160.01265953333365
40,47,,,,,,,
40,48,42.73850040138392,44.928066995336586,,39.51679741531861,,172.88858458043822,173.54981060307787
40,49,46.32873928104726,50.83643084364624,,8.258195079079249,,173.33597692923806,176.94390234552316
40,50,44.34643022197186,53.50462512564604,147.5512569098493,6.533109532888547,27.90620814833766,177.49550741674636,179.44081876476443
40,51,43.74219089606631,53.8474764631028,48.919366079591875,44.25701480488311,25.277633694226417,177.54836108740878,178.71210829582213
40,52,46.36610595917257,53.59210093106155,51.52449027581157,60.03232704379527,35.69584736065598,175.24495543035366,177.44235844958288
40,53,44.73572839286411,53.12585540988956,,40.998263151741305,,173.969085385291,175.8483648725116
40,54,44.37590978404133,48.50442316650235,,,,170.40157409474205,170.94092418696988
40,55,47.32581438136318,48.24442271653712,,,,165.01735068330493,166.36488740039516
40,56,47.5573457608145,51.97275973687032,,,,162.90683585554297,161.54363476038637
40,57,48.279025584106435,39.914373144664424,,,,159.59972762154524,159.4899072383203
40,58,49.022946479180646,46.554066882397045,,,,152.20455578933385,155.23962653063828
40,59,,,,,,,
40,60,,,,,,,
40,61,,,,,,,
40,62,,,,,,,
40,63,,,,,,,
40,64,,,,,,,
40,65,,,,,,,
40,66,,,,,,,
40,67,,,,,,,
40,68,,,,,,,
40,69,,,,,,,
40,70,,,,,,,
40,71,,,,,,,
40,72,,,,,,,
40,73,,,,,,,
40,74,,,,,,,
40,75,,,,,,,
40,76,,,,,,,
40,77,,,,,,,
40,78,,,,,,,
40,79,,,,,,,
40,80,,,,,,,
40,81,,,,,,,
40,82,,,,,,,
40,83,,,,,,,
40,84,,,,,,,
40,85,45.36031831479892,54.72683945846064,,,,147.7471026231098,147.98149841622404
40,86,34.504949183442506,48.255316143736394,,,,154.28721003485998,154.3752636535703
40,87,44.8143730990683,41.719641401891685,,,,162.8821468566024,160.95492092103927
40,88,45.89800251772123,49.45917636258728,,,,167.24385519757757,170.56989507800415
40,89,46.40351647302419,47.464203929471694,,,,171.7938441821879,175.65692449938066
40,90,45.69126448688319,50.40905303281531,142.38754322774247,9.80412569881756,23.110184113865262,175.7763875293182,179.24572625710252
40,91,46.15472609050529,50.29806938475176,140.4969120510219,10.123013555735582,16.30911167734253,176.77621218624108,179.40111789530303
40,92,46.61363034183317,50.432629645485974,140.39804853523978,10.46645616482252,13.343730153818202,176.01768602274882,177.8991282373827
40,93,46.50984188223394,51.577820467569744,141.5356453566854,9.203634147463,15.35811055238599,175.02009854930776,176.71261320214663
40,94,46.94673846877792,52.61600946028928,143.22313333243784,8.311412961680904,17.13971872797798,174.03507946582627,175.92464959476362
40,95,48.062748679407115,54.27774472438718,54.221715206858015,150.3249524434773,24.769244531996964,169.87501388919836,173.29159484646067
40,96,46.50788971030418,56.07472887862907,,115.32486857014092,,168.73346176855634,169.52326747855852
40,97,,,,,,,
40,98,46.850286678960366,41.3525915737943,,,,161.28130438201902,160.48820631064137
40,99,,,,,,,
40,100,,,,,,,
40,101,,,,,,,
40,102,,,,,,,
40,103,,,,,,,
40,104,,,,,,,
40,105,,,,,,,
40,106,,,,,,,
40,107,,,,,,,
40,108,,,,,,,
40,109,,,,,,,
40,110,,,,,,,
40,111,,,,,,,
40,112,,,,,,,
40,113,,,,,,,
40,114,,,,,,,
40,115,,,,,,,
40,116,,,,,,,
40,117,,,,,,,
40,118,,,,,,,
40,119,,,,,,,
40,120,,,,,,,
40,121,,,,,,,
40,122,,,,,,,
40,123,,,,,,,
40,124,,,,,,,
40,125,,,,,,,
40,126,,,,,,,
40,127,,,,,,,
40,128,44.26860897873264,62.015735436381874,,,,140.48400070069678,136.25562386521074
40,129,39.27348684346109,53.34812653825657,,,,146.6107130027009,144.67570941648756
40,130,,,,,,,
40,131,46.896519341069926,37.74607771341859,,,,161.97865403579345,160.94456324565255
40,132,44.48950234542052,42.42882546211364,,,,170.5486655239943,170.344901718453
40,133,44.24351143639765,40.26658619998251,,,,175.5543898024035,176.7995973169675
40,134,43.25231011349246,39.45221552995278,,41.916342594989096,,178.98060135317976,179.64714794558927
40,135,42.7568712515834,40.83705042966248,,43.12362023108775,,179.03270510345368,179.55618042160202
40,136,44.31074728521552,41.42280845122836,,43.53974554603328,,178.2773501944056,179.65948620735597
40,137,44.76250705926527,39.73217679634524,,,,175.38634024799163,179.45831792924997
40,138,42.8771725499465,38.42186776411502,,38.61354136975744,,172.56407292816337,177.4653482521325
40,139,43.62610370804074,38.930064067491614,,,,168.63230217011736,170.8344463131939
40,140,43.22717672009863,39.040121194546465,,,,164.8982961550073,166.00494729178996
40,141,43.93774413778869,44.03111151334158,,,,162.38102425169404,158.77098484012362
40,142,43.812351414767974,45.7704458153932,,,,155.4342719568879,153.33827578659617
40,143,39.46054864551059,48.26690065732149,,,,147.67090589591683,149.5275277120299
40,144,,,,,,,
40,145,96.8212552033017,58.12634473753515,,,,136.20082329458458,134.22734403241884
40,146,,,,,,,
40,147,,,,,,,
40,148,,,,,,,
40,149,,,,,,,
41,0,64.83109650768381,7.039733691017708,40.33357232543228,133.65594170521717,154.19465729838254,171.94901982819212,156.9687752449952
41,1,64.92579163447742,7.160446495785145,42.06337934210261,131.8628186496965,155.00443437620297,171.6611913103548,156.59795714615612
41,2,64.38217631882344,6.907579232020908,42.19867543777915,133.6330062265025,153.20302288447434,170.56770177807078,156.4063407941028
41,3,64.79536795027835,7.312219805461821,42.7911721816375,135.548872759044,152.06230572534898,171.35825174598858,155.6690607176392
41,4,64.37861813441317,6.116242044180964,42.50348856217304,135.44757028898158,152.57215114739998,170.221618468587,155.4982691506098
41,5,64.37990265790651,6.156646437772193,42.5960944390021,135.28686913739128,153.13776669642422,170.2415266493744,155.72679231959026
41,6,61.30592541471379,5.354558104853988,43.24839984592945,135.05089343035215,152.00331315400837,169.4336920715134,154.354571316468
41,7,61.40900305345063,3.4062997642703334,41.43556357033963,132.94432903283425,147.2237990507862,168.61145121922692,151.23404341976087
41,8,61.90578373941162,0.3812636394352698,47.856555400182714,129.49461126566868,152.97237454268097,166.75372470909596,146.80488488594034
41,9,61.480734821780594,1.6666216831607228,56.984214190831295,126.0695158553912,158.85451583609807,165.5561884017955,140.8542467121829
41,10,64.27794465879211,2.509949075716065,64.74610567859578,115.87142296076196,164.4694024741806,168.22492262723384,133.4643741104428
41,11,64.27794465879211,2.509949075716065,64.74610567859578,115.87142296076196,164.4694024741806,168.22492262723384,133.4643741104428
41,12,66.67728797117299,7.483682616291152,74.44003209321285,113.31763367199083,158.66560806133808,170.45297229070874,128.840318373666
41,13,66.9891872902778,9.182442258057971,84.13278028807356,107.57699280865148,165.25167924967434,169.68913360787798,122.76768342608987
41,14,55.34831561227731,14.09658143744018,,108.18998269260013,,155.95084174741206,114.27048310015422
41,15,77.75937086453264,15.379254507473895,,98.96357436552384,,176.66891614037655,110.84114238758757
41,16,97.43369926110964,18.60777475940378,,,,166.78205818061392,105.77967422012988
41,17,96.94949407635048,18.630666315188417,,,,167.28889923655964,105.70528626291303
41,18,71.45233187322565,21.940774882268833,,,,165.20545859452108,100.12356733557915
41,19,,23.853844262564177,,,,,95.21837072708344
41,20,,26.484307099198283,,,,,91.23621120066198
41,21,,27.972873327086784,,,,,88.49997623711212
41,22,,28.117077305051716,,,,,88.00706526925954
41,23,,27.98498524446049,,,,,88.2497418662587
41,24,,30.206711955804455,,,,,82.9284818819194
41,25,,,,,,,
41,26,,27.324424161699287,,,,,84.97972772963494
41,27,,25.935528362791658,,,,,88.32557490425484
41,28,,25.453025796297997,,,,,88.46693135540777
41,29,,25.014886241600045,,,,,88.24181279393251
41,30,,25.18299638023316,,,,,88.44465644226887
41,31,,26.304574859321747,,,,,87.80350162567017
41,32,,,,,,,
41,33,,,,,,,
41,34,,,,,,,
41,35,,,,,,,
41,36,,23.011460804285115,,,124.92694140286494,,86.17579255989904
41,37,,,,,,,
41,38,,27.33436200071807,,,136.15565863442524,,87.0708748482031
41,39,,27.982937929184367,,,141.45596715437603,,86.32044047109133
41,40,,29.60497344105637,3.5700327376913,157.6234253884275,143.67668756508917,,85.33655474217377
41,41,,29.61118523273116,2.232333519234395,155.40653646510827,144.12242466983562,,85.51125273449081
41,42,,30.76078149783132,2.9429714823230766,151.5649054852824,149.70474810311717,,83.26323827906334
41,43,87.19536782326908,28.90707713935284,5.337582920382751,170.9788081835555,137.44574933329088,168.83589721026124,87.32447509594599
41,44,58.23206849149192,24.84257484528709,1.655241749540215,168.0057797222892,147.01704474224695,145.52815611497158,92.03044689333328
41,45,59.770557431559766,25.59795856286806,3.796877973595357,173.44593888928097,141.54622722363015,150.8366035669765,98.03340256886744
41,46,75.2829376142958,21.16410589278424,0.8815823984967391,179.11108349499932,164.90813759911626,168.6159790582996,97.94855253089789
41,47,75.2829376142958,21.16410589278424,0.8815823984967391,179.11108349499932,164.90813759911626,168.6159790582996,97.94855253089789
41,48,80.45045537687481,17.878218231533932,,,157.16704546091918,177.52501024011843,105.066024150473
41,49,65.53796498189054,13.268519286388536,72.01224294374023,122.55865845512996,160.84733239903608,167.49083170103606,112.82506087808846
41,50,62.26175792416109,10.475454338867436,65.52591775996348,125.01814352881344,168.20473942560574,167.74343467652136,119.49429931110778
41,51,61.83989861167818,10.641478588778808,65.67344302516925,125.42564888822716,167.96334198161085,167.28696793732706,119.47841754758618
41,52,63.29630521167001,7.677984856831952,57.763104876746326,131.21688927831343,164.7667194842573,167.9063106019391,126.3983760898601
41,53,63.29630521167001,7.677984856831952,57.763104876746326,131.21688927831343,164.7667194842573,167.9063106019391,126.3983760898601
41,54,61.01625399416934,3.8520698293765463,56.95427750115344,132.5708996976757,163.41837045041342,166.15299163879695,130.81785532244984
41,55,58.42060329599964,1.3016166171600694,57.54506883562363,133.6293320614619,159.1113785743994,166.06050128969056,137.44211966499105
41,56,57.29267465097732,2.143362601134911,51.736811465272645,132.73051196117402,157.9437396849635,166.90390773575842,142.44164526861232
41,57,55.25238180334137,5.079929259508556,,,158.87715112886352,166.97790469075224,149.05103313401904
41,58,57.59042115515787,6.972605333890295,48.69648376781172,135.08822498605028,158.5519295264487,168.43624914041223,153.24157110130466
41,59,57.67414296248753,6.863581310170834,49.02873728391801,133.25475868314936,158.55733277287865,168.49845500753713,153.06011072627302
41,60,60.27176265155459,8.095303358698121,43.27250222936376,143.1302424937037,159.84642172308705,170.63589900173233,155.14656581709897
41,61,60.588868393919455,9.036666808924911,2.240526980062157,172.72334671239963,159.6391631989551,170.17162555031464,156.34999927783335
41,62,60.31332501405894,10.129572347828006,1.5207506658639265,170.19549000256274,161.1827157286079,170.24112955148385,157.04224915367138
41,63,60.98471836909216,9.680771625862834,3.5435409659848354,173.15901578255642,161.11292921235923,170.11895491616346,156.09425309145445
41,64,59.780109666215935,9.53739349553209,3.4372901921036987,174.82606982453834,161.90219777232636,168.5388028832645,155.14375876392074
41,65,59.780109666215935,9.53739349553209,3.4372901921036987,174.82606982453834,161.90219777232636,168.5388028832645,155.14375876392074
41,66,59.808791708744955,9.3204330078808,2.890883539580698,173.16955592125038,161.03440682327326,167.31119086218663,154.83675630221347
41,67,59.56632757465519,8.828724900909773,2.9643384842606073,173.0433679211484,160.31290246601714,167.0722019606931,154.4231860907646
41,68,59.983296720648035,8.892882431697657,4.177280898397372,178.1328291516638,156.69614924344356,166.90538868541194,153.22021135823786
41,69,60.10822216320778,9.271518595604316,4.303111184562922,176.72987774058836,156.65171432955742,167.24737478789774,153.61979177264809
41,70,58.908993054101515,9.24283154321944,,,157.5351842998681,166.41067454871427,152.86390662564108
41,71,58.92980793515122,9.314226544326354,,,157.31303380780605,166.5765793925202,152.96735426968266
41,72,60.04101812326459,9.203582642167367,,,157.94338061579464,168.069478699888,152.54455969251222
41,73,58.684606637091534,9.27385734461832,,,157.64611419912822,167.01814921557502,152.4359498538687
41,74,57.95984875568331,9.381361023114213,,,156.03316593729113,166.21810332666735,152.8173794831212
41,75,56.49362011856855,8.073625338620184,,,153.96145244666144,165.08883586110437,151.00988098953476
41,76,57.40115174494386,7.697356176148323,14.615988062497742,152.84585470927072,154.15927538088684,165.36367057227915,148.93250631715688
41,77,57.40115174494386,7.697356176148323,14.615988062497742,152.84585470927072,154.15927538088684,165.36367057227915,148.93250631715688
41,78,55.4675455523145,5.892029499064322,,,155.96549433378928,162.51808599318812,144.04884068075933
41,79,56.5884793234432,2.9712484429610515,22.695032502623388,150.63194304241563,155.46601000260733,161.15376184953098,138.75613858028998
41,80,61.17643427343751,1.589328467630192,21.91454189747352,160.13983456625022,157.2752550934346,161.59004011911904,134.8067915794456
41,81,61.08502960238532,1.4618550449634704,21.131870818931993,162.22717548858347,157.8907088710143,161.56463285595146,134.9914024688233
41,82,59.95308110155312,0.9232557856812724,,,152.95583205198105,161.64798650546638,130.61979816116636
41,83,59.88931996825134,0.942563762873603,,,152.94882087496993,161.61562639033983,130.7285937405724
41,84,55.70325563416173,3.860586920253251,,,148.4885739257602,157.86443457029435,125.6571456503826
41,85,54.94438413187831,6.265050384199955,14.61149666976304,167.01533857030907,144.99341611527558,155.2621931432564,120.22039960984988
41,86,59.05473925185625,7.38202935110249,11.054581595978288,166.4088150497382,142.27714638145525,156.93034522257338,115.24826319971014
41,87,62.764023281380005,9.887468723872388,6.350634561729341,179.95981515146642,141.0366619871412,157.4331182682552,109.26669317378006
41,88,53.75057954555826,11.62702743209463,3.2230230265525206,176.31188160094214,138.16131497560002,144.73780985657572,103.55836915110427
41,89,53.43542592730858,11.578628462626094,3.188867655783456,175.4179052660368,138.00075987585436,144.3762425921436,103.56032613218235
41,90,56.17394457241559,12.746937437041822,1.7572966489114277,174.91914417344742,135.22290368662158,149.17668692504287,100.06453828413775
41,91,43.639497937579975,14.67578760669389,3.1152917037523613,176.8836798292307,133.1305118292533,136.62012366350976,97.06127698380544
41,92,66.21040058199765,15.53755380401932,4.356234516640357,173.4770383385796,133.84381479347448,148.20938045262702,93.58844756509524
41,93,62.81081827980141,16.411760706104285,3.338730222033369,172.66805667985855,136.71526397826275,118.72500762452718,90.657861726062
41,94,,18.257051141279653,5.764994917888139,171.40209025343108,138.15374991047895,,89.62857188039845
41,95,,18.10757217475659,5.893773338564344,171.10516502660906,137.85872725741427,,89.60636317452064
41,96,,19.524707081888575,5.23555340326297,169.79978912118673,139.69450927405802,,87.47316466515586
41,97,73.12501431427792,21.25234899499787,1.721693983593717,178.70334068333025,142.04027510161342,6.020920104234841,87.83157138054396
41,98,74.87725833934742,21.68373315603899,1.4939443242590669,176.1603088285101,139.5441652266711,4.927993786425539,86.65584484386257
41,99,,22.158335017478024,2.2296178491441125,173.44992777391622,139.93902073924366,,85.26311167731069
41,100,,22.422466260451618,0.4215511566981122,173.74899348859472,141.88158730075585,,86.06297539785629
41,101,,22.422466260451618,0.4215511566981122,173.74899348859472,141.88158730075585,,86.06297539785629
41,102,,23.297975775269165,0.2754262454539061,172.8482333288483,143.09501860476126,,85.95275240025622
41,103,,24.23583807371191,1.085426227782342,173.84214711625512,145.28979197563388,,86.56700351319995
41,104,,24.290854429698477,0.2489063373304733,169.35345512276749,145.97428434199165,,86.75369304948535
41,105,,24.219788906008116,0.131406475279349,167.6904682106738,146.11211846635274,,86.57625499489855
41,106,,24.0983287943011,0.6441024195757051,168.42457856997223,146.1183276543383,,86.40685983556007
41,107,,24.241309371608786,0.7049347162180662,168.1921808517704,146.4973279666274,,86.48567007429472
42,0,56.029075939245246,65.25255550893189,2.301292534840019,168.1853574666483,164.65822579162304,144.60072525445187,161.33024243349618
42,1,55.996170798219254,64.8952600905463,2.359994422387792,168.2762096626277,164.36358545979343,144.6340938796102,161.00616329994554
42,2,55.697811758808975,64.34388805639539,2.341128945522491,168.13954134809487,164.9060909219281,143.92137241184813,160.20268007039945
42,3,55.697811758808975,64.34388805639539,2.341128945522491,168.13954134809487,164.9060909219281,143.92137241184813,160.20268007039945
42,4,56.05071497652304,62.4015864563712,2.374680195694056,167.78374906262772,165.69059581900527,144.32959714865748,158.10169819241568
42,5,52.91654533218378,60.58175150819597,2.0781158355401197,169.42468434260098,165.59761319703406,143.058382126915,155.44681110983524
42,6,52.89360266388976,57.54643541813196,1.908964698014073,170.40522076889593,166.20581047323373,145.247352942594,150.9854387430957
42,7,54.60096926658573,52.322779082389914,0.4543334228533819,167.6565245871793,167.4845291574414,150.13376574537935,143.9649551464762
42,8,53.49185847213931,48.135998883299635,0.4248216022332199,165.98368427184,165.78548892920386,153.77663369035082,138.36768452344285
42,9,53.08109283017637,48.18736093095834,0.4185256552437599,166.07412396937846,165.9986325407537,153.7547434322143,138.4107510404791
42,10,50.094056176099095,44.15205355952736,0.4453257906199622,168.11674612643756,165.59619673974407,153.31972132690504,132.09272797970686
42,11,43.38186350753938,38.56215822681695,0.8980207583728462,170.22400060558633,164.88407377518558,146.48977671694402,124.31633847845984
42,12,37.58661681686389,33.85512688311879,0.2638763376347715,166.82970873976663,165.45980836678365,141.90863726870447,117.42561053342644
42,13,33.84855923022846,27.336910554277697,0.2190782085097082,166.9539251700208,166.88964519621808,128.06283180041805,108.09376698740024
42,14,28.919454205085795,21.228918341614207,0.4204495701190666,166.1381578786939,166.1385518075353,113.8650432403236,100.27905127360184
42,15,28.919454205085795,21.228918341614207,0.4204495701190666,166.1381578786939,166.1385518075353,113.8650432403236,100.27905127360184
42,16,22.42641392466438,16.651474768323453,1.212719963076488,169.29019376305706,167.23345018111948,109.80974412334372,97.44653453943904
42,17,17.930137147590905,13.808172386469476,0.2005523116946588,169.95481704536903,165.35600931330944,122.53307133053194,93.4546780619319
42,18,,9.719669287786685,0.2124972536835599,167.6072338031593,164.824704639716,,88.48447109541625
42,19,,3.5365413213046346,0.385956039965928,166.92050196875348,166.74141589753324,,82.84653509815176
42,20,,2.1634546744257537,0.2295560387379698,167.8287767082508,166.2209163664908,,80.09747120274784
42,21,,2.1634546744257537,0.2295560387379698,167.8287767082508,166.2209163664908,,80.09747120274784
42,22,23.287867564529243,0.5270983181201191,0.0722843641889121,166.501719505582,166.1175719324483,,78.13399290676168
42,23,26.38087732246461,1.7639880068393723,0.4104596538090381,167.26900056883167,164.8762703565482,,78.13990036775475
42,24,25.102835871052005,4.290248643475782,0.3202260450175533,167.77929415362144,164.91552759167408,,76.24893270243277
42,25,24.58336162830788,5.79291115514032,0.1324399563329623,164.78746709100213,163.4378004643307,19.560231691585464,74.89606291464699
42,26,25.257732910781307,8.907981375447308,0.0535507824772336,163.48710436356723,162.80283433949438,,73.08462854323865
42,27,25.354815895501005,9.352008774646976,0.0849833254398427,163.83685674636845,163.3254169961655,,72.72100124556937
42,28,30.525295268974332,9.79897034836065,0.4232375140745849,165.02003406566817,161.84352634795766,18.994648769926386,73.56862705523405
42,29,29.49768285824284,12.788772333564472,0.1624774855640063,165.56115994285085,162.6985345999399,17.292798756589185,69.99138846533094
42,30,28.68892453582999,14.520922552879538,0.4680226989039427,164.41612977619323,161.67636403190895,10.373976300496915,68.3842468522238
42,31,28.93725247475879,14.421391054426977,0.6141624479726214,164.05906159885294,160.99983120905787,19.318963972426012,69.26433780703111
42,32,27.537702718969232,14.737223124943505,0.473901991338933,163.5955903125147,161.32138523885914,16.91755742869302,68.88478512626918
42,33,27.651645210591408,14.651766230511702,0.4484126514033921,163.72946168684788,161.47813131637403,18.32687338047337,68.77080837981521
42,34,27.696362279701766,14.66863738585625,0.5933341657652654,164.44409695513474,161.79633530147078,20.081951169172378,70.21722767557566
42,35,27.863648074009713,14.7112629056986,0.3512763815472916,164.65215027627195,162.49139347023566,20.20824157533732,71.06851996861401
42,36,28.575703019177084,14.622959741787946,0.2910425826628078,164.00048541093565,161.90721664486247,19.781572130281894,71.32979802880656
42,37,29.47669589862912,13.981432699773269,0.3971300009499779,164.16205035343071,161.75400400734122,21.764448057554684,71.72594384875123
42,38,30.39319007520896,12.541713420868296,0.404214432616675,164.4105368990181,161.5782549708341,20.358626902135228,72.06253154538815
42,39,30.39319007520896,12.541713420868296,0.404214432616675,164.4105368990181,161.5782549708341,20.358626902135228,72.06253154538815
42,40,27.361683437483492,13.001471940390172,0.430640439428936,165.87889739806246,162.85109628805137,9.706361775659996,71.01666580782309
42,41,42.26212968111964,9.573136456552591,81.28749899173934,79.51639500461728,164.31433326787348,142.37646206874948,74.36436493526386
42,42,28.547047410465822,6.862332400483587,0.0222983329359239,170.56579252122754,165.38462888152364,18.76139838274272,77.86629130915814
42,43,23.88715795510594,5.6567255402887,0.2791300194270437,169.1600611868439,168.08261711523576,,77.83262812569234
42,44,,0.0921003508594516,0.3428803767097738,169.04364130415436,168.28928982296728,,83.5507358159975
42,45,,0.3632872042807208,0.2843987467998388,168.92653129762715,168.60895309259482,,83.21390866161792
42,46,15.144872049180858,6.127138678266639,0.5871917266331195,169.94591362841544,167.01904268090286,111.02359442114404,89.75631242389365
42,47,14.099707934283996,13.340473329481878,1.3334932054975663,173.14240090487058,167.74419605427087,106.25743445555996,98.31976913048145
42,48,19.89618197191055,16.832077002989887,0.910591287419034,171.48429936931274,168.26587493294412,109.25528948768424,102.05504511159536
42,49,26.282408091461033,24.46237718041236,0.6235262063212164,172.7445214648007,169.23196201157214,121.70020286696516,109.61190595350529
42,50,37.54554964963755,31.05156634218598,0.1682892534682767,170.71945338813327,170.41918551045077,133.77307720984038,118.73964724251096
42,51,37.54554964963755,31.05156634218598,0.1682892534682767,170.71945338813327,170.41918551045077,133.77307720984038,118.73964724251096
42,52,44.574595249897534,36.28883184667273,0.5909317116496134,170.4290257542798,169.16798545898462,145.53938015311053,127.47937097209096
42,53,48.25939473231485,40.89254048316078,0.5285604115071405,169.15463048219826,171.96568975028552,144.4207813827452,135.43994279900258
42,54,52.52493598161077,45.143403313064226,0.6656199799803032,172.9241078509179,172.274388147648,154.99700268061898,141.1851989829604
42,55,53.88422655559781,48.58195042392754,1.701409568696708,167.6795243906172,172.1883555176945,149.29253428928234,148.2008154115116
42,56,49.700174612516385,51.959425754102206,1.3263948215062304,168.60632424929926,171.77903450977504,146.97042027242,153.83430090334627
42,57,49.72249254508638,52.02039255132741,1.5067556111499023,168.93357038130864,171.75141386147374,147.04443258201565,153.93465541451178
42,58,51.965373601634006,52.45964659708168,1.9299674209903952,170.41709558770998,172.52179377074114,149.56428842925166,155.3234850161744
42,59,52.93198354258285,53.45463999141141,2.4611678591300183,169.23590666896524,172.00213374477613,152.19123654547514,157.0831813761866
42,60,53.20347477918299,53.53357746676138,1.7323183318284558,168.32494977261604,171.89737752187958,152.1063533317579,157.20359421778025
42,61,49.24587685002731,53.57153978630372,1.8872990154309055,171.99344177180168,171.27796859506296,151.7123609613945,157.13141813171106
42,62,48.73739369159743,53.583498944622335,1.3884723530195704,172.13656545502775,171.93115601684036,150.7297266903061,157.33853426031152
42,63,50.389724368867554,53.43279726350544,1.425373904220399,170.13349248155737,171.9921972700796,150.8646184851986,157.28243462998304
42,64,48.53066782744262,53.221191285035744,1.058368706866094,171.55824575648543,171.9703223329181,150.61438057047445,156.87939986501448
42,65,46.27867144613096,52.971399929879006,1.189509639340303,173.7059837803509,171.4295092698271,149.6323236978228,156.5897408728896
42,66,46.23841715000114,53.09503482196997,1.124438090603382,173.8279017607421,171.34466498981087,149.15215586786363,156.7443242730808
42,67,46.28819322802357,52.76559874717132,1.0148357678212572,173.6185903552648,171.39557783506154,148.4061993815275,156.33046156231697
42,68,45.09730621227729,52.84487724649992,0.9119873283384792,173.4702479369738,171.34975565221745,145.89374606074782,156.3748649128623
42,69,45.09730621227729,52.84487724649992,0.9119873283384792,173.4702479369738,171.34975565221745,145.89374606074782,156.3748649128623
42,70,45.31353257544406,52.94425689013629,0.9314601707381144,173.3775741341246,170.95295165325177,144.46578634328486,156.12108305671654
42,71,45.11325989806297,52.77128958805604,1.1390251398987574,173.4154797917854,171.08878340575563,144.40582296025477,156.13787210373425
42,72,44.95634291075236,52.49601471394283,0.579266740829664,172.48969167476696,171.3704097248505,143.98081051740402,155.87801326508526
42,73,49.9034240267667,52.0033876162245,0.6157246700168877,166.33324228510477,171.79598167630346,144.03655243824778,155.57889514728086
42,74,44.95017717767548,51.49698101767347,0.8261050763672372,172.1977216545156,171.69330186452,143.78262573461276,155.29374118505538
42,75,44.68428877522832,51.47421708940128,0.7345637596842152,172.08642750158387,171.72560859843207,143.25995402929732,155.16605685341983
42,76,44.59277902779825,50.83484029854399,0.1546117257417047,170.03687942144077,170.88355253792733,141.83653982092486,154.00500234446733
42,77,43.258667679232666,50.559106935515175,0.3576749690785951,171.05648907963536,170.06024389908086,140.63866281943592,153.6800723429842
42,78,40.3455581035885,46.79273781815005,0.3760897548562297,169.72597521514044,169.80147017644313,132.20656161962762,147.16715910888942
42,79,40.10756815471408,42.707913404727016,1.3081583374470376,169.01830107672188,169.22424297865294,130.00241675325873,141.0739134003585
42,80,38.22843264976097,38.834111494530895,0.9517483835346672,169.06765532932826,169.59687570075045,125.9829686427978,135.91351052471424
42,81,38.22843264976097,38.834111494530895,0.9517483835346672,169.06765532932826,169.59687570075045,125.9829686427978,135.91351052471424
42,82,37.983296296787586,32.79137481177107,0.5685334279577953,165.30712049926706,170.2993098931962,129.79984415852132,127.8121431113998
42,83,30.49604758945515,27.923309601074617,1.3680114830446384,172.0045493242773,168.32705740727857,133.2210426263521,119.08958024320032
42,84,48.31910918993062,20.968598795497023,1.3305764029652007,170.4574101809737,168.48788849342253,14.031600985054675,111.12352440234648
42,85,,15.62203228746598,0.514964562402327,168.2240026331454,167.40013144100138,,103.8300948580538
42,86,17.56624829700732,10.276933949759886,0.3649545959410741,168.73528941328,168.3174181434517,119.19889476926666,98.87635934371528
42,87,,9.326182362418468,0.517784762336982,168.12437532875654,168.49982925950823,,97.55117429634664
42,88,,7.141504006955638,0.7217684664032015,170.41441321221998,167.02400528196227,,93.85177025338328
42,89,15.882052051401244,1.3101939013621655,0.1847876415350724,168.86219213822577,167.7104492625787,98.06246878304869,86.87277095153912
42,90,21.778839385240612,2.7008053265895846,126.43155342594358,33.860901349619645,167.75757103848804,92.92662418557538,82.63927254165073
42,91,23.80918771005234,3.9556264069948623,0.3153576233923441,167.74997995969102,167.47259582984913,,82.16216180066499
42,92,25.81353019084148,4.562526815190704,0.5832868382373417,166.81471933327305,166.00890555771932,18.964736394909465,80.28960436767862
42,93,26.344143122914772,5.063154286964609,0.7588008021031155,166.87834919469964,167.02427096442307,7.838570040721674,81.65981607902373
42,94,26.682335916990752,6.074352326777267,0.6329046740216697,167.39611220366618,167.3617259326975,1.187036585313374,81.33046089940149
42,95,27.702039002341746,10.283125497308475,0.2820978415115905,168.67178894567493,166.86528773151974,26.457035805808182,77.75041282769425
42,96,25.936132790012124,12.46519738197018,0.0519933909280268,167.12546523299733,166.3698215914221,23.690845882134983,75.15925313152523
42,97,28.621257638772622,13.389540097969729,0.5304665394583311,170.2640522034952,165.12551541856286,18.109680836859447,74.2027548527358
42,98,27.021693050804696,12.900677674205715,0.7032364872421316,168.14845616849053,165.0019466103067,13.759115263031852,75.86622192371199
42,99,29.2891707814411,15.83055929878225,0.3295292471020888,168.35677312035543,164.565728658624,15.09219187806357,73.83798456369557
42,100,29.62219793713951,14.757183209578466,0.3747118864203762,168.33969408325925,164.59017868831623,14.482637262933045,74.89419409199871
42,101,28.621551749737183,15.91660023430099,0.3537574200909471,168.0422043539701,164.72067826356752,13.28124132878435,74.89421762081072
42,102,43.37730108924548,17.37433275508532,0.1987170294856657,168.38805628644417,164.91685160944272,144.94084965242385,74.044667413207
42,103,29.583990843527896,16.57450926399527,0.2152491282719189,168.15387481401328,165.0359798818897,13.162992277799535,74.64630482611214
42,104,29.10067280579531,16.64884866595062,0.2226217557991062,168.15512919628097,165.2425169555938,12.76398570923146,74.92438103042163
42,105,29.921969768948433,17.076717729095847,0.3194977270884716,168.35152031186487,165.2313813726684,15.32687984257854,74.34183692907202
42,106,29.921969768948433,17.076717729095847,0.3194977270884716,168.35152031186487,165.2313813726684,15.32687984257854,74.34183692907202
42,107,29.309129813351596,16.621884532406106,0.1765623321914106,168.30065050479357,165.36044067660168,13.626944418906684,74.94276570542371
42,108,28.87284457699545,15.753778481746528,0.147069625068245,168.3036368999401,165.2588358994764,12.702949143469189,75.67554851794921
42,109,28.718092244649704,13.936212952182238,0.4758453815585408,168.23920259021233,164.57110475726472,17.711500736719675,76.35599406192792
42,110,27.361381016996702,12.238941967982726,0.4534985310399991,166.75313948721535,163.96670136721565,15.237036956205932,76.15037451527523
42,111,27.45528603711395,10.442812367023151,0.0817377825030658,167.68961373004993,165.67936713991116,13.629625455031457,77.88068786821665
42,112,27.418789836481377,10.430661073070056,0.0832425977872844,167.6890221484846,165.69300604961032,15.046768834193117,77.93665929035743
42,113,24.53362245338759,6.455949276045259,0.2878971979294247,166.2894473422892,165.67389756224105,17.58966151868451,80.75369721460814
42,114,23.297729472993108,5.868135663805448,0.381696370997563,166.16172604383752,166.9160011975824,,79.9438860813094
42,115,,2.358887643573415,0.5204422302279025,168.5225622675333,167.90494082718675,,89.5469475896253
42,116,16.536877468802913,8.295950866805807,0.3848697020054031,169.6122890879905,168.3130826238358,106.00833168568552,95.6652311512012
42,117,15.520778396673114,14.89435384542144,0.4485756728560996,169.8655360535756,167.11316192080253,99.32745643302606,102.0859546498697
42,118,15.401944627861113,14.705554266575598,0.4951721786496995,169.93927676334206,167.11347933987014,99.67427525411568,102.1031302512631
42,119,19.666875993269063,18.776721584267932,0.6896256795154925,171.82804860654454,169.35138146667387,101.32509285262212,105.0764049247072
42,120,28.500614545994555,25.093648068364185,1.0013350513133308,172.47525991312642,168.82234970661216,118.58387489304064,113.1900945533406
42,121,37.27314410703795,30.26297692890465,0.3866462858521571,170.5467947591433,170.29884174558293,132.0117286976319,120.28919536122982
42,122,34.26054260895914,36.78907340488515,0.010743520561143,166.47267572743706,169.42535515784982,115.1760777960551,130.1763386203882
42,123,37.87534973405829,41.29708333023474,0.1563490714098528,169.56589238084248,170.20063209384475,123.55285158013127,136.202689989634
42,124,38.13417962813791,41.890514459254234,0.5482508020394797,170.42626660701674,170.111715215097,124.5744080173635,136.56707225953988
42,125,45.230988964250265,47.18414318243506,0.2139542422672994,169.95923321809926,169.22143062096376,134.83426007894812,142.85882541728327
42,126,50.40123053734815,50.250742055705935,0.8554913878078022,167.82852551359323,171.4076091175836,138.18043478479814,148.31746973307546
42,127,52.22033222018806,51.75748517330082,2.550109761911066,169.44477868929323,170.66116349520448,142.863295942001,150.80990579484038
42,128,52.653578069929544,54.55809229553677,1.774778487539914,166.9031682207684,169.78996946864143,144.62962544061702,154.16665648942532
42,129,51.14270476511085,55.81903378407645,1.9165233439282827,171.2814434460448,169.1617693832457,147.7868638501605,154.78507956089246
42,130,54.36493631194088,55.74314896423358,1.884660923459882,167.55075569526193,169.14850683093317,149.12509685656286,154.7504069527822
42,131,51.09405806493369,56.23610813396958,1.8000744247005398,172.4374469957888,170.05176074579856,148.4808532046955,155.4980502041324
42,132,50.55880239140137,56.65334463810855,1.7658505798894313,172.04327432477672,169.13301963320427,147.2145264114683,154.95871540369512
42,133,50.70152632913132,56.322017481765165,1.6952034235915026,171.55737122538991,169.15401375282104,144.33607935905755,154.40360047904855
42,134,51.441600085712174,56.33435221704049,1.5346062388516055,171.03989516517717,169.10501341726234,144.1995554631652,153.88029564149218
42,135,51.02257568438758,56.740803470051766,1.2454399287892486,170.47023305453084,168.58519362102993,142.86500533730228,154.19388417031794
42,136,51.04911048473927,56.68620808072137,1.2305846687011122,170.43266260795843,168.67113601445377,142.92703011608666,154.20002647625745
42,137,51.53089778478398,56.72154406583021,1.3966176171658091,170.78257163133924,168.459435403693,143.98784626612624,154.04908596721444
42,138,49.88399074083497,57.028514828206184,1.6852589280756949,171.3820501491999,167.96205395079056,140.17260995220624,154.2163775328534
42,139,50.01861595028123,57.21832328499374,1.437286187114767,170.94375213651344,167.83280363920878,139.75109270235302,154.06518314758014
42,140,50.174721837180165,57.20497374587854,1.566838121259377,170.98035187797362,167.72974404379062,139.95074405388607,154.091010213495
42,141,50.03041012859795,57.125474819486534,1.6145794649206258,171.1819180331156,167.80270429239496,139.50124361607865,153.92906054747783
42,142,50.5452366144549,56.982294924015726,1.383602046796348,170.70982645079005,167.85634481993404,140.55032456639302,153.71890265871244
42,143,63.28195220189055,64.42637355939407,1.637427631253242,168.9071000212989,166.73415354983234,164.16820912152355,152.8014011844729
42,144,55.93667709303245,61.362746080394366,2.712840265479001,172.00238842687094,166.52215179251127,157.05266836867224,150.60071870464367
42,145,53.67528542539548,55.19743385703223,2.306073631707636,174.84065095712228,168.13707433134155,155.7178497141924,143.66271138815637
42,146,54.30422346191393,55.16396991119558,2.3157679189544855,174.8032371778233,168.16173434665015,160.75087845299635,143.60653758786532
42,147,51.91105671866939,50.21388394257778,0.95917174101524,169.0866598949511,167.6711194514005,150.9400853799355,139.24107119316818
42,148,51.91105671866939,50.21388394257778,0.95917174101524,169.0866598949511,167.6711194514005,150.9400853799355,139.24107119316818
42,149,52.08680239059677,45.14504950087158,1.9219412451381697,169.359150186525,167.29575435792182,151.70207623859548,133.6044298599954
43,0,,,,,,,
43,1,,,,,,,
43,2,,,,,,,
43,3,,,,,,,
43,4,,,,,,,
43,5,,,,,,,
43,6,,,,,,,
43,7,,,,,,,
43,8,,,,,,,
43,9,,,,,,,
43,10,,,,,,,
43,11,,,,,,,
43,12,,,,,,,
43,13,147.29566304413612,139.84957804432074,,,,149.22229897597754,149.53433563472572
43,14,179.21689959874644,142.4740775785289,,,,145.7565947259254,145.25367056609448
43,15,159.32132643606104,159.5067242136125,,,,137.1582088661391,137.80833430789826
43,16,,,,,,,
43,17,,,,,,,
43,18,,,,,,,
43,19,,,,,,,
43,20,,,,,,,
43,21,,,,,,,
43,22,,,,,,,
43,23,,,,,,,
43,24,,,,,,,
43,25,,,,,,,
43,26,,,,,,,
43,27,,,,,,,
43,28,,,,,,,
43,29,,,,,,,
43,30,,,,,,,
43,31,,,,,,,
43,32,,,,,,,
43,33,,,,,,,
43,34,,,,,,,
43,35,,,,,,,
43,36,,,,,,,
43,37,,,,,,,
43,38,,,,,,,
43,39,,,,,,,
43,40,,,,,,,
43,41,,,,,,,
43,42,,,,,,,
43,43,,,,,,,
43,44,,,,,,,
43,45,,,,,,,
43,46,,,,,,,
43,47,,,,,,,
43,48,,,,,,,
43,49,,,,,,,
43,50,,,,,,,
43,51,,,,,,,
43,52,,,,,,,
43,53,,,,,,,
43,54,,,,,,,
43,55,,,,,,,
43,56,,,,,,,
43,57,155.02386049903433,173.79623030569095,,,,127.68407730330884,125.39120062301184
43,58,162.72547025629729,174.30857927340955,,,,136.9131357420331,131.68246419143162
43,59,162.82692246730727,174.47786107997487,,,,136.84699618796532,131.6470871482565
43,60,157.57765364609548,172.78394677048465,,,,143.56015412502202,139.3932365503641
43,61,62.18873427771996,175.5125625058104,,,,146.76565228080793,147.31757270196763
43,62,129.32990110839648,162.48932649209783,,,,154.0552304624085,152.73215572966745
43,63,,,,,,,
43,64,,,,,,,
43,65,,,,,,,
43,66,,,,,,,
43,67,,,,,,,
43,68,,,,,,,
43,69,,,,,,,
43,70,,,,,,,
43,71,,,,,,,
43,72,,,,,,,
43,73,,,,,,,
43,74,,,,,,,
43,75,,,,,,,
43,76,,,,,,,
43,77,,,,,,,
43,78,,,,,,,
43,79,,,,,,,
43,80,,,,,,,
43,81,,,,,,,
44,0,59.59339558742509,69.00992828906844,0.2376624341503072,161.9089754763697,166.1197226832833,155.3994612705226,160.11015313096922
44,1,59.63815228889744,68.98377246673206,0.2318594649871148,161.85521751214196,166.1083493493546,155.38398896919634,160.16896789095136
44,2,57.080124418221544,67.93821469976368,1.187517595232614,164.87968028435435,166.34702028966294,152.6473022113846,158.6993456680568
44,3,53.657904120056195,64.72908862859582,1.2213584619994704,163.64811134866943,165.56706395053925,146.81275774597754,153.16933532328468
44,4,50.720511820496,60.66896852586249,1.1840088951994776,163.92595916863954,164.02437617939765,144.68484176053977,147.9301086404226
44,5,47.5457082521868,56.331849669076874,1.6620005402081526,163.92065337771663,162.59935961743042,137.90786834241095,143.02499934865932
44,6,44.506903776200595,52.54927138872719,3.4152034157889957,166.3671024333821,163.84127344144656,136.60569463041762,140.11331621687845
44,7,41.77211890315077,52.711543521335926,3.9375685019801105,169.72190263364078,163.6764501620283,133.75997616955908,140.0990128682693
44,8,39.12192122858596,48.5955709550073,4.511029504920675,167.09540666992962,161.7034432890139,122.0080088946197,134.51636902717215
44,9,36.01859611631535,45.0738538294935,3.315832375839052,168.612582537286,161.50567150596973,108.0411887006206,128.17816034664105
44,10,32.75724572926502,38.715107355290925,4.047917308429251,169.22706908370526,160.30326886638235,98.7181144314719,117.67129588202478
44,11,33.752873218209345,35.73671662264294,5.04404919841161,170.41678308583965,160.8253116531407,93.8027247213109,112.0754809851577
44,12,33.283082238549675,31.2547787500283,3.087107925145932,166.544096201519,159.6197309254942,95.69096115819546,107.03888256136533
44,13,33.38596811088054,31.285603052648273,2.9898319658999863,166.54669674328983,159.82911182258738,95.99363132653453,107.04016215921024
44,14,32.47084209214863,27.466306835531284,3.3397937424397757,168.96732788231418,159.84022472114157,139.75664244978856,102.18385443608597
44,15,34.084235249982434,23.513051787953064,3.5612807440547356,167.18260018169934,158.82976380581204,139.1179492639028,97.47013897041376
44,16,34.07360331416509,20.408451150894315,2.03176394386905,167.20242275570504,159.21522715603018,143.54590053950747,92.79627596094032
44,17,32.739395015250814,16.816546883121436,1.1771807610897846,166.0360800420752,158.83206280830882,140.86430577070308,89.30822073747471
44,18,32.171334468591766,14.056601798611432,0.1984709920959371,161.5589880620967,158.74017331665863,142.85135371223365,87.55862608074636
44,19,32.171334468591766,14.056601798611432,0.1984709920959371,161.5589880620967,158.74017331665863,142.85135371223365,87.55862608074636
44,20,30.843790973946312,11.655203446151448,0.6002968861088512,162.57159674061563,156.87255075524163,144.40223903957028,84.76165105502069
44,21,28.57882196232661,8.876706346358064,0.116237963257525,160.2669643180554,156.3592429622542,142.99176916889564,81.876925105943
44,22,28.228070136309903,4.4042007125010985,0.2785486536778122,161.95855791683192,157.38895730357748,137.23691360116553,76.92652583369613
44,23,24.778511390164443,0.0739399740845744,72.12383758781482,80.13185101320988,157.3753442892963,124.54684098001944,72.02281595414615
44,24,22.599987311751743,1.979705015733486,71.60055942520769,82.53623434098462,156.94532344254108,53.12637969042556,69.71322750508627
44,25,23.190691889396582,1.964533040673891,71.9996143261778,82.08432763333391,156.84856733183835,52.72810609653802,69.63360796155929
44,26,,2.5538705194316913,71.08243063585819,83.4205455385691,155.92291146850033,,70.05476561365971
44,27,15.819540493973893,5.377983910577535,74.55844152877101,80.47798508924501,156.89335384111837,115.65291593253652,67.68163308496335
44,28,24.165446392534044,6.758205322732487,79.63163670118449,74.51775413732233,157.61316867738137,54.86682438085039,66.49068954211432
44,29,24.31968030887071,6.410975472940168,36.79346704113416,110.2135020810296,157.45448087909796,16.728470181555252,67.8457202759373
44,30,24.68520305743729,7.490840316993857,36.5433211460056,110.76013358257484,157.66199264848797,10.843860226070428,66.8253502367108
44,31,24.68520305743729,7.490840316993857,36.5433211460056,110.76013358257484,157.66199264848797,10.843860226070428,66.8253502367108
44,32,25.59089009551361,5.044140877188462,35.28180694922282,112.26095727639964,157.39886518927116,8.432323405545624,69.83791594273384
44,33,26.30959068135232,7.4168670268056145,33.790249070384455,112.7433456637482,157.2335250516069,7.570239360067654,71.05677907735537
44,34,26.47225460179464,8.82726936289744,74.57374748685133,79.08485000310436,157.0198682778288,2.9199841696964337,70.44872692176317
44,35,26.79997203564237,9.092841044383288,75.60763550026618,78.22194639935935,157.0921656382382,3.930748489546469,70.07828949219457
44,36,26.6825866340858,11.145250299858406,78.35597888216104,75.17622595703783,157.75194493886644,4.002760897460379,68.75595063502448
44,37,26.64978633005987,11.598760525226709,79.6832443138928,73.92924120808101,157.7117250165469,2.988475089625252,68.16457618173722
44,38,26.19326351184025,11.187414054007531,78.04141210572517,75.2988474339104,157.36216834579952,2.625454997826506,68.27527341417121
44,39,26.190843206625942,11.440583201209524,77.93869018446784,74.41213366298265,156.79479028409756,0.3989895638684612,68.99945234107602
44,40,26.848446205639863,10.296352392425192,75.91156769143625,76.79648160003758,156.83899708203535,5.191239296577997,69.15646662523727
44,41,25.537221333730383,5.127613753282023,77.68247426648617,74.99809711757722,157.40720686409324,22.27821372649588,74.72561651796731
44,42,24.74810235950718,4.429861970959798,73.55593981514185,81.10558656958705,157.67531174989284,53.03943796246671,74.85425077043021
44,43,24.74810235950718,4.429861970959798,73.55593981514185,81.10558656958705,157.67531174989284,53.03943796246671,74.85425077043021
44,44,26.062605578384023,0.93723452529937,0.2511114084743049,160.15702063375358,156.63366202583182,125.77005380663012,77.13784412609705
44,45,27.55716854730291,4.79758276667146,0.248347867522453,160.99468119329066,157.28745727586238,133.3368322949526,83.6910545012374
44,46,26.117142868565686,10.085502964462732,0.0866963112928341,166.84191458342391,163.8121582333459,126.62135772255311,90.0638942874555
44,47,28.149958081878935,15.9326152660244,4.540073190630472,175.89867011421217,165.38944236365214,122.76478089725197,95.236815556407
44,48,24.655808547328935,25.29105804212249,2.900896710785027,174.35586848637178,166.9015266136678,104.11932091407178,106.04933401338012
44,49,25.283035974877745,25.349478358441907,2.6080511078683974,173.54788016398717,166.7371349875596,104.9072439367058,105.81398502233606
44,50,23.13871574886228,34.475356544294584,2.2050556307128533,172.85594827887803,166.56521695910945,102.42136773485888,116.42824069601804
44,51,21.69804761047726,43.45661086171467,3.229198538436296,174.5549249598837,165.06129631089516,107.02993924150994,127.52659707627984
44,52,27.91096737174109,50.1871945716943,2.2378772233154027,169.81823055390336,164.239390499905,114.7618903179521,136.6047860352673
44,53,38.4983414281361,54.91144571017076,2.0962772841861232,169.05232331842822,166.51238791356016,128.68898751045026,143.6402960910481
44,54,46.6878125096489,59.24594454640494,0.595910711632627,168.56128515495402,168.17136986661785,138.3026867390885,149.2234074865298
44,55,46.6878125096489,59.24594454640494,0.595910711632627,168.56128515495402,168.17136986661785,138.3026867390885,149.2234074865298
44,56,48.386115805746904,62.47418212206824,0.2638139902184504,166.39094038770287,169.25805557542645,142.52364571526485,153.51373954474255
44,57,48.62085746803959,63.96783386005932,0.2809159493320954,169.93182292219998,170.23737808788334,146.27944282986965,156.58826331089566
44,58,51.58614282342717,66.33373796581435,0.4066628915650296,167.55367571253328,169.10053390941366,150.12531192232933,160.00749490662366
44,59,51.96583657663384,68.60709699516937,0.7256106579919543,167.869255326148,168.04788516977678,150.7119510457061,162.609021040163
44,60,55.53204188773709,69.39306575406206,0.8367720819142935,165.82713123893245,168.36685734734667,152.49239153260834,163.64492377434556
44,61,55.53204188773709,69.39306575406206,0.8367720819142935,165.82713123893245,168.36685734734667,152.49239153260834,163.64492377434556
44,62,53.3966992081307,70.04843770614501,1.0769234277569053,168.01275651469626,167.67857143405854,152.03385495179938,164.05391642095506
44,63,53.631761849852225,69.90976596021274,1.0233981633873033,167.48724363773118,167.54826827809464,152.2994774789856,163.99637116361882
44,64,53.60313840620334,69.9631228253281,1.163178842828397,167.37217260361257,167.2824125088657,152.27794826781442,163.9714417423084
44,65,53.43030732909887,70.24959823971287,0.6267949286142597,167.10475029608466,167.3208654357274,152.2193618103065,164.02578556878169
44,66,53.03628431011561,70.11405555696716,0.8494434995693816,167.4916313430113,167.41358445323135,152.18091061249302,163.99327893286565
44,67,52.85413386932121,70.01372720559948,0.7635610347004337,167.43772326951094,167.64684811649397,152.13376130454284,163.9486046342355
44,68,52.9264551397124,69.67273506956444,0.9576847939650932,167.2844485804735,167.3344282817572,152.04137457227196,163.86785483603018
44,69,52.55074444163273,69.54012169798332,0.694948103105771,166.96107864965165,167.4390035125769,151.55916169869633,163.7762969180704
44,70,50.741572849548966,69.18106221606973,0.8384374976732337,169.4878755186945,167.93219822232882,151.42300461472436,163.46397610119118
44,71,50.331390193746174,68.92763657597949,0.9849419950475922,169.8572293525484,167.85404912041412,151.11849672105345,163.16670888834517
44,72,50.37054644382105,68.59740646814933,1.0175525813340338,169.88749634273708,167.86440567577293,150.49860348226105,162.59571839574423
44,73,50.37054644382105,68.59740646814933,1.0175525813340338,169.88749634273708,167.86440567577293,150.49860348226105,162.59571839574423
44,74,50.36118233406963,68.49287964344522,1.0394769886282715,169.44384510942908,167.65965217604267,150.2482341798014,162.05386218125264
44,75,51.74835188931543,68.1661660262315,1.1106057498060016,167.88650961802384,167.81017069549168,149.6850863594912,161.60670905359922
44,76,51.47714591908748,68.23259585427397,1.0781181317247543,167.47437694398943,167.5624507249757,149.72001739941797,161.53043472178416
44,77,51.51421374425549,68.15962900206898,1.303196232666953,167.62320874614448,167.4098224083759,149.56588657484434,161.44347638295866
44,78,51.537012222199664,67.99766049536434,1.2810231602129325,167.11536120694544,167.46592157982866,149.91607953004322,161.25844894156492
44,79,51.389575387363486,67.99743154057276,1.0784572939306627,167.1681380808527,167.69053863548083,150.08992831718635,161.22874652923915
44,80,51.32951299946209,67.97634606037512,1.2374510157735366,167.13250828271097,167.57583400874603,149.60722225913668,161.06164530721816
44,81,51.31272244908955,67.39269327151301,1.0007096968944749,166.74091049439107,168.2100880713019,149.67892701312536,160.8044192858707
44,82,50.82315109304676,66.40017136140234,0.9005144922704047,166.56989693166506,168.34017221122932,149.35182206395928,160.0590730968181
44,83,49.78214574976419,65.23146849968528,1.2338236525412087,166.08199729660964,168.54195265893426,148.0664653314145,158.4836500895527
44,84,49.95804124674323,62.568523603386595,1.137374094784949,164.6878117557861,168.60426733762588,147.37898590891825,155.2200456169278
44,85,49.95804124674323,62.568523603386595,1.137374094784949,164.6878117557861,168.60426733762588,147.37898590891825,155.2200456169278
44,86,46.01491717306369,61.680970333181946,1.8576218600441745,166.0378874296279,166.59510663172838,142.05708322788325,153.28215723793892
44,87,45.74349124955591,57.63226024869434,1.789014788944676,164.69022938130755,166.1092529037202,138.91148463038274,149.51508009228343
44,88,42.483710648995846,54.39135503589717,2.4589038410161037,166.36891805560848,163.45844238967322,134.1374733926302,144.73997008215713
44,89,35.30639831965652,51.430076872400235,3.0907000677021093,170.6583671651122,162.44922446926628,126.11076953816028,140.00106315871142
44,90,30.12982461372227,45.18532038841611,4.673295131820665,174.5411604121832,161.47335646364368,119.66488439542891,130.7975471619081
44,91,29.98256123062914,45.210016567315705,4.830800346299852,174.68672520699968,161.4552186149249,119.44123611210264,130.77217733900252
44,92,28.914654710362132,38.350966585595096,3.935756423692477,172.0334813067883,162.02585806454192,115.34732484234776,119.3587400204118
44,93,25.886078733713937,31.37756083905873,4.208570548069836,174.98968748381324,163.47519025773664,113.056073376477,109.8247132476146
44,94,25.108472347934608,24.561204544422367,2.96190954459196,169.64713747484095,161.85591037406653,112.67815911810104,103.55582356018104
44,95,28.4241960806743,20.2053227698149,8.094395472973742,179.32649977006255,161.86643281496987,127.28810348241409,98.34104338003375
44,96,28.38492617263011,13.380227960735862,3.9166987690027737,172.23048971893238,163.4338340678512,122.13883946802224,90.22865278415516
44,97,28.38492617263011,13.380227960735862,3.9166987690027737,172.23048971893238,163.4338340678512,122.13883946802224,90.22865278415516
44,98,31.23153833092456,11.967796655513872,1.7943599626389894,169.6449130882119,162.34269407920462,134.79204610867805,88.32280660224674
44,99,27.06465788007832,7.373980395246488,0.2824005000296858,163.273650044024,160.66423328696249,131.5122746524794,83.11509796783463
44,100,24.65700017502109,2.081147481518288,0.4209890890860323,162.35570572543364,158.92624065598483,130.01831760923082,76.79021545764526
44,101,20.560359234819146,1.0843303835860838,0.5409759999461867,161.48904559039454,158.25597383451935,122.1734379609818,73.50576049304642
44,102,16.539267526323382,3.462925421489451,70.28067496068242,83.6024554695728,158.16513493714106,107.37192720058758,71.47256693303568
44,103,16.542766031682607,3.451652311900914,70.21710120544161,83.64885191077128,158.16212762082947,107.46474455752671,71.49455187457382
44,104,12.66168105335074,4.461318152369358,73.57738282370812,80.54929734060222,158.29930256411524,123.3010623599941,72.56498296387423
44,105,26.988441992136007,3.686427905236082,72.15918260208001,83.15866179437509,158.67975805422705,29.260886158985976,75.52386109650476
44,106,26.384255250036556,3.7281531098842415,72.93280546697812,83.4818774564284,158.62976267196402,36.63201716945981,75.98737242268554
44,107,25.92482855475101,6.843926149882767,74.33088544326544,80.53530001187188,160.3101588355676,25.27171714564792,72.60708745036526
44,108,28.68430404444972,7.84272679051277,72.58805950051938,83.25653105628292,159.96867192224818,24.2080628362478,71.82233034892711
44,109,28.758459636444957,7.818006380826548,73.3457110224103,82.44475353176715,160.03031844356664,22.675275631091417,71.94094693344617
44,110,29.78428092612392,8.790030886365908,37.068992542795066,113.44055566187598,159.25205291723097,,71.14242917670762
44,111,32.86671397239903,9.831287755958945,38.04877154850015,112.8833754724076,159.85433073997558,,71.04124119570373
44,112,33.16013187196378,9.856970994860456,38.33835128979931,113.03150836039852,159.82999914832638,,71.697005930639
45,0,43.1189997221535,56.65345789678368,5.805820790323552,169.74678509993495,165.22977231938734,153.61445122389222,159.9242169185242
45,1,43.375381224564954,56.59670573844124,5.703922024128038,169.08176812394163,165.078332164452,153.63307995607855,159.69826559794302
45,2,43.23470241544851,56.59558785901185,5.857828438016281,169.18530386121782,164.91346988143195,153.57175407135725,159.61930661895025
45,3,43.73020467714704,56.4438383695821,5.7075517023411875,154.14894947843774,164.90384253189006,153.9672338678029,159.66033597987882
45,4,43.901245950575415,56.37444294874017,5.686540004406858,168.50013540072302,164.86371836340828,153.98772447049927,159.61055449739544
45,5,43.85827741229981,56.156605714615935,5.705038683662385,168.5354014870895,164.71012763007909,154.0988218191404,159.4188856180366
45,6,43.7057137960066,55.4901629437304,5.549776300208186,168.61354248452722,165.41021364151493,153.9424421899787,159.05325889857042
45,7,43.661382136840224,54.806575781792255,5.4535464494673835,168.5716294202196,166.02351004680298,153.96947025513668,158.398204211284
45,8,43.62605960015138,53.93605963574521,5.104654787300696,168.29204574397272,166.69956463958107,152.4193492716552,156.804121298444
45,9,42.99404235908828,51.96476931145631,5.242920463244772,168.27604967507398,166.37203217420225,151.0634325127475,154.01600546105118
45,10,42.99404235908828,51.96476931145631,5.242920463244772,168.27604967507398,166.37203217420225,151.0634325127475,154.01600546105118
45,11,41.4748857845844,50.79438927135886,5.1216562480354595,167.80597015790684,166.07053426828077,148.07222945206016,152.45190413253655
45,12,38.145525192210535,49.04418006015805,3.071089103651929,165.63332142057376,166.6613416207015,143.56925473462962,149.08768407176507
45,13,35.61141137289924,46.344651899648014,3.641946911935664,168.89142455811128,167.0091549948718,143.14182944309067,144.62971829289864
45,14,31.695319559856713,44.08020199081155,3.997700754687157,171.51350037521362,166.86591155010353,137.5064142821028,142.26544766684816
45,15,31.79459787738118,42.432521255813946,4.734852585940849,172.67464477561268,167.26019996003393,136.89878037197758,139.6713992889806
45,16,31.80730740916613,42.426490004580415,4.187896971279916,171.80453563644923,167.38380666009218,136.95197964579953,139.68057504333137
45,17,29.61930466786008,41.104552078050354,4.780902702751873,173.46637706334477,165.35959162125764,134.12852489992062,137.03463375444014
45,18,26.62348841443164,38.23398853869283,4.8789338122236385,174.75773342661316,166.08789030087956,130.27940461433545,133.09384750943866
45,19,25.452903556634865,35.17285234804287,5.319072498268737,175.41357421597218,167.31169311436474,128.03861372229343,130.1547660146591
45,20,25.39789172086036,33.211981630389126,5.723328920672633,173.94581104085478,166.80249907307214,123.95316377975678,127.7861819994561
45,21,25.47715010703907,30.78934759572083,4.707494826339987,170.53574264691582,166.23944317797438,123.7525360319217,124.86345008238592
45,22,25.47715010703907,30.78934759572083,4.707494826339987,170.53574264691582,166.23944317797438,123.7525360319217,124.86345008238592
45,23,22.23344174448912,28.246302093490407,4.624587704289766,172.16442931747454,166.8556007439053,117.61079598873016,120.72450923526924
45,24,22.47492404078964,25.798238636900507,3.257170004600401,169.05484690870006,166.49104425850928,115.90372722251404,117.74459725402656
45,25,20.77231652242421,24.257533925875396,4.083382061739266,171.7880677696539,166.38851828966216,113.4068501680472,116.09635946510085
45,26,22.03134545883908,21.958883918168528,3.7608490247576265,170.8840121439322,167.241742781207,112.50227141671544,112.92083954832891
45,27,21.889771742801127,20.89783645056503,4.172931460990892,171.36025418256222,166.7538972610204,114.17180407380184,110.65419267619046
45,28,23.24539695429746,19.689029198644352,3.2498488363236193,169.46328202663847,166.39211216870052,129.35591586337014,109.13139067326144
45,29,24.14732657184857,19.013850375904777,3.2528088208136015,170.07025992263294,166.79735392070552,130.68378174037866,108.12642948950332
45,30,20.533077318531525,18.132453228111647,3.4692848387604776,171.03829167254912,165.1387767670667,119.5439307000295,105.90528477893692
45,31,22.99607202237458,16.840739072846283,6.894744078280078,176.63837832835813,165.47222507383682,131.25239837572116,102.99617097643213
45,32,24.66508463776956,14.797796099789863,8.401089699764396,178.57392653177834,164.91116545362348,133.6386539786637,100.32334822493596
45,33,25.718338510865525,13.093263507647194,3.2247510649876525,167.77539191118308,164.67245083749373,135.4745103398936,98.75501010286682
45,34,23.504582748987747,11.75204194476768,3.464788034437181,168.32622278864622,164.5383798216277,129.92430509508443,97.42381435128348
45,35,23.75528847325003,11.7854388372702,3.4916386446541905,168.04072205446968,164.4849992208344,130.47595410789734,97.4001228748285
45,36,25.628585576339923,10.322586152986386,8.4439599291137,177.73801747061125,165.2321627691408,133.75579790189758,96.04103102071711
45,37,23.270890359705863,9.057877551707657,3.5338019712938675,170.44287483232648,166.28781879090428,132.50717085267658,93.92698831762893
45,38,21.897930075002503,7.590025655450043,3.882323961671508,171.66628364095646,166.11472739031248,127.64620304805273,91.97148737440207
45,39,21.393353582413734,6.018744457920165,4.232267155685822,171.23013015134907,165.16648048237505,129.7697342201082,89.60553433730165
45,40,19.690315736924884,5.248471583278218,3.5967750753225753,169.62030398548876,164.27171568112203,128.37235964918824,89.23005667962795
45,41,19.840643712572675,5.290147188765052,3.7119606499507687,169.8097384297898,164.24479016145733,127.72895307355276,89.20532305377967
45,42,17.068654972291046,5.3567010263204695,1.9432932741114992,167.1094135735594,162.44155473064717,123.51046374051184,88.72760526981372
45,43,19.038812323077135,2.876130309876679,1.6873809910955906,166.4583191095127,162.9934570328476,126.33160763261183,86.23049437952794
45,44,19.770720475457285,1.3379731357446112,1.4369186559099285,166.56718839563402,162.99738594026155,123.54712831207726,84.03935799553177
45,45,25.375492779120577,0.7726370885146236,1.411519643774895,166.38936219815665,162.93854977811864,61.81681927802628,83.30703365129878
45,46,23.071996057920888,0.4200862559335949,0.8789146140947153,163.7717483623722,162.68763294824993,,81.83660389827212
45,47,23.450945204121773,0.2513347590678184,0.9042335951484898,163.49900309949783,162.52635238947371,,81.87206201651041
45,48,22.101369240536098,1.8047005769173683,0.947756115759099,163.06867177452344,161.454580407599,13.085375602940436,79.77512748118629
45,49,23.299537293018066,2.6583850098628936,0.6145181111428455,161.90386862962322,160.55498379806886,15.0721010495735,77.87012049207462
45,50,23.330394637770585,3.887256779270304,0.8641027313739322,162.3610780023439,160.93026762261124,,77.00453512491522
45,51,24.73516128326677,3.0944889081220475,0.4796705567917187,161.8125222413179,160.9553066745629,55.29933226214224,78.02646277188602
45,52,25.366927260229872,4.869048418993138,0.7970234954080347,162.25662998290184,161.49713029433883,22.058877444679823,76.76772098819188
45,53,25.451777627189283,4.909541749293527,0.6823381392022073,162.2708282076624,161.48818834319218,,76.75800543846198
45,54,24.976838441754673,6.764605959294759,1.064556789275776,162.6825680451877,162.7448284940931,25.42933873911618,74.93419479253816
45,55,27.240028842015978,7.410664627760756,1.0205777250061998,163.84298981005833,163.23314377220015,34.32649442748683,74.75102395971236
45,56,28.54259671270734,8.945204082233797,1.0304793601534257,165.5671504785551,163.6251253093158,31.469263767121703,74.62095296154025
45,57,29.5434844977264,8.203753744023501,1.0004081825166369,166.19800850981738,163.8951913537059,32.39238169365631,75.4161547347012
45,58,31.402010080838497,7.976864206012495,0.5268459359839822,166.79592191277024,163.53724317048108,30.470610797326653,76.40865887518618
45,59,31.497944333999538,7.953809457625176,0.496946089238767,166.7570237247557,163.5299796020363,30.749841758125307,76.42528147818136
45,60,,,,,,,
45,61,32.44328614168494,8.939157152797447,0.3992964275824699,166.8595977421071,164.21626089113556,29.70490413811455,76.13180635751668
45,62,32.715693397756354,10.480804233070067,0.2699719079764884,166.0625870209936,163.98260926149493,25.48130555465272,74.12531062441764
45,63,32.40597635198626,11.180367078689336,0.1391394528844162,166.12932712051028,164.86939370518604,28.043755557919532,74.11082231076213
45,64,32.54907470866919,11.45778444360806,0.1146879449390338,166.24155344312777,164.6540025913167,27.985051459672327,73.92328410167997
45,65,32.54907470866919,11.45778444360806,0.1146879449390338,166.24155344312777,164.6540025913167,27.985051459672327,73.92328410167997
45,66,32.62564838477838,13.458699491111767,0.1415213697887551,166.18917374172764,165.17600635015688,25.116488782613924,71.34705548435252
45,67,31.859241975163876,13.50492967290515,0.0239325687140857,166.42825532728313,165.14974161512336,24.89820440671836,71.54299744218073
45,68,31.77166148519883,13.68592313634712,0.0822290900256605,166.7339658066383,165.1313862949811,21.590802862442697,70.88742123249503
45,69,30.58424779427355,14.260884397270576,0.0962697703480054,166.71016500851795,165.6722589440745,16.949149564582306,70.98974287886392
45,70,30.07303461760316,14.410661522385707,0.1869258922277371,166.35507383090015,165.4605081081389,15.883366117803911,70.75144970799234
45,71,29.94176583697868,13.91198376701744,0.0655612928517011,166.3393941268747,165.38501058506606,14.904862971857773,71.28430688562766
45,72,30.094929372881207,14.358240946719189,0.0932449227129847,166.1731594790708,165.45666697111855,24.821464358621615,71.2171748521782
45,73,30.27201617481774,14.385409193153851,0.132738737062331,166.60437719916115,165.90919070160933,24.858469565218027,71.53095231929319
45,74,30.337439000562444,13.923284276616917,0.433135952901267,166.42125555488627,164.9188689424999,24.796460043067263,72.04205523306607
45,75,30.364075203975396,14.341404780826336,0.1198576425116152,166.40627698311013,165.38196448669606,24.768567805946205,71.61963974600704
45,76,30.76858334183899,14.383517349419558,0.1511678391411403,166.45391345477313,165.20449001670767,24.07226288365654,71.04955125369352
45,77,30.76858334183899,14.383517349419558,0.1511678391411403,166.45391345477313,165.20449001670767,24.07226288365654,71.04955125369352
45,78,30.996447343758348,14.346769008532256,0.2659787815184463,166.61465235115702,164.8407468196132,24.43014006717081,70.87543582702477
45,79,31.59934690985458,14.488537961137732,0.1918419230158191,166.83477920878843,164.73239632581885,21.571460787124263,70.49111510410982
45,80,31.72951422664296,14.853629777842524,0.3478242837547865,166.83500891554,164.70695074898936,21.509548529793904,70.53606996705919
45,81,31.748739488809868,14.78133791973483,0.3730654462976615,166.5788596648691,164.50242609609205,21.728163345986857,70.74403229086789
45,82,32.73156221043075,14.378494200173307,0.2908802144092941,167.4313159759636,164.501055261799,21.602096869053103,71.43843671220317
45,83,31.931791748384452,14.960988280815863,0.3442713301934871,166.3337772225277,164.06998857511084,21.52246481064942,70.26722192506057
45,84,31.61604457052524,15.214164292490423,0.3637329394396551,166.0238840134742,164.24541154604705,21.691104545558417,70.0741259906879
45,85,31.49102860993148,15.064557139349594,0.3446673731453359,165.7471894571366,163.88474029443017,21.79285345597483,69.84542920315938
45,86,31.674027896458544,15.003907664128516,0.3749656419497094,165.7999522617929,164.09062894304614,21.965394307545708,70.95315697326237
45,87,31.36922719171354,14.132407096139293,0.3559407709720202,165.759211736935,164.43211258437626,21.54835441972961,71.68817158571605
45,88,32.33611554468233,14.02717409865372,0.4828167267125494,166.06577400327006,164.23938854891733,19.90887091453028,72.13532167450884
45,89,32.33611554468233,14.02717409865372,0.4828167267125494,166.06577400327006,164.23938854891733,19.90887091453028,72.13532167450884
45,90,33.28492435454384,13.612096492693254,0.6200549117790967,166.52544982516005,163.77541933517878,19.575221415203107,73.04818589043384
45,91,33.19353650211022,13.862724807668858,0.8793373652365114,166.8671287143699,163.22010367501144,23.54555521857044,71.01412170727365
45,92,31.37356296320103,9.953530599318333,0.7220849052302631,167.1956620470213,164.50361381043922,25.93356585840057,75.69565372586143
45,93,,,,,,,
45,94,23.58001094158838,6.228889874687603,0.8536316551765112,163.67232734150966,162.1493547600883,17.28817068077459,75.17363598709211
45,95,23.484273175515085,6.1802962499561085,0.9354084094593696,163.81534881222424,162.0805404783601,17.169546019593284,75.23630564773103
45,96,24.758306433645384,1.5094492946066114,0.8293155282139812,165.71701085938523,163.79854035382738,61.362353135291016,79.40353458926346
45,97,17.350281780146805,3.3915627288637644,2.199932737399523,169.92529968550272,165.46335303776294,121.00717656823916,86.14148552994487
45,98,20.40190064593821,7.500797708198666,7.231340499300531,178.00869453221324,169.1158054550975,128.1260751081362,91.53601265944933
45,99,22.860961561030116,11.94145923080769,6.768027268323419,177.7436306995682,166.425585747658,129.34002833979665,98.1924214481328
45,100,20.517411745503704,16.345094191118264,6.439239306996931,178.63114851243188,169.28707504682322,125.25260710823612,102.23370277466653
45,101,20.517411745503704,16.345094191118264,6.439239306996931,178.63114851243188,169.28707504682322,125.25260710823612,102.23370277466653
45,102,26.18118503284258,20.140242388540337,4.662474840906958,175.07720429698736,168.27484090202535,134.30350181154614,107.5921179111806
45,103,22.878020626035585,24.103121954817585,4.013850107637055,173.68244187376953,169.7868914947368,110.75079433041476,113.80264167908146
45,104,22.305051465275408,28.453072195202825,5.074381562972638,175.61857286819057,169.57352717614802,112.68354003376918,120.40293724847382
45,105,24.981702555108424,32.37818107327296,4.690110776588949,174.3733666573453,169.94230168038445,120.72107549775014,126.48185827765508
45,106,26.66227878003053,36.508303027023025,4.423836638400143,175.7527419214796,169.70846471931446,127.9566985230646,131.59568061860344
45,107,26.709736272890293,36.45873786080202,4.415348507735847,175.62512771198345,169.7388962682827,127.87157386913889,131.51386196273046
45,108,27.35767057237412,39.44295849788874,2.9405361132194456,173.82040022623272,169.96300987323465,129.6253418696012,136.31716647907453
45,109,32.08087519655463,42.31512118700112,2.7597272006772364,171.84499645602477,169.10333667141654,137.07755814295004,140.43089370249032
45,110,34.528081370062594,44.73635900929207,3.3737702166657844,170.45764000035777,168.64348746560472,139.229930687402,143.71784460662897
45,111,34.2594683158312,46.11243532553805,3.834553175254088,173.1760061487168,168.1903598179562,142.8366099361084,145.33104354584057
45,112,35.91334344011285,47.24719669399263,3.583896748580797,171.11739601788267,168.949152640858,145.28936005958158,149.37700272585045
45,113,35.91003157102683,47.35474967298108,3.624358797860586,171.1330127364622,168.85747674854153,145.3034977420835,149.3879985945005
45,114,37.24790657918429,47.55023247205003,3.0438407840441224,170.22862414293118,169.25075093800572,147.11138846172196,149.71470625693368
45,115,38.03157228874331,48.44842996026123,3.1303097794919426,169.82132381525324,169.0479026943784,148.1410307948831,150.77078677062013
45,116,39.00724909974975,48.92736545556964,3.224544500709912,169.54720013294897,168.99173438519043,148.3968366339162,150.81030439239763
45,117,38.43401502013152,49.09277341537151,3.583769846193223,170.1059402163707,168.229542534013,148.12688609490368,151.14724939998004
45,118,38.629788043759234,48.88542774761358,4.533642455306679,171.3739315657616,167.73388272136168,148.52402741374382,150.48261347597278
45,119,38.629788043759234,48.88542774761358,4.533642455306679,171.3739315657616,167.73388272136168,148.52402741374382,150.48261347597278
45,120,37.92703649298428,48.92444882049252,4.603954269476066,171.62654381432742,167.7534246056334,147.6300009072356,150.72948278120188
45,121,37.886849455878696,48.934619835048935,4.679428675849678,171.88538297065415,168.15719458546798,147.41989398182497,150.74891882990724
45,122,37.16302608612798,48.95121928480976,4.9015845266758795,172.18475683179545,167.83236369025516,147.02681671302335,150.782474333158
45,123,37.09726688520119,48.845945893730594,4.004691839073885,170.33465589023675,167.52246028350777,146.96849357932922,150.56294988352892
45,124,36.43101061399411,48.78522501534504,3.7075097742982384,169.9578263220177,167.5339869009342,146.3089749163779,150.9294143687186
45,125,36.12761269066272,48.662435666379345,3.890818460968813,170.2644173537994,167.51850486957136,145.64393260712936,150.73395281279835
45,126,36.163844078863654,48.49005784682483,3.9929228426852985,170.51131189270603,167.63523926781343,145.5169258886006,150.44185015361697
45,127,35.93720859082406,48.51810843274272,3.858838652689992,170.6967285303079,167.46741932817352,145.4618393915307,150.47153808434717
45,128,36.01657907478038,48.16815202047019,3.3019582806010135,169.2886217813258,167.0912912247138,145.57914286775406,149.9846676106112
45,129,36.49897316379966,48.04437862365717,3.183076000611571,169.24590845642646,167.3750850474208,146.59103937676235,149.87233493974847
45,130,35.21088007697416,47.90598401569208,3.2595320567580237,170.76149093931002,167.31623451404647,146.51592330636333,149.61738586869492
45,131,35.21088007697416,47.90598401569208,3.2595320567580237,170.76149093931002,167.31623451404647,146.51592330636333,149.61738586869492
45,132,35.206866025917826,47.76367928168399,3.445306702444041,170.87070476062283,167.04325359155163,146.4916206178963,149.3677646460495
45,133,34.984227550910305,47.45352039185042,3.5075577313458335,171.14173247277245,167.1198938834264,145.9904407927079,148.72849404601854
45,134,35.16061246556946,47.31478152135683,3.4925931024518304,171.24976406155292,167.36765167870442,146.09826610706423,148.59822841797046
45,135,35.06070936726249,47.09984725336733,3.4241728100097233,171.10412792570995,167.4486137997033,145.36829032320972,148.25206269960108
45,136,35.065767395559135,46.73085367986203,3.51632736835768,170.92428366568615,167.35932649399518,145.37879303956225,147.62712141113516
45,137,34.87862279669063,46.71856631606236,3.4886308891533973,170.9918176088592,167.45900182852253,144.868540371695,147.6803621740383
45,138,34.806869454178525,46.57720352871029,3.517188998305199,171.1212824634228,167.57604208171125,144.81806593900532,147.47447049831848
45,139,36.149312328363216,46.57282043479229,3.4800203052886465,169.64739072702932,167.77745482440423,144.8111391125076,147.42332870679925
45,140,36.46871059562436,46.25857221735496,3.472284742842926,169.37363387128175,167.64632252665282,145.31830911773926,147.08093721145718
45,141,36.45454907360304,46.212228930475995,3.370089634245516,169.48487232171968,167.96738212980307,144.89427296734115,146.83404878326053
45,142,36.49740522972953,45.955937686957576,3.3992678879555194,169.5655840614528,168.15675140621292,145.028286057704,146.57975752275595
45,143,36.49740522972953,45.955937686957576,3.3992678879555194,169.5655840614528,168.15675140621292,145.028286057704,146.57975752275595
45,144,36.40529496032581,45.59347477304971,3.457251877425624,169.73519175168855,168.3892646604055,144.75446999657726,146.37906818818743
45,145,35.51439042611565,45.90963163210573,3.603343741100783,170.55158883049876,168.0968125117632,143.5621149839796,146.42018603293116
45,146,34.612178679228776,45.56983973545957,3.685481238081549,170.84902874028907,167.9769842703812,142.0692817362918,145.80122756661922
45,147,34.60032044964064,45.62477331820105,3.6983585174236495,170.82591826892588,167.9523920466325,141.8852950993249,145.80267246649152
45,148,32.78415210860512,45.5654401769115,3.506198530821027,172.15597970137884,167.7525325937396,140.7211727016171,145.74137744034195
45,149,32.96674188476839,45.449707471739266,3.324197188932831,171.47669289448788,167.82124041419283,140.7713504338692,145.57714380623298
46,0,82.40820733512481,25.024227297733585,,,148.64794910698524,171.9677177961906,144.69235644140102
46,1,81.8976548157997,25.036767582004156,,,148.71244390428532,171.62472124470546,144.75915483753064
46,2,81.8976548157997,25.036767582004156,,,148.71244390428532,171.62472124470546,144.75915483753064
46,3,81.9417084717148,25.125549899146392,,,148.6178758255762,171.2730505388604,144.71484874961757
46,4,81.1310076954093,24.888370186367364,,,149.68138923866357,170.06965762871107,144.4391218801931
46,5,81.1310549029616,24.813899534838164,,,148.8757863228033,169.97485730851227,144.3239499060449
46,6,80.68938221290466,24.834664425727972,,,148.69574967445055,169.12099579814424,144.353129635736
46,7,81.01871686620484,24.504290928737355,,,149.0075112678374,169.9153805442589,143.8575276934592
46,8,80.83985675706514,24.43064791756055,,,148.96863365862632,169.48084935043403,143.67139513867224
46,9,79.75776359597594,23.929118619017967,28.41645226950809,121.77208455955972,149.90739847217353,167.74376873282418,143.38781376284155
46,10,78.47368120889158,24.284061072877115,27.8930008534214,120.10516920836685,148.73625221087144,166.1636220376112,143.2837524919135
46,11,79.64933552733642,24.226805404559386,28.343756297472055,159.1044649532626,148.71446498701738,166.5185567836716,143.44981033741237
46,12,79.03485368065458,23.853526336091917,27.613908848846407,159.8249907870593,149.63263184155394,165.782196472299,143.22397595878715
46,13,79.31562534016442,23.72789382612961,28.606451831459243,158.1758312495113,149.575315762754,167.58495535698196,142.90607016956804
46,14,79.31562534016442,23.72789382612961,28.606451831459243,158.1758312495113,149.575315762754,167.58495535698196,142.90607016956804
46,15,78.86950825847077,23.618999701550766,28.62474324348082,160.03636922954846,149.99709789946957,165.33707477402885,142.95230382035615
46,16,79.5807175449166,23.801663885734097,27.88270940548235,119.88987474417794,149.7729510255157,165.64564744994232,142.39832722373362
46,17,80.85734564404713,23.416909626456174,23.232771289008525,122.6814193671486,150.42016175445258,165.47231847833424,141.12632387830604
46,18,82.72219631882123,22.94248061445127,25.28455399200042,119.13320534982422,151.0492461893741,162.4282866857507,139.4409840432171
46,19,86.22481182519294,23.28502139521831,24.936988567275694,157.0523572326342,149.9203381664393,162.73149223758446,137.3609460022935
46,20,86.48878277529572,23.14130743235343,24.77445574464327,156.69611760493007,150.3010758962658,163.39807760795856,137.35133556533052
46,21,88.63565268462526,22.43159294966457,24.157380305194486,116.34078106659048,149.09353227257756,163.09055817576169,135.10095053071944
46,22,92.43060298953864,20.338215269410885,20.503199918492616,121.6427022676896,150.3062953871829,163.15403297517688,130.90846236771756
46,23,89.4996956875928,18.63496478272626,20.700163583359732,128.29569334049543,151.23874190128868,162.49772764081942,127.36239392732172
46,24,83.46316077223945,17.840973521207058,13.910861938841771,131.47846443316985,149.83156472872406,159.53772705861638,123.51974829838925
46,25,79.31516398725803,16.636692664889278,11.31989373671599,166.4915374271836,150.14399558659198,155.03712386155075,120.08043848699944
46,26,74.61442348459941,16.33093979382527,11.42438707410636,163.38583564627749,150.4441214426536,149.69200558856696,119.69819755723884
46,27,64.0877572283832,15.055892497185832,15.682144701058649,168.4803982716077,147.23756179746837,140.53924372413346,114.56263984901746
46,28,59.82840039980583,13.374056320780165,13.375276432888455,164.81797548880235,149.81169744878608,139.44141710696022,112.18565821465792
46,29,68.56451672045372,13.26453396864754,14.040633267393526,167.65491488337602,149.21137952412974,140.29083983035335,109.697123464111
46,30,64.42380927564882,12.47527277015262,13.660769142080468,165.23254739479918,148.71485940331263,132.6541320376281,106.08655432492525
46,31,,9.952233053015863,14.959030892710372,170.46260003703745,149.56750420439556,,102.17510922068752
46,32,,9.66012144603116,15.920332963421044,174.0350887967306,150.24403586009703,,102.10454193759924
46,33,70.77717771611137,4.353116033224638,31.378469135789754,159.89291473513774,159.76859066833524,5.341716558103382,100.76488102092964
46,34,,0.5219174291464572,38.58600388697976,160.1376142367373,165.41821851355095,,96.9178588343911
46,35,71.9240927264717,0.3398971108790121,39.21054912525221,161.12785748738096,164.55120342833956,8.399173159853843,95.02233924502708
46,36,72.91659742471117,1.626115211438235,39.83205519044468,159.15332359038857,167.26476616629515,,92.6664385236897
46,37,,2.4012106120490073,37.4156967886021,157.3775085785654,162.51608743329027,,91.20692444162492
46,38,,3.1937385400304237,37.83080001775191,160.06606363912843,165.28173027351608,,90.76421647101051
46,39,,4.57176538325758,39.951815077575965,153.843179486385,165.73845246965,,90.07130280284717
46,40,,5.551024832908007,34.83352560582239,161.46156633155127,165.24977233375296,,87.84868773841237
46,41,46.00456439642575,5.877180560197022,32.59127406285954,162.99725199836024,163.71594932366273,,86.78256124189008
46,42,,,,,,,
46,43,49.47574464586541,7.255483748133145,32.97708378247743,163.15017756456012,163.0939090040727,11.680128380132553,85.03560715838371
46,44,49.27848346462258,7.114120548196028,33.27804352121338,163.03006179076252,163.21482592939444,41.89679656500674,85.21518598451918
46,45,,,,,,,
46,46,49.77240892699203,7.915305265542615,30.86064029419079,167.73054453233692,162.25600398928964,9.605980376283854,84.15554011324042
46,47,,,,,,,
46,48,47.91977365962924,9.36247206492087,31.49928927243466,167.98909290044278,163.85540108971884,11.134909087855926,82.2251492165458
46,49,47.78577390909979,9.55166947983182,33.02144858098027,165.6729763962313,163.9479079586462,4.276572844307219,81.5518242227326
46,50,47.82942030820613,9.522177317174162,33.172633808150316,165.63850300985135,163.89428457271933,5.00412047473468,81.51466349070286
46,51,,,,,,,
46,52,,,,,,,
46,53,,,,,,,
46,54,,,,,,,
46,55,,,,,,,
46,56,,,,,,,
46,57,,,,,,,
46,58,,,,,,,
46,59,,,,,,,
46,60,,,,,,,
46,61,,,,,,,
46,62,,,,,,,
46,63,,,,,,,
46,64,,,,,,,
46,65,,,,,,,
46,66,,,,,,,
46,67,,,,,,,
46,68,,,,,,,
46,69,,,,,,,
46,70,,,,,,,
46,71,,,,,,,
46,72,,,,,,,
46,73,,,,,,,
46,74,,,,,,,
46,75,,,,,,,
46,76,,,,,,,
46,77,53.22656183695009,9.867291764455388,35.25694113412035,160.90356749951945,163.13876107288613,10.032454640773992,82.06012438098828
46,78,,,,,,,
46,79,43.06193016884683,7.1937576701801795,36.07765669490173,161.16865736786306,163.69902887228983,86.81529590897583,85.77782107055832
46,80,41.31973753848041,7.569248138621017,36.64115063049923,162.42924180008384,164.46834122323986,89.7254429288787,85.43002697432789
46,81,7.031400592842723,5.7798059286622,38.116457519267286,155.35977630463591,164.7128088806437,,88.86845645416547
46,82,3.1499652315105524,1.3922126924409783,29.28479686546933,162.35614556422274,160.52314595868165,,104.8536435408301
46,83,,0.4270591778165349,36.59514662222187,158.15614674849908,163.05242949867358,,95.7267601516655
46,84,69.58124394471265,0.6287882502914165,36.88369001122207,153.55699238212668,166.89147688654677,7.68513160903233,96.373582207061
46,85,,3.1738892313680886,33.703347837519416,157.7923833535092,164.4617447689783,,102.34968623016962
46,86,,3.0518115293628116,33.13007712159287,157.8646926781537,164.25942574447285,,101.37023756674456
46,87,64.16449755450435,12.719021303646134,17.63984474399441,179.5891067598817,148.87335793081175,138.3510067415942,106.609196606021
46,88,70.07092542050445,12.974134824597035,13.866374771441428,167.08877543015365,150.2567263982314,143.93723054172412,109.22481964419566
46,89,71.22529326135135,15.394221685643751,12.832479648607604,167.85297247999932,149.85836782080733,148.01036504864555,112.50681049580322
46,90,82.04258198366323,18.16200953556746,14.228485856977803,127.91572316303674,148.64917542730566,158.6927576247979,117.92030428473052
46,91,99.37796541117926,19.06073153367523,17.287497756945864,167.45929660051328,151.90247166994033,175.6455839005683,124.10013591865402
46,92,95.97830304937216,19.21404046158874,16.83410177706094,171.1153724337433,152.03935845278627,173.64046259621065,124.0237346639251
46,93,90.51212267543968,20.382612341735634,19.720914056204016,139.6615348246398,154.2388744242587,168.70392479018375,128.87525094508842
46,94,90.91890425109546,22.692084157680583,23.133386425873248,160.09400550296297,151.2101095246093,173.66538591818622,133.44600292245295
46,95,86.35493044583221,25.584251307877523,28.71950797329004,153.62703406700524,149.1591090753065,172.60723067375966,140.29536687348573
46,96,95.01025017782328,26.82712289036533,25.750960903619575,156.39310270076186,148.98289754675775,177.72169832013057,145.3066574584704
46,97,84.40746876401631,27.78255325735096,22.505059719453175,166.2462495200282,151.3188273813443,177.49531222838985,148.45492831270846
46,98,86.00719349723109,27.56576954743416,22.95884956149198,136.1845707793634,151.90128482598507,177.36144272373144,148.5016850934672
46,99,85.27096521943055,29.577653714931493,,,154.56034307361307,177.2591818316381,150.35043872316962
46,100,88.78808457459814,30.781907031650537,,,154.131024428201,179.18269244178572,151.65759576622236
46,101,90.15490449107251,31.372981945805492,,,154.24283127571067,177.78121976608435,153.37046126727893
46,102,89.76097273029394,31.545375073253453,,,154.01353281036708,177.9242306876771,154.09144348997538
46,103,88.7678319168059,31.04188250487482,,,153.12745599549683,177.7418248082524,154.51543744220086
46,104,88.7678319168059,31.04188250487482,,,153.12745599549683,177.7418248082524,154.51543744220086
46,105,92.04432652365338,31.20679951228242,,,152.74661774399604,178.0281525284733,154.15690711636324
46,106,91.40965344104876,30.756205542198604,,,152.81914446018718,178.65447546998783,153.15584077375772
46,107,91.4835235706448,30.081304218178655,24.82929339698302,162.09125482409246,152.65999116248108,178.97783361158886,152.09113716990922
46,108,91.65413065394664,30.54044348003018,24.098744227137576,163.24679188179306,153.30558054757793,178.58270384540174,152.59459248358706
46,109,91.11488187182802,30.729432585308256,,,153.54888113400773,178.76027430169125,152.7327997283651
46,110,90.52883109317784,30.81430576725447,,,153.58387060437394,179.1944901845204,152.78704058901965
46,111,90.73441694382883,30.723460837969174,,,153.3212189779502,179.02514184379993,152.692045594108
46,112,90.3795193914823,30.908945906598564,25.226630904533128,163.77863646748725,153.3978069548941,179.63836702083043,152.7958527371801
46,113,90.44515592418858,30.69349580373899,24.69234872700388,163.62764615998964,153.0428238858891,179.58712678883526,152.65150414873264
46,114,89.96587739172736,30.496832095026537,23.9210388220764,163.3981637504544,153.17784936364905,179.7883235665952,152.7343245912218
46,115,90.06816793271037,30.160729505570224,24.18723838925073,163.1320273343759,152.91838341135113,179.88733372733083,152.4903738806212
46,116,91.26870563374098,30.641085886077335,25.141538405389905,161.52571029465528,154.0184223282016,179.44579984937548,152.62487954725623
46,117,88.43679328163176,30.60759688827331,24.90968291776147,162.1570174100758,154.13971488061625,177.75788278134002,152.89739968513436
46,118,88.08689393240556,30.253879269861983,24.852070466922747,162.3077114834042,154.3047448290881,177.5974901973024,152.56409695360435
46,119,85.95985026510525,29.464064765462812,24.553064853024647,165.4232110885849,153.85471587989582,177.58081526914953,152.48245042950083
46,120,88.60901757627941,29.01040364897182,24.78030685652633,164.07166520979305,152.9650781578104,179.57988463942172,151.6843935078074
46,121,87.70496266403289,28.740937581893405,24.202871375358136,159.91728821657995,152.17632944446171,177.20754732530045,151.26195867097408
46,122,87.70496266403289,28.740937581893405,24.202871375358136,159.91728821657995,152.17632944446171,177.20754732530045,151.26195867097408
46,123,85.38716231389988,28.074920706975004,23.37321923013227,164.09475912417966,151.59576657462856,176.68719552470756,151.41180507798362
46,124,85.16821331270398,27.975220977311512,,,152.88788528372592,176.47264696053443,151.2114155247554
46,125,84.97178264877749,27.79453087465548,,,152.63471719893698,176.3951476922949,151.14144374933227
46,126,85.01700849608429,27.68554843999053,,,153.1784909448231,176.68686347541112,151.21625842686802
46,127,84.90053625389662,27.68549450643239,,,152.52191307700323,176.57300483949513,150.84887005331026
46,128,84.74693810942796,27.589829304012813,,,152.7429368314555,176.64547261220338,150.73005039338688
46,129,85.38524461846691,27.565107404355594,,,152.68693303388318,177.16639009265185,151.06573657959115
46,130,85.71755639138263,27.26253557400152,,,152.7605586539893,177.40949817585158,150.68058942010384
46,131,85.4100715898198,27.34140660236428,24.90402509064976,163.72900896538349,152.9308950192479,177.02142321370823,150.95641187861378
46,132,85.33020490512706,27.15423643782561,25.652457791474067,161.71317464700533,152.3867898637025,177.0255520454709,150.74024120512345
46,133,84.99030185272137,27.125421353049227,,,153.24369923870992,176.78953553036075,150.60041506086282
46,134,84.99030185272137,27.125421353049227,,,153.24369923870992,176.78953553036075,150.60041506086282
46,135,85.24990864922727,27.14596332825602,24.995811776286917,162.32156845835107,152.47333935772843,176.7701955437025,150.29435410767755
46,136,85.66568502700737,26.9364627808657,,,152.83103168539435,177.24560042938862,150.08910481543634
46,137,85.69644863977061,26.937987786817537,,,152.16783686859642,177.42757316511023,150.14612828426246
46,138,85.76683984778913,26.93496830835059,23.795222228579917,164.6605128413593,152.38681357528068,177.64891549976795,149.9020003729791
46,139,85.68422050257473,26.854501509538046,,,153.21162625288713,177.2950254726725,150.14800466476112
46,140,85.60674009682654,26.75121298935156,,,153.50447583291287,177.52672939193565,150.14796921540932
46,141,87.78259958355952,26.81499015465595,,,153.0449392642114,179.83576697326214,149.77228482940507
46,142,87.77233300942584,26.766049684490916,,,152.0520827231804,179.9561950479912,149.78408539650374
46,143,87.71173642199666,26.702077378532856,21.918058238070728,165.22869838794313,150.36748329088468,179.80536911697527,149.5755703312042
46,144,87.99774555994836,26.6199375672694,22.59676376061786,163.12839401764722,151.14028513621304,179.9772190785623,149.39062948016542
46,145,86.26287436404937,26.821712737641644,,,150.7130558415645,175.63276136637245,149.33808426150105
46,146,86.1485123007363,26.86774765925667,,,150.92176093649147,175.37729694625554,149.0376014805953
46,147,85.9434386213653,26.899049533325886,,,150.25027799283535,175.01702997328732,148.94669673665572
46,148,86.38452550722148,26.700954076967513,,,148.32401104643318,175.29989029836784,148.77115926766632
46,149,84.1857253841566,26.94961919246361,,,151.732957355823,175.10691769933513,148.56383472674673
47,0,59.226228071733416,55.462674734865615,4.58206342878016,,,167.8118822381393,155.50261837024027
47,1,60.03215083908153,55.46857617886029,4.733002053004816,,,169.7767029800955,155.2500252936884
47,2,60.103969288194854,55.53315004424039,4.6183090049271005,,,169.96213139447136,155.3221380822152
47,3,59.6368384541007,55.677139002887365,4.517801134063705,,,169.19528679968664,155.50985758203538
47,4,59.57571294646894,55.70930528509843,4.341553777291129,,,,155.60862207211113
47,5,59.14639474357996,55.754030275670985,4.490507948172967,,,168.25286955226431,155.79142409815498
47,6,59.27523194022359,55.62770724577541,4.390680504623702,,,169.63716787870814,155.9372114166958
47,7,60.280263547513776,55.659791414515965,4.3133806334675615,,,171.81231293729712,156.11099344038237
47,8,60.57242692509261,55.23988858252508,3.969382585777934,,,172.80069086363486,155.51592297746686
47,9,60.2669671858359,55.06109045692121,3.6080166746436,,,171.36899262844912,155.205305506937
47,10,60.2669671858359,55.06109045692121,3.6080166746436,,,171.36899262844912,155.205305506937
47,11,57.769151479819506,55.09450245691907,2.9701500206673477,,,164.40419849413271,155.53527825820842
47,12,58.91952100934576,54.612057330334565,4.345006744182278,,,164.12644957120625,154.65642520766212
47,13,,54.47882383219586,3.515480326097202,,,,154.79571779460213
47,14,,53.38349668565709,2.776717772827963,,,,153.16060166458348
47,15,51.87972681549075,51.409021052201595,3.5098406439974994,,,168.631428992252,150.81995158783212
47,16,51.12763371328265,49.93475715848833,2.0107958108494337,,,167.2130258993621,147.45116638187977
47,17,51.226419395799184,50.07942046525413,2.0107211742701443,,,168.23522150740993,147.6717262343511
47,18,49.35361992428506,46.113908648872005,1.7084675345869538,,,168.47318331662672,142.7431479271836
47,19,54.568834303895905,42.29758632235532,1.5677542638259012,,,,139.1850494365015
47,20,,37.43046561462298,0.7953549568983691,,,,134.08070967394627
47,21,40.236810741990816,36.008578298612605,0.0140411011234311,,,,131.41704071254262
47,22,,33.55332651113109,1.7867906952743613,,,,126.95305926305092
47,23,,34.23369252503296,1.903462922328882,,,,127.40610350694996
47,24,,30.045880134590668,1.8072006159408185,,,,122.49142111771226
47,25,29.062996079244055,26.340908041432417,2.0310092316998505,,,,116.53618302490996
47,26,,20.409237639637578,0.9281442634358468,,,,109.7739809403776
47,27,,17.869742310976548,1.216057845129897,,,,105.43130815026716
47,28,15.448797187339697,15.02864195853957,0.4365384373530035,,,,102.48653983616929
47,29,,14.727583378918943,0.2208795467436135,,,,103.66981648241376
47,30,9.636260560097508,13.934670816031964,1.3444759801884545,,,,102.5944795909648
47,31,12.963520197937251,9.739939387735596,0.7377064419243378,,,,98.67377735765518
47,32,,6.975430517925643,2.4060266938754533,,,,95.52268892915176
47,33,,3.349101030911175,1.6581756452623655,,,,90.25586179424477
47,34,13.046787409469095,0.3053612999733067,1.793645194371202,,,,87.22208162712387
47,35,11.45610483516746,0.5753657026586874,0.2415963734230957,,,,87.61966080602501
47,36,11.953630644604871,2.1604333252949126,0.2020738605326023,,,,86.16241316731629
47,37,27.68545046623689,4.524749909134023,,,,,83.21604442099327
47,38,31.138658034763676,6.6052456764949765,,,,,81.61896721048211
47,39,34.23306553365417,6.999140381460479,,,,,80.97713776549561
47,40,35.570997084956645,8.482908996187756,94.03072462505044,,,,80.83725868586478
47,41,35.510903441893376,8.481220291850068,93.51915705714364,,,,80.76184059438401
47,42,37.00610673314274,9.788818837828275,,,,,78.54398343315046
47,43,36.41914190773169,9.340085630533803,,,,,79.52898948547261
47,44,34.05489219492766,9.996565307741903,,,,48.87282711271375,79.14899133524091
47,45,35.022386265218685,8.19654893965357,,,,,82.12794092491404
47,46,36.81079259661528,10.916142053936104,0.3478292322045211,,,,78.97779630852165
47,47,36.81079259661528,10.916142053936104,0.3478292322045211,,,,78.97779630852165
47,48,37.35232630624731,10.827679615508933,0.0742471617650191,,,,78.45459632119596
47,49,37.81081430870052,12.218173589615043,0.2296221881533918,,,,77.68156794272977
47,50,40.30067464093875,12.65145820025879,0.2262700087308507,,,,77.1194223326849
47,51,38.96043080104917,13.525362053712271,91.30095122734949,,,,75.35754763157829
47,52,37.40890428241383,12.680935109038954,89.82228914528939,,,,77.30192608659506
47,53,38.63759420481055,12.769586101637644,89.59966138918821,,,,77.23017919802301
47,54,37.42467124067915,13.499974490034155,83.86497946390058,,,,76.13383365833718
47,55,37.070238736173295,14.041675246265848,78.28482801726618,,,,75.29506432317702
47,56,36.80590810581772,13.65692404898596,74.69126425568784,,,,76.35631584559648
47,57,38.68211103668436,13.60576485069742,88.34404208004163,,,,76.01862215362961
47,58,39.66333394839125,15.600401537717929,80.79297029526619,,,,75.02548121875968
47,59,39.546547939113786,15.619267950598092,80.64771772475153,,,,74.97882099665578
47,60,36.6081328926352,13.721100794502169,0.2738653088412837,,,,76.73337693769975
47,61,38.05500198484207,13.37735615393611,0.0722787806619971,,,,77.23332643069013
47,62,30.2915003523687,9.613565018339395,0.1693886653702777,,,,79.77752149870237
47,63,33.11135966954468,5.342973024825682,,,,,81.46395045000986
47,64,13.699016122939929,0.0268529647707842,0.5709352844115627,,,,89.104139960472
47,65,13.699016122939929,0.0268529647707842,0.5709352844115627,,,,89.104139960472
47,66,,5.089607548124397,2.740020325416192,,,,94.32837610303866
47,67,11.426765198883176,9.366366460744784,,,,,100.19773988014416
47,68,11.03231920133544,13.987305738037586,0.7939233154587759,,,,104.06360700044551
47,69,,18.40867113480781,0.6225305830031052,,,,109.36546529437236
47,70,,24.510368022794236,0.1988776935876819,,,,117.35254439314804
47,71,,24.510368022794236,0.1988776935876819,,,,117.35254439314804
47,72,,30.856806714936436,0.9468844415265978,,,,126.34774774564684
47,73,,34.667604618735595,0.5708575824707091,,,,131.531113213907
47,74,,36.82790899034911,0.1913155409943784,,,,136.6244940581676
47,75,,40.28569630409507,0.406678245206089,,,,142.2087068208057
47,76,,45.06666026827486,1.0129536232006489,,,,147.9865275664492
47,77,,45.13612079560722,1.205081781302913,,,,148.0592913984522
47,78,,48.30374537921411,1.7690925827441346,,,,151.6660550531092
47,79,52.37848247219836,49.36669428958389,1.269398391124782,,,,153.46511680182476
47,80,,50.50231468313417,1.2198735488797303,,,,155.40297894003697
47,81,,50.46206762046793,1.2759087821803743,,,,154.49836136577622
47,82,,50.73889311880668,1.023405415896625,,,,154.73286213027436
47,83,,50.73889311880668,1.023405415896625,,,,154.73286213027436
47,84,,50.813101163156205,0.8189128520238903,,,,154.31397167420343
47,85,,51.04086882631345,0.7470038825822729,,,,154.5187683972614
47,86,,50.64095925133229,0.6555679725483451,,,,154.33205157737322
47,87,,50.65023257422184,0.8070311954742194,,,,154.7051142969493
47,88,,50.73346455968905,1.1606201785755612,,,,154.51356473585182
47,89,,50.73346455968905,1.1606201785755612,,,,154.51356473585182
47,90,,50.82765203794904,0.5006480470671628,,,,154.60415240023283
47,91,,50.47788630570819,0.9255002195073962,,,,154.12147203816954
47,92,,50.17642433707375,1.0776312801967367,,,,153.62262340311992
47,93,,50.30012193617677,1.1512910997131172,,,,153.78988700927292
47,94,46.8209595772593,50.33154714102211,1.0711987850572071,,,163.2034555877766,153.75906868369827
47,95,47.4719756842368,50.268245025680905,1.0496357431951928,,,164.87951083303977,153.57970750042836
47,96,48.32747970107844,50.265351592868655,1.5228532559263936,,,166.72426057672158,153.4504014293766
47,97,47.82260772799207,49.94741063845189,1.3932358615334732,,,165.9440972813808,153.17030145313467
47,98,,49.74739054539362,1.2885361577204788,,,,153.05178690829285
47,99,48.13884395262744,49.69795865352378,0.4842529151960216,,,166.57184839969094,152.9608522309992
47,100,,49.853031359430545,0.3503236874031736,,,,153.09106467599108
47,101,,49.853031359430545,0.3503236874031736,,,,153.09106467599108
47,102,,49.82980312529307,0.5539057033578849,,,,152.9677128405646
47,103,,49.560031133815144,0.1355979630392945,,,,152.61479712436395
47,104,,49.14765014554043,0.2764622513457175,,,,152.04957074783098
48,0,,,,,,,
48,1,,,,,,,
48,2,,,,,,,
48,3,,,,,,,
48,4,,,,,,,
48,5,,,,,,,
48,6,,,,,,,
48,7,,,,,,,
48,8,,,,,,,
48,9,,,,,,,
48,10,,,,,,,
48,11,,,,,,,
48,12,,,,,,,
48,13,,,,,,,
48,14,,,,,,,
48,15,,,,,,,
48,16,,,,,,,
48,17,,,,,,,
48,18,,,,,,,
48,19,,,,,,,
48,20,,,,,,,
48,21,,,,,,,
48,22,,,,,,,
48,23,,,,,,,
48,24,,,,,,,
48,25,,,,,,,
48,26,,,,,,,
48,27,,,,,,,
48,28,,,,,,,
48,29,,,,,,,
48,30,,,,,,,
48,31,,,,,,,
48,32,,,,,,,
48,33,,,,,,,
48,34,,,,,,,
48,35,,,,,,,
48,36,,,,,,,
48,37,,,,,,,
48,38,,,,,,,
48,39,,,,,,,
48,40,,,,,,,
48,41,,,,,,,
48,42,,,,,,,
48,43,,,,,,,
48,44,,,,,,,
48,45,,,,,,,
48,46,,,,,,,
48,47,,,,,,,
48,48,,,,,,,
48,49,,,,,,,
48,50,,,,,,,
48,51,,,,,,,
48,52,,,,,,,
48,53,,,,,,,
48,54,,,,,,,
48,55,,,,,,,
48,56,,,,,,,
48,57,,,,,,,
48,58,,,,,,,
48,59,,,,,,,
48,60,,,,,,,
48,61,,,,,,,
48,62,,,,,,,
48,63,,,,,,,
48,64,,,,,,,
48,65,,,,,,,
48,66,,,,,,,
48,67,,,,,,,
48,68,,,,,,,
48,69,,,,,,,
48,70,,,,,,,
48,71,,,,,,,
48,72,,,,,,,
48,73,,,,,,,
48,74,,,,,,,
48,75,,,,,,,
48,76,,,,,,,
48,77,,,,,,,
48,78,,,,,,,
48,79,,,,,,,
48,80,,,,,,,
48,81,,,,,,,
48,82,,,,,,,
48,83,,,,,,,
48,84,,,,,,,
48,85,,,,,,,
48,86,,,,,,,
48,87,,,,,,,
48,88,,,,,,,
48,89,,,,,,,
48,90,,,,,,,
48,91,,,,,,,
48,92,,,,,,,
48,93,,,,,,,
48,94,,,,,,,
48,95,,,,,,,
48,96,,,,,,,
48,97,,,,,,,
48,98,,,,,,,
48,99,,,,,,,
48,100,,,,,,,
48,101,,,,,,,
48,102,,,,,,,
48,103,,,,,,,
48,104,,,,,,,
48,105,,,,,,,
48,106,,,,,,,
48,107,,,,,,,
48,108,,,,,,,
48,109,,,,,,,
48,110,,,,,,,
48,111,,,,,,,
48,112,,,,,,,
48,113,,,,,,,
48,114,,,,,,,
48,115,,,,,,,
48,116,,,,,,,
48,117,,,,,,,
48,118,,,,,,,
48,119,,,,,,,
48,120,,,,,,,
48,121,,,,,,,
48,122,,,,,,,
48,123,,,,,,,
48,124,,,,,,,
48,125,,,,,,,
48,126,,,,,,,
48,127,,,,,,,
48,128,,,,,,,
48,129,,,,,,,
48,130,,,,,,,
48,131,,,,,,,
48,132,,,,,,,
48,133,,,,,,,
48,134,,,,,,,
48,135,,,,,,,
48,136,,,,,,,
48,137,,,,,,,
48,138,,,,,,,
48,139,,,,,,,
48,140,,,,,,,
48,141,,,,,,,
48,142,,,,,,,
48,143,,,,,,,
48,144,,,,,,,
48,145,,,,,,,
48,146,,,,,,,
48,147,,,,,,,
48,148,,,,,,,
48,149,,,,,,,
49,0,38.93465649529866,158.43085731394817,,,,87.32885743495167,79.71411892981145
49,1,38.747067650711095,166.03268682397632,,,,89.26971972945067,84.78425067741425
49,2,33.849723665575496,172.55348391007203,,,,92.11332074651116,88.1504059749185
49,3,33.65802794621292,172.87086338066084,,,,92.11972319746651,88.3568691049436
49,4,21.568381325479624,172.83325524537491,,,,91.99977442046766,88.0096608243369
49,5,,,,,,,
49,6,,,,,,,
49,7,,,,,,,
49,8,,,,,,,
49,9,,,,,,,
49,10,,,,,,,
49,11,,,,,,,
49,12,56.160118534496576,152.6622489708082,,,,129.20008626956107,128.86966252626348
49,13,,,,,,,
49,14,,,,,,,
49,15,,,,,,,
49,16,67.41942422170037,96.7997227321826,,,,159.30714157459454,157.4978549179574
49,17,61.22481864957907,91.00002386647893,115.38677233500697,118.27731575636744,,168.82599837795985,168.88405774569782
49,18,60.71747437552024,90.97388963526998,115.62978035557325,115.98249643538868,,168.60692594890642,168.6778467708518
49,19,54.441924639801,87.44513961115506,115.4013012083417,128.9687214727598,,174.21224301371717,176.13327830065415
49,20,54.256681436932176,87.41674819410721,115.43029678537916,128.9250338851348,,174.2753063259656,176.14215155604788
49,21,54.64897008582301,87.38978860333965,110.42896188110142,116.88978932011304,,172.35641912610967,176.15641299138545
49,22,54.49696362450831,91.19561791294112,,,,172.11539918750867,175.06199571407666
49,23,59.98390427036473,90.7221681102854,115.94968936732904,128.4012277883784,,171.35659667999212,173.96990950630385
49,24,59.77719138828311,92.06010295580045,,,,170.514150570521,172.84225965186852
49,25,59.46013468839171,92.00995054828292,,,,170.53757342225754,172.8170792602466
49,26,58.89005428413957,89.96145427089864,,,,170.82927433087696,172.77770359807815
49,27,66.02151821887958,90.50704052278064,115.06176241809808,105.22248602609052,,171.6242435945532,171.90217255170882
49,28,68.63518489713603,92.08602338879292,119.03845779258022,131.46710734551044,,171.5752326578141,170.71842459617312
49,29,65.10424656990111,93.83398023788246,111.91843207585735,110.02766017750167,,167.89280095865715,169.67747656932062
49,30,66.67686478609414,95.24078341316088,,94.7194746468707,,165.46487124800797,167.30096291202028
49,31,67.22350120254924,95.20753276426204,,89.0698347863047,,165.5569385104135,167.31366459011275
49,32,60.22499290963765,98.18264194403152,113.1232533798078,85.30260167001789,,160.17911612544268,163.3558762324529
49,33,59.983449668448536,98.98071030394344,113.2508530356225,84.9143620834325,,160.24036020418794,163.09565580400587
49,34,,,,,,,
49,35,,,,,,,
49,36,,,,,,,
49,37,,,,,,,
49,38,,,,,,,
49,39,,,,,,,
49,40,,,,,,,
49,41,,,,,,,
49,42,,,,,,,
49,43,12.850398670855013,163.50767976627503,,,,100.68807633483024,102.51031296999122
49,44,12.113376353313823,173.82435910468857,,,,92.15011707553916,91.35947764145789
49,45,10.797499690069186,166.37302117417255,,,,89.25797006728361,80.14942842649258
49,46,14.55015570216587,166.47231053820374,,,,90.01178821761862,79.8566794494319
49,47,,,,,,,
49,48,,,,,,,
49,49,4.230176869351139,,,,,83.70092548586993,
49,50,6.774606539357336,144.12794867138635,,,5.4481015346947474,79.75270418208851,66.23635223834316
49,51,,,,,,,
49,52,,,,,,,
49,53,,,,,,,
49,54,,,,,,,
49,55,,,,,,,
49,56,,,,,,,
49,57,,,,,,,
49,58,,,,,,,
49,59,5.9979006520756855,146.48389822473217,,,,82.01220487909981,67.21761930523684
49,60,,,,,,,
49,61,,,,,,,
49,62,,,,,,,
49,63,,,,,,,
49,64,,,,,,,
49,65,12.05228728518668,168.4934457312504,,,,89.75805201356698,79.07333088550999
49,66,,,,,,,
49,67,,,,,,,
49,68,,,,,,,
49,69,,,,,,,
49,70,15.788408153877382,174.7749775782501,,,,99.31566604892086,90.8866941302762
49,71,17.04039598324748,175.63915272684594,,,,103.04253648306084,97.95107517450806
49,72,,,,,,,
49,73,16.85260206187221,164.9458307655735,,,,108.20148023546676,107.19366932124514
49,74,19.264426175339903,161.64186152549976,,,88.1371847192444,114.01811934719836,112.62196536916407
49,75,66.99796095646268,154.3512790232777,,,,122.45779931121828,121.41977310307304
49,76,68.58229297749881,158.00175429140194,,,88.1942718942765,129.56402867628532,125.44362320149396
49,77,68.78321730764817,157.95825463678287,,,89.30029776307296,129.78267031856132,125.452836190883
49,78,69.59922947985362,157.13121414197693,,,87.323985220374,129.98153872242452,125.63987588796768
49,79,71.09218162131653,149.61250539656845,,,91.99819407125386,137.60790529839977,135.87496116290993
49,80,73.32715157391888,144.02762597064554,,,109.45749350139742,144.5062567891082,141.39165425764887
49,81,77.72864052515148,106.25345060163215,,,,157.1632741584885,151.1241593600898
49,82,74.55355637720163,98.82674473303597,122.97988072743618,142.73595662286587,,164.00370154402708,161.10533553146678
49,83,73.92844536927603,99.15308324642362,122.93520297832345,143.63452529431788,,163.9270401098913,160.9079260259648
49,84,76.65709179354403,92.86824424154422,119.76189342963018,148.52613319001543,30.12544746892914,172.6163649341732,170.76641024745174
49,85,77.54362380210382,92.40226503723966,119.159853706736,147.2472951145956,30.212527364428556,172.45032415254568,170.5713257824912
49,86,77.56600367348595,94.7196181114634,115.0379226942031,149.14652559524671,34.22810180397497,175.2183895890549,173.60985076725777
49,87,74.62756676460003,94.11931160045836,113.10033908914528,143.89561985137402,34.80848735836994,171.0667481346548,173.7272848762318
49,88,74.82412249388533,93.741302117882,113.29509767333442,144.06387547297194,34.50426331101326,171.02404032317594,173.84726498889555
49,89,74.65242926515967,95.39947035508686,113.835231879211,144.8337664741936,33.667664427543656,172.23567990830816,173.55480343407024
49,90,77.84747953941682,92.67918166377648,115.98892765030028,144.63062176772388,30.906052006141145,170.77968357714113,174.10506020441153
49,91,78.96932862007846,92.67306519749305,117.11964726257804,146.2669688463331,31.0153084026802,170.17913525372845,174.00406989328812
49,92,78.73838234556136,92.5846155130488,116.93084290429692,145.65748899114536,30.7714531070855,171.144737713025,174.05947386173307
49,93,75.87796171428309,92.32870029378256,117.81392214846286,146.2189172756823,,169.4919666680174,173.81373809851812
49,94,76.02963862950635,92.26746719721584,117.8310470602086,146.11004615604236,,169.65117451125815,173.83933505955162
49,95,75.3664011905986,90.50719628136564,118.89087769412724,143.86367636313622,,169.14836141517063,174.13353806346984
49,96,75.76140841379613,90.72063801148116,120.03240377338824,142.67672594172168,,168.43890031974178,172.91035068422616
49,97,72.47596871305772,94.81600326621836,121.0732136219272,140.2753633289263,,166.09762881190406,166.41987867802274
49,98,69.6043920411794,99.21338981137475,,,,161.0412810667134,161.56053806497064
49,99,69.50104547658268,99.02797454808562,,,,161.1551178003301,161.39093739375303
49,100,69.66449395522865,98.78536815690126,,,,161.05619817149574,161.38543050572795
49,101,70.6623187099803,133.6024266492855,95.57698264662422,135.3274532590508,,153.75738277125043,156.3746563278309
49,102,,,,,,,
49,103,,,,,,,
49,104,70.09112543841472,143.9680132177647,,,95.438850373763,137.37588610697026,144.75243000274486
49,105,,,,,,,
49,106,,,,,,,
49,107,,,,,,,
49,108,,,,,,,
49,109,,,,,,,
49,110,,,,,,,
49,111,,,,,,,
49,112,,,,,,,
49,113,,,,,,,
49,114,,,,,,,
49,115,,,,,,,
49,116,,,,,,,
49,117,,,,,,,
49,118,,,,,,,
49,119,,,,,,,
49,120,,,,,,,
49,121,,,,,,,
49,122,,,,,,,
49,123,,,,,,,
49,124,,,,,,,
49,125,,,,,,,
49,126,,,,,,,
49,127,,,,,,,
49,128,,,,,,,
49,129,,,,,,,
49,130,,,,,,,
49,131,,,,,,,
49,132,,,,,,,
49,133,,,,,,,
49,134,,,,,,,
49,135,,,,,,,
49,136,,,,,,,
49,137,,,,,,,
49,138,,,,,,,
49,139,,,,,,,
49,140,,,,,,,
49,141,72.96285704530541,165.39061605332898,,,,,102.24827747377329
49,142,74.42649109190893,152.77469235014854,,,,,113.43220998613656
49,143,,,,,,,
49,144,,,,,,,
49,145,,,,,,,
49,146,,,,,,,
49,147,,,,,,,
49,148,,,,,,,
49,149,,,,,,,
5,0,,16.368321639376692,6.0540321215693345,177.87063886736487,179.3092235055621,,76.64385065573855
5,1,5.436007127795412,13.050632332810624,5.359006800803772,172.6328433347421,178.304932631015,,74.33165935868792
5,2,7.103958843287595,10.98386583228739,4.726178615015138,171.72049100731084,178.96944062236693,,72.86239307416955
5,3,7.103958843287595,10.98386583228739,4.726178615015138,171.72049100731084,178.96944062236693,,72.86239307416955
5,4,8.798138036243662,9.374255416159157,4.763526918876403,172.02987865824292,178.9877145933037,,71.70066106016063
5,5,9.127113649125045,7.58092673080182,5.451048047204995,174.55579272682445,179.5407923995072,,71.3913546046567
5,6,9.81982552458654,5.609995265167225,4.827458018459102,172.60889466814018,179.1303081196422,,70.67578226123142
5,7,10.05986016879561,4.603279079728959,4.741916431418714,172.29959559518156,179.3694204335823,0.6943359922798311,69.96207195657763
5,8,10.088031596449458,4.8148546184122,4.986320312423693,173.07327538711894,179.36229488222617,,70.1052717316042
5,9,10.508923853277562,4.728703553657462,5.110830749213488,172.97303862452466,179.54674482597193,,69.83436048127737
5,10,10.820380644231436,4.6220840445010944,4.950866307280782,173.27687175899794,178.92752239367445,58.21768905419909,70.62727704637098
5,11,9.73808308552112,5.589130318154401,5.053759979800849,172.38142847753628,179.9640014102696,59.8832709291251,70.44684418964594
5,12,8.992507814215546,6.743981079498064,5.485252350910606,173.17084756832182,179.3610941134685,,71.29995845268162
5,13,8.951714683604825,6.8765214416077995,5.48386927121558,173.12980239935845,179.3121248362998,,71.2917617036622
5,14,8.483766383061882,8.302311135064596,5.065998329663909,174.42021854798463,179.6838363224214,,73.30878491144479
5,15,5.884671061316351,11.240903817268618,4.8267147024220005,174.0515782041005,179.2839068359861,,76.23306811515731
5,16,,17.354242804797213,5.669810237818492,175.1538734433349,179.19062812402757,,83.82772601856333
5,17,47.582807185674746,21.245863603873588,5.874182460816515,176.59823566367857,178.37827289092925,122.2921215599266,88.65462849814833
5,18,47.582807185674746,21.245863603873588,5.874182460816515,176.59823566367857,178.37827289092925,122.2921215599266,88.65462849814833
5,19,51.41887327026055,25.612633085036297,3.992032353058721,176.89685413007572,177.5756209869964,127.55493060419968,95.1953125756532
5,20,53.43266830456357,27.87066490329664,4.1914640806259005,176.7882789852178,177.61971911188203,128.96385993362102,98.20079696520295
5,21,11.896233699041076,32.798136931887605,5.1483873693938955,177.3629248874056,178.69926535833272,,107.91357534145544
5,22,46.6175817435053,36.75146283310041,4.852645170722146,176.11164255430702,178.63683236302322,82.40829431131966,115.92426363566967
5,23,46.6175817435053,36.75146283310041,4.852645170722146,176.11164255430702,178.63683236302322,82.40829431131966,115.92426363566967
5,24,46.00773481078312,38.940812456058055,4.476864298216973,175.62557282464115,179.27841460000656,89.39089291603601,119.87963574426438
5,25,45.75170445287459,42.13828332320442,4.687964670340517,175.57407733958175,179.67036873679746,88.36993438551107,127.65149973136016
5,26,51.42517161799032,46.346137290017104,5.141007405230203,175.81965040485937,179.7227257916089,94.51434017261032,136.5040392096031
5,27,52.296279366108465,48.109111298683125,4.788532008651997,175.71866231718835,179.62602400119275,99.27433118619678,140.33254512488017
5,28,52.38928181057012,48.1786358030579,4.702323225886039,175.5973525695966,179.46015061874866,99.67747425794737,140.47087022375868
5,29,53.215215986869126,49.67001510590095,5.3616215549023165,176.95089621794938,179.51334077161215,104.57087484339212,143.15211028267206
5,30,54.65497259813067,51.87119399539544,5.036669621102377,175.80973500926063,179.04891993861327,106.5442035773864,146.89167044172294
5,31,47.332676098248925,54.98602712222543,5.195138497951706,178.04636398577202,179.9348290344877,141.55279806043995,152.83830030199428
5,32,48.93326277243294,57.42508716392821,5.358822095398248,177.40140579694508,179.2321229824858,146.22424363552804,156.8255044389087
5,33,49.00190545801689,57.43730737105722,5.13440818434008,177.11438177550357,179.43263064354406,145.82188091617593,156.81278271574143
5,34,50.74038777623928,58.94556186102801,4.4454313475479905,176.25588502356285,179.34006174471403,151.4967013344149,160.61532148839834
5,35,53.00873899110238,59.9686479856771,5.279422604454938,177.66183406242723,178.46939261747735,149.7166433517216,161.71378985659848
5,36,56.50301460993763,62.9186526569361,6.160290647943515,177.8548330978851,177.87334330172456,158.46783064120825,166.0840521527117
5,37,56.71374714005326,62.918386439185234,6.407657439380998,177.99480990437883,177.59923873126053,156.52176685542943,165.45530821801043
5,38,56.73855135554158,62.78458810807203,6.403807283455917,178.07999220552804,177.70830803997427,157.4651772613668,165.55280430339172
5,39,56.986474720743345,63.07850163756443,6.55258091498274,178.31169784737708,177.12088277428822,156.56683364359415,164.71888557805607
5,40,56.77623977472929,63.23055676824499,6.397507934351487,178.17463785683574,177.09757812279696,155.1853606215533,164.49040398123782
5,41,56.19334912492814,62.817653454068534,6.312268177155204,177.63216036486327,176.9618147664321,154.15224187596883,163.5365171102503
5,42,55.92978326076606,62.74407236063666,6.114100142797379,177.52478223930416,177.02644202323373,154.69538662931564,163.4257619639783
5,43,55.92978326076606,62.74407236063666,6.114100142797379,177.52478223930416,177.02644202323373,154.69538662931564,163.4257619639783
5,44,55.2513422083205,62.83169625894229,6.053909852025578,177.4889742538407,176.9212094167018,154.48867898210275,163.26769942327982
5,45,52.65750236804768,60.60139838178289,5.418540297229513,177.5276847263926,178.57891772305464,138.74963750145773,157.4877522084725
5,46,51.86518442106674,59.91876819727854,5.556021076532886,178.05066530986463,178.41112427337129,135.75338263902174,154.21900173839228
5,47,50.70843890592862,56.42452573489983,4.517159049606009,175.69738843568686,179.36223867142294,123.00227486036754,148.76011250545423
5,48,50.70843890592862,56.42452573489983,4.517159049606009,175.69738843568686,179.36223867142294,123.00227486036754,148.76011250545423
5,49,48.37058102335656,53.537746518344456,4.282767324843027,176.49470625959725,178.83732114408963,119.99121558994398,144.22688536748345
5,50,52.21039233276951,49.65473278377015,6.0454435328245735,177.3055324487351,179.70303659917784,102.16675454444332,131.31830788326977
5,51,52.35996246492552,46.45325212294048,6.047622079214157,177.79845435488238,179.30377348646203,98.59260152837685,125.99663730150728
5,52,49.65970431539704,42.69184355921339,5.3170026706542,176.68128620149034,178.87339474995886,92.44920562433477,117.73972718086972
5,53,49.68828427136957,42.65949438411732,5.1598356408162065,176.50304706353322,178.66492796567547,92.55348830601324,117.68082543063667
5,54,47.187181983412195,40.84441676256079,5.839804478646062,175.04937162067677,179.83598601052836,89.54476091238364,113.28893609360684
5,55,10.094715620357173,34.1833360546092,6.479395753420389,175.64971609299425,178.92682417942305,80.49897289988961,99.91238724269516
5,56,54.174826461497666,30.370131831434463,6.502825298793038,174.60683656201013,177.47605305923358,126.95342307199392,94.18305544733288
5,57,55.767201980380825,27.256871379410583,6.186165128615291,176.44037094489096,179.03135919223575,131.1197369779524,90.922399002369
5,58,,27.079213187587637,6.9423656667364675,177.04147213156364,178.67417555129344,,91.32430751898136
5,59,50.16047171026911,23.930014971391188,6.900491910092928,175.78459175902836,177.61326903919772,123.1279991744414,87.3810856270058
5,60,,16.481793121705966,5.480022159175576,171.64567438342743,177.24293845459246,,78.52760938157563
5,61,5.011168071161901,14.077017760189536,4.477225359333824,170.88236453981082,177.56349679900288,,76.76588573403536
5,62,6.479904166782062,11.586951884175384,5.84076592580071,171.6494960904661,177.4148444081779,,74.41816758973494
5,63,6.511018230649707,11.589899013503873,5.753904270745235,171.34972307338376,177.27707957968386,,74.2791526267337
5,64,9.614589147337863,9.466364798723376,6.533513265166623,173.36849526029664,177.14576145950772,,74.24040957430134
5,65,11.362332235304311,5.241897490290782,6.3317293978579245,172.80711526684863,177.8939081195847,9.578073626894744,70.9728836677895
5,66,11.874897657182434,4.531670228813418,6.112207715825202,173.41691245497503,178.49071885637122,8.560825520295595,70.63557205378198
5,67,12.963357712077208,4.05786929926048,6.63612329969105,174.51878877204692,177.41546109914407,9.756338929012587,71.08278931650939
5,68,12.963357712077208,4.05786929926048,6.63612329969105,174.51878877204692,177.41546109914407,9.756338929012587,71.08278931650939
5,69,14.29618368437671,4.245983123722186,6.311917432142977,173.6351047810935,176.7501834521998,9.866694366577695,71.43540585835947
5,70,14.185777549397947,2.584409018063459,6.114175843709751,173.43715692335283,177.1707360565074,9.81618541935363,70.6195478341223
5,71,14.31525342903093,2.9809540469998272,6.119079906253331,172.99390590989591,176.78646602782632,9.851080737353069,71.38918731303187
5,72,12.22047389617567,3.916256438571139,7.285040313731818,172.14443415843715,174.39447679237344,7.956759361091455,72.3939759944103
5,73,12.22047389617567,3.916256438571139,7.285040313731818,172.14443415843715,174.39447679237344,7.956759361091455,72.3939759944103
5,74,11.111023419666877,4.301204169974957,6.233218082767622,172.97790204590044,178.2232937956825,,74.9462436416066
5,75,4.902131430539026,11.909329510913713,5.4173572454813215,170.57214788497018,176.89037078865067,,82.26832077361503
5,76,,15.0572897961485,5.8423952249671665,173.73936869003282,178.15540851224387,,87.52998809062686
5,77,,19.37053097634589,6.115738467460153,174.43121417375053,177.6350722302548,,91.6989147909364
5,78,,19.2503684083718,6.27213988413427,174.266689565446,177.45641764020104,,91.6197498512006
5,79,57.08091911858815,23.932722275153136,7.922173720691591,176.07421478211862,175.6280606725878,139.70355600231233,97.0113121175592
5,80,58.269556188453066,29.343672452251536,6.373642657778947,175.6732424528273,178.1851558222585,20.90093617405866,106.15644389727592
5,81,8.531575864959763,31.690682005240284,6.580230462145833,176.49954017642722,179.85499448847796,69.8159194430782,110.20382403102214
5,82,,35.93651574024882,7.971979674998852,177.04384304945174,177.63518611831475,,117.62286211710769
5,83,,36.01219168819527,8.028771388228579,177.09918184705347,177.5842801759062,,117.70447105462354
5,84,46.258941706712896,39.77919105679578,7.099425325073437,178.03121332563146,178.3571870352732,89.27212061732392,124.32917056651142
5,85,51.00890938409476,45.758183597092,6.362070807799093,175.60516472238035,179.25803523796895,95.73705121441438,137.21232025022744
5,86,52.28951699432649,45.65462537884563,6.756790507009377,177.40473220600964,179.10906048261435,100.57135066141556,137.2011222892149
5,87,52.58034073387453,48.02068148500141,5.946252364053418,176.9579182246137,178.87367436525102,102.73836558013994,140.87834082332574
5,88,52.66684446873676,48.09239942211332,5.985486682477498,176.8193979101042,178.73375695118614,102.5586921969445,140.9816627261343
5,89,54.67393172437597,49.83155541786629,6.199070838666828,175.89715004368898,177.9598952688396,104.7678730978619,143.76135187197994
5,90,46.987617139297555,53.525634333559175,6.87384865008844,176.23002663845642,176.5297728036577,123.3128295032332,148.0642720116653
5,91,46.052390698333106,55.15128185592159,5.83469915963116,177.64320974926244,177.5801974860644,125.44786314123976,150.52674644432338
5,92,48.87886491700586,55.82002249163517,4.864474697556329,176.2273327860442,179.3841237248509,129.11157369514785,152.04287608228893
5,93,48.87886491700586,55.82002249163517,4.864474697556329,176.2273327860442,179.3841237248509,129.11157369514785,152.04287608228893
5,94,50.60081014124197,56.76980389358561,4.344625955058551,175.57759255149082,179.45814361524629,134.85607227864887,154.14879233408655
5,95,55.04085523890151,59.582713561567374,4.9308609030072805,176.31601249074615,179.0823977952777,152.9756936152911,160.09704773052007
5,96,56.234794173739544,61.81625568834415,5.48968649031543,176.68343505308349,177.64962468386366,156.38434917362324,163.59885351565222
5,97,57.68923409817141,63.00217604165413,5.817386335810081,177.28114064062035,176.98268322103,158.67123939711087,165.13686402815054
5,98,57.68923409817141,63.00217604165413,5.817386335810081,177.28114064062035,176.98268322103,158.67123939711087,165.13686402815054
5,99,57.38236780610839,63.26925796700177,5.7842234850884,177.24302547968946,177.0732951023814,158.6161266082457,165.28359132181205
5,100,57.48267030636941,63.71377831067336,5.965927797482448,177.62047181548817,177.00048516527983,153.9826215275107,165.61435024226526
5,101,57.109371601246075,63.66608460363626,5.924147344713474,177.76215626254603,177.14749429309762,155.81330684632874,165.24602794790974
5,102,57.3925351712784,63.5666692750433,5.890779108468727,177.64149626535678,177.09547904597056,152.9378827322223,164.59270584021925
5,103,57.4064228428525,63.38197022700838,6.036777014668822,177.6595647372905,177.00746028325509,152.45088205185343,164.3821298010094
5,104,57.42711993102317,63.11173172449866,5.655140762961961,177.24660473353325,177.60644212893513,153.2970518837802,164.38213234771268
5,105,57.71513076960428,62.7878682414755,5.5484306212443055,176.99263539415364,177.92040611533136,157.10159908869778,163.79500522555986
5,106,57.77433041950746,62.6204739197194,5.364453434663202,176.82914430035345,178.33049423927878,153.50702695752372,163.29035803429724
5,107,57.30458382638518,62.614516735372085,5.393458223166282,177.1648165219669,178.21613965953722,153.33817527330197,163.30047286465302
5,108,57.59348507079381,62.55574347539951,5.635345644344069,177.0753300138644,177.89959216192184,153.30297214561048,163.2124662071001
5,109,57.53299674046794,62.58775818981278,5.68707976623655,177.08400407587965,177.84891305830035,153.1649183506,163.28963111844797
5,110,56.62187723036035,62.16347315985541,5.583007951726379,176.88312066039992,177.8921871044797,154.69008043286922,162.36708153448063
5,111,57.92898499140111,62.215607878984855,5.650056337815812,177.03955597209742,177.94821292226186,149.32159908658417,161.99233233700562
5,112,57.20944596805942,61.96608345758592,5.788135715781747,177.32220484665388,177.92698707437864,146.4387049011599,160.90917312753274
5,113,57.20944596805942,61.96608345758592,5.788135715781747,177.32220484665388,177.92698707437864,146.4387049011599,160.90917312753274
5,114,55.18886109841301,60.88293959069582,5.589265843821971,176.99909578629854,178.1582346398933,134.8930978535142,158.482295213152
5,115,57.828154720763074,58.28845520927323,4.933899767056157,178.95013179639295,179.13446946303952,109.72521114564084,150.46671701388627
5,116,55.80080974971884,55.29013693713662,4.5251703906554415,176.9372069441051,179.61923197549504,108.98767169356844,145.3167048981551
5,117,50.85401003820016,52.71816299394277,4.727388743880802,174.65236088186154,179.31873395870085,108.5270660392428,136.98174007251444
5,118,50.85401003820016,52.71816299394277,4.727388743880802,174.65236088186154,179.31873395870085,108.5270660392428,136.98174007251444
5,119,53.34362445331445,51.21554340922031,5.453258917321178,176.28157536972188,179.80920885580989,98.86329882883057,131.94786406643232
5,120,50.952895582758586,44.166044345934,6.06226805286261,175.44981995526092,179.50227468367186,92.60125089647372,117.2142250842846
5,121,46.43323867010077,41.34184332104257,5.982578261405269,177.57041592486948,178.2883441291618,85.3738871921636,112.169084309289
5,122,3.723143683710515,37.87067049654728,5.850967861708592,176.32583330970797,178.92612007612746,79.95205400066553,104.57737558091712
5,123,5.829314017651308,38.119969451586286,5.338520148432771,176.52176696122558,177.80862236877908,77.61946945486126,104.90526116875058
5,124,13.640966231739258,34.70223658384327,6.907414004284251,177.41811503421957,178.80242790443342,71.07319861536503,98.25722605997444
5,125,53.251974111103536,27.2288136802489,4.720829863200265,176.40782304237476,177.08498765662327,121.51570416201304,87.05196263878813
5,126,49.88917407154454,24.470735683011192,4.771857358581644,175.83507947425446,178.13435749784776,117.86851509739743,86.48913816724713
5,127,49.518501069855624,21.5000161428419,6.167812158995762,176.08701665173368,179.54830444445707,116.53723680512864,82.98588083573156
5,128,49.1812394417885,21.49852564028346,6.293573904391218,176.4923816806076,179.6663746660014,117.20282536224975,82.97880819712722
5,129,,17.926044147083356,6.4295075835591184,177.98176788406104,179.56145659388935,,78.36357084204064
5,130,7.329887786752125,12.329247462672743,4.506209265168763,173.3449534900001,178.93115156425273,,73.18413902090296
5,131,9.663657185052834,10.310344917719211,4.910108573409777,171.5291461963902,178.18699449665098,,72.29289295342217
5,132,10.628146961482614,8.562185983629833,4.875556127539988,171.65227391439583,179.0560260804007,,72.38815288751871
5,133,10.62601381407089,8.502908277232002,4.839753116903667,171.36594675039046,178.9746751131381,,72.4407720728629
5,134,11.80313167269399,7.156176387315461,5.396687215864728,173.6566164935562,179.28131702874202,10.373111357095633,71.43027752103632
5,135,14.021674656604326,4.211757761419842,5.489044808344287,175.8934405121664,179.81703024609791,11.137538896519985,70.08250095510274
5,136,14.183854535572538,4.7931350866509845,5.129481811214094,175.78092080480343,179.77409366663608,11.696894259899071,70.57542522715194
5,137,13.720487197549655,4.989646359082282,5.62950597658055,176.1825799076165,179.9565242936551,10.336861585189183,71.92429507248009
5,138,13.728339211992056,5.065978025703144,5.633625748025192,176.13773716060675,179.87885335934303,10.256418607068916,71.99358316475976
5,139,12.677085460944529,5.807974694234991,5.414036083940985,175.3679832507763,179.15875555884898,9.407992739127264,72.81449713378312
5,140,9.11319280781797,8.869523592220391,5.042886656965539,173.18801459800758,178.3762464260893,,75.50064158677856
5,141,6.919362070828515,12.523651558945378,5.03838178764314,174.76904648152797,178.26343827727948,,79.45413370656068
5,142,,16.16448721159806,6.403986219075343,175.35417090872883,178.43148308366054,,84.862544844999
5,143,,16.161963116937386,6.2166066070950565,175.50075197611844,178.7266897929593,,84.8734568738956
5,144,,19.42124774426439,7.908061301296821,176.71450487304924,176.6363336707813,,90.15398261896662
5,145,55.16749787912562,26.10139029991904,4.60110030978749,176.57322499663027,178.16521971409867,133.75153567601578,98.52062509947837
5,146,56.757323160685345,29.3257258179203,4.87137740767332,176.0423087976405,178.53813926165125,,102.66607227291244
5,147,56.69316635351713,31.42392396107916,5.750145969530102,176.9139244800044,179.48451943941237,72.68117730015699,105.72581472835031
5,148,56.69316635351713,31.42392396107916,5.750145969530102,176.9139244800044,179.48451943941237,72.68117730015699,105.72581472835031
5,149,11.694620605048442,34.36213680251643,7.220934962621817,176.7482722396692,178.84409335385,68.60638486897061,112.24807985592524
50,0,89.1723397721065,77.86543929902656,0.2444631092889822,166.40379676864012,176.99217022470634,177.16238231720004,167.75628804270198
50,1,86.93990197244078,77.85315918188843,0.1605470026877339,163.32349316074814,177.60609578230503,177.2323735258508,167.42007892965592
50,2,89.02547802467903,77.27158620740774,0.2538767128093556,164.95988266462817,177.0111696687178,176.81933115503782,166.83690714622378
50,3,90.05712504396116,76.76229110936883,0.1884581557310926,166.9031160255963,176.96095675415904,178.2032985009267,166.2802217398253
50,4,90.6456357596106,76.47941942114744,0.2847329203359257,168.02405317456737,178.36399103377653,179.80771195627565,165.05588425302847
50,5,87.73365940786674,79.80642162992403,0.2928740287960989,166.40632379279583,178.9338853798123,176.90496394391008,162.4754599140864
50,6,88.19354534859153,79.2880911820258,0.2809247367654693,166.22059078706314,179.04677018792896,177.8806346247339,161.3388543244194
50,7,88.0950717835475,79.63269148343926,0.5116578700367809,166.60267647746562,179.26021594420644,177.6006832167077,162.14155469224752
50,8,87.83472355001453,80.386310102062,0.0972997996675253,166.96348610494468,179.489769311973,176.7367225289909,171.9675392750783
50,9,90.91335981289583,79.27244241290305,0.1470750780726392,170.04541824306352,178.2394005720501,178.66983900828515,165.69079498571134
50,10,90.48051823056224,78.75026348168585,0.0612257550035738,169.79150784098454,178.68245494809128,178.5797369215857,165.6286632724237
50,11,90.26221729469856,78.27088718084875,0.3048267520196427,168.37376792283075,178.5962917553921,178.57085945804846,164.84016852492638
50,12,88.66033927714065,78.00795141964886,,,178.89222671065016,178.4170334818496,169.49520903903206
50,13,87.45124704974339,78.6945084538202,0.0725335492887157,168.19933908223885,179.35321552711378,176.46573282233217,171.695978033737
50,14,87.11196742532579,77.73036757867521,,,178.9019004781518,176.3245902497481,172.00176452308088
50,15,87.59560648961572,77.75519194209922,0.6887346594861612,170.07052925762045,179.716039711029,176.72724257681298,172.06207691321296
50,16,82.8993094671862,76.7322657293877,0.36507505934862,169.87201781700887,179.7569791050399,169.94474262919468,171.6420122982704
50,17,83.09731485615127,76.5256909094332,0.316666603041973,169.8824630554481,179.3367437281416,170.0212048517005,171.1684385317474
50,18,84.15273325752104,78.76322948742505,0.3235064042590164,173.6609067600675,178.40150537307483,170.49121930629255,175.78586949119196
50,19,78.06863947674124,79.46589465276234,0.2822881601522198,175.5691722629888,179.09940119681704,160.43418149999715,169.6384732875181
50,20,63.472538051453874,79.51612929566741,0.4866824199203757,173.07695764938893,177.64882715897252,147.55438749076637,167.14254768018273
50,21,58.9003604102594,77.8232041475125,0.3437031943595163,171.8348014010677,177.75419495518463,145.93335849309636,163.74124629663598
50,22,58.8858452159254,77.81914010647236,0.3411034491102878,171.79575618740955,177.7555262468198,145.9321831898139,163.75871152390067
50,23,54.29067884097408,73.68491236370238,0.300114199800429,170.692844301373,178.8003237658011,138.41623206082753,157.96460735249616
50,24,46.692018609685974,70.33671912108571,0.2281760560841078,166.51035792493116,179.91752993766573,132.87920814877273,153.41980738827866
50,25,35.362008513376736,65.6012130735223,,,178.89405459835456,117.90784790649433,148.6929127537619
50,26,33.503453608116224,61.87922322688731,0.74098645427432,164.7153859011549,178.30979817574698,114.44445137052963,140.14168815301394
50,27,33.37373470559097,61.818984482848045,0.5935681021513521,164.99350063189686,178.5159984096736,114.48330627783751,140.14670393585646
50,28,25.14501919879458,54.48765324648531,,,179.22512854575055,102.65435959496632,132.3851602417563
50,29,21.219495005762766,49.126036277188454,,,178.17825338929566,98.94592449201603,126.93270367104962
50,30,16.54355475786066,38.96130297724773,129.15167245606403,39.477799496172096,178.99659936468618,90.24764490729136,116.19205633366776
50,31,13.183483558822068,34.30534401213928,133.61538606834313,37.643541107629666,176.14226222943685,80.54327467855825,109.43106412072068
50,32,13.324003291396554,33.75039626738709,131.57723025579938,38.22509403077244,177.64866108204964,80.40673578688826,109.3811710587865
50,33,14.359838842268244,31.898169461001263,129.24315589701493,42.1711033689568,177.8840212535771,79.59584774742946,108.43766493849292
50,34,12.523154712945487,16.81530384620135,134.41572405989555,36.03467808118641,177.5230702292751,75.36353561854695,90.66204884855236
50,35,11.584314954089043,9.596422509992626,137.26019195611326,33.38935797537471,173.758426866376,73.26731547986977,82.61995327682448
50,36,18.144128088881686,6.4482062085373375,140.47349469036894,29.647854270195246,172.30780201849535,79.4457597012122,80.0376633954308
50,37,23.24532628116861,3.295676921137027,3.8586864822383777,177.95882350426626,171.6224465386176,65.92518258334555,77.676366885834
50,38,24.178583006017806,2.9537095692316737,3.532407315669087,177.80527172554608,172.02659108202798,67.35156715287368,77.39708630957773
50,39,28.561619643861363,2.9721203125525815,5.012506039430825,178.19576738439255,174.0766167829403,80.04429742220921,71.73945827341807
50,40,28.295691510728247,2.7433945366738715,4.3348958314250075,179.3599822263302,173.00431424839297,111.29386032496708,72.21809231387638
50,41,26.06373110100928,4.837339995288222,4.6843329902954665,179.33161633939923,172.7381343404962,171.24265544966764,70.1998938727732
50,42,112.98848519405011,7.786745502562934,3.6973289850392104,179.59162437112178,174.35180021519724,,68.14278986471093
50,43,113.29252838625486,7.235854997415526,3.8432689315051904,179.61779178082796,173.71017089909452,,68.28640994803946
50,44,110.43242696633102,8.50650036572105,3.8041313540780473,177.85296734540725,173.95731465655615,,67.22263904852895
50,45,103.15889245935344,6.22909568748702,2.7379717894031,178.29929264310692,172.8435721981309,106.44111345894764,70.47606730419533
50,46,101.8835592177789,3.892915534745942,6.0554013008515755,177.76133937255656,172.51593497482335,104.5856076068915,72.88785402677428
50,47,95.74163817434702,1.2473725123416477,6.218249809390619,177.9237554292706,173.02503517142398,80.54527534365256,77.06678578450236
50,48,95.46208555339126,1.1877172871519328,6.093237302926167,177.7882116799168,173.20908134885775,81.39580730060818,77.2573277216872
50,49,94.29534253416816,2.1042955100312413,9.116205021061855,174.13818039395034,172.6736656937893,84.6965489281426,81.39695442626541
50,50,11.703733664945792,7.5661337389339325,141.34023744880022,28.262816795394173,173.04778326498376,77.11499380617467,86.74727155949397
50,51,96.79010536291362,18.786257515475643,129.66613788530358,37.57507218187051,175.84347513203886,160.04689688677752,100.51238281295043
50,52,17.692401682957207,32.39431050624682,131.98009927039587,38.19092637145838,176.9264436678773,92.06928454656855,114.28723762406987
50,53,17.52082752130793,32.292484771966805,132.0490852270397,38.8673843296492,177.031953794867,91.928763237996,114.2639049393886
50,54,15.252879037957944,44.54031019618823,,,176.3314350154826,89.92157987198544,128.6640156304672
50,55,23.28914868223191,53.50730764441394,,,176.50271581768098,108.44343086531497,138.5846876949455
50,56,36.0961054299007,62.11177753592315,,,177.3845965623205,117.98389512176516,147.5733969260312
50,57,42.86686868355411,66.15739666111345,,,175.84329054308913,126.13289071865532,150.98418537581185
50,58,42.37865225523015,71.46712046756502,1.2613340272865117,165.3231351859092,176.8914527915343,131.56862083914476,156.06542730031933
50,59,42.15128021576299,71.57109300080901,1.244978934162408,165.43934887798102,176.828564963227,131.20311398036395,156.05059313537654
50,60,51.617565833869754,75.8404964320509,0.3610206392803026,170.58421626876822,177.3261668789646,140.3886241908187,162.00884811007975
50,61,58.23301359950281,77.39371918730481,0.2423049419082712,178.4004138512689,178.40064050955343,145.27665493941635,165.05564850594533
50,62,62.52693522002865,80.52986888818047,0.3148096537146846,177.5977723167222,178.9189852467365,149.2503885178058,166.72082317737892
50,63,67.21765707922563,83.87608402483188,0.0604543331843746,177.90360810569717,177.88401639250293,149.00346341875493,168.96094175636838
50,64,66.9790393699296,83.79552401668141,0.0335559094895836,177.95630750355977,177.99128436826717,148.98460589084257,169.00829029290085
50,65,67.50792354844742,84.83500006533886,0.624201170736816,171.55053146520103,178.17503072364244,151.55718625031207,170.6169381432523
50,66,63.17354091922865,85.49159533717227,0.8678895672154683,169.77370234797948,178.83049555833037,143.73488811840147,172.50440491692493
50,67,62.88365863355963,87.14261631871133,0.0207378297654871,166.29329665512662,178.88448656779406,146.61577914541084,173.92200583333062
50,68,67.30133220621231,88.00519084268196,0.0398931803046912,167.63591397540122,178.55181388328944,151.64298802584074,173.96975249938842
50,69,67.13382062696172,88.14905568506235,0.0438719103132106,167.71156284208166,178.51790899410324,151.07888141160004,174.07149382475504
50,70,74.68567033021485,90.24510603822884,0.324206691070958,169.8289389923296,178.3666792725017,156.8628919656569,175.81919452993856
50,71,67.66264407933022,90.9358829120668,0.0360472584068655,164.4038382687966,178.13724145276723,154.34641729069452,177.335838209526
50,72,74.27344277264872,91.10805170101496,0.5040907837257442,170.64713579799852,178.40565903720668,153.5616707586268,177.76197674833875
50,73,65.06485971672511,91.67917792786515,0.6314256943189026,162.45950762314942,178.3840895341631,148.1000270715606,178.31670099540503
50,74,65.10147046469827,91.71450670823832,0.4118906115783631,163.44225636811692,178.5136963155921,147.7620347517687,178.22383126703292
50,75,63.90242006126472,91.45398265289144,0.8565459164651091,161.70838704226304,178.274565367497,143.99306040107527,178.1270163313841
50,76,65.72932672675401,91.07410038775548,0.5836924233316086,162.22182545398854,178.86111277622564,147.5448357162174,177.2163248232916
50,77,68.21251741229368,90.92040422224648,0.229312718394339,163.38240867691394,178.46288554184596,151.29814862963326,176.908986138161
50,78,68.6975426053676,90.8371784784532,0.2803339096152625,164.5286745791879,178.36192713981612,151.40361222669856,176.2073340365204
50,79,73.10400016749612,89.31455666377622,0.5909531614710178,168.72733809078576,179.40737111193252,156.5706770110978,175.43686229550676
50,80,72.65631371630265,89.25184703970704,0.4355530303506054,168.01995897494248,179.59200560871977,157.3179673054525,175.09328460810198
50,81,61.93209806931644,88.0288541084547,0.2961750026635038,165.70371797225818,179.56325344247745,138.85031259215663,176.50655861721637
50,82,53.98039357788847,86.66863050766827,0.3256804508256572,165.0583106947534,178.9018088627241,126.19142931040363,176.2261457289905
50,83,50.47519313042234,85.7110678517338,0.3553918282320606,168.81272536423495,178.70326919910664,125.791416026416,173.97376082083505
50,84,60.21943185046181,82.85602258509084,0.0603828121147823,174.10998321154196,178.2520135705027,144.7985602575433,168.0412589438889
50,85,60.17015084079938,83.04007882106093,0.0967099167577168,173.93152300154173,178.30165411515873,145.09253855209337,168.25762191596377
50,86,62.61123577289112,79.19460968825459,0.3521207412475486,172.21782549040427,179.00190554113803,148.00817967323363,162.83206418483329
50,87,52.91597317405986,76.74635480508158,0.4087368393509882,167.77064246497108,178.0789570043611,141.3761997780069,158.3700846920919
50,88,44.395414709335576,72.39913876638897,,,178.57515816921554,129.24362025338118,152.42289876964486
50,89,40.91187632988577,67.52336625728701,,,176.98229519455052,123.31377159729374,144.97620245925586
50,90,23.842547952082256,67.81636129963827,,,176.9621441357689,98.4937861035018,145.23319965012806
50,91,39.86794462391175,64.85233197286446,0.3405566230309099,169.61502481082056,176.19031334279586,119.89681712107392,140.86159959177138
50,92,18.51581408810427,59.77166275683091,1.0288536731145672,166.8844093236304,177.47699194253306,85.21146343281194,136.59259880453942
50,93,7.292744978808926,53.16346795870291,,,177.22886470959546,72.98430897065671,130.6543909801574
50,94,8.430050882452399,46.84317057644524,131.57685946769482,37.94454537099087,177.6873801814661,71.42116414497664,122.49001145769248
50,95,8.462433070046853,46.7051616812882,131.79760411971446,38.07156588725045,178.22625824391827,70.95136706815917,122.37833178275724
50,96,96.80854702302555,38.22643057136471,138.16757033240992,30.069253469417756,178.1201732926262,81.70655695401526,114.80741293064648
50,97,100.97263020708192,30.53390110285363,134.21877172478105,38.73947776194934,175.96553253874944,79.0165707897319,105.59750689521248
50,98,97.42162107357954,18.86052023682495,130.37815905262642,37.21636736015202,179.4681608641498,81.90012687496173,93.71497780433263
50,99,7.292128529253349,15.46123522668412,136.47488586128063,36.37803704183084,175.60798312980987,68.2668874782909,88.33459074524774
50,100,6.425105210668697,9.222555350396007,139.66969640311493,30.16954396149214,173.33958514549988,60.88011305672488,81.57879380120876
50,101,6.807390555813062,9.301890447746258,140.10619196969927,29.027273421302432,174.0492876737473,59.28258771317131,81.70665629380387
50,102,16.103287050344576,5.019165997651666,138.53001513504063,30.266974468396256,170.96329436079003,72.06383324669332,77.46791318246648
50,103,76.09774333846919,2.4124865887223983,4.347594943747593,177.0442962463767,171.67683292151392,97.04509372017282,76.36745747920754
50,104,86.053380198155,1.3049430263033384,5.151074725645401,171.05792130943078,172.8684738436483,113.06133007529282,73.87208821399756
50,105,22.94938936454635,5.714036460602089,4.143554531417153,177.73307121545903,172.55319256150818,72.35210423463734,68.96833283764735
50,106,25.98310325400708,5.588353166622228,3.732322591590465,177.443565343298,172.52120059533686,72.90110141477517,68.54786940089566
50,107,29.142090119669753,9.340099205192407,1.5704928876049542,176.85223653338724,172.2682503337206,121.5434275094609,65.51177891932518
50,108,30.268274928161123,8.825166660763761,1.222843726713314,177.60443593119237,172.4168342211675,115.62377975152944,66.74158718491283
50,109,31.280667945219484,7.887724781792945,2.060531268665904,179.54525206619155,171.54012715681273,115.19091503237136,67.27607775947236
50,110,28.471586335111446,5.832086516641587,1.334218479057616,178.45669369781734,171.588520681359,56.25044819050342,69.66179348435388
50,111,28.099441436281,5.892911330492684,1.7195677798060551,177.69228828313305,171.25775793071998,61.8477672581543,69.59206657319251
50,112,66.16483551392089,2.4369136359603876,2.51867673543623,173.7001168347564,172.019646630683,82.81523650963217,74.67713908179427
50,113,20.27580484242546,1.6089668522353486,2.9520671483984553,178.2433792626277,173.34004183937182,34.275974577029906,76.85856807421338
50,114,15.498893487640894,5.414872683568576,141.6126788013876,27.12423206475218,170.61313676058714,84.51836995879283,84.16300079021163
50,115,10.336449084696511,9.98333424153532,141.16891531548717,28.72595810446938,172.86654737730868,83.9913551147628,90.71609828691471
50,116,4.477318647744159,14.092968818541546,140.77200536320237,28.304333148914484,173.78426006645617,69.96606104981429,95.60224715073926
50,117,5.168241516270722,14.214497662256422,141.8944580041692,27.450287091452555,174.22507377295906,69.52294549203216,95.86361043785236
50,118,81.50003634978195,24.18374874985366,126.67657944388569,38.59110811236306,179.7720652904511,91.05168819346652,109.83483837454254
50,119,4.952026058087504,36.98506557770932,132.8895918904965,38.613931813619985,176.60115454188764,77.14785875299133,120.47732860390016
50,120,2.210771350858388,44.946441887752826,,,178.7343368302536,78.06794994980669,130.455911892858
50,121,5.415502650136989,52.21306188436874,,,177.5164729542212,80.09405604655554,136.4135347147932
50,122,5.9092932768915425,52.39503497637713,,,177.43285999167668,80.57571106206966,136.6024603683714
50,123,20.102238339294292,61.04685061878364,,,177.19264414916125,98.39137686775572,146.18176856466266
50,124,47.196557831002245,65.79958866486336,2.801441546239661,172.53144908723422,178.58567918481558,133.79880436689328,150.250047587346
50,125,47.50793075693748,65.28064734227458,1.818577910437771,173.98314008971994,179.0419285038136,134.11334790005944,150.40002890863104
50,126,53.453761279215584,73.0072013729693,1.1647845772004868,174.90297950462528,177.2460249098054,140.2172043568005,158.02899576975807
50,127,53.270828398831625,72.70888395275348,0.9379798658878836,175.08130634718603,178.03246192980214,140.26760605691803,158.12024739609632
50,128,60.2665248969669,74.64012651230256,0.5229933639984745,175.7745581816326,178.5018678886555,150.948923197932,162.45505821102802
50,129,62.91367976211562,75.85373486168604,0.2715329836457023,178.07536714279397,177.1826958771427,150.71016672993775,164.60239992086727
50,130,62.550921279115215,80.32700553583994,0.7532310116900774,174.84805376860405,179.1297077422601,151.09631016658864,166.35638364436798
50,131,63.47739102030817,81.44587849781068,0.2251374270858281,174.96517288805714,179.54672018408343,150.46317172026454,167.46286621023128
50,132,63.2415721769536,81.41590261416071,0.2188914726871157,174.7094086019854,179.69895463216884,150.29169498660286,167.35045338413914
50,133,66.59513355271568,83.13012652227549,0.1441569089063805,177.47256593848505,178.72790546974068,150.15026314404537,169.3239160117579
50,134,66.94109832687492,84.39737437306442,0.0877200404059728,174.62324687393215,179.86445924131326,149.90253958237224,171.1306388475615
50,135,69.66289273290379,87.20928959940686,0.3262148330744118,174.57736681811585,179.960879621662,152.96305331833128,174.82125822744416
50,136,70.56166077197528,87.38257952949594,0.5025941580484429,171.45904296006512,179.5172025203527,157.70483504499177,176.44322971393834
50,137,71.95040982759241,87.57106532968372,0.5414271830383195,172.13928864360653,179.702215724144,159.39350017166225,176.83212166241674
50,138,71.7225203205503,87.60355180483525,0.5348591177340498,172.08575417872365,179.67738366225086,159.17134300316062,176.9631572731185
50,139,70.88842256471047,87.66043087408835,0.4232391006656365,172.2054620466178,179.73111703719272,156.40644221542516,177.2662414871568
50,140,68.29993515259731,87.16075308891898,0.8489014636743942,171.72898393334862,179.04764232757452,152.65949479493003,176.967609027714
50,141,67.19805861822802,86.67982461312717,0.8356471678971894,171.97821829257276,178.61003924711525,145.85096550089617,176.65403028772843
50,142,67.02972545813508,86.33072176384216,0.8582083973097696,172.10205341878032,179.01168563009426,144.48316720368456,176.36016631792626
50,143,67.73947351985967,86.42151054833917,0.7373323095692333,172.7204113262029,178.70621065817153,147.6372657082892,176.0940436813453
50,144,69.62319406757211,85.80385778894784,0.4235698263855548,175.3202368161344,179.1891825413322,149.37261281047927,175.58034763795197
50,145,67.54467751785737,85.97645012543502,0.2286451465067765,177.1000368897979,178.62551914631595,145.2897489241776,175.39856445918977
50,146,63.10534277690465,84.85242376603287,0.0727554551316985,172.8099105504439,179.57168267514888,147.56539059551542,174.00040876381513
50,147,66.74273284971717,84.54772284332707,0.0262278023691274,175.6026926430519,179.44154982827152,153.51094387124547,173.52331855477453
50,148,66.90035870687127,84.6321249512263,0.0196330935789279,175.32939562851735,179.40182080966093,153.8191959812976,173.73297229252424
50,149,63.8054238835328,83.7434366565521,0.3899051768810708,174.07531365260016,179.06642138375298,153.59227643887692,171.8607859005928
51,0,58.27029526803272,63.165862208410786,3.923269576639552,177.44185366018928,173.21971838802153,176.2289996676815,172.07764776843547
51,1,58.370388215855485,66.3263132831275,4.732339653825696,176.6435096577099,177.1324891316102,175.1182149334803,172.14282930032547
51,2,57.899550845116075,63.5373512423651,4.960086152997716,176.35012242958408,178.96315862733886,174.40679070041978,169.81107447197698
51,3,53.9389315023123,60.733143842642605,3.152667486955914,173.99846384278538,175.04801968980357,168.41999475134577,165.62507040817425
51,4,49.640991976701194,57.89683421376417,4.4532381593877775,175.467441619476,177.00343796762826,161.9239728688818,162.78391591560933
51,5,45.89519763668071,56.843792890872365,5.317761249702133,174.86144446302904,177.9203268820077,155.6912624838505,161.2338234568592
51,6,40.8585022519006,52.19114473619887,5.075929070141848,173.9028969403845,178.50912002601672,147.93631518125824,156.447987612449
51,7,35.88994792185871,50.08005474221463,3.042427072122985,174.41103261179157,175.9259770704924,142.32909471339693,153.9413930481733
51,8,33.13194266114409,47.18195631163466,1.000717853182694,173.66724259654717,,137.45355662253928,152.60282963371338
51,9,29.7130318913975,44.91662684811079,2.701331684751681,173.36656525831282,,131.39467610239396,150.28218741744465
51,10,19.517369783624655,30.89274828148127,3.632363215278128,173.21862151660957,179.7865864656191,118.24378600223008,130.7578686505642
51,11,13.932628455647782,26.499082344256795,3.3750893358306375,172.4675918569017,179.3845396030361,111.9648489450993,123.3485846740322
51,12,8.974179827164866,18.522207535469654,2.0812754953595047,171.02944198658892,179.37453966193547,106.35577395051948,113.9725893885301
51,13,4.74746326007531,17.05627298693682,2.1112262155743116,171.4992372423517,179.15320159872832,102.54506898179164,107.17534971119694
51,14,0.7446678041669952,15.00428918359128,1.7929609173182053,170.58552203448463,179.29960692046313,97.793665449759,109.04205179087472
51,15,4.639993621544638,18.092783569887924,2.0060914703428017,170.10128121583625,179.91484214279197,92.02564653475008,111.49102930137778
51,16,9.20269559757577,20.21265040165658,2.171047011169868,171.0851596465657,179.13277584326931,88.26997033915052,109.19246737565987
51,17,17.67817054243627,87.78044721628882,2.042857222892644,170.6316737375961,177.80715907382933,79.66057517540837,
51,18,19.823563215561645,,2.6317971568245055,169.60037404766263,,77.32745084549825,
51,19,24.180611204139087,,2.114171625949602,172.04086658688627,177.617597979765,73.83309890393265,
51,20,26.62630238750176,,1.7505194479734565,170.75334117940977,,74.78076803348372,
51,21,,,1.3297074898289685,169.70683299477002,,,
51,22,33.17204401323181,,1.8121532783454968,169.43208808010033,,71.3634004256303,
51,23,36.950432884671955,,1.360287176432002,166.81004981470753,,71.41918939424215,
51,24,39.20956652665942,17.374573097648824,1.7995849121829883,166.1557047522678,,70.19757612824057,
51,25,41.14626119264792,20.264563584004204,2.2221342789534333,166.09257847199314,,71.20623375343088,
51,26,42.00276302585502,20.846947104676964,2.5253328456774926,166.57618224055363,,73.03653914085062,8.520469886922177
51,27,43.78111430016748,,3.030647202380627,166.72947514895498,,73.23504943190885,
51,28,44.83919828413209,,2.939119208191838,165.97314875050432,,73.78891846125867,
51,29,46.03724307595785,,,166.10146955486402,,76.58720375762178,
51,30,50.20198296159892,,,166.5185132551495,,76.5952551686738,
51,31,50.87488052363579,,2.441866098804298,166.2399728828985,,76.4084468682701,
51,32,50.624846171925086,,,164.81114264846286,,76.10213721851468,
51,33,50.79830804738661,,,164.58155611898033,,76.07379193619028,
51,34,50.24920255016882,,,163.80102342352913,,76.85311251942598,
51,35,50.8424897933581,,,165.47705734381313,,76.24792182232109,
51,36,49.37407299107196,,,165.85914809260723,,77.90815500357586,
51,37,,,,,,,
51,38,43.61772757360062,,2.0263534815967392,165.74176502724686,,76.75887861089298,
51,39,43.387597298627625,,2.330486702076026,167.2241394222778,,75.2617489076518,
51,40,41.05604279791629,,1.045717847267607,168.30150311431615,,73.4043531550851,
51,41,39.00841814152367,,1.3733995938518757,167.62969687167802,,71.40574069759961,
51,42,35.12991244286884,,1.555503931286647,169.0607598743276,175.08405015862823,72.2940960652079,
51,43,31.670692659268113,,1.1810947969700174,172.08814255981525,,73.63846653910947,
51,44,26.645487355047965,,0.1992310465997642,172.31677834949576,,76.24909862434691,
51,45,23.08655079576924,99.43670593715152,,173.38136350230778,,78.08690903927479,
51,46,18.29268542604942,,,171.79202895359458,,81.84570683483129,
51,47,14.146136702510336,,0.9814295822038616,171.70010855200306,,84.30580447882312,
51,48,8.41612740367687,,0.3984339550555667,172.04284505412423,,88.0890102539287,
51,49,1.9998869569424973,22.07472610340652,0.8607653343766983,170.58399257753973,179.3424534832211,93.33246977886904,111.70095456711353
51,50,5.557171202236649,21.043480543723327,1.1474114445643584,172.87204209490164,,100.88350066440712,118.00470289371953
51,51,9.975144293310032,23.67599959786001,2.590378789384047,172.7379558614699,,104.97008198976118,116.75657174436284
51,52,16.121215786898308,24.775969730479904,2.39678098056942,170.66519543643128,,110.68235607129422,122.67818735238218
51,53,21.07062757512734,28.29916064124445,2.338759588195546,169.99713193655472,,116.93441589257232,125.6139761918914
51,54,26.758092478192797,34.64744853343769,3.795364678964423,170.03144076717874,,123.1343330122194,134.81750379967227
51,55,30.713348754590573,38.98713611205367,3.94848023190929,171.36976602123153,176.5935414696587,128.09309221649696,138.82700421419935
51,56,39.35834230943362,49.84698644916436,2.8581632287424803,171.33999246379514,178.6254470958344,138.36027860972752,152.3442312333975
51,57,43.63483027281416,50.25202288325459,2.817275486837213,171.49566203652287,179.75117465360435,144.8153858648889,153.53640022839633
51,58,47.9238319099307,54.44874802384328,2.2404068395431476,171.5242605437978,179.86135760280362,152.06066884633992,157.63199263528097
51,59,51.761873774813544,58.215438688807644,3.472545633541205,172.2119809749843,178.84204869920234,159.09836076462844,164.6212980686079
51,60,55.93544280162116,59.514943746866656,4.065869271453404,172.49560407738733,179.77988419012348,165.4927021077081,167.04619106049356
51,61,58.790543761765726,62.17587288811452,3.884174890752969,171.95108047866725,179.8216770492279,170.29974532165122,170.7909038075864
51,62,61.11537602472285,63.977566857663106,4.372998354209834,172.30627198303907,179.81231553118522,173.9121059102869,173.46568615639677
51,63,62.8463239677161,64.73783084782849,3.389743813316915,172.61726734122527,177.31957580559458,175.43136925103337,174.44507148475373
51,64,62.71619279585754,64.00014961840378,3.485304750140084,172.41981075666035,177.509359763808,174.70750408960905,173.65692541276024
51,65,62.12769533896344,62.998753843238774,3.767944498988516,172.22099131470011,179.5808914987744,172.6323171303299,172.6422033101926
51,66,58.34818791660455,62.000929269057565,3.2196414736545775,172.8222590353833,179.3141023377011,169.57566554039346,170.65526345859143
51,67,59.9031273984405,,,172.7671494649987,,165.59329262454108,
51,68,,,,,,,
51,69,,,,,,,
51,70,,,,,,,
51,71,,,,,,,
51,72,,,,,,,
51,73,,,,,,,
51,74,,,,,,,
51,75,25.032953484371593,32.77088384949639,,160.18590767129345,,108.02579640195292,115.36953465680888
51,76,34.20238518403357,46.48375662874182,0.6436349012316269,162.7935456463489,35.85862694466824,116.61394557789647,128.8383861480309
51,77,41.01265659710384,52.75278729530073,,169.16093352828952,,123.16775955877335,140.51221174651067
51,78,51.0858975885649,55.27654515856543,89.79557469002233,168.6441449782483,62.730666965487174,133.9927658592414,144.52197376990256
51,79,59.72581606174945,65.15725065969507,89.91979130471442,172.2372137706898,57.69321214114834,149.31526664615996,158.6792418028766
51,80,75.57502860369986,77.8555290897035,1.1269388377399965,171.64488099910298,177.01634461626426,171.89521644905716,167.09306192301483
51,81,76.52040408688357,76.51793801028873,,170.62506299095776,,168.7204350756828,167.59451761303734
51,82,71.39343366936869,76.78652882111099,,172.13635915405388,,156.89294931664952,163.7394024805847
51,83,65.27845244616086,67.97664486999193,,172.3602931687216,,138.3477114023052,157.08585466014765
51,84,54.651522500680336,61.99296969151536,,172.58409861275376,,115.43981766176684,134.50660181648564
51,85,48.11039587238262,57.851181185728784,,173.92694700437843,,100.22563177514095,116.64125150473744
51,86,45.83185592222934,50.660424894192865,,173.32253464564488,,109.96856821731846,128.799931053385
51,87,48.12445603035975,47.96629325302902,,173.66364720540645,,128.0856010237685,144.01266642926666
51,88,55.90290034015448,58.833306106514726,,169.31789068356952,,145.13417490045626,148.93973815002877
51,89,55.33950753218127,63.64995692731685,87.98920429346687,170.92304088859913,59.04828696731303,146.86552474465734,156.16991116147136
51,90,53.291842984948936,62.04026134731608,96.88406893699096,169.79043462259258,54.873572289480585,144.1177709696308,157.03684635798413
51,91,,,,,,,
51,92,,,,,,,
51,93,,,,,,,
51,94,,,,,,,
51,95,,,,,,,
51,96,12.800130755474765,,2.8048446925039587,156.7937056932993,159.1415530650775,73.18193632140708,
51,97,18.761826150063925,,0.5521877253092724,155.8720568633635,151.49424203402737,67.89576945530669,
51,98,22.36888720027789,,4.249714709350368,157.5264082993917,157.16000064099876,67.24231406351977,
51,99,23.304294134326547,,3.712364067825415,156.41553922364952,159.45077086937005,67.17025624109908,
51,100,19.73456711041801,,3.0802232015253828,156.9204853102974,157.6313563975768,68.07549781238863,
51,101,,,,,,,
51,102,,,,,,,
51,103,,,,,,,
51,104,,,,,,,
51,105,,,,,,,
51,106,33.43175275041908,45.51641617377212,,170.99630450107298,,119.39766960206404,137.02665597662818
51,107,,,,,,,
51,108,52.002058404591914,65.39323051320255,,169.10401406758356,,141.36171965475026,163.36865346666983
51,109,61.98535482949413,64.6898225447994,,169.08281335718146,,162.38133009428012,163.87700238420555
51,110,70.90528362940525,76.3869353889278,,168.2695690875297,,174.95929412208952,179.52512766614583
51,111,72.39175621580239,67.4037976532792,,166.94675428090875,,173.16389050462698,166.3635839233518
51,112,67.30426833882477,70.34884802709114,1.859050602413254,169.23301612108713,,156.70782691405262,165.7093325596659
51,113,51.813408590548555,,,170.13784549538138,,116.79863020967386,
51,114,44.42265252503069,44.88781659690237,128.54459081479104,170.70375868414408,,96.45377567887616,121.91870318238922
51,115,38.49619838493414,,,169.70767129444022,,87.5509973420287,
51,116,39.934449929333546,47.75056087656095,,169.19847859905846,,102.0524644548488,118.42210219816064
51,117,42.79519974366618,53.29293388053122,,169.5250440489613,,124.95775116511176,151.2517954165765
51,118,52.2715453346859,58.78926831210941,,168.80580969471706,,152.53500001733462,156.9791456737508
51,119,43.96716497762013,56.12164349739667,,167.01270005944085,,144.54786305703777,161.63485297547493
51,120,,,,,,,
51,121,,,,,,,
51,122,,,,,,,
51,123,,,,,,,
51,124,,,,,,,
51,125,,,,,,,
51,126,,,,,,,
51,127,,,,,,,
51,128,,,,,,,
51,129,,,,,,,
51,130,,,,,,,
51,131,12.819591972595658,,2.032219843211879,155.74002421310823,153.5446201814423,74.68429861708657,
51,132,5.257455115811743,,2.626428220304924,160.47386667361414,158.80755049650568,81.88308139745149,
52,0,31.571228860322247,60.9467791138835,157.29507330167075,170.90444543453998,11.564565652524456,132.68970168308772,159.81097397642193
52,1,21.682063726030645,45.840662012197704,58.52704836562734,168.76494700520033,101.65665467272652,117.70540604016428,139.22901549060458
52,2,13.262021096144323,47.083352186023774,,169.65108351847704,,114.5393512545435,137.6232257917985
52,3,5.18571313995814,29.368818209801148,1.3129623152833891,165.23049161085046,,97.29939109261896,115.16496062286336
52,4,2.097993962269987,28.222798182768237,2.503017952949725,156.3041894788385,,92.49873127360806,109.28297832592908
52,5,,,,,,,
52,6,,,,,,,
52,7,,,,,,,
52,8,21.05868084922886,,5.990580012482221,155.74313393161708,157.43322789231777,76.83909254506342,
52,9,21.017863526444824,,5.517834165005973,153.9689413348379,170.08632272980492,78.84529603193657,
52,10,22.288342661004645,,4.3620670573594,153.88654300786865,170.7719395020046,78.62369172938087,
52,11,23.70409369747049,,4.482174103882558,151.8669947097586,168.9031410749064,77.26322781839143,
52,12,24.14820138758103,,3.508797969758575,150.8210024755452,163.6921372573802,75.55497440853854,
52,13,21.52697630809338,,3.7127705030698226,151.72809667319007,168.4241624556798,81.06090276792324,
52,14,19.195921027849177,,3.800161595222754,152.859831754772,167.25245437451403,81.00574829515006,
52,15,17.076199485211053,,3.3662590065733027,156.63008475828326,163.93863061347645,82.82796072701024,
52,16,,,,,,,
52,17,8.13890685504554,15.93783632878651,0.156007218451218,155.74078963002162,56.77099117285824,84.64348340044057,63.01005658549966
52,18,5.2578599202830745,16.300225987420312,0.9964223265153662,158.8383180169495,171.86227214087515,87.64903206022134,89.19075255885711
52,19,2.798432274373739,24.016882881241067,1.5234503131161474,162.7983685858209,178.4654765554915,91.5904451484146,105.18683263422236
52,20,5.201620526096136,20.99924746062038,1.5821593380114916,155.41689149259483,178.97999909314805,95.5298833221931,99.88449063083922
52,21,,,,,,,
52,22,7.067129478996767,30.494325615980056,0.6842367341805491,167.41502852262704,,104.0994191470904,123.1874140342126
52,23,10.995683407125384,32.69294995349567,,170.5275429934581,,110.91367099406082,124.76062576284616
52,24,15.313717929507366,39.92995947462493,2.0700231504048476,170.3984795880191,26.355955793433104,117.4456344653744,134.5761097226896
52,25,19.687764177848795,41.70654462753417,61.54422044957424,170.14236201906743,101.09812322207011,121.37794564271876,137.93563015672993
52,26,24.298082444789895,47.90753810424989,64.251611549633,168.76177182590988,99.6808190494864,126.8847690626244,146.70252468500092
52,27,30.124771933710377,50.38596768902289,61.10568034312938,167.17904202040893,100.83604078441525,137.46167946349394,154.0828492534333
52,28,34.28304577727798,54.06131711972162,56.65278712724966,168.42505794378172,104.207241083637,146.3784627817734,159.9880359189324
52,29,40.52109541156453,57.14780980837491,64.93725127212099,168.70649796553909,89.53533616798622,156.20966161547483,164.35149876034774
52,30,42.0424868623558,60.05553580592096,60.66140482658989,169.8622390809742,92.05625073846738,160.97746790406225,169.00276400053033
52,31,47.60138167652354,62.82646512586908,,169.4215014590461,,167.63369231064502,170.70522046065233
52,32,51.648516834641846,63.978109094798846,65.18146977518981,168.8320717774671,92.31370545167054,174.31840078417815,173.78688553983463
52,33,54.353328294686975,66.72310104801689,68.90074106807425,167.62662111270302,94.12950289038552,176.11513621265073,175.66667773450266
52,34,14.379049993828282,60.39224459499182,92.40603146820024,174.94894199971617,137.75573087663864,174.73332247882743,178.0283671538064
52,35,15.02029215138454,59.95489857464786,94.1347566842478,171.576255933152,137.92503008252146,174.5206397669184,177.8538294762933
52,36,15.918956070007235,60.131413245563934,93.46856092251684,172.29229921333507,138.59629366292225,174.6537195718195,177.96359516472532
52,37,16.984893347219597,59.99374923399846,94.92489113715364,171.5151581078975,139.313568231868,174.59625965102092,178.05343178616687
52,38,18.801601280363148,57.55786496137328,99.6820915559576,166.71806573099747,138.13593762185664,173.25858073539302,179.46629531505758
52,39,19.290738166364942,56.24971843032739,93.13608924002396,171.53879947752796,131.8173444827527,170.04547246212175,179.53805751655077
52,40,29.323750308915624,52.0309867199929,117.52984181263643,174.78820571004405,40.06409275959095,162.3178722672733,179.8914734572182
52,41,37.310621841952695,60.96013757385143,,175.7312638481544,,144.2236972116431,173.2674800704383
52,42,53.30788621811885,74.10055979104636,,,,127.59422529154146,168.67281839492225
52,43,67.94387449562358,60.54300976065155,,,,107.1517521565772,175.44136658145914
52,44,77.90043914369501,56.53293466991428,,,34.14191744448818,143.5392898600834,123.74149923162194
52,45,51.97881388034054,29.9176884125137,72.03356149265245,175.0996471261655,143.59474229823152,169.4978142647217,155.85858682421178
52,46,49.36058821436033,25.429936343603316,86.35183897458528,155.51964750874262,133.65732508698113,174.60666378568098,167.2373375538483
52,47,64.89066722319907,43.25491734286915,146.85845904591667,139.6702708837363,72.34302991157193,155.31827276828113,141.67390348748822
52,48,75.26048894147904,72.30907617895413,,,,101.59737029998718,156.61322726094332
52,49,48.45397362162744,64.31222637910236,,6.760531750007932,,132.95497361892322,171.33606486812383
52,50,33.53573449008288,46.705935871588494,,90.2655316337438,,157.59927031666643,175.08444358162876
52,51,24.983333666578865,46.78639836729241,98.86914861328492,170.79345522043926,127.32324299170116,172.64020740669184,175.09519727799398
52,52,20.37147605134408,47.63079639284011,92.10632684606703,165.07849444000706,127.46491338783406,175.07877619541378,177.33178693486346
52,53,26.5687821687784,45.00868927079578,100.11273405840636,164.4802979361864,124.23847368180748,171.61826630620357,177.81347457472864
52,54,30.228174848292408,46.47487936643781,23.294661730600257,50.928428239531414,179.0194336503756,165.21131024653783,176.27126174246592
52,55,39.554110040986885,62.50809397322853,71.32209807884126,159.6074015922276,159.59069642066305,149.86727133451078,177.0261292936039
52,56,70.343225370065,78.61117987569034,,,,125.04238677094553,168.69291876471556
52,57,,,,,,,
52,58,,,,,,,
52,59,73.04530796797708,56.089731521068614,,,5.893033724593647,139.5475631511051,122.44506122379316
52,60,48.16413260829428,28.645878174630173,113.79889023723992,150.48856743540685,118.98804090946597,170.40014423049743,161.38163293887243
52,61,43.77955876173523,23.852721816984182,,,,175.6625261569802,169.41742211855603
52,62,36.83473737371993,58.728407516683525,64.84528781796367,9.68595629417476,169.6134475551105,142.47443751177104,172.54847845287193
52,63,29.66117208894181,47.23109432302366,28.96496546576144,167.91175011346257,174.50548742614862,166.55433128079798,178.62145341745776
52,64,24.98874444838628,45.23893877815341,117.4483109988406,161.91197900727846,125.71013548670814,175.19138785544058,174.90846273197906
52,65,29.088226136524607,43.40719122664524,117.85111174528724,179.0586020701247,34.34649999442877,167.31908941646523,178.84111440108975
52,66,36.76757049713039,51.9087491421205,63.909199097952744,156.7909742723201,145.270025113488,151.8280962003192,178.10099637920186
52,67,69.44429736140752,49.00416260746997,,,6.053411411629885,147.30495368666067,132.2757573252651
52,68,47.84891197490532,31.798690328298616,59.04757143984147,166.49222401813577,121.57806196633304,173.89198522332262,158.55650451238347
52,69,44.44915140339809,24.322883307355,31.341354226103284,164.57787524630405,27.072486445087623,176.7908238471447,169.51255154696233
52,70,52.91977355512642,37.43680271862034,147.85665848729178,164.0309297419537,52.11138231747941,168.27222352295718,151.02937044537373
52,71,78.36465440829038,65.1696050961508,,,,143.20383361445425,106.44176767824854
52,72,67.2906726946667,83.06945619457709,,,,110.23816933773554,152.46729606113072
52,73,38.05271783792786,61.26474754240712,,,,143.19174092210596,169.88668792526863
52,74,28.220255242787015,49.44228430882459,44.143990138174935,178.50715738892413,172.17640014025923,163.48497473909302,178.06940419999515
52,75,25.484038609618235,45.31716689536341,108.2608159232602,176.68267757251638,127.40618754262536,174.83701516218431,175.51852426827028
52,76,49.497626873045384,25.69150740233673,,,124.14338023604525,171.35478763516934,157.0648642266248
52,77,50.835963277157646,26.411493252806068,,,121.99582028459012,170.57254647624242,155.24107215496448
52,78,70.19630173365948,46.615782409613296,,,6.399893162983942,150.33563252249397,129.79551567404857
52,79,78.02969974308336,66.32550817428637,,,,97.93139003335538,162.77664579896566
52,80,,,,,,,
52,81,,,,,,,
52,82,,,,,,,
52,83,65.39366108003503,47.82023538116819,,,5.040736867690376,159.73641342297137,130.62027611787815
52,84,51.0292754451957,26.72643643611671,67.73373448229458,178.3016766602802,146.62130835761982,171.42536888098616,157.21675115826469
52,85,47.71605476555518,20.775409869168374,59.45203117033304,170.0190448219333,143.62844686859555,174.6585354027296,170.47497405147695
52,86,27.44875428916272,46.06289030272312,28.894582553785455,175.00705769387758,179.61310378268453,172.64186334526636,178.61543112190577
52,87,34.18860259963325,48.554745596549694,37.02413296756047,169.38383372817532,174.093927502005,160.70135778900334,177.52879288652653
52,88,40.40176771450913,59.35000028663039,,93.01656159439968,,144.4126436976008,176.39796110516286
52,89,62.368519693355054,74.3069797489865,25.38351713569379,2.4735963932255394,73.30968176462503,117.646891650395,166.04717381875176
52,90,,,,,,,
52,91,62.65979109479924,53.911666307830146,,,,164.44359251638312,131.30939252764017
52,92,52.79638675105872,33.35638324853275,69.05360747651375,172.43012194675046,124.01422162137936,173.4592849510243,152.4709476652238
52,93,45.166695682581974,21.764664962839355,42.78477197661702,160.31383906546284,162.56774595065616,178.05687110850155,172.8409972499768
52,94,53.57664738980639,38.66942996635347,6.633053450398127,90.42193011968138,90.82520101696686,168.87729186297975,147.3709687426006
52,95,49.7967279021368,66.49977809517763,64.00313151661388,148.20070552948758,149.30977639696985,130.48814769458838,163.71253996665803
52,96,36.005087109699865,54.67143835642878,29.91767088381702,160.156044368669,177.30395225382927,152.64424119293568,172.26679724485058
52,97,28.014684700857764,44.024731978356854,26.837662243588863,165.98463484688963,167.85276660732208,171.62574224038946,179.75288490217432
52,98,29.02400075169832,45.89175698639056,28.09667754824973,168.6987873319163,167.5960540202296,170.39613732620762,179.5022478450885
52,99,31.9356095394148,50.03233552521444,38.77113995690276,176.11100896824112,167.95899378361187,161.12642560165122,176.51233966617227
52,100,52.05866137270636,34.04696014202051,,,,171.974344946354,154.37958418697065
52,101,42.10414998150791,22.415147542277875,0.675607061390132,127.83280161770296,101.3575713723244,178.63279047152037,171.01260703755457
52,102,52.34051495993003,28.814967722647467,40.1825324226334,70.42287184507353,,171.78133698201623,159.59918937278084
52,103,75.40128245397031,57.4480380797023,,,,146.60587819901838,132.2884953942439
52,104,22.606140147212884,142.91702199873876,,,,64.5981232505325,88.02098206906449
52,105,,,,,,,
52,106,22.780846770519933,146.27717255701043,,,,64.19359791133901,87.09504558022978
52,107,75.24540812410062,91.54264832933856,,,,96.86951834179835,142.06203857956882
52,108,66.84330008746106,50.561737835657205,157.97397787598592,161.44015824085602,55.13473689521244,160.31506707479983,142.9565886792061
52,109,51.72161777764188,26.41810981147425,60.93430632752759,164.82609050494966,132.2386637992539,172.8270881682622,166.91641712677574
52,110,49.108167819034065,24.665531666802632,54.744259449695534,148.5442219900867,128.97776095032745,176.2565849007591,169.9639346656622
52,111,28.153936482529872,43.19820937117933,46.08300446030376,168.05843176203783,165.7691077790696,173.35556659379827,177.1021771308938
52,112,30.8440419760804,45.65038424155211,31.878304997671673,172.57322446949968,169.74871943080933,165.2090704065506,179.21091511690744
52,113,38.626516493556906,54.646864561336386,51.69573443616134,166.98336349327363,159.1121122606139,152.494398219394,175.9935932534425
52,114,46.52929857803938,66.23566012469776,79.35409261684546,30.927806114603264,130.80230341752926,136.80998186383763,165.7798914713702
52,115,74.85736013160587,79.86111472129531,,,,111.5056504251242,160.50033934971296
52,116,82.4636687578788,169.77621512066315,,,,86.14552594879916,126.06420971720132
52,117,59.13645590575391,43.77717101411778,8.939063458247626,82.74436218655214,83.38534831486065,169.63788163296934,145.36206745028966
52,118,57.31770183036739,18.956615067417623,58.60000518196392,162.11500649435146,168.79092920689473,177.6713931876706,169.10464715469163
52,119,57.86354721800791,18.318402209820437,59.01815378027152,165.72308470173198,166.27979436516884,176.6296385304723,168.5271455534986
52,120,61.0186953486892,38.74825807055993,6.250873681649653,76.22250201588463,85.0579382015394,162.8359992672817,146.2015756061652
52,121,73.47715101219183,88.01876490305445,,29.24841658992648,,104.20213845081604,143.39110931392912
52,122,56.87118947360143,78.22538065024591,71.22637534367195,19.197589334231573,116.67969464226,121.31192523902088,154.0095414478749
52,123,42.84601754343348,62.99256696294914,69.72632855271753,160.7143367277128,142.62048262583832,141.56027361519978,168.7862280015289
52,124,38.60251940770927,54.72278197566485,43.821398365019576,170.78682248797918,166.83063575300017,153.96287245278685,174.1876716326166
52,125,31.57823631257924,53.18078202431695,43.22922894829258,178.02627116911492,160.93797713468007,164.87536488560812,175.98698724807795
52,126,20.142965673153707,51.29390739439343,51.21449135381373,165.9104891406539,159.06733850377037,174.67117010727688,179.6555804913948
52,127,49.5765376091951,26.05206520632139,65.39600051420172,165.88865096400687,114.88749458909342,175.40216556369634,165.81550092216318
52,128,47.83980004995332,21.823712737902326,64.51010902354032,158.01896101991233,140.56622946261763,176.9080675947525,169.1422910429954
52,129,56.86374222740988,40.97603425832661,,,46.762104397436914,166.4649958186013,144.8853240014469
52,130,49.28639563199185,83.7981029256691,82.17954522386944,13.16490637514354,107.56699254890604,127.76047528547656,162.39527212852497
52,131,73.98276384442794,135.95996688770038,,,,95.06240833156453,156.8367385581207
52,132,91.48054830217556,169.20846972987093,,,,76.33939702889687,134.19143253749186
52,133,104.08004735251744,177.24056095972412,,,,65.20403448516234,128.11556518963567
52,134,83.91426170077553,66.93466753016365,,,,146.25834160638098,125.97800781289676
52,135,55.028251331635325,39.27538874931676,9.684633193996158,91.0464188824636,85.54984334449098,167.2608909015439,148.90526538942916
52,136,45.41210994788537,20.79338639563187,14.75367308651186,169.43129596215002,99.9911285911032,178.63814696955637,170.5761089083594
52,137,52.88635880175387,26.400135066441297,44.86480785018844,133.14024768165234,150.18012205772885,173.91048430312222,163.2669047306548
52,138,70.32530739482,41.9811739199858,,,0.6399953410738551,156.89065226785928,138.7801397166822
52,139,55.975599441167105,85.15960912730525,75.47971667697423,68.98608568212417,109.70299153151672,120.8998140062785,151.26875461378745
52,140,54.79141548405711,75.35121360386616,67.79674536481524,167.65985664260566,111.16161156836174,128.08779330031973,161.4152646038762
52,141,47.471783748533,71.59466677690904,80.2128272536148,151.54513451848,116.92306168813477,136.4969699348656,163.40748958648047
52,142,40.260392856328224,64.30876462713385,69.8123734310162,163.08107725219335,136.40022593908563,145.16380093764533,169.92961803614054
52,143,37.93123813565265,59.95528507464041,45.64481409149902,179.2339998567768,143.98393329828113,152.86323600477596,174.1498050503319
52,144,46.1678818188942,27.209235605712458,1.775394097754402,144.20055458970666,103.37423979914752,173.62501685322397,165.90816214392802
52,145,46.22416272725216,26.895993857461654,39.59338703915835,117.00860190371463,132.8767778218717,175.1571429019515,166.57645563848314
52,146,28.12095254379233,50.52817435708004,40.515055059548914,173.53579612067216,158.96898928566085,166.217513934467,177.13211517161184
52,147,36.17090372957149,54.76561718701702,42.340908420255175,176.86116166984968,152.4317899993509,157.04671479225112,176.15473391001942
52,148,40.43353380749604,63.758177987772406,79.08243414430494,156.43581402009434,124.48157623215889,142.71806537223347,175.19340547362162
52,149,50.644246615693035,81.95846307307654,77.6712360194728,10.879552474526838,105.32668673267862,122.88845288870873,162.0456323330579
52,150,81.34783818346295,136.9376718744616,,93.14312836727926,,105.63096514820188,155.0061027406922
52,151,65.32796500682775,59.43341212464773,,,,160.19934892464082,126.59974861893382
52,152,48.812640574084085,36.80118817413664,7.96078598635679,70.66614102367613,134.49970725330755,175.4902558728928,151.85178152986967
52,153,42.28522382161197,20.916391345242232,,,163.15936424455,177.88974501207375,173.20182703372947
52,154,47.29742689436405,30.421612199317103,7.627376711740411,84.52575134609798,142.38113291218022,174.71017015702483,161.84757304962022
52,155,66.23627221415023,49.87272949637782,,,,159.22024806613626,137.5355806935405
52,156,,,,,,,
52,157,72.18652036688408,85.6991137946034,,,,106.12887694901232,158.37525648166024
52,158,56.464891925375404,83.36633562843373,,18.33982508068747,,123.32735931969974,155.61831688521374
52,159,47.936145138369795,69.02532231352882,68.60046583503294,149.21771191865756,128.7917523687409,137.84006057974332,170.98448094996454
52,160,62.27621021067563,44.9646309223221,,,,163.76686946529676,139.52710688186235
52,161,48.60091406032939,31.27902922488789,44.24471932973289,134.35323342106904,154.3866225189995,172.5904939388451,162.2390613244754
52,162,46.20189958487463,31.436401215606946,30.32999829273364,104.58791356129146,156.61042800237067,173.299421565981,163.3402198276897
52,163,42.07805613526618,54.89341420417035,40.88010320302938,178.25545820635713,145.46913194232997,158.30140091270337,177.55931857427305
52,164,41.167047892871075,55.37407177696592,32.95444522951374,172.4426327876427,155.60521578965592,163.81987432665568,179.55742245949338
52,165,30.931478278172836,53.32588514005744,29.20746209767377,166.52151855278373,98.850198407424,173.25248080304294,178.38559266564755
52,166,27.13305964614133,52.81291987759112,45.705455985971426,169.95637023294157,100.3561507748648,170.94643131795056,178.18951305852403
52,167,32.58092950681071,50.68255772882765,36.91079106098757,170.25213534532566,152.5792392594242,163.4322253842513,179.49767797832288
52,168,42.021347535165255,58.60695110290225,51.07315737058254,172.80995665016098,150.67144611125042,152.586388321575,175.39019613183777
52,169,52.55742401009453,39.77817727354099,51.84203997220295,154.16108436062714,100.6993888774361,171.2226969156314,153.0728330184014
52,170,40.74460599342553,26.84503866675642,24.098243943091735,151.5531275401333,176.63846599051053,177.04743631025153,170.92852371420204
52,171,53.05370719312394,37.93907533185032,,,121.02341274064108,166.49077664708537,150.3646371554851
52,172,113.12796413067854,176.34346715252485,,,,60.28885950332376,121.05146982299514
52,173,,,,,,,
52,174,,,,,,,
52,175,,,,,,,
52,176,65.96891943939809,79.65570312027086,,,,99.87866551369711,141.2651065516625
52,177,55.48580638052864,43.76864535629213,,,108.02679863172264,166.08315854239433,143.9462573901522
52,178,47.36143417659647,25.97554713407019,3.811796910062272,106.61272734026156,92.93617126381436,174.0061060606086,165.17638387441184
52,179,49.985403465296606,27.568400699302877,33.66368927004132,96.48938622269742,,168.35340846124194,160.7209755730736
52,180,,,,,,,
52,181,71.0315322105832,78.49037225586137,,,,105.1718688468432,145.20999564343205
52,182,74.03125283152049,74.37780109857731,,,,105.29042450534256,146.65581453214696
52,183,65.04302953263432,92.79232191019648,,,,109.8364728975392,148.05879946499263
52,184,68.6325373779658,80.96629707399218,,,,112.64725668511122,156.73875890703684
52,185,68.4397886915107,51.00853669029422,,,52.9321486850418,156.90670953799213,127.56624764092928
52,186,53.44976457485225,31.08012431604336,16.033442488706154,113.41000641694016,94.09982694949528,166.27608634338785,156.58853841024214
52,187,52.09240129184359,26.3280781953811,35.77757986258043,98.00995391782924,139.4402290084334,170.0647659473128,161.75363315573722
52,188,60.329504449480474,41.3386767694747,,,8.380054299784748,156.99201397280132,140.6259904851553
52,189,60.58580066764524,74.07479391778415,67.67111654530868,162.9451232616618,124.00271304850078,127.88805228832318,167.61787340387727
52,190,64.83423318174835,71.47521339077755,53.9008686323012,178.92703563094167,122.31409067240796,134.82479408239828,168.00688103795125
52,191,50.791320447376954,64.83648812860007,53.70463683532775,177.04129464921772,118.12066299056364,144.05191877553924,169.72025885634358
52,192,41.72413730935554,56.79195781534175,42.96622799250206,163.9725829187402,132.0372266709073,155.0894661582762,175.51499086176975
52,193,37.0588140479938,50.05056598153852,13.05182245557892,101.7269294855956,107.49968113937804,161.37581275827256,178.10075758906032
52,194,25.994365502419452,48.405443704706336,32.72552683508358,,80.01355640338375,164.68364293148502,179.91777957944086
52,195,19.54525887959413,46.2450302764575,23.403401539941868,,83.33800575974692,169.88728404342518,179.87762566864697
52,196,17.99604739237279,48.48581828145701,33.133370661377285,40.66696922035922,91.67333350534504,170.73387485022698,179.43314344215833
52,197,15.000259882352925,50.69983855716048,31.263600172843592,134.4987906942525,93.57492670202822,173.60105389275074,177.44187118085318
52,198,14.602037176821693,49.037923549581095,29.952394417118175,,,175.79359910290663,176.67731015082532
52,199,16.411158977305078,47.170024447725936,25.99239544247183,111.8953993429364,,176.67289553901406,177.9352621868984
52,200,17.915920615500937,49.96638093465397,20.883597950581105,93.08268431845912,95.9101538797431,178.39987374572965,176.88445679639517
52,201,20.42974283458589,46.029311261637645,18.4755504243048,79.67046349599913,94.98070177544987,176.91235460014832,178.74407478145213
52,202,22.148020462748818,45.858669371732496,17.573267414694907,75.96611773149992,94.6119791872062,175.85504344807444,178.17080078706132
52,203,23.598239089744524,41.790739649150936,17.971991344147426,79.78611766472451,93.7028461018711,178.3371550060821,175.91025836812892
52,204,24.0477018886902,38.172906797956855,26.279612468240877,67.010477313682,110.1048644453753,179.85248139088827,174.59982647973402
52,205,22.962063218005923,36.00049489127378,51.65973940911675,41.33867297555995,172.44593187230296,179.14728818268438,175.50365406887562
52,206,26.288408143369907,36.566098534541375,67.24481852761707,40.77399851905612,149.659689087025,178.72199590924265,176.50543818208195
52,207,26.01778439879099,44.38177817243014,81.29834236713694,44.656881121994154,78.55362882554306,178.91847095675777,169.599013746757
52,208,24.984005401431688,41.74948240830133,88.41356835606277,41.983692625044704,84.75876695178778,178.3662748679525,169.34198779238153
52,209,31.36340815380569,35.96817555239284,95.59745104344567,64.32257382244184,82.56336738807069,176.5371032767119,167.192722895422
52,210,34.23586107502507,30.033666344278625,98.65132366602498,75.71969241784909,86.99877483417205,176.75354449852674,159.97136889917908
52,211,33.690526605894064,21.815109242158645,106.83606976953072,83.13446186939834,80.76884155380753,176.23624071317502,152.42375634037987
52,212,34.84466924272816,17.16798978091715,113.35768870422442,74.90984801729073,73.37439898401347,171.65680072763004,135.33802560162292
52,213,32.91438933724419,19.921548276729705,120.74498052114636,97.79453655523844,66.12481670836502,173.10181952714183,124.3105299523885
52,214,36.21098697002759,23.071505057269658,123.45133593905749,37.736571330162995,64.54800413361119,171.85364866776214,113.99042030175526
52,215,36.276655187635,26.71130932251072,126.3704359630896,73.0867619051633,64.05385323282877,173.40916508018344,113.6952973563522
52,216,36.35356861881373,32.50712261908473,130.9920856226358,89.84691699957148,61.37432068042775,172.5719830501375,106.4572089775417
52,217,33.43366558961849,38.70838269437807,137.8358201081234,75.14713924949915,53.022864915707586,173.14317044007393,94.36978293628924
52,218,32.57835636709871,49.51676346893092,133.0087440045887,77.7625974330451,68.6046418140447,173.0986605044559,78.03968424076048
52,219,31.535249231448063,57.934054863940986,154.43513115669958,70.3177102228284,39.12460548232289,174.46976522920014,68.02342339210753
52,220,30.592651225898145,68.43376263474292,167.03732666020093,73.4930028110406,26.967894231318336,174.9652853322128,58.55822534814664
52,221,28.62243290260008,67.7095084116614,163.04655849828094,69.37366978931507,26.60811892237284,175.22344811132925,62.329480495807786
52,222,25.12191759650231,64.88665809230162,158.37912805352778,66.92638005981978,30.73799461004293,179.38637624747037,79.45375229424053
52,223,23.04685197630599,65.08788694043092,153.45290472140434,64.23679709482286,39.32363591292918,178.8837711328344,83.45439352799158
52,224,23.035469694977262,64.56060164429134,145.1451493803029,65.51480324534404,52.95572405803485,178.41956452186892,84.28360904972175
52,225,24.816052743631587,62.553444710241656,148.67011591652758,65.3017761554253,43.63213547067974,178.25125479165217,83.90994116400486
52,226,23.64830085790781,61.17307204738866,146.16828478889943,65.25160714125656,55.198881448078104,178.03275539544893,84.0892676403898
52,227,24.73275055064185,60.35278503337427,146.5774500103181,65.46913858592525,56.09611324872197,177.61357307349033,86.09865886638319
52,228,23.21397137298487,61.1008161889117,143.9199755717227,66.0218870660711,59.456985841266714,176.9630639146575,86.64161511887504
52,229,21.060318250708985,63.86901739156538,156.18070196915895,66.95865936970525,45.824736162454975,177.85377531540345,86.14906787294028
52,230,23.339311313628595,64.58826207111328,158.58924993722275,65.63579992037971,35.202925852749736,177.80055746423636,83.55033553646722
52,231,24.120847854102824,63.88130774660282,157.11541804137676,63.783122949117725,35.309837873362206,178.20400715760977,81.0500321795161
52,232,21.644565107012355,65.44295079100456,58.57542453371047,47.437202870936936,36.83615564495749,177.37526062412616,80.53096387055383
52,233,21.518877421720145,65.74791164722635,62.40698871024062,50.432245975799226,41.009000044011195,177.21415529005262,79.81904113182176
52,234,21.61583241222191,64.94734942773371,71.18253473839495,52.62957396083485,56.20320423582233,177.45097566729171,80.28790409763383
52,235,22.02361444067187,64.43812646452318,65.675476240627,51.04035850376057,36.77398630399326,177.82872991845588,79.9621404291819
52,236,23.824295118748317,64.81568955257788,157.32371984865352,67.91688933689463,36.82160913786175,177.77153133751014,80.14338570703735
52,237,24.056060917336175,64.84294890176616,155.43744913199947,66.2456887683878,39.54401368843376,177.9501336895257,81.24450845543942
52,238,24.32877069230015,64.94312242055999,156.66998557871506,66.48557573914587,40.61405530885884,178.42012403619188,81.5710175144406
52,239,24.127730066905382,65.73156363016427,156.3392006310458,68.9574025737125,43.68079153815908,178.1399038971056,81.85106727839536
52,240,23.980187033278767,66.10331028396278,157.77999411182265,66.13423009184687,42.175253982034434,178.53662899847092,81.522427469178
52,241,22.230674844799545,67.70915120411364,161.52740470920705,65.1289457008409,39.47844844510754,178.56494871424405,81.86577975944812
52,242,21.439749037312748,68.21909545158525,160.37091311157468,67.22554443296343,40.829516534090835,178.6801396998956,81.71217590033217
52,243,21.11822221919189,68.30823308871801,164.06093833973972,69.55559227961155,39.14906961108172,178.58184392829347,82.03267621807032
52,244,21.610752410452616,68.27439995705727,162.80558769219525,70.44674628992885,42.6155196624311,178.93239431135714,82.52822038371157
52,245,21.12314182621592,68.3688533646421,161.10320805056242,71.9446143920907,43.25517489939461,179.11333178175488,82.21057888508501
52,246,21.09834738760882,68.41428853483595,161.54482083286985,74.01417449971741,44.08031104815539,178.91336330672257,82.09055283424627
52,247,21.971330221244447,67.9684913663638,163.49968271238382,73.0448755850852,43.71701417610369,178.90987108846284,82.35862360017559
52,248,21.864868111322128,67.66462568224749,164.69118103312184,73.75808919853787,43.655180476743595,178.93141238873395,83.1792584978141
52,249,22.083010436750207,67.9441430183823,163.27010422208087,73.17127765951118,45.32590282989631,179.06521755946665,83.32089534664411
52,250,22.355915491680022,67.09933189158416,163.6651979660608,72.51904474441058,43.850034827630715,179.37789411865296,83.24357794240098
52,251,22.97759678886578,66.49712863712615,159.52894213778958,69.3777722386786,44.08459443812656,179.94104505083172,83.91152447201814
52,252,21.69798941428042,66.3142061142575,165.78959256624512,73.62781454763885,40.38584052832691,179.52695472101422,83.69110145933321
52,253,21.678303990704133,67.47752727072906,165.53137294538018,73.62733420397419,42.81891673587853,179.70223168881873,83.51805517967769
52,254,21.145551311165843,67.99369110638179,172.7148248155981,75.7009343064451,36.262374012105695,179.80683816922664,84.00940383840468
52,255,22.61834156591785,67.47384731770812,169.21760987931077,70.3779531360866,38.4538979338048,179.3795414714742,84.09731927163728
52,256,21.66720401565053,67.84244739081122,168.80040125676416,72.9638991105374,40.99983195458757,179.64584570289773,83.96157690923182
52,257,22.51641285430178,67.38612812124785,166.5306231430123,72.31838867026663,40.830240809632734,179.50012594208002,84.17645948584658
52,258,22.751888844647898,66.90063153835243,165.92139826681856,71.5267954693295,40.41909547764851,179.5428447233561,84.31154129931873
52,259,22.51858230349978,66.7441129963737,166.41176390902282,71.73313657321104,38.117251720724816,179.4323935824794,84.19568861025927
52,260,21.57640468792775,66.60152908874619,168.76378201636848,75.38508944866106,38.397376013682816,179.56439727298437,84.36826749740861
52,261,22.386439177327308,66.14422837055685,165.74247959340252,72.39393487320442,40.67467091121733,179.28462700861064,84.45321721994617
52,262,21.52464900724881,66.68966850058978,166.09919197023305,,39.112041303074065,179.74836432838327,84.19229641552994
52,263,22.65153296596479,66.69144713525786,165.42783334488277,71.12202415889817,39.98482467492521,179.61537192817332,84.1394651922895
52,264,22.570986850783868,66.77693681520331,165.87597400315187,73.47379398606499,42.330859990574126,179.26156143030843,84.22086901550325
52,265,22.184175714183876,68.00423091847392,163.59094180111902,,43.90986456988287,179.5179633577096,83.95980147145002
52,266,22.65889996398236,68.05068169090043,161.82237676368862,,44.62312449252038,179.71841691433897,83.52708951779155
52,267,22.236104002932475,68.25836860866458,161.198475004702,,44.69797963686302,179.99289088199546,84.2491465538407
52,268,21.17048588927821,68.4173805296681,163.7968614699741,,43.06813556353112,179.5075604988615,84.27367064835883
52,269,20.952214809261985,68.25942840667084,167.09084634658777,77.48578251491728,40.878936625496486,179.19906654591938,84.29095316946854
52,270,21.62138883706374,68.15869631453921,165.95301043663451,,42.169926328399434,179.34633230194606,84.29738223162992
52,271,22.088277060022136,68.09001676199645,166.2861755914589,,41.116205632643016,179.64104489833056,84.31790714221286
52,272,21.97725138621968,68.10955919175845,165.4476348773632,,42.52442713423458,179.84092858602975,84.35547578749946
52,273,22.070409848505967,68.21510784416999,166.4533088163581,,42.19332394820046,179.9987564265884,84.32821848144583
52,274,22.260916430842837,68.43447393006741,169.67478174071493,,39.97924444868353,179.80178366367517,84.3283869512872
52,275,21.342534408840145,68.86097741762516,170.1643340120434,,38.603630797250595,179.39923287278975,84.06867830815992
52,276,21.19491384533368,68.78093118662655,172.02005234260986,,36.287910251998035,179.481806941935,84.17630412184438
52,277,20.82325138405085,68.63433749196281,172.94327966358384,,35.27356693953144,179.71797269736663,83.62193665931368
52,278,20.96985230171323,68.46448750624705,173.56243715108107,,35.87762811732693,179.8781654482511,83.26739338635834
52,279,22.022982024774404,68.46964319921538,176.33602264121433,,34.71939857240856,179.7276474682847,83.01439281505321
52,280,21.870105598203285,67.91258197871575,171.79644203840104,,35.30062236868215,179.99756541478305,83.5639685797735
52,281,21.29221946648279,67.9456766620832,170.895816248068,,39.40529853681861,179.9077544834148,84.12775491447405
52,282,21.688048942024025,67.96118606423767,,,,179.70619395114562,85.03417326543445
52,283,20.879304755772186,68.38574970728183,,,,179.70570037532605,85.38640713616552
52,284,20.52673507914548,67.91785748553268,,,,179.7874790709454,85.20721579181954
52,285,20.201466733392465,68.39854726099789,,,,179.82241627960707,85.1633812797992
52,286,20.405947958717736,68.35973754878874,,,,179.9492902451158,84.97984087893988
52,287,21.539156367551698,67.53607747630696,172.36002454845533,,38.306602502234696,179.97971768846315,84.57193808237123
52,288,20.32597706729415,67.84178359340996,,,,179.76787949269635,84.8384754963031
52,289,20.08584392752241,68.04708098091868,,,,179.78164162849018,85.17359559183808
52,290,21.124055089413687,68.65888469615803,,,,179.82089256335618,85.07109161049034
52,291,20.779564180897527,69.34237829335036,,,,179.65616062969346,84.60103079827948
52,292,20.5100415835035,68.95233263294752,,,,179.77787055562536,84.79942334914253
52,293,20.409028973058103,68.53808209922197,,,,179.93264083380672,85.24130603399146
52,294,20.25662061327634,69.00249522201726,,,,179.81925465698612,85.18304166767236
52,295,20.815309257502033,68.75769047998506,,,,179.63641511111436,85.18661124872554
52,296,20.326799690008578,68.77802318826774,,,,179.60016271620512,85.10419226873229
52,297,20.8810413694198,67.91718863912465,173.79994403272127,,40.227187974156486,179.9509645723498,85.60368252854579
52,298,19.512725445455505,67.45137638171518,177.62944256362417,,40.425077711881904,179.8588242023762,85.48276151492281
52,299,33.06390100439215,52.51989036967759,84.5769965159169,82.2823321169962,162.42685042751006,179.98036830608828,178.2909572304298
52,300,32.17576121472534,51.00791434582953,86.00453044981879,80.71474787234564,162.75508215865813,179.14668034031203,177.80711533949017
52,301,33.32098965446051,50.30201731896766,87.71526864103203,77.79427429074318,164.40409617892448,176.94245007397473,176.9555789920268
52,302,35.29700426403386,50.40480517563835,90.53391294078168,71.51651671545814,163.61706722970405,174.95503733808053,175.61873858986732
52,303,36.167000643908175,51.27460939261533,40.42052384330397,172.2448132367649,161.1895673162366,172.10454753447866,173.91324832353948
52,304,38.68501089695971,53.44032495484894,44.596927198966085,174.21774613610822,163.4417645965909,168.40750657009693,169.9461269900221
52,305,47.910461404588766,55.221342239256735,42.73218530915388,172.03576359627917,162.8845434355529,163.7024916446381,166.11622355252825
52,306,46.68257136626778,58.663557846643094,50.70393219993399,173.25285566762133,154.9586758965802,159.36964378686395,161.4856078340346
52,307,48.664741765711696,58.82658492878296,,,,156.42652223277832,157.58619651694912
52,308,51.67427800103756,63.62568139784834,,,116.33049561159405,152.45786433378822,153.65386122396032
52,309,57.10780733387413,64.6552481253962,,,82.85083401259034,145.54657141560253,151.7162202024561
52,310,62.37744079898496,68.02260805748918,,,76.09091960484065,142.78138460307525,149.0231716934811
52,311,68.95558949961807,72.6726984947057,75.6136298061734,10.596200822423512,77.84401753716504,139.09617821963863,143.68026159796526
52,312,74.9327887261514,77.59513379228659,85.94485484068734,19.19315843780603,60.95266532364701,134.1003913020981,138.1506391385112
52,313,79.77234211657903,81.94144088373385,141.7326563853894,99.75962673306633,58.93408173986431,129.34042798569192,133.94272265940478
52,314,,,,,,,
52,315,,,,,,,
52,316,,,,,,,
52,317,,,,,,,
52,318,,,,,,,
52,319,,,,,,,
52,320,,,,,,,
52,321,,,,,,,
52,322,,,,,,,
52,323,,,,,,,
52,324,,,,,,,
52,325,,,,,,,
52,326,,,,,,,
52,327,,,,,,,
52,328,,,,,,,
52,329,,,,,,,
52,330,,,,,,,
52,331,,,,,,,
52,332,,,,,,,
52,333,,,,,,,
52,334,,,,,,,
52,335,,,,,,,
52,336,,,,,,,
52,337,78.51301629609254,86.76567710202907,132.00486082363804,122.01302991527444,73.32917329349941,120.50678437638751,125.36962164406556
52,338,79.50683586102895,83.69716924464313,78.98345436197987,23.89990811927061,68.36050242647183,126.89261734215064,129.72145448032188
52,339,72.07566203221322,79.34901318470055,69.7054471592157,20.02266360960409,70.18912569055517,133.60668754620647,134.9675670313853
52,340,66.10199452635122,75.31236288003612,143.01207700622732,112.644830611071,83.48802382171948,137.3728454421442,140.80640030362463
52,341,58.29869559267408,69.23537039245215,,,105.76908222507237,145.00726242465257,145.7868576044736
52,342,55.52698169831934,65.52591263781474,,,,149.22213231418058,150.85913619585645
52,343,53.97223417921259,61.339044073415735,,,,155.02010414434432,154.97431822394816
52,344,46.70533210410478,59.98837836403645,96.66309682650652,172.0006337252783,162.60662345947358,157.78477139607088,159.74582274188415
52,345,46.798471908935795,59.146972113028816,70.46076372637417,170.4277916247605,160.2990248347274,163.19561764044036,163.21213098366331
52,346,42.59129034650771,55.26470608578471,65.63332464598282,167.7282415393508,155.45949503959054,169.28436545622108,167.0632599977597
52,347,39.26497891645223,47.31991024451415,102.1358531278288,162.9343382551991,49.740480294256685,174.5989406349486,173.13168094492084
52,348,32.875485499657735,45.08453813585478,99.06085547924008,120.89875971072952,52.50508126762204,175.421671546321,176.24192413154012
52,349,32.74737622083359,45.248321597688985,96.26706737322466,167.51828561281425,54.08298579759868,177.52470943570478,177.16188947088355
52,350,33.92762866614461,44.773301085946756,96.66226168239716,168.84375434468413,55.972799253479394,177.96449429372927,177.55075601300086
52,351,33.889145678291385,45.04569380125911,96.25425752679496,170.9496406686607,56.90240781728041,177.2634171523471,177.33859586089164
52,352,34.01333071442606,44.62761488486976,96.68585026036985,171.74522976128668,57.4607617561285,177.3498273108198,177.93983875763587
52,353,33.81696280687193,44.56840543956469,97.61974784707918,172.94552396606076,58.022683973741515,177.63692466832413,178.13848942858303
52,354,34.31410156155016,43.98524938518357,94.97505276776062,173.1760706213077,58.9967605454648,177.72690655092936,178.09113308820446
52,355,33.415506573514584,44.12139065378416,97.89051711997992,173.80196468598405,58.00854512418873,177.7094419767759,177.7036885177889
52,356,33.28628548295135,44.513480201678014,98.41533095145776,174.20530188455086,57.43874764858712,177.80591612477775,177.8464563066926
52,357,33.09470052055263,44.915152195502365,98.74068130158037,175.10461582040955,56.3263108458223,177.76838433502746,177.59540788878755
52,358,33.218322335131525,44.3923424179388,100.19224189216902,175.41827861673352,55.41625500045373,177.4259298944746,177.9576889940193
52,359,33.05368436987372,44.83038101341856,102.49716750530013,176.6672178314195,53.852069606672416,177.45217716126808,177.9268781126478
52,360,33.454108585122796,44.6036275392247,101.68416681431744,174.71565783249935,54.944446312083905,176.67327544285777,177.4144588882699
52,361,32.76807406674047,46.09265458367571,38.226158676220834,175.31724371950776,170.7322630281114,176.05192639777368,175.62762110050042
52,362,36.166671897831456,48.252968726591455,62.033578038122506,173.83253110685493,169.3924941145273,174.29540125737904,172.55932523348707
52,363,40.535263910641994,49.93249545528383,109.61622247901236,173.46724706805247,43.87981224668751,171.34746770728117,170.03197836309565
52,364,43.65239341024102,50.69993315307029,55.81428692858062,169.81934734279506,169.23905095016673,169.04992061177603,168.38728515570682
52,365,47.0435337703018,53.440590991928175,87.72021141396391,167.70195985889566,165.50359854893247,165.37163348601916,164.76882082793742
52,366,50.526963741377614,54.937241587739535,104.61740950780091,165.46359974035042,157.11041629669018,163.5254599792682,161.69521646467015
52,367,49.36212663253661,56.61966452810604,,,,156.97788771734247,157.2854777145949
52,368,49.60431124226124,60.49691065072215,,,103.38693550972827,152.97140028860906,153.8471825552252
52,369,54.11413678868078,63.68316135558051,137.6240657716691,147.39256894971626,102.10013947595212,148.2179347744964,150.66357458767774
52,370,63.631795522691505,67.13163872852445,125.07419904854636,117.62262805491484,85.46281767920604,143.9039092129046,143.99774715308624
52,371,67.1604449632842,71.5740557019485,74.04061313246098,29.467101951836483,80.31422344663733,139.9201191564235,139.19460394875983
52,372,74.91532363498483,77.66446485002078,126.44044343321757,116.08545906149992,60.0120116544186,135.94632001694524,136.45453730311556
52,373,82.38442296797413,81.4510515973167,124.89163884630824,94.62854932753724,73.21886353424644,129.94306245898306,130.66112330843978
52,374,85.78216602621104,84.81831824624726,,,,122.4506472008622,124.67732710198038
52,375,,,,,,,
52,376,,,,,,,
52,377,,,,,,,
52,378,,,,,,,
52,379,,,,,,,
52,380,,,,,,,
52,381,,,,,,,
52,382,,,,,,,
52,383,,,,,,,
52,384,,,,,,,
52,385,,,,,,,
52,386,,,,,,,
52,387,,,,,,,
52,388,,,,,,,
52,389,,,,,,,
52,390,,,,,,,
52,391,,,,,,,
52,392,,,,,,,
52,393,,,,,,,
52,394,,,,,,,
52,395,,,,,,,
52,396,,,,,,,
52,397,84.91753352227704,90.43497711748566,140.54478972421273,119.35606765868545,59.29031355759035,123.62782266193032,123.5035597140588
52,398,78.68508036770591,83.52450702175997,72.22664659032213,16.162249154590064,71.36328859691955,129.89020906684658,130.20285322611218
52,399,73.19283992770043,78.84892167952218,,,78.14896737734443,133.4006343397775,135.06835036693462
52,400,62.48831193892669,73.25662366998738,136.69099460975698,125.6809060399512,88.49247964666908,140.44958281118744,140.18812737994318
52,401,59.53174521650391,72.3715436064378,,,115.18866368792752,145.8239432907063,144.327012779673
52,402,54.510669086251355,68.63635288362377,,,138.084092216723,149.3177605059285,148.65473721343935
52,403,54.81439551247821,67.4157223133106,76.01036555057742,165.578626241667,154.13273277923864,154.17038196776846,153.6416087610964
52,404,50.902752992988496,63.58555880864087,54.88297960499185,168.76435651221766,158.56422852369244,159.62022030854092,157.662958633628
52,405,45.155268428041424,63.597528813572424,40.32471479422651,169.9232579962355,161.69122837453185,165.70915822395014,161.40631358367395
52,406,42.615776178605934,60.63795362442147,35.844403646473516,166.4296300268711,167.7625712016371,169.21316746039145,165.61015666480984
52,407,39.55611630372136,52.06488826596579,36.463171894793426,167.38086252172786,167.00904070685215,173.43478539082415,169.5517422300116
52,408,34.779913941909,48.387229391863855,95.73805956391854,169.19175052117896,130.02233752233175,177.66883054964094,174.0366436253846
52,409,34.25722706840667,45.72321439817931,93.908321765262,172.23366755612088,58.58850228375589,178.2122565292286,175.70951083095954
52,410,34.18852108452993,44.63814322920825,99.8949463098515,175.21526232124774,58.88148053661697,178.92607582992122,177.17408190612971
53,0,55.135254601058385,44.011840805380395,10.279494934376697,176.04832119758407,177.52482169842276,165.27997683838086,163.61843728617154
53,1,51.76106230452374,39.18397948858213,9.030519230629714,178.21535438630397,177.24353311497228,161.5136124827273,155.31372867234148
53,2,49.5357101238971,36.94062173173948,7.847063195276666,178.46165346002803,175.85779393711442,155.90791842298438,148.45644696609554
53,3,43.28057838599904,32.3536627859862,6.992697026844238,177.95739513975076,176.484980542043,147.50101301117408,142.94995640742806
53,4,38.22151543453473,28.030721440728595,8.544458396267396,179.7812403638828,175.77197765896145,142.37130144683533,136.71199809310178
53,5,34.86395738030974,22.45855319323116,6.788006449144509,177.10344170105748,178.21241025329243,140.20117271127347,129.1745552364865
53,6,32.28664239917443,18.528256073480794,8.076052015496243,178.91111112286896,177.10559162092065,134.6199441779053,121.00947152032091
53,7,27.788640498459227,13.235319778637006,5.561047696365413,177.48045194873276,176.35640208046763,128.82337603036368,115.65884674780804
53,8,25.415987605406244,8.573063845261625,4.348643319282743,176.55487950210053,174.99676095787456,124.57822699290578,108.73448486210074
53,9,19.386020476114687,3.9594359815645728,3.5743763223893006,174.6558504647409,176.10194964956838,118.7686949469497,107.04509343840108
53,10,21.822307681013942,1.5364658499635973,4.242960478420583,177.03479910621417,174.76485798739571,117.34827585089796,101.60855023130924
53,11,25.354919749147136,2.477369050676039,3.3617901874267844,176.8818500489437,174.03104647155837,118.81236754363634,95.0040662399074
53,12,,7.9023209201577105,3.6504828254412702,,175.32958485395667,,91.7286185909896
53,13,37.23075582499568,11.748808161838443,2.2479694439042186,,174.14629245868088,,88.87108553395255
53,14,37.13587492555495,16.5492564121766,0.3534652787401625,,172.61173509035885,130.65058099724098,81.9046606840915
53,15,33.30661419138068,18.38549139744441,0.2039345001574375,,171.77292795882926,109.83503437058036,80.32024768302158
53,16,,22.902610708286765,0.4577186239782107,174.43203120532797,172.69496396903466,,75.23508969054068
53,17,25.707275334091616,25.78148592234669,0.8246032365780703,175.64797384509896,172.22743078375453,,75.20587038809097
53,18,106.27715867253856,28.774243099893827,0.4725251311788438,173.03037312131283,172.15906738541614,,73.12966219186924
53,19,107.8847623030833,33.224410150885404,0.3484439701525689,174.37591434776675,172.07305333097372,,71.26234547465901
53,20,98.69540372758829,35.8994410781012,0.9626518988940972,178.6079038476539,170.25948071145106,,72.12860978424075
53,21,98.53374958592914,37.9456543118303,1.183651237173739,179.75876051125965,168.66421141371566,151.3889045712615,70.57131734355052
53,22,91.31508905936398,40.5782608514667,0.0820461179631908,178.20787524105074,167.62229305536226,,68.04589357107508
53,23,92.93140648032828,42.18922966835825,0.3812248886888091,176.29054480617722,168.91129101037515,,67.77180800368593
53,24,103.40492526425368,42.380723867246104,0.2019879244110001,,166.82555127272786,,69.36235369233356
53,25,,44.85118671240097,,,166.46573905833984,,68.47075885649153
53,26,98.03191865657784,46.26656015813176,,,165.70064017663432,,68.30708228986285
53,27,99.06193734618564,48.4563006192752,,,165.62073041794284,,67.92237064371047
53,28,102.63349072315027,48.47879184060694,,,164.8787461398668,,69.6427570554433
53,29,103.10180624411416,48.5290909126384,,,164.98289734679642,,72.40644225326054
53,30,99.61241564255457,49.318522368350294,,,165.20945434353334,,72.28508910734192
53,31,102.86574212144066,49.89454772712616,,,165.7045548948603,,72.3939215822561
53,32,104.80747842274688,50.04956018098838,,,166.36366165537294,,73.18589775884998
53,33,107.44188131266806,49.28298791077692,0.961012574936745,,166.51957065810197,,73.87777146688195
53,34,115.35958946370134,48.46129086189664,0.7925602594845774,,166.66153015627518,,75.28157841341529
53,35,100.80340217706603,47.40683875507831,0.197367324158515,,166.0222180840991,,76.29842372320934
53,36,98.39093988235236,47.86013254312985,,,165.8735305842382,,74.57074701483003
53,37,94.9384200330962,45.2032679337934,,,166.3898125301087,,74.38203199544776
53,38,99.94819697150886,42.99038037857432,,,167.8279494452346,,72.63370949598941
53,39,95.58477531493595,41.20776515355045,0.3838550642062408,,169.83550891100035,,72.34889509949086
53,40,98.14873713711904,38.42448682836044,0.0061245947505978,,169.9654537984615,,71.97169172976082
53,41,95.73910660357356,36.2183016441192,0.0766515040422089,,170.8068583565338,,71.36274967817414
53,42,,32.05203568358247,0.6993700414805794,,172.83341629588753,,71.23351953294407
53,43,95.355937082885,28.968954364662935,1.1101197868472994,171.83850169613598,174.08696380368363,,72.54657056201238
53,44,105.7531322320045,23.104707057273902,0.3029006782663925,173.33050917214908,172.75220857309753,,75.69234230604735
53,45,,20.713930433970436,0.5748038366812089,173.79683572352272,173.57268812542216,,75.90573477730874
53,46,101.9687167517243,17.50428699853294,0.181887524568969,175.19630004314408,173.32779429237536,162.52767027668696,77.03468304526643
53,47,26.59936744846608,13.395343870772267,1.023805269656506,174.09131050117537,174.4424401908902,105.74867310511075,81.6507265262124
53,48,22.944981423600197,8.80693623690574,2.4335617377002063,175.1347965892719,174.03604657770063,106.84557320205316,84.52028834310133
53,49,20.353704672381824,4.676088944102429,3.0745044273929056,175.1138860071508,174.4799060304435,116.56004177589676,88.76007545033491
53,50,15.037348595576278,0.7709838609463987,2.1157570441622635,173.629749721948,174.80949263975896,117.81583820029572,94.01409101244944
53,51,28.031109192463926,4.1193543015236385,2.389926712103955,175.24831235447013,174.15201441772643,130.49985637553067,100.15360535429068
53,52,28.600755224337085,7.333753449054152,1.984845940906282,174.63905187832543,175.1887328219364,131.79333405084395,104.09276283070092
53,53,26.88361093282522,14.254904954940807,3.122826025566215,174.60123196768436,175.55228262309717,125.5569515023164,110.97538583434344
53,54,35.799688283280176,18.753605577031426,5.270241564992694,,,137.53676939458714,118.3815526092576
53,55,37.315914850169605,23.160676903079818,6.007008070141433,178.22720691741313,177.04777374596438,139.3057709070491,124.60134234159162
53,56,43.26419966517489,27.25078854938931,6.187570161288141,179.71150505380822,177.4535753244141,144.8083372579627,131.00008782499685
53,57,48.23389558566142,34.155813640735865,8.957211821407824,178.0823184000222,177.15482065376682,154.01763352193407,140.3958300260136
53,58,51.468318081907455,38.966601436744895,8.68847276663976,178.4402581190705,176.97832972651875,160.27915961222277,147.65347465587914
53,59,51.094285888083135,43.8147583473526,5.137881956980412,173.76046811780805,176.07244853369716,162.07862985820208,156.4479929657757
53,60,58.90179743269788,49.28472847720707,8.907316533251882,178.10523685769726,176.27629982251764,170.0642952609333,164.22789762390374
53,61,61.26816781745669,51.45888494475336,10.159780347055188,178.07025607163968,178.09253863253133,172.28176769804594,170.25866284778047
53,62,61.47157590248758,54.77192569574263,9.653463199369636,177.84200434391323,176.72202006664168,171.34468070501973,172.85933666220785
53,63,61.87756732074058,56.44905326539947,8.912417889069028,178.19083355486526,176.3672249738986,170.61520787551572,173.02689769907377
53,64,62.543425439859845,56.71395113130771,8.904592772138844,178.1792990249188,176.5175418350687,170.22463345520023,173.23226078370428
53,65,62.19018077711944,55.74595574050419,7.685241084210844,178.87569426569658,178.34211895004142,169.55062703395834,173.03615298006343
53,66,61.4253712098403,55.043113970240675,9.02642189291849,179.69742882145246,177.90616289250048,169.32563555680534,171.15437609326742
53,67,59.377598988350066,53.50101127319223,6.418233188260834,175.7760369419519,177.94759428016525,167.38077676524046,169.44817946538683
53,68,53.14491306800985,49.990733620144155,6.692523866455378,174.5630776455112,178.14807649699523,162.69182241891102,164.9181268993737
53,69,53.44074273941049,48.50953032130111,6.721986340434051,175.39379423545031,178.01379490938578,163.4087757777451,162.86163342514817
53,70,52.20095510822777,44.50820816574149,7.846681603425152,176.5378361216727,176.58529336275583,160.31408553959074,156.41413242167366
53,71,50.195395872832734,38.63978398597262,6.884663556122728,177.7455500369048,177.18036708904478,159.29258235436083,149.5376529199666
53,72,45.25449685642273,35.97954258490954,5.492725700782749,174.8528224778307,176.59646344655434,153.96074671609443,144.87398829326986
53,73,46.38992216719146,31.6910885791371,5.036984950122757,177.75726571673357,176.40866915537444,149.68298372344316,139.03902582700192
53,74,40.04210605803585,27.963388163515916,3.3746436026709485,174.73534941448847,175.22962473896067,142.46669589689645,132.70180647504486
53,75,41.23147130179361,22.65311350429268,1.843285175551748,175.03104809546372,176.6255911570235,144.38549036647518,127.2221087650294
53,76,30.931208609501528,17.652199634407886,2.2978736596232556,176.93906239299483,175.91794099720357,132.37803491553476,120.52977328247732
53,77,19.08572801587626,11.931517231926618,1.6218650815277782,,174.1980667867485,121.3596810775579,113.23072786900264
53,78,21.137001163572773,6.941451386493798,1.992345188905005,178.30120578114855,174.22345118390777,121.01319750555984,107.50574127989584
53,79,14.908228695553303,2.0666361226892658,0.4370134318260855,172.07723309735732,174.81824747621428,117.81579027553572,101.13025970867334
53,80,16.48437143765081,2.467891695936957,0.8092249421768296,173.51755560969704,175.84217426855264,115.88725949225692,94.08871099044396
53,81,15.87551213315853,6.145522182289388,0.9140906186193064,176.35005459521122,174.3926193713326,110.06940451609724,90.6070370694144
53,82,17.378701438471822,9.774112912008372,1.08273345038915,177.73177771437287,173.37261049132,105.79491711841617,87.21584674975074
53,83,,14.01785635808943,0.2598170249772012,178.58480551737188,172.02148760781998,,82.39117864287567
53,84,,17.607056051679315,0.4874787512953852,177.45933009822366,171.63227405286014,,79.82106651835113
53,85,94.03389269615896,20.173558390736336,0.0989613609605232,178.597569381695,171.05221925840138,,78.96140548301662
53,86,93.53855022845622,22.52991740732112,0.5294229389460593,,171.59465401048487,,77.38774389664052
53,87,,26.196461070809804,0.8224777259205975,179.65848343989362,171.41226276874667,,75.27693563491292
53,88,,31.617367245042107,0.1923478365724779,178.26493976028655,170.56781693762866,,71.3814648853637
53,89,,34.437000352361274,0.756547269743344,179.67745941316264,168.45631002842055,,69.49141687346874
53,90,,37.24164361191967,0.4033550448948962,179.04991331354236,167.48353808303736,,68.48068730365056
53,91,,38.9107259360436,0.8335356157094332,179.78123326458237,166.85272053371398,,69.63601039166528
53,92,,41.135023261003795,,,166.98641890029657,,70.2652396657214
53,93,,43.46036661810855,,,167.6548671740805,,70.8508854551906
53,94,,44.97056893289091,0.222467602197263,175.00601933012524,167.11588456928834,,72.93913040098442
53,95,,46.84440306957777,0.7433315157274282,,166.14871207975776,,73.22099019765095
53,96,,47.03545341694563,0.4663688987252805,,166.01401974467336,,73.06972148910681
53,97,,48.38640845912632,0.1805214930759903,177.44509668966086,165.5579108634393,,73.93701230871484
53,98,,,,,,,
53,99,,52.72493842639026,0.2447410428565067,,165.9929706616933,,74.34540179233906
53,100,,53.60679456463662,0.4607248374630298,178.23802213146823,166.0447026029197,,73.27565166417389
53,101,,55.8003422739873,0.2139783364652164,176.69772007369176,166.40703432557916,,73.79436343656279
53,102,,55.27584533440792,0.2487633225042663,176.00960193637803,166.20917293595582,,74.9282500730308
53,103,,54.359306251395815,0.1292291594050321,175.72411918585016,165.60751053401205,,74.7318997854966
53,104,,53.425762265763346,0.1880661008231935,,166.61369345838287,,75.64217421212125
53,105,,53.463981316568855,0.0685978520259745,,167.12721004154295,,75.18469387610305
53,106,,52.876716476949014,0.0215809076330442,173.2113989010131,168.26366854533953,,72.85255995612614
53,107,,51.663614105677745,0.021501026778211,177.3266578814808,168.62074010319412,,72.94719773952995
53,108,,49.300331519326,0.3717936627825812,174.23625555663796,168.28212125882703,,72.83693807975895
53,109,,46.640454664375454,0.8988382425869774,177.05474855721502,168.53432655830912,,72.91787652547967
53,110,,45.158843972668535,0.5576015659737908,178.0029733683455,170.40411986258212,,70.90476829400554
53,111,,43.11422378935232,0.0301929381983813,175.41236327337,171.00151980467274,,70.92634726970411
53,112,,39.22385478837265,1.0209809582323384,,171.02249172866897,,71.83828121571715
53,113,103.34793583048877,34.61166983067466,1.2486427275169958,,170.9523603928412,174.75749169554177,71.13663970613342
53,114,101.70797250986546,31.202795381049835,0.6421089416351224,178.6820237316255,171.4080456871266,173.75995579386537,71.21240053696711
53,115,92.8852151770868,27.231599780050967,0.4975583724737865,,171.79856132163644,66.33969860407718,75.67587112767615
53,116,99.8691927851585,22.48698692092471,0.6302365422623386,171.6829999972136,171.33058384498054,174.9142756878257,78.21565049129214
53,117,,18.472367291432235,0.8889715619266783,178.85013952152195,172.45140911570817,,81.11976030145023
53,118,,13.548884631394262,0.4713102869050264,175.89334937983222,172.6561735380278,,84.45593790929343
53,119,,9.480582178541194,1.0137664429911897,172.39802147853854,172.4172733130109,,87.8135918692601
53,120,96.79096969310346,5.181890483185464,0.3773649717004065,177.09363797323317,173.43643072616214,55.74815264458818,91.34639800413404
53,121,89.89311407972421,0.9512856453338948,1.8615291100717055,177.77913047565386,173.51994664461742,,97.16406430930952
53,122,16.490651625362762,4.435784795359593,2.7203060373061514,177.12362704827785,174.86521992760305,109.69419788702967,102.63649420649348
53,123,26.385831992181274,10.968071895705611,3.7487344287167,174.57255383343804,175.2027726818605,119.2727281583503,110.06015896251216
53,124,27.211810303592276,15.160533335081556,4.991706222938686,175.62898845559403,175.9804783728368,121.17682354869744,114.06670704610396
53,125,37.91915144647908,22.062053568176925,5.182494125055421,,174.91814989333358,136.3549188109671,120.73144638127056
53,126,39.42571798399928,27.06297338398858,5.67321122765949,,174.3406513785799,138.4602902352356,126.17434536400712
53,127,36.58487819503677,30.63634990082741,6.5195230742169645,,174.9805753975343,135.47467838010243,131.27345653220138
53,128,44.62817989724346,35.89392075116079,4.269857109880941,177.24804422415832,174.44870227312094,143.3472691193377,135.73036733768745
53,129,,,,,,,
53,130,49.84003137839237,,5.473310627335293,177.96886768413296,173.39714724708853,152.7422370943267,
53,131,54.46547740934141,47.74888169379661,7.623220415468934,174.14516213486482,174.4972524416705,159.07215323725435,152.8524966932513
53,132,55.71144397957523,51.9501512373517,7.0313728643289055,175.23488572888883,174.68254575440963,160.81369650716434,159.8211299080173
53,133,59.88334302540106,55.42769834660503,6.454053948664124,175.23333842547078,174.37747173055493,165.28056896476917,167.54955763877228
53,134,63.27172977657909,58.63648171187064,4.788497629645066,179.41925494542298,174.1661962449115,173.16716430076738,170.72079036290984
53,135,65.87093703187094,60.36908754161568,5.684818894375743,179.06760271042296,174.29669794547044,177.4046519445271,173.94372815275332
53,136,67.2595184929006,61.58989953508902,5.277180550395899,179.8682411374851,174.58751993218786,178.82097354599858,175.94928798384996
53,137,66.98920677147674,62.137777540063176,5.114370678936712,179.76007993035552,174.5178096174713,177.7066272315917,176.1758633774271
53,138,66.63440345263385,61.40799260110393,4.928949662823346,179.87143057152642,174.64985523747416,176.49046202591265,175.12224372729872
53,139,65.6870719612879,60.56833129338173,5.581247993106639,177.86443844801263,175.38278808618463,177.38281649158745,173.9735083886669
53,140,63.92042256628679,58.172330954087826,4.902610441914635,178.31470911921616,176.4335521722441,174.28108770143498,170.88157750335023
53,141,61.12666210061344,54.919882002131615,5.596179280631183,175.7984899589952,175.8543859587311,169.8077317853931,166.03445354608007
53,142,61.41902801402567,51.43931432230384,4.414297693332371,172.76034870632284,176.1522439892358,164.1181112512744,160.9708460111875
53,143,,,,,,,
53,144,52.17373795431958,45.23327536708824,6.885009574730772,,,154.57640533742023,151.48736678112536
53,145,,,,,,,
53,146,,,,,,,
53,147,38.168511352754145,32.3370020360466,3.1358646713033234,,173.67280902200784,134.62002422628768,131.76719593366934
53,148,34.012245624490895,27.900083174763992,1.194963489542148,,172.57629563458556,127.30385041007658,126.17049492745112
53,149,26.92463999276815,22.716546848496023,0.058066519190816,,171.49225829070735,115.84554218043556,117.56595898061848
53,150,25.59987448772644,18.097577295239216,0.5600303161153799,176.93757415621698,172.01990050730618,117.0986956411714,113.86558529594868
53,151,24.78547651782413,12.748380142927976,1.26778717190626,178.2610042317506,172.76533843228108,117.59319604068754,109.44356121980906
53,152,21.150209705965494,8.447659963250048,1.3822518172220633,179.13290256252682,172.71382603559923,118.29651505259152,101.6967289922675
53,153,,3.9415113371100663,0.0023099528804606,178.40504176794772,172.30611482395364,,95.96662484759293
53,154,24.230944380778624,1.0530204490369364,0.4557246442889321,175.1335296698618,172.17543959275923,121.22465721988128,91.56166999429078
53,155,,4.923982831381583,0.959395576600238,173.93731667625894,172.4270355775859,,86.75128698071089
53,156,,8.668390609931619,0.2392799456773895,175.23276591226931,172.1683626502576,,81.332012538043
53,157,,12.687348163010782,0.4447531559666969,177.6251504059822,171.1664846110177,,78.6281748129223
53,158,,17.306025394650458,1.25279513563839,175.41245461750094,170.7376575819596,,73.97018470064239
53,159,,18.30052289798881,0.7077470078611937,177.97812351996745,170.3251428123104,,73.65518526571394
53,160,,20.968554477299655,0.8586176217738193,178.662878625563,169.5406311277937,,71.84949405351277
53,161,,25.492882258716516,0.3520492614898174,179.89778666623255,171.11173525152896,,69.79106629368007
53,162,115.39630724818906,29.540137671152007,0.0339913091190404,,169.03773784982636,160.76271524862898,67.35532065433361
53,163,119.379058473021,32.70236512645543,0.3797160613971785,,168.50207294895088,157.47090996002666,66.44209608619707
53,164,126.6037415568362,36.54179263911643,0.8389037793566008,,170.27422413814733,149.24725362042665,62.9155344735294
53,165,124.70312288104373,38.58820756044407,2.206325149666071,,169.69622267794043,,61.43334623550526
53,166,120.77197944575867,40.40659912651787,1.0441445965900429,,168.65138610882028,,62.43585877512272
53,167,126.58770247254796,42.18689085306088,1.0108060381421509,,168.37354730595786,151.82218340715818,64.5626777152424
53,168,114.46077554055836,45.01855900547943,0.5035646706784243,176.53621522739965,168.55678133189917,,64.54822043638852
53,169,113.34811315512626,46.34413930569707,0.7692912694427093,178.32110184884365,168.2278832340633,,63.00257099344405
53,170,110.61867158359873,48.398950309126896,0.8689724946181523,177.9411944048269,168.4680730801782,6.599524599352466,62.12145673359449
53,171,110.85502845947816,47.970170183772915,0.520333540410579,177.8685395870288,167.89370749099774,13.044335336234012,64.58015069809205
53,172,111.08349072033828,47.99566831340066,1.044408083819608,179.82237103128003,167.23375358261023,9.46098336767372,63.85078341693665
53,173,124.79066615305614,47.71064936555213,1.2532421105928682,179.81706175170126,166.8413883623452,160.22149279297096,63.82850493485989
53,174,120.32415765085202,47.67838464953493,1.3072825953747444,179.84399108345318,167.1733182907173,162.00022368769973,64.37871394894673
53,175,120.05106755675212,47.68177559594957,1.5325100181308042,178.6441135697357,167.23900613440492,160.86239244015735,64.03025460170319
53,176,127.8114062950547,47.71163397601303,1.8166545637982685,177.47243158383364,166.93861464262037,155.05540145074465,63.436785293944965
53,177,128.11037603124737,45.37456448689432,1.2363152870449847,178.24086426234675,166.89412554629197,148.91872760416945,64.53676475825009
53,178,124.52956545544492,43.86343076883987,1.139850280294441,176.25858086915258,167.240079245869,151.50343221024616,63.912351111834134
53,179,121.7184240676227,42.26554955399567,82.18577873773171,,167.0595025725491,153.84809523713028,64.30073636638637
53,180,119.61715872208438,40.5655385851322,2.117851371244223,,168.7408737735374,156.25431728635334,62.66728469855601
53,181,118.24467131398453,37.54250125826895,1.3244321071492962,,169.55570918406045,153.30972179019287,63.803298200993986
53,182,119.61481742133154,33.7927126556936,0.8099691850359925,,168.60905610905547,155.86756603370827,64.7520475229968
53,183,119.88285801885192,29.45857241443716,0.3598880264863341,178.60847146792042,170.41301082283942,160.64456474999074,65.6352379237158
53,184,116.54281672582228,25.776160858455164,0.0899715914533929,177.62654625740532,171.37141603789112,162.93825990816117,68.56435806213447
53,185,115.5321307221142,20.84439075682301,0.2132025401017701,179.7349803198424,170.30751735270843,167.87020835212337,70.31381218467503
53,186,,16.151713588972832,0.143178476860154,176.11320409659015,170.24132634968728,,71.13872936933018
53,187,,13.67937238563072,0.249849545951052,176.8417576550261,171.09175687085258,,72.57019707198612
53,188,108.2665685922068,9.181600981300788,0.3996166754237396,179.41460955594425,172.68682695407784,176.78272935769883,76.8362791079183
53,189,,3.617216764585969,0.1193932240514754,176.8412811192213,172.7708865234957,,83.30648339161344
53,190,,0.2764164508356864,0.1643223419225542,176.50571679892695,173.25175705035886,,86.10001468616485
53,191,26.9505765140576,3.1516444328298148,0.1037146562416027,175.78115358422065,174.53607789511065,116.40263795647404,91.36209437020833
53,192,26.221351258360524,8.851291957942294,0.0641427337644873,178.5002400665453,174.24040987813115,119.9545936144786,97.55822803991582
53,193,39.1448330915205,14.0666078805168,0.106852628785999,176.935252984927,175.06410057611907,131.39337867095304,102.40953398543029
53,194,35.68886257461349,19.978972059728545,0.6217992619020726,179.47726168928054,173.79028076727542,124.23038172295576,108.24181658023672
53,195,29.54453807715465,24.68155799168963,2.22296787823864,178.40801952761308,173.65564417163205,114.98504651169368,113.06022139352244
53,196,42.38131225371501,30.552523285805112,0.8058661956807021,177.8652738320202,172.9667853576663,129.11615552481118,120.0210637042494
53,197,48.97941418794449,33.03788462340941,0.2856571903078502,177.97379987280766,173.94438936705768,148.52163397728123,125.1753768879624
53,198,48.66386098191372,37.11181058250782,3.209142818295254,172.6639791618889,174.36110634088695,140.5303830366269,130.54786737666197
53,199,50.52407853042622,41.64425347643089,2.066462283011203,175.95399496447885,174.22399776679495,147.22462492453727,136.8366812620658
53,200,54.85853601929317,46.72626384092469,4.3171570635726315,173.8431241682262,173.7430982997779,153.4733006351565,143.15338647333328
53,201,55.65575352955462,50.54801390169527,4.39174688760931,174.80324369245744,173.96926964412404,155.8639082562496,147.7111270126979
53,202,60.88980956296389,56.05148441680161,2.627293691630648,177.24864760611538,173.19414846608916,164.84020939125188,156.4242119561014
53,203,63.65486370576356,59.46110208934501,2.8765762370447727,176.5637879782419,172.45869355975836,167.08101305091054,164.8858736139614
53,204,62.77370860009171,63.297634943762674,2.3991259572731174,172.51249770847525,173.44953919765305,161.98013936566556,171.170678124318
53,205,,31.09907494439241,,,,,70.01941550672467
53,206,,33.33881559779908,,,131.05806475423145,,69.31174966950122
53,207,,35.911175546674265,,,169.82635107627408,,70.3321555199462
53,208,65.04809513781878,30.37787378928745,,,,93.6713527076016,69.44379240964709
53,209,62.360321198290194,23.556407814245304,,,,127.17069290094676,73.4075824541736
53,210,84.43792759874002,19.704827202617633,,,,164.56174747162697,77.3791984479242
53,211,70.45875535906355,15.69423519580591,9.705406570557203,155.67561872943048,167.23068105137955,162.73892350162214,80.92226516194472
53,212,63.48341348817169,11.85215935729372,6.885087194528518,169.41071171780436,171.31269532905384,161.69204992107709,86.30855282798044
53,213,80.30516750153502,0.8815774731325827,,,176.5739447465995,176.94120552904351,90.49510684537232
53,214,75.64139311678022,4.2375992998936685,,,177.99151318068553,178.25472224743535,94.64948565178632
53,215,74.49865098323792,5.9433418614457745,,,179.98690480876382,175.74425036114567,101.23495248049775
53,216,73.09486391783291,10.224176995861589,1.917682746390352,159.48858852748225,179.63787779776115,173.30109799050317,108.20084905901136
53,217,78.5826681906197,16.082452610271236,2.684516391671287,168.90345166160682,179.69137494030477,169.92206503791218,116.46101555479466
53,218,75.59655488576344,21.24599951665973,,,179.0776055572643,169.47022274278558,123.82328050703369
53,219,76.02403821763141,25.605320996519527,,,177.77864508594962,171.72247245407527,134.35508202248425
53,220,74.85365292156841,30.717292023425134,19.811081156370133,163.42225488816018,171.62915778075327,174.52637521789396,146.65631960479038
53,221,76.0386869322717,36.28824305952451,10.562846558963546,178.66493466430117,179.2871632141364,178.88152851696915,164.7345980134983
53,222,72.61869103891574,40.08568090192082,11.75685815877305,176.88544797005244,178.9002433060354,178.48646775653546,171.53870570788644
53,223,69.7888502346929,38.73015185281436,7.059195392445421,158.71326385733943,177.16746613995832,177.9506798387314,169.6784645684007
53,224,71.60792995809058,34.516697237598635,11.92265100734459,178.6719745580761,176.85742509312186,179.1174738525212,158.73832329859846
53,225,71.17344786840292,32.341096667276226,13.790486129166553,178.16946064260313,177.94117753313935,176.15998287944765,139.2261926635796
53,226,68.02182702737836,29.69030312378016,14.530558241234662,178.16019355837133,175.53470439405183,173.801450300967,120.1163898532408
53,227,59.83256819741067,25.74333363722006,12.469521715886549,175.78684722135776,179.86947564193747,179.5480215923635,103.63121937343722
53,228,56.99418878129982,23.7764625765283,13.196211931960011,174.1845143547493,177.5850037515725,160.86927146753314,91.60228106162408
53,229,60.43169902763347,20.71876181029341,13.148605232784956,176.7145245910968,176.3581213088695,124.09351688120918,82.65957543198304
53,230,55.22333616052621,19.15541422750661,13.181312814143718,174.22374145922473,176.49998735619627,144.67201905448889,88.18001704063855
53,231,58.02555629686545,19.227778572177066,14.955074900211498,177.7687924579944,176.01027247799428,173.8075928084447,103.38355638177003
53,232,66.35533251995737,23.063260838597326,20.464076395238568,162.8760440077592,172.02761194031504,176.12357882779682,128.11644477096507
53,233,72.03901843710936,25.962653894577663,15.619921054269057,160.47046834128838,172.72530169909655,176.0707254743597,145.7325177394195
53,234,79.0665816813179,27.460260599716232,12.315408385583453,166.34611848280565,171.80407263826373,176.0461251859281,147.9394873156812
53,235,82.69285366390552,26.721715510455027,34.34721906822969,144.668297530868,175.07291218657696,179.42736807999592,142.22393682928333
53,236,81.90320857552521,21.686596888204885,19.19445386208023,164.77913602563112,174.76206299771584,177.17244221236103,130.55352094265226
53,237,76.43983488211454,15.690599078560638,7.03310794046282,171.44327841725053,175.95041884325585,168.3441184806209,116.42991213657288
53,238,74.40591563699272,10.714209649516832,,,179.04860046905097,167.09765525511068,106.8286562444014
53,239,74.44266199268401,8.839288027510992,,,177.0454131250862,166.49195250461617,99.46814643576236
53,240,71.50204708033293,2.8652488367078326,,,172.67335734840867,162.84276485812958,87.99918629944104
53,241,68.6156456680899,5.253285537475337,,174.05733669758266,,161.02594390782596,82.21061972339413
53,242,71.34417926032711,10.558110078789367,3.486370386560915,168.50989531270142,157.98089799872378,157.33682192699976,79.55607638509693
53,243,74.68878738921396,15.11727826667477,3.918127624204412,162.5921392681557,155.10346670206218,156.95014571430744,76.39461800570427
53,244,58.80490821325336,21.70515436586522,,,,117.51225198974043,72.36256996576638
53,245,,25.12743742179286,8.504188445415938,130.03086128640618,133.5388377917605,,69.31371633967176
53,246,,25.294543201882263,8.745677609873143,125.82832914207964,131.64793293695686,,68.45499862878883
53,247,,26.220218804926116,5.35010688125699,156.75550086292688,141.77823983072446,,68.4991137444096
53,248,,,,,,,
53,249,,,,,,,
53,250,,,,,,,
53,251,,24.31980184716833,8.11671445891957,138.23031938968177,146.28004382284547,,71.37208741422417
53,252,44.508925398085424,16.734223101186625,2.500642186348736,163.70774906543858,153.18799158911017,130.79209144517105,76.96830648536296
53,253,47.395448869141795,11.813207687962556,6.705199446250348,162.6940295479425,154.54958398234658,140.63935929840002,79.90402541724295
53,254,60.04303841785808,11.684448160765715,,,,157.03808494511287,84.04049964516493
53,255,65.21970146386313,0.7379655332715392,2.592609987501139,176.69255931386624,152.5791823184072,164.86546948917817,89.54325054186756
53,256,70.06566595917307,4.585752874122752,2.86503820063077,178.01769493254562,164.8388389391451,169.81573628861548,95.45912392643874
53,257,,,,,,,
53,258,74.85511523992558,11.426609448903992,,,171.78824850124423,168.59804709766283,109.69615373552388
53,259,77.83906661917695,18.67262628464268,,,170.71328787562243,169.85484974783662,117.68649863140698
53,260,76.23605310116389,25.044851321593047,18.095193013733276,159.50219018635704,172.58025973188506,171.8797996378459,130.5959456363827
53,261,75.3076489436836,29.284853488304247,18.115874882542784,168.4524941240576,173.2589243278999,175.2704449560299,144.2961884276687
53,262,76.83271089169367,37.52165501839779,16.980588069197807,162.47705881132617,171.3894451914221,176.454263574084,159.2593598696789
53,263,74.60143713964116,41.73130115259992,14.06114722416848,167.81715766500523,172.5385802994227,176.3553721930592,174.09190001934758
53,264,73.0085925388765,43.23149666595389,14.270565074538528,168.40645150051185,174.26323927685587,174.45201174417758,173.3792750673614
53,265,71.34150791837925,40.595514726837216,11.82257883829674,169.35674440143526,172.22823507575723,171.09380961113047,164.07821090308667
53,266,68.88257678691377,34.31468124557198,13.190269190344976,163.00164193150204,172.65250232519318,171.06027824398672,148.5669741426839
53,267,66.17668470599078,31.278592922555404,11.332101281339323,164.1949345246491,171.4097308891563,169.7570450025869,126.59120955835957
53,268,62.78345093545003,27.257498699500925,14.48905361012508,170.57611471962448,173.7218437357803,169.66970766663383,107.71770959475982
53,269,60.56141063024036,25.433207573849177,15.409246802167267,167.8339727276517,175.13223190019076,171.6242338387082,91.6272206968966
53,270,52.3954964781811,21.888841965441504,16.573948092651413,169.51737744757753,177.60128813151218,132.59788579154832,78.25758466715457
53,271,48.42499571902094,17.21858344094233,10.87878092344665,171.86305315588112,173.2503298579556,,75.65447165699067
53,272,57.38459881009969,13.284316339553984,7.222779256151641,170.8870299787755,171.39638759601732,155.43217565911422,82.90751341573777
53,273,60.18834306315967,14.885862158962572,8.500999793333888,,171.73303207186737,164.4826202828877,102.76639369502304
53,274,63.49063089249925,20.130504077075,,,171.03046200217685,170.6699976062723,126.011736387168
53,275,67.6022275842718,28.151090150206045,,,169.63020023480237,175.0013745019454,144.25961849462297
53,276,72.12340050644936,26.51732991514555,,,170.04073308131538,178.92821487611698,144.68783079805615
53,277,66.80631353122529,21.582296881823147,,,166.5307399203663,173.76739906550378,135.10868319444344
53,278,65.63743223922512,13.949715659562402,,,161.9495510491619,165.83427485999349,116.93684696880835
53,279,63.3680248013341,11.21720979365546,,,156.35680093395334,163.06433633231978,108.37480715763904
53,280,57.674777066627335,8.662109568397728,1.6259932355954534,174.8548459949321,150.7234718910209,154.96917591752245,100.56976390422216
53,281,56.247331835875194,4.237549285153044,1.6880243344351344,170.4064620220154,146.54996525141124,155.02428231200977,92.61851223310995
53,282,63.98977808199055,10.909580834984911,0.0970308729451664,172.27094809777915,163.1341126383077,162.3073817730215,83.93213171162839
53,283,58.20560416408207,14.29716811309648,1.2667458625280408,167.3030727917012,162.41771077507013,152.03937611121015,78.97644879863493
53,284,,,,,,,
53,285,34.15291286040691,19.19951616917393,6.731636367155617,149.06175554132065,150.73103683527845,109.41341483705314,72.28692437596435
53,286,,20.918330669901316,3.28886351764903,160.60015231739337,142.77323070754449,,70.20883016348954
53,287,,21.372407899774014,2.0108318104573866,165.1041298610264,141.7122093007976,,66.7498849932309
53,288,,22.062044466974783,0.9461417499623448,164.53647623314407,146.15197411835322,,67.35435993934715
53,289,,22.81816701332284,0.7760403762540591,162.71188768281525,145.8181018760769,,66.26852253059602
53,290,,20.45379669153181,0.3815086477479456,163.71651426997536,143.16324961387102,,69.17713115624754
53,291,,21.195362529653895,0.6477767815196648,165.91426932652897,146.09350318133986,,70.09395267442041
53,292,,19.61179330907196,1.6950170295691858,164.89122069887412,152.39791767976843,,71.81193270130186
53,293,33.24187258203822,15.428992332758106,3.841008201807865,166.41635533632785,159.78405030132782,113.6521026448898,75.77756261097151
53,294,34.67595157665315,11.243756144588188,1.5715272641785896,167.93598702222067,161.98252523071483,123.85585321042286,79.19654163418808
53,295,64.6850416830662,7.1441417421067115,0.2359751729695862,170.80360742817498,159.02822587183718,162.07839621967483,81.5936166218989
53,296,58.50152071128424,1.912045677998957,0.4185524481711919,175.98406158697674,156.2207276800664,157.1192800381412,85.0598242521824
53,297,68.3451897388206,5.952116725515203,0.0667010367289197,179.53948085629105,154.88113359401427,167.31709139973754,89.04029255653077
53,298,65.6264302939151,11.230452389195907,,,162.72816332357752,160.91715540864809,97.3897332416846
53,299,68.35679000543172,14.479100821724549,,,169.30738115962555,160.2731087016327,102.37588571528414
53,300,65.77074415474266,18.91412033805768,,,170.65038374720842,157.60208909301284,109.09125182709984
53,301,71.51371676214706,25.30060224658975,,,172.4066597565955,160.32519784512544,116.0657405159435
53,302,75.93177809118131,31.365719532049052,3.802377689495104,173.58164655757716,173.6425214161021,165.0945842627496,129.73593642160486
53,303,76.55058303572481,40.94260422185254,7.103358369078347,174.2758415499815,170.74250414308835,170.28351414952735,145.68179675629216
53,304,77.70302166735736,50.557201905542165,9.671505892074707,171.52151388055634,172.7702164367945,177.1618751059361,163.79556920002884
53,305,75.75716709807989,55.73835440771761,7.895639337624338,169.64323160031273,172.03275200745747,175.7732089688272,173.9401592257726
53,306,75.9690281289539,56.56537260772587,7.515491727440236,169.92780337354813,173.1562033752018,174.4215444906477,170.54762592473108
53,307,77.99775935209857,54.20866638129518,8.976666899213354,167.38215850947807,173.21028378216803,177.3898556209447,163.99835897155555
53,308,74.4766496928887,49.607187176491635,12.256567340115692,168.87573305143388,175.96901986827697,177.37124885763487,146.94146922155915
53,309,71.50717337882791,38.95877385452488,12.24033635597974,172.31048439321543,177.82772382655145,177.43065605117204,119.79802299939062
53,310,68.57747631793471,35.0473617530433,11.806663492465267,174.01839221010647,177.8357152411467,174.35204897714084,100.36836329033878
53,311,63.90538755433493,29.520230263815343,12.041893781666532,173.9570789898505,178.1496162486244,139.44181719660764,82.37284222009596
53,312,60.802751514659406,24.93276690246082,12.852199314597948,169.611359483505,176.1704956610554,27.968962406599296,65.03948436298415
53,313,57.883769259010485,20.006617842449856,13.313333703872468,171.42913847372287,176.85233090871964,24.17688874175211,62.70375412997499
53,314,,17.23686718151077,9.68274343054981,174.68150196066068,176.33073676594472,,70.66548897745878
53,315,58.80965644246539,17.661096331727933,10.045465913969707,176.39593475623064,178.25661711594572,145.7420855085955,87.1077826440969
53,316,61.417531047738784,26.82258433595058,10.059945098510587,171.3835493797005,175.86404275719633,159.62065835345192,119.07938186804311
53,317,,36.48835630079726,12.484136061833537,161.43685368983495,172.59288369628084,,148.66435459671658
53,318,73.56879756991277,37.07898263721843,12.653458655074436,158.02316268147513,173.18858267203862,178.76153232682796,149.18294226438113
53,319,71.42715145465809,29.73160055095559,,,171.47903899103142,174.7964218248959,137.3155046850824
53,320,62.07152493612985,23.523037240661772,,,170.2921010240283,163.54485481395582,126.69175241902356
53,321,57.23740364238464,14.625886482588598,,,166.09837756309744,157.24877778371857,109.14584776509685
53,322,60.62143424536256,9.654210497088483,,,162.0747163448558,159.6355946446663,98.98308195741932
53,323,57.219147782779984,7.602791816936109,,,157.12984287271243,161.3517868702502,93.58113367028204
53,324,56.468087009754896,1.3581804090389202,,,157.2099981254588,160.1597801910372,88.43056075521314
53,325,45.16382002439749,6.968888469417285,0.7114240626634891,170.87663011260275,153.7758290220256,145.94718111741295,81.81297635928864
53,326,30.76336740080116,10.095684295998424,1.408237478804041,170.1999220217217,152.7908628653345,124.8266584066038,77.79537657686475
53,327,32.51284467325269,12.715313199738429,0.9850054998393228,162.8862229612088,152.1588031611974,116.84891132531642,73.74598737088695
53,328,,15.514597596854564,1.3879203826403257,161.67229895365952,149.10655369857437,,72.01898117363677
53,329,,18.271165896523968,1.078775771483364,159.93311010983874,149.3147637114413,,69.04991401254766
53,330,,22.767101321004475,0.636052554679771,167.82022921592724,153.4414128467881,,64.58506676111314
53,331,,23.170446573434617,0.3206874165937554,165.8325622092417,154.52955609265845,,64.61712849281764
53,332,,24.091069068814893,1.495519138825654,160.84645615008503,151.6474477514959,,66.81993363642663
53,333,,21.630327776610923,0.8771805717611477,159.3926791639575,146.55820113218,,67.12272957893543
53,334,,21.585986088239967,0.1114872080104641,162.49723945880532,153.65111238838423,,66.45408176786773
53,335,,16.509607838906472,1.253927259416119,167.00724491811818,154.7201526036778,,70.33897060217392
53,336,21.93762919984954,13.358709855255588,1.874634683459873,169.06227995170175,155.4316485490971,100.57619802234224,71.24024627334245
53,337,26.57089193910136,10.16539944113332,0.1932030347595525,172.97247405387833,158.6177608948194,122.98743884336965,73.4753710681453
53,338,35.104535463652745,7.66162236316987,0.2859679550474215,178.28456665977112,160.16470375008203,133.6884047312256,77.70646069193242
53,339,51.89021019074968,0.5849824033615746,,,159.7623128670195,152.0143155086009,82.23288094870604
53,340,59.423580493025504,7.514281859226905,,,158.26796712561162,159.53652809264912,90.80791557869397
53,341,60.71524954991655,9.793397563371158,,,164.77218575790891,157.9746698795274,97.42036397455207
53,342,58.85398139007646,14.922141420654077,,,171.08916471364185,156.2051431154346,101.7319268143364
53,343,64.24871279395195,20.33599556741031,,,171.53574623047686,158.27250241385127,109.10024233664662
53,344,67.49907335618708,30.0310712932619,,,171.5382554062689,157.76629316453668,120.9941461846033
53,345,69.315700144045,38.05272419629022,,,173.71924885843242,161.9056396242443,134.57961857667422
53,346,76.42111598560864,45.804660021221665,,,171.4335495744147,168.78580598430068,147.88029333948205
53,347,81.10741855853004,54.30319385302376,10.83730766064274,,173.66720656756908,175.8421000249883,159.6306390483636
53,348,81.23055156126955,58.92612568448387,13.564863247757938,158.5275535284629,173.7174715118397,174.56508499050548,169.90569675315606
53,349,78.33810569784711,56.949747704036376,13.42181271294166,159.38620667642388,173.1258053239755,173.42668081370127,166.00878111706322
53,350,78.60117677516561,54.74135870961121,12.761668117043085,164.739996347301,172.45228623302006,173.15734129485853,159.08520342483038
53,351,76.74781942906766,45.42148490343498,13.533805758028633,165.28679145571067,174.60248266995927,172.6633396775399,138.88773981622248
53,352,73.07086092920933,38.449935216889685,14.548848325735694,166.44659181790732,176.6600836062902,170.31604344765526,120.5458129400831
53,353,69.68932049477768,32.69332057887196,14.36548988024952,168.89563582766934,176.7129364223663,168.51089077279812,104.16074799315686
53,354,65.75177670983449,27.59468287754323,15.74171975844699,168.94487334202023,177.30749497946002,137.8949180451041,89.72897239963895
53,355,47.4725209679069,22.39998785557742,13.68178410954453,168.77281423475185,176.5713979233386,85.55160669541874,81.31633854164616
53,356,56.136567223188464,22.181781201483567,14.070189798258962,165.27220767504872,175.34739134912633,,86.87110988208265
53,357,57.89908464996597,20.32136130829164,15.836078720838252,163.6205629415267,175.94861474827638,139.43679153489214,92.95599080962144
53,358,60.17646138552101,24.25248381269416,14.853012520173552,162.09418258586535,176.42480538686135,160.98071236210097,112.95177462521109
53,359,66.63713879215172,33.45334666845669,12.173584799341384,155.1228532878307,174.15609123105256,168.18046441146245,137.62387719870068
53,360,74.94276328899095,35.21221659388923,9.699587112708898,163.5571722579274,176.03497710105617,173.8639456639536,141.44489300236594
53,361,79.80822143953034,30.902697720546772,,,176.98577583958286,179.7965579267572,135.5663243910709
53,362,73.34098791343811,28.854051243872473,,,171.39211224766217,168.2448756584414,125.99324634015036
53,363,61.74432553964262,18.50165463496309,,,170.766993864014,156.32656733820144,106.01066613381944
53,364,59.62128137905807,12.410565884263924,,,171.4744084542375,154.58565290956116,96.51965566704688
53,365,57.62667839437879,9.092543016628085,,,165.95629240816424,150.5653075324281,89.94853507124226
53,366,41.62684350137853,4.908541914478485,,,165.04639176221812,132.71894928836784,86.14231534956556
53,367,38.675894667726475,5.031233415604482,,,168.8315112016923,127.39297922702896,80.94864529932944
53,368,25.8727892657176,9.683085254580291,0.0024944279604254,174.0334163157344,163.7519688982972,112.8213836942272,76.49429650125663
53,369,24.70931451184296,11.134246908472116,,,156.075930287915,110.21308626392609,75.37470941960315
53,370,,13.57565945168487,,,154.36458645575635,,73.95067198111293
53,371,,17.12044502592518,5.7975418801556255,166.18050201626662,155.09414849761748,,71.15108987774462
53,372,,20.023562610659972,0.6487566307448913,171.65963446845024,152.4788094273236,,71.17559566028021
53,373,,21.313177873016222,0.2724139906391854,170.7725936712384,150.15081552727253,,69.03809412021963
53,374,,24.360363151366393,1.4274265933610322,173.21799940395758,154.4041862725927,,69.79375997440476
53,375,,24.871610333560852,1.201727236344465,175.46395843485348,154.22539934265393,,70.29377271254589
53,376,72.50943596424868,60.33635423361051,0.4680346794122312,171.73004745854843,172.36642716059987,170.93651486286075,175.63729516436933
53,377,70.86127179008336,60.30917836768948,0.108518876034084,,171.95130120765495,169.97303410312398,175.0816334014031
53,378,69.9173551830072,57.69388719349594,0.6758711827236936,,171.3590693760599,168.54436590385637,171.74438138112828
53,379,66.933221527182,54.861999403047854,1.0014576509302815,,170.94154458702403,165.58883170330267,166.6686505084023
53,380,66.48110179778178,49.912907547411976,0.4780708691338447,,171.12660407849523,164.8717522951216,158.78986064172656
53,381,64.0611882235094,44.98977751893476,0.7514059157703326,,171.44964125307308,160.7488954122222,150.67264819270923
53,382,59.979310472441426,40.37061163608,0.79723727780499,176.83122119635763,169.11180797172966,152.95235445864415,142.30084908933532
53,383,55.14479703915061,36.785051600831146,1.7898848130640534,175.12105701494255,168.8355311002594,147.20103072778184,136.29764061002896
53,384,49.44038354639942,31.815699352613507,0.7513263033886649,173.3099681294054,169.10474812198376,141.8473514573339,128.94677355116175
53,385,41.402869532678515,28.31882287564512,1.7228153193800773,31.325962591172548,166.2693828701386,125.9751634037475,120.23256217763888
53,386,38.80718117912056,24.18821461218218,1.6733001636055118,,165.35993345979048,124.07997144852798,113.13051200105367
53,387,28.503524394323467,19.681550534135063,1.892056233540492,,164.2620026600199,114.98409001083844,107.03529540448724
53,388,26.338132048662292,15.340450649919688,0.1707729874799331,158.7091471892907,164.7799932956901,110.94854284974664,99.7205923286623
53,389,29.640229103405733,10.516075861360596,,,164.32903629030164,113.50624578421044,94.92372187176257
53,390,27.27276857442583,6.240184501957958,0.7945488777582624,,162.46048450831745,102.94500400636396,90.16206736033048
53,391,25.638289880774657,1.8012280719456062,1.9803299370715477,,164.98229761466158,83.67446703328869,84.83205144531121
53,392,30.35636751870914,1.3760416086911509,0.1474230359042106,,164.73598490893207,70.10784500805397,81.65129141417111
53,393,34.28506354548364,4.165880405713846,0.3116679740865284,,165.34850839076103,114.45721351990412,78.83101802557228
53,394,34.97155645940782,5.195056782213223,1.308519641262845,177.21353641023475,164.3405595694054,44.33767184482989,76.38655366244865
53,395,,8.03566703232508,1.9128102581453603,174.49107987616154,163.5041903947599,,73.02762199309397
53,396,,9.805304493253256,2.232022321950008,172.54933168996655,163.05643801328995,,72.04391442666807
53,397,,11.968761440066562,0.832532264085358,174.7665743968224,161.85346546854174,,69.79797383159419
53,398,,13.478266728993956,1.0226442509432028,175.31140718380396,159.85702822770654,,70.34407469358128
53,399,,14.977216162609269,0.3747982379816278,174.14614167289992,160.5886773458492,,68.11006226146564
53,400,,15.6803642704968,3.6220377407231705,176.61609989201753,159.1006154421454,,66.89865343119678
53,401,,15.721158197954452,3.3851318437141336,176.37437535924315,159.43008583199023,,67.2474362209446
53,402,,14.803278688346918,3.078469116275824,176.63117505161532,159.306948530588,,68.87540810017589
53,403,,14.455413578960238,3.960498529391413,178.17287632231643,159.9685077845542,,68.91552700857692
53,404,,13.940232475611795,4.694902907987488,179.3300115525696,160.72024205770566,,69.55306302961036
53,405,,10.744505382629043,1.3535807598332434,173.35674409420955,163.329836927336,,72.60027686481038
53,406,,8.735384935851446,1.9928228334605471,173.94732017724854,164.2763032891399,,74.08109179204263
53,407,32.839774912980644,6.699265262617383,0.7488036974061456,,165.4536698228045,94.3681313645319,76.1261303175037
53,408,31.811997337214,4.431042309202578,2.0837302143904335,,165.4943099019008,103.20703840789696,78.13154631044712
53,409,22.466358651718995,0.966449986099305,2.2016088805002227,,163.812960929658,73.94200565186249,81.68258200836958
53,410,22.917516131508663,2.365027960504674,1.648278886048122,,164.70305113220698,78.80935055094255,84.64287203661932
53,411,26.22697229226062,5.953957486313708,3.9601359907104063,,163.95110193593663,106.11162947278524,88.8099438503975
53,412,27.25294863739695,9.131290364895849,,,166.1327506582647,111.2877514230574,93.58032013830422
53,413,27.716607209288213,12.765272968150748,0.4666458402228544,,164.3788457234303,111.55570185012434,97.65659099341248
53,414,26.442406516883075,15.342415874272806,0.2116133597474897,105.67699754402652,164.5786752866509,110.762230266266,100.96410476945776
53,415,31.385410979566327,19.9937637813789,0.9609866468058232,,165.67430731936037,115.39452432632667,109.0151379073546
53,416,36.33314027287884,22.828583673473712,2.877655234283491,,164.60179883106588,120.27622869394804,114.65128794144276
53,417,40.83248249441102,28.512536090592157,0.4940037483353962,,167.30938421316236,127.67186280114326,120.98696497598176
53,418,46.37922468549286,31.85807323264789,1.694853926983276,34.31136495025195,167.05537612734423,133.60041852933657,126.18663838208474
53,419,50.87511859391811,34.819364815694826,1.094451967838044,,169.39369329597957,141.19768419864812,131.11269258084633
53,420,56.4600650521882,38.001319576173245,1.2710852499632352,,169.54765866295836,145.55528366432878,137.86990512054703
53,421,60.654907321085574,41.92326446432247,0.7355282486440786,,169.59882125070584,155.29884875327065,145.81652161066944
53,422,65.10006181599705,47.349055973794464,1.1541371726191385,,170.36799328086406,160.88070846253476,154.90813330709963
53,423,65.6635800259069,51.853872453320136,1.755682107713954,,171.41663024739398,162.4287222276884,162.64424202237643
53,424,69.4908401603537,55.96418628998285,1.5521743499340712,,171.9625150103307,168.04429594459927,170.07994945715282
53,425,70.78032131807987,60.04250932504747,1.8350066456203624,,171.02973485258974,172.29036077489076,176.29961610555836
53,426,71.05194533169146,61.19360207847962,1.2938250106641205,,170.39850558639776,172.96591766265385,177.60778583707773
53,427,71.17812508786945,60.58105710299621,0.709451208107425,,170.78754691593292,172.8592481927209,175.8170368887112
53,428,70.54563948114591,58.86535235625833,0.213178476962911,,170.9157560277095,171.51137031447257,173.18845510991073
53,429,69.7207885914221,56.45589827916672,0.4891743072054938,,169.97867211309904,169.59597235204114,168.66970096552365
53,430,67.3905975778809,51.456915448638995,1.5463301533200635,,170.4920612286486,165.35299669206955,161.1049337082758
53,431,65.19607565957213,48.45661194437527,1.7057158994818518,,169.6059019065263,161.9644809410161,156.7405690841534
53,432,61.15655201104027,45.20983079734142,1.269174174643536,,168.19141423080487,156.8247034566151,151.2982936392366
53,433,56.81317653017244,42.080791946656994,0.3726133363772198,,167.76578826277236,150.78859377693666,145.2934510538137
53,434,53.200188355368006,36.96098148958093,1.6489410983492043,,169.75972305371118,147.2592675374702,137.82103632444765
53,435,50.64690525723874,33.472115346811265,,,169.8276903922331,141.14724733327895,132.1679077361956
53,436,46.96706744127993,30.899655670287085,1.1036746178909895,179.76738979496406,167.2011388506128,133.23595282851494,125.47606618676008
53,437,38.48734243541606,26.459773962673005,1.168204935608801,177.73084584783808,165.27410780364883,126.43838418449532,118.13222285651725
53,438,35.295647119179186,21.52228063139097,1.2312373083046966,,165.73502185867235,122.509675046837,109.653086204454
53,439,32.325423337491884,16.794131441646307,,,163.9414228860725,121.15380310008632,103.5349587727079
53,440,27.14577562385287,12.93302605912684,,,163.88910646147744,110.77162864422364,96.82533385926718
53,441,25.76733971361059,8.405479165049535,,,166.57303398567882,106.00324680772718,93.76251602766816
53,442,24.251712650644816,5.452189612368039,1.2491335270029504,,164.57253190480154,81.9673533906394,88.88322503582333
53,443,27.572098917217453,1.9605471067423808,2.9217950057634186,,165.52287465992205,73.96813891113312,85.56470950413481
53,444,26.631386810817578,0.0554169103436081,,,165.19653815018393,75.08146284096318,83.50925317915039
53,445,35.51845654307124,3.988754931316093,2.964324971667786,,164.2508384918683,120.2460351200112,79.2534105785596
53,446,,6.157455764394515,3.3863019141940365,,164.419277783351,,75.84056686160248
53,447,,9.25655301402074,2.882785577312546,,162.37771843348932,,72.92493669756792
53,448,,10.281607125649826,2.588782996926309,,160.53293276008642,,71.24108667437763
53,449,,11.944088250914389,1.263072152960416,171.62262718632184,161.72698764024875,,70.70447269168577
53,450,,13.43173497532553,2.086534852219517,172.62084561056935,162.24000698144724,,70.55450459023247
53,451,,13.926034985059744,0.7427138714174909,177.72924284609704,162.89135477710585,,70.59401299204208
53,452,,15.4322151245162,0.865990963516658,178.13874328579558,162.92549142044743,,70.37816197346844
53,453,,15.910394446236417,0.2645980959622426,178.81067966857808,162.25127525339667,,70.43199817781426
53,454,,15.980716579192377,0.2629409840054022,178.74457364594272,162.33778236918812,,70.80334480845613
53,455,,15.114747546149712,0.4238189818657367,177.1302278211552,162.01304046686462,,71.09247200807707
53,456,,13.965375679800058,0.2258972557241015,176.75359582213878,161.53178352126878,,70.80186176479904
53,457,,13.28174880864968,0.6018896587400667,176.45407033966674,162.11541498554317,,70.46179203022612
53,458,,10.676533710686432,2.227943143618649,174.71133971284652,161.97916686578654,,73.54227003105994
53,459,,8.772289779605561,2.032569185297513,,163.33322237580086,,75.1079361856017
53,460,,6.882113309943579,2.048597284896481,,166.15743111853342,,77.39004928839208
53,461,34.579363140837216,2.7071609716129323,3.5888795180027127,,164.93280403715693,121.06292556423372,81.36236935940065
53,462,25.507595520110247,0.6098405980600485,3.4808904412733743,,165.787123276116,71.22652510661649,84.49095148926985
53,463,22.541352915251824,4.831842416205393,1.845178499549533,,162.816597616929,83.22782744287353,89.15333796930426
53,464,22.99250239193751,8.079152163121634,0.1973806098118393,166.10323788517374,164.37607354028867,95.6099433137324,93.23905146021868
53,465,22.90743896051558,9.691957875802668,0.9964392375939464,166.98709085957023,165.5948523514993,113.62125957942683,95.86187973447107
53,466,23.64474704266241,12.46479665765636,,,165.93351253500555,113.93785742438602,98.88870297974864
53,467,26.242479085746467,16.168807712060506,,,165.4449562288915,115.22216132245258,102.298381206841
53,468,30.149593821211568,20.284178359846944,1.2238217033304364,,165.29542892912232,119.31771964947605,106.82904633538558
53,469,33.87514527210785,23.58398613319884,0.1546844621928767,,166.68380618891425,121.38602877249804,111.1179376555172
53,470,35.9620677026697,28.86050275421997,,,169.490551013811,125.89620837536395,120.78880269704553
53,471,46.64769838466264,30.47625650568888,1.7721169024333725,,170.5782088298468,137.23792226620435,124.1319930875179
53,472,49.65183773318088,33.61972029101872,0.2116424452234925,174.1322424892182,171.2516124560897,145.15092782424236,129.6232547678293
53,473,56.37745930419573,35.803112521052206,0.2338869943373878,,172.43206967887278,151.0344943647324,133.99249752352637
53,474,62.29552506989968,41.017422298022,0.7153707030168326,175.36300259713045,171.2783758977866,157.93883784298023,141.75424112471197
53,475,68.11640877654612,43.65057773974087,1.3636622036016453,,172.6820317936028,162.86852241916452,146.19227639592674
53,476,68.63360192235338,48.08575752923493,1.8087657685904668,,170.99531646126434,165.97634451528685,154.2117308397575
53,477,69.11406124313666,53.13457557374603,0.8881355647281787,,170.9856709790722,169.7333994575049,162.5666739324219
53,478,72.13161876686868,55.13052179023012,1.5231255701399806,173.123301819495,171.63575107259402,172.10993008541078,165.8137360711057
53,479,73.35640789818859,58.341351470270816,0.921370377646697,171.26844192140507,170.97870069015474,175.77341734088273,170.29649080100992
53,480,73.36333378588213,58.80142249538902,1.2178693616371574,170.86805951671025,170.80722065489414,175.60402016008308,170.87650304250377
53,481,72.53883506065942,56.94655314832923,0.9020896732692764,170.7165505195751,170.67967117198225,174.16413959975912,167.44392256274142
53,482,70.8972308372127,55.36442899463966,1.742658867127051,170.82026034194976,170.38088012318255,171.019112504208,164.1631203212681
53,483,68.4137620790855,52.772520333748325,1.129437244916106,170.83226023536227,170.89682746932644,168.37897818706705,161.58491706338992
53,484,65.04041468472612,49.583358232402,1.3855764409965503,,170.80354338705482,162.71248183700507,156.62635977405324
53,485,64.2721745418403,46.63891622262103,1.5516660840353538,,172.98167413760245,159.85150411347834,153.172559232938
53,486,59.371110571018185,41.77321168466667,0.5441140311876127,173.56750362812517,171.3316915923756,154.0597550291608,144.57080454251314
53,487,57.3511933310467,38.39416689625172,0.8927064688549396,176.07438452758998,170.60841604510873,151.03746529529644,139.6893970407974
53,488,52.42477589174727,35.62230332609663,0.7482990336639881,174.7636732623852,169.92599228666705,146.83363268659105,133.73473822567752
53,489,47.88385389535171,32.08990026322873,0.8388982852383056,179.13119754521148,168.85629171089892,135.91783188724347,129.80257199421197
53,490,41.18008707725664,28.29713401177858,0.2836092104577686,179.51536967115314,166.6169289753907,126.0835829528344,123.35647154028491
53,491,34.61765544942055,23.084486726800662,1.244409118385585,,164.7084316162497,120.24210672292824,116.24426986283828
53,492,28.851187779385928,17.746629282399187,0.1056281795787104,,165.36254586763314,115.48214314102228,109.87110584784232
53,493,23.921048985628552,13.46132662489602,,,164.77454170396092,115.72371878254393,103.9015818997451
53,494,25.70607863898829,11.018378584430724,,,164.84062654389783,118.38818765454818,101.78895545539676
53,495,23.316064387288435,9.209066646545146,2.358702621290279,175.62247209402213,164.26643784850398,101.3194248619304,96.87400555675062
53,496,22.229552228165012,5.251393642371659,2.016748410729591,,162.1296960669448,88.22511734848416,92.38877771297322
53,497,28.281767276350877,1.515780452768205,2.847587043957951,,163.7515092094781,70.77455217167972,86.97672798242212
53,498,31.754423255669092,0.8545014425718017,3.058512159048143,,164.93399598430864,47.49197605619016,84.80879474030411
53,499,29.237519990905945,2.6261740280261345,2.2811143656481123,,164.7635035801907,102.93598406119564,83.48851374042133
53,500,,5.969848131474952,1.2867552008212886,,165.5084369375936,,80.64047729716407
53,501,42.95852538619816,8.210832645738037,2.153690172511319,,164.130188858455,,77.95614959543984
53,502,,9.706433307882666,2.390738749793514,173.32682043372492,164.77197010519012,,76.35868942896619
53,503,,11.030184436998118,2.0320596521579772,173.07485050746791,163.28058887189178,,74.41986266346217
53,504,,13.01937868320032,1.4396070853492469,172.99892658377178,164.28043516495023,,72.70453826318493
53,505,,13.83899753750434,1.491957793129449,174.1725259734335,162.5694769614722,,71.21293793120843
53,506,,14.442932946590131,0.8619810162528369,173.05575955142467,161.39615798912843,,71.35627489355062
53,507,,14.706727483442828,0.505392974228531,173.14062636860166,160.54796132542916,,71.88770551919906
53,508,,14.534286920728988,0.0676204102164022,172.54965946968306,159.46689563835824,,71.66164125510755
53,509,,14.841366548167487,0.1806206146762576,173.1706203886938,159.8538062277408,,71.57805507435623
53,510,,13.89386036595245,1.2586964807188503,172.29431613983968,160.88539214546603,,71.58617637054958
53,511,,12.52493327433075,1.887978304478105,172.8905326197179,161.54797276611373,,72.8499875436882
53,512,,12.975067895734504,0.8954249832727065,175.74311836498174,164.33992865624688,,73.92544548045886
53,513,,10.743962650672746,1.860219963062362,173.10103639484532,165.2171127462275,,75.76114801925698
53,514,,8.242602227821004,1.9570469454459665,173.66556353769175,165.33832367682692,,78.39172216176013
53,515,,6.7545431422158355,0.8584704955312635,,167.00144956322433,,78.79209599646785
53,516,34.33920521259198,2.5389246069029983,2.6522064955179436,,164.6996614279083,60.48351400018531,82.32193512788965
53,517,25.463695238722025,1.0367248504351143,1.597144042562524,,164.88506392184118,74.72518055570174,85.46178531468864
53,518,25.567456351795705,4.411543450875409,0.5822909608379891,,162.88997905213213,91.51353214775642,88.14149837611276
53,519,27.856089119660897,8.373985849557979,3.947431916155608,,162.02355057120738,105.14438112560116,92.41942676107762
53,520,22.796501326013978,10.40539711761646,,,165.1559577836626,107.46463487565543,95.30833168536446
53,521,25.905992951220643,15.50797396511649,,,163.49102982221945,113.99558833461585,98.86464757008322
53,522,29.042488647563996,18.70252899032216,1.7940187312162064,,165.0517320001017,112.9195227963048,103.93397860389877
53,523,34.54438236100376,22.898388097805775,0.5029975257089269,,166.41731427384894,115.79753224920616,109.7118189857724
53,524,41.823931367509296,27.557972870875073,0.0173717208027311,,166.69043457144346,123.18979654724264,116.31550936866452
53,525,42.77798000975533,30.5292811019377,0.487011514328466,,169.18641068673995,125.38131141274084,122.14778348964288
53,526,49.70503902474969,35.41167579030711,,,168.44152542460188,137.9609025637348,130.0693120905894
53,527,51.1702738795818,37.20772727815035,0.6378154358253811,174.42619310379249,170.37941804259944,143.5184103954267,134.46977570162994
53,528,59.6016907406227,41.7583009982473,0.1194297953961166,179.52171087622503,169.4557177655276,148.8674512731297,141.33406190188964
53,529,64.89851943124982,45.06041658013458,0.7510782026861744,178.1214488120673,171.1583095043204,156.34999195942353,147.45623965531695
53,530,67.51567248380596,49.19680774836865,0.6374918262031364,,170.87146189098686,160.16274962464163,155.91767259319755
53,531,71.75438655301176,54.029153533124315,0.9535154859996698,176.64587138012547,171.12944868718327,164.5763564505203,162.6102449340474
53,532,72.2853456893576,56.71691166763506,1.071298945584861,,170.34849988601448,169.1899697500439,168.6986959418331
53,533,72.76565972590224,58.86028687284423,1.0684169334680833,,171.6851865714926,172.02974042128866,172.57468636264397
53,534,72.83051661802898,60.582477571749784,1.0475398763024106,,171.4762272488496,172.2062787507127,173.98011343527372
53,535,73.27727110784045,61.148191823552075,0.7013941579615353,,170.8681856127232,172.34119329726738,174.0209508286236
53,536,72.59872912637367,59.82750900384162,1.0244529772963802,,170.9543346120129,171.4466267081263,172.2221233069878
53,537,13.640793670197327,80.24077834750051,13.573200208416695,,30.17414436054273,88.59387919844175,157.06987315994078
53,538,27.719024064361054,81.17492433917612,13.351261646911974,37.65840527298355,30.476556435441086,108.3490938976357,150.3309021750718
53,539,30.122258746838124,81.04789104896255,13.740607637436328,37.82612118624094,30.81649984711694,120.84535954140571,176.5476472089043
53,540,34.06444935505985,76.51344881633433,13.398500479486929,38.04638207911674,30.795623651546418,135.88852335907703,177.3017430010699
53,541,33.078557683770754,64.13341513407727,13.006496046051527,37.87140188329891,30.04657470657952,142.1964493839528,130.18607374478634
53,542,29.70155447302819,51.646288479099354,12.047503256149287,37.35680354750967,30.172224552522884,143.14782107286447,140.35784889703024
53,543,33.5518038871223,41.41476672499215,11.214587166308718,36.78858707629581,29.176020093576955,157.45008719265027,124.16147971240352
53,544,34.77656786632121,25.96612001868239,10.680931989407608,36.33363340015302,30.254303964295893,159.54822076213378,135.43388050459842
53,545,32.076164362261245,16.130571813342847,11.022644224579636,37.99907527131022,33.8612435490384,159.63415000187103,148.3961069304641
53,546,30.617255855384993,6.650500111586928,6.521224714733278,38.901951204089784,31.786007804542987,160.5001224773915,149.84836971688475
53,547,30.73398567119095,3.898181188885936,7.759205168341394,38.66143915612414,34.05568769128267,159.36491056033526,153.906055708069
53,548,31.866392910831497,0.0261424698505012,7.446711205920582,39.31846071425124,34.177157596921866,155.45307913212682,156.35359486068842
53,549,31.74495302137568,0.8196024322403677,8.723998508310567,41.23594498842602,29.80319261241141,159.11540205860564,152.79466168852366
53,550,37.41187568641941,6.451015595708022,7.631133173030916,44.07126956891768,30.7913852816728,163.30839670424692,159.2315425557962
53,551,34.7840720157572,7.658847791235738,9.15716490886884,45.37109641983462,31.70477438972056,161.82139598583197,161.2366313551867
53,552,35.76477169499354,7.855426236937011,9.27169862907732,44.45464253991144,,163.2015320040778,161.37745101606103
53,553,35.73057259323402,6.845929845684832,7.625026660092181,47.354632498649856,32.65071390475555,161.76753216158784,160.49934634631109
53,554,36.042733232182435,8.471045127560238,10.180512717553365,48.29402035617484,,162.3748064983258,162.80727875189896
53,555,38.34773166422337,12.922442274739986,8.909681487377567,48.176172331538005,36.885914382204405,164.9438258741519,169.0654933429647
53,556,41.124844020182394,14.656441023630276,15.420654065649224,46.59113096665732,55.31154212598553,162.5859826191528,164.9291690291149
53,557,45.076368167051704,17.438647672221425,24.77133048839328,50.71300097594147,52.679343291916894,164.4129046438841,165.64420149623058
53,558,49.33132083145537,21.17691805114236,36.67752979812536,47.92442487561189,56.905859860457824,165.2958100786447,161.8380736144131
53,559,53.43375032897384,28.641712590014016,55.62413893685539,48.9293299430536,80.26947237448256,166.37531315430368,163.01870944947103
53,560,52.876333419843895,27.70789248779912,59.8586879023829,,68.29209766327422,165.8581729748704,162.90074555269223
53,561,52.67823135116534,28.97746398894143,59.48963260884485,,61.92422653594144,165.98545140679286,164.10022249873322
53,562,52.3895377266927,29.659880632817817,58.004393506415035,,67.53013166661708,166.4470822440474,164.51673926941027
53,563,53.38249380643211,33.80728254892662,52.81114595653288,,66.12339682190907,167.5043289190492,166.92459904439212
53,564,55.324944817031664,36.477499247652304,44.87605282030881,,66.45145321348657,168.6150553989941,169.55809198179426
53,565,57.46038678346097,37.949570763727046,31.056605789121683,65.93864833280364,66.0489399626789,169.8781415851479,170.61381691105194
53,566,57.50101938669783,38.097900357830866,12.401887862540482,65.61124211202231,66.10869328311853,170.9556925816877,173.04215027598875
53,567,57.4563204277476,36.69076732254549,,,64.56818252942652,172.6598906946701,173.69876818333734
53,568,57.44992380259677,36.194243391232824,9.819372224904736,80.27099032641595,63.4723734810864,172.25841666692037,172.8780130474057
53,569,57.0634818012498,35.912279727479564,6.6870974825963305,93.02322431154792,65.22889631705192,172.15010372870398,171.67383078382588
53,570,58.40219903050467,36.92138323422205,4.014835386968499,93.45287133530096,65.76023097924214,173.7218011096542,172.08331319126629
53,571,58.25476107421332,37.95543681574375,6.66439881117751,78.02612789592594,60.14089013493252,171.99344227842747,173.8304958087313
53,572,59.18497642457788,37.55482242446788,41.08773989680933,162.04093414071048,60.047298706574146,171.86970679199607,172.31745570889944
53,573,60.2915740713709,39.62420547051458,42.55728324357531,164.84368075305323,61.64996480468988,170.52293881612246,172.63917852140182
53,574,60.9122422741615,40.17051754307703,35.99323384752043,171.78858079947332,68.61171612120594,171.2083515850605,170.91620117708104
53,575,61.972599781291485,41.309967373600635,,,85.16877970914443,170.89021209513325,170.5570816344452
53,576,61.145317018587626,40.23917953446737,,,105.13189203789727,170.8426739061219,169.85899064433954
53,577,63.05846012558699,40.153081778679535,2.8992240248953873,157.99575955454833,134.43498968622194,171.28231856162327,170.35432307471382
53,578,61.78072922724022,40.13963441352952,,,153.4456254575039,171.8937941972146,170.52140679323148
53,579,60.178971974327624,38.93203054712044,,,160.87163861109374,169.16867901727835,169.15312158992458
53,580,61.43419282962524,37.03051728628973,,,163.05444952171607,167.74985049736767,167.58560754852502
53,581,58.08745142210474,34.09913058644131,,,161.33987194721237,163.4695243143664,165.19248601592312
53,582,52.84669504553768,29.88904321882178,,,163.09942436237577,158.36987362376848,158.70354187481558
53,583,50.89139663951672,25.592044492401723,,,159.06208083416402,155.41515713284264,149.27979083408405
53,584,43.54290849754326,21.7175264420598,,,144.97123819539496,147.7738368593134,141.15109734404655
53,585,34.29242308122889,15.938204897807108,,,147.5892920881016,141.01839732847213,129.7163238839844
53,586,30.506114680768498,10.107154826037547,6.654590143287191,146.14139624770303,138.71680797359576,134.2320600978056,121.47790668502483
53,587,25.050389782296502,6.685591280343066,4.644303177587052,150.78466779464708,137.46948179230856,128.46235077803357,118.36434716949232
53,588,20.33783633895496,5.775871381253014,,,145.88594392760243,121.4854358128996,105.18130733263452
53,589,19.003108396699645,6.841908658755201,,,142.18335867336137,132.3494985468061,101.10371315643644
53,590,16.743934574612354,10.270800653905107,0.4739248430711684,159.3007082783909,142.22634190995697,140.6136306187019,92.33768312236468
53,591,,10.666705847244772,1.8670900539153903,165.70282094301987,143.83238956076843,,90.96894748091384
53,592,,14.323517373706933,2.2016521970032,159.25938348873575,143.33713023610505,,84.39562284453153
53,593,,17.02336679444685,0.0759906136722125,157.9074352342186,149.67561246031858,,82.20984014707018
53,594,,18.034680222874464,,,152.25952486203423,,79.0863458387824
53,595,43.75581534019233,19.14668040599651,2.029841067979955,177.43402818831723,155.17760568240385,108.44505762233672,76.1049730286875
53,596,,20.400573869324138,0.8433245133185666,172.98518655566025,150.3382853446246,,77.10011784540636
53,597,,20.3807602625164,0.6947537339179386,167.7716906183659,148.79003803342906,,78.0837159998827
53,598,,19.74849430301251,0.6608693935184343,172.46347417638137,151.43105550070052,,77.68933616464469
53,599,,18.144935273642563,0.2401602191021548,171.80709435402613,149.8887123585872,,82.2499666724921
53,600,,15.610617368045416,,,149.90220033951866,,85.28856179829529
53,601,,15.182846581375312,0.8627859301722064,176.6616503448721,156.82096952182772,,87.05500449932704
53,602,4.932433839786982,10.832647945029397,1.7615628746751752,178.68214187130687,157.82117680880657,69.34259450542633,91.97222049886676
53,603,11.684749803797152,6.589735666750615,0.0454165188540991,175.98412829057256,157.0995248328379,139.71432858056937,98.96275477403437
53,604,21.29607104286713,0.2794043223579581,0.8264914457579218,176.2477288804014,159.05175326153562,124.13984221234124,105.6630278516229
53,605,24.303487431567632,1.4134426490134475,1.5539503392032206,116.70992069771034,160.38525618161344,130.03618535523134,104.22374079635216
53,606,26.4633531245173,4.418168015322597,,,161.90057063962,137.4408993287651,113.96112889850929
53,607,33.718231926020835,6.225164132144042,,,158.83749024239034,142.9584287249682,119.02334435343168
53,608,41.35603606950837,10.62594712031622,,,158.88156061731988,150.9253829017256,121.72559900919248
53,609,45.069319655792114,15.414816964405617,,,158.06237738920515,154.9317483639516,131.4147048693272
53,610,48.45947742369547,20.602620761799283,,,157.57098060203546,157.15019948510644,136.50075936553617
53,611,54.45806285163824,23.46043110077872,,,159.49559604770482,161.33234774632214,141.52814691370986
53,612,53.2621170651284,25.354883456815287,,,158.67109880919642,163.2494039532265,151.37714770898594
53,613,54.358491716455525,30.129281378342185,,,162.16202114470605,164.0623254271072,159.48446025527207
53,614,54.07818507445693,34.51325692568449,,,164.59041838155397,166.22169368989086,167.49336369915824
53,615,58.15004470601485,34.72492583884906,,,164.84845731000763,169.742969632976,169.32670412726182
53,616,61.15529857533722,42.05450428435161,,,163.36702519911688,172.56178985199756,176.49619398707495
53,617,60.82917718512572,39.96658486211796,,,164.28302362287883,172.75259058336735,175.05402471038255
53,618,61.23828908545326,41.10256960926976,,,167.22176758988942,173.0875372483967,175.68564879856
53,619,60.85708304512216,40.20016900319114,,,168.60262885954333,172.48470238760595,173.79151412905125
53,620,61.81256256912291,40.78631913800317,,,168.11682236513346,171.57860545465502,174.50462044209567
53,621,61.790086969887554,41.35368054001922,,,166.93766562395493,171.69304896736602,174.84062016215165
53,622,60.6319594329517,39.36622001961868,,,165.94839179631674,170.2824400821089,172.90884002355443
53,623,59.332340481765975,38.593305632075946,,,164.0989831418551,166.5434249056936,169.863317292324
53,624,54.17695973431409,34.2131384808344,,,161.24403750400853,162.20478409250472,164.9823411448807
53,625,48.85687025351621,29.507873643135287,,,158.44790229237904,154.7016864152785,156.2478678073197
53,626,44.4579107138488,23.7740348152885,,,156.63671789764086,148.9687576313413,144.92968950426098
53,627,34.423232675101126,17.984340593189305,,,154.4067402059635,139.5109601155049,141.68759698231383
53,628,29.63416763902356,10.699931981065069,,,156.30957764975273,136.14512914103543,131.13454892459708
53,629,26.5724464301378,4.321318420271671,1.1371830734283446,145.8873369812696,158.7515617164636,133.41240250654056,124.55932853995806
53,630,28.00588493474552,0.8754950495977312,0.6065566814613343,172.39386942994432,156.68446871326395,136.59822488247968,113.53709773676611
53,631,21.805376243260703,2.1222864449674783,1.1998287523014943,177.07858628855024,155.30729325668162,127.936819447907,111.64519530280477
53,632,22.610269439093273,5.557697981746162,1.5528964147016324,174.54389987472987,153.3311149978193,142.8639639962452,104.46757932962376
53,633,3.7678685941457313,7.365860015466764,,,150.8206090190664,104.60481059632907,100.36547724093047
53,634,,10.004743676629118,1.2738140599177918,167.66773779730093,144.65467287868805,,96.29780599804408
53,635,,15.35069068746045,,,142.60441158502235,,89.52531683447295
53,636,,16.737587999578857,,,140.4227698631735,,87.75288693278999
53,637,,17.83343076267604,6.502943696268927,178.75505398829986,142.7675978917384,,87.20072363702262
53,638,,19.799833000198756,,,142.99386610386907,,84.39395103347613
53,639,,20.329258828719254,,,141.8113349253383,,84.1250714973107
53,640,1.922204853965227,19.639430751687648,,,141.4553263562366,173.76003222344457,86.19892414151704
53,641,,19.273532557816917,5.185731587712458,172.61544239324925,140.38973615225933,,85.51935285574724
53,642,,18.806591494039793,7.123005372238773,177.26524689868904,140.70406679103178,,86.90834331327561
53,643,,18.61558383095065,,,143.03608405910182,,87.43108685289316
53,644,,17.916030219616818,,,146.55726696594425,,90.30169048516936
53,645,,14.594626602397682,,,144.19044335537473,,90.81122206834397
53,646,,13.679161409819748,,,154.39881316157982,,91.6933887323739
53,647,6.687314778815817,9.576232380928705,,,152.40010840630418,47.115482261086726,98.61484145327265
53,648,14.316434432777095,4.949398387711275,1.6955338819501364,175.7708175405999,152.92189464122563,129.10410477018956,104.1810743627004
53,649,18.45199234475389,1.415285362176231,0.4860280686350537,155.8074283234565,158.20098324109316,119.353100589804,108.76607215717178
53,650,21.04771363183963,1.074047303250223,,,158.4111877378561,124.23378970677923,112.47302272173737
53,651,27.83153155114922,4.968352228996304,,,158.83147040727275,133.75035911552888,115.23613951231366
53,652,30.007670609752395,8.543853008515516,4.07723348442291,148.77759046050352,158.18940149740712,137.24109812379555,123.04276757529132
53,653,41.15253864230797,11.848681842708949,,,156.52848969680142,148.35413074288763,126.83783740787564
53,654,45.9071109424558,15.808604318422454,,,155.84713116883546,153.48812912411108,132.87429562935043
53,655,51.23396807964827,18.65795369535691,,,155.52233244642068,158.100803917793,137.56822251192906
53,656,55.44981805880599,22.377284938946993,,,155.4793261611756,160.54868348130387,142.32671702219577
53,657,56.8118107332671,24.50435895872684,,,159.28497915717767,160.6897273657056,146.92036985100776
53,658,55.93633154935783,26.915464419127815,,,160.08319439690453,162.54654771982888,151.61446834457115
53,659,57.70283828522867,31.113679874035,,,163.61908768828752,163.8922572703017,159.5835523457174
53,660,51.13963006592693,33.99348681852376,,,161.96273283259367,162.41441618667662,165.96775914691003
53,661,53.87590136758243,32.969647343637156,,,162.77294491294575,165.8543491562269,169.7805413047303
53,662,55.03660057304044,34.91768088876792,,,163.11304011494337,167.65431824072166,173.52802332407938
54,0,69.89794300933205,36.969114605496664,,,165.1100831324536,178.4228168721863,175.24107099349234
54,1,68.68117757215165,33.11922564173856,,,161.51754282016583,174.35903272278344,163.4908181201155
54,2,63.18114352749225,25.97289342593804,10.183823719841708,174.4099432444399,156.61068343980853,167.51424113843927,147.70429728104125
54,3,62.2719616760455,23.333894343553375,,,157.51420631140172,162.9311945622809,135.82289372590787
54,4,57.64058564175253,18.51293319463892,,,154.9400989061684,157.3537187696094,124.19728581680084
54,5,55.51102999290781,10.028995136117636,,,152.94292050960505,155.41755934025676,113.42429718062756
54,6,49.15719115394358,5.107285749124255,,,148.87149025210636,149.97978601949754,101.23986900342938
54,7,46.6594524786422,3.1230413641533468,,,150.24917781382155,145.09478791688875,91.48580251079474
54,8,35.20878522370297,15.833909274776056,0.7495469014337993,173.4159230039474,172.8198477304686,125.68564496586198,88.03870026634783
54,9,,21.788673209872517,,,170.88078295861212,,83.45780445241334
54,10,,23.158404350653264,,,161.9959185037318,,83.38831233202666
54,11,,,,,,,
54,12,,23.79248746425303,3.6108557376714656,169.86426683686346,160.83720589885115,,83.94878345739431
54,13,,22.400466162359976,2.491641959750611,174.17536502773666,162.79863637662038,,83.58825909466235
54,14,25.469894496747195,18.37867968514089,,,168.85706324983246,109.37492991584364,87.13303820526549
54,15,42.67955391822217,12.098340029633452,,,171.64882046242283,142.30714810840897,88.14046596421855
54,16,51.680367823535605,6.294164025428815,,,175.8177716778882,152.62872436436584,92.8406325570469
54,17,66.60031305493482,6.3436030471740406,,,166.65242643103966,165.69421800004824,100.40165936562096
54,18,69.84705830714124,14.61366760768998,,,162.34749418407932,166.5303685333314,120.00193143366506
54,19,69.45514170994919,22.39981794174734,,,161.5667521182667,171.33948720403032,134.4675807908146
54,20,67.20485784430852,30.034874833011635,,,164.0986247318575,172.37187731779468,157.54292551209102
54,21,70.82625952674593,36.70235662771213,,,164.63128064437328,175.46088424071394,165.87560504220977
54,22,73.693769051659,39.4352447653709,,,165.5443383831546,177.84536211067496,173.6947573378693
54,23,72.80129505524667,39.89313626959377,,,165.14650616510525,176.32054607085976,173.72340556342525
54,24,72.10046129219629,38.48700791747275,,,165.0441192906503,175.11900882032586,169.3699009773165
54,25,68.08382464544566,32.751288841150725,,,162.6658161979898,171.27557579358214,158.527855840295
54,26,67.9309454961067,27.371372278044685,,,161.73862202348764,170.2861920720253,146.74582399807153
54,27,65.94860525770683,24.40753621839928,,,160.1487392572179,166.50532764186966,135.6234035861661
54,28,59.47698498779923,14.895763245430304,,,157.58233172560912,157.85357093828424,123.3871078745544
54,29,54.81685349380588,8.06069775059965,,,155.56597430004197,155.61634079036835,112.3139107490092
54,30,46.704712632798426,2.230702702385606,,,156.3966714007951,146.86626793807056,95.4972929968573
54,31,44.48428910113105,11.74127429228076,,,167.5595319196742,141.62018098318143,92.26244371149576
54,32,22.24907845675064,19.830937229310905,,,171.25084184147985,104.7420250739466,87.25828832215396
54,33,,22.76833895677882,3.067586187936397,171.2306059254825,168.12602911115434,,85.79962819650875
54,34,,25.246281011891465,2.340214685450416,166.28420957923018,161.13017555767817,,82.21601357690842
54,35,,,,,,,
54,36,,,,,,,
54,37,,23.727914013566007,4.6333787910981865,163.45081028247563,157.90006578831262,,86.70803961970219
54,38,,24.534704602950537,2.4357077768184996,168.28481679019865,162.1977654115693,,84.15032255354261
54,39,,,,,,,
54,40,38.80733836773106,15.653947981387931,,,171.79011120666027,134.82846842386553,87.47904900847728
54,41,47.74429855985477,9.65081144302436,,,165.87081921154984,147.57080670612785,92.13769067905385
54,42,56.23198142493402,1.449078562457124,,,159.4485804410736,155.70374506592225,98.01302895951224
54,43,68.4923834528887,12.605246352692848,,,163.6210117616086,164.26399029781302,117.82361216898076
54,44,68.16493915278237,21.81001396831798,,,166.3400235985217,170.05745504012998,133.0927388389004
54,45,67.4295636177331,29.83742800749545,,,167.01604113554012,171.74819409256622,148.83534480547374
54,46,68.1441232975154,33.43605503770978,,,166.99584844451704,171.21028584560491,159.20346276641772
54,47,74.93640982533654,41.15546604819985,,,168.02361084727613,179.06302169354535,171.8931899312237
54,48,77.04480169265445,37.536582733263224,,,172.6800813143716,179.55474748029783,162.49880254488903
54,49,77.8055388055365,44.166551839400675,74.9554931282053,159.37302858593048,172.10600818144837,179.80937565288497,
54,50,76.77922373185437,,68.55066234675837,167.36097507172363,171.48414048741378,179.41677141092478,
54,51,69.17398198522878,,68.33783111101484,172.75517073038603,174.33723474796045,176.40818603055973,
54,52,68.75601713002014,,,,173.69560654844966,177.01163564600373,
54,53,,,,,,,
54,54,,,,,,,
54,55,,,,,,,
54,56,,,,,,,
54,57,,,,,,,
54,58,,,,,,,
54,59,,,,,,,
54,60,,,,,,,
54,61,,,,,,,
54,62,,,,,,,
54,63,,,,,,,
54,64,,,,,,,
54,65,,,,,,,
54,66,,,,,,,
54,67,,,,,,,
54,68,,,,,,,
54,69,,,,,,,
54,70,,,,,,,
54,71,,,,,,,
54,72,,,,,,,
54,73,,,,,,,
54,74,,,,,,,
54,75,,,,,,,
54,76,,,,,,,
54,77,58.25634610588906,,,,175.60538108229676,179.98895097747638,
54,78,,,,,,,
54,79,,,,,,,
54,80,54.37427138824184,,,,167.6774420233042,173.09698180936113,
54,81,,,,,,,
54,82,,,,,,,
54,83,,,,,,,
54,84,,,,,,,
54,85,,,,,,,
54,86,,,,,,,
54,87,,,,,,,
54,88,,,,,,,
54,89,,,,,,,
54,90,,,,,,,
54,91,,,,,,,
54,92,,,,,,,
54,93,,,,,,,
54,94,,,,,,,
54,95,,,,,,,
54,96,,,,,,,
54,97,,,,,,,
54,98,,,,,,,
54,99,,,,,,,
54,100,,,,,,,
54,101,,,,,,,
54,102,,,,,,,
54,103,,,,,,,
54,104,,,,,,,
54,105,,,,,,,
54,106,,,,,,,
54,107,,,,,,,
54,108,,,,,,,
54,109,,,,,,,
54,110,,,,,,,
54,111,,,,,,,
54,112,,,,,,,
54,113,,,,,,,
54,114,,,,,,,
54,115,,,,,,,
54,116,,,,,,,
54,117,,,,,,,
54,118,,,,,,,
54,119,,,,,,,
54,120,,,,,,,
54,121,,,,,,,
54,122,,,,,,,
54,123,,,,,,,
54,124,26.618092382987527,12.64631147821364,,,175.81646380655124,127.73989539925704,87.02498629992188
54,125,45.692039211829105,9.622195916440438,,,167.773865730791,153.89917937660826,89.8989013936529
54,126,59.14695371696178,3.9683273998931385,,,,161.29335266884624,94.81733040515002
54,127,65.22258340981205,10.196393290325506,,171.01208197411614,,167.6759304098016,111.25158982776144
54,128,65.80289547877582,18.014462879970974,,,172.53519981831005,169.01754686629496,127.24898142725836
54,129,66.54116077185299,20.76015809459254,,,173.98574942047384,170.30308664871606,135.22318297636716
54,130,64.69556658389217,26.074083671492986,,,170.26950110778208,170.03707085363888,149.7342662893614
54,131,65.09873259450711,30.388926581406587,,,171.91067824962192,174.48469817787162,162.16497157714693
54,132,70.82250834070825,36.563791686281995,4.485375617371406,172.79099177979413,174.63363169084397,176.99360220785277,172.13947878243053
54,133,71.60188863971057,28.80834832284678,,,177.01608539379473,177.48348285960355,160.85069615730922
54,134,71.71110209968232,29.809483163037633,,,177.55526651469415,177.03233859096488,161.78261715472192
54,135,71.14005213949929,30.219718074458974,8.24796043863066,175.57566359935856,92.8323391047053,176.36937926999056,161.71298513375075
54,136,67.9324459906632,37.27782472992979,7.768938983018624,179.24513939199352,173.45547363298422,174.22748090322602,168.38776350671944
54,137,66.72067465908879,34.834280096752515,,,167.9381864313773,172.57154793870998,165.0173035844265
54,138,63.50694473861122,28.88659126424993,,,167.67246575652015,167.5612285703555,151.32841900997195
54,139,65.3652687900195,22.873069668972384,,,173.7747609412315,165.89938162701824,137.54307842731183
54,140,63.135328358334306,14.40929287229318,,,172.4789524108773,163.8868501993704,125.88548275950588
54,141,59.1609743761773,7.739971066086521,1.370430367372406,169.1419907171449,167.41145908731056,163.27849363041864,112.91223878697728
54,142,46.10050030546292,1.4784278397753967,,,160.90378251116366,151.74210374319662,101.65029808433944
54,143,40.86614536125215,10.945247981385169,,,176.19400927668542,146.59523690422276,94.2102398274799
54,144,31.36347768736939,14.063990498263363,,,175.09983106468098,141.1207339646843,88.45976298201892
54,145,18.105525981992017,16.9740322040261,,,174.71482915095362,120.78446248025897,86.14985395473828
54,146,,,,,,,
54,147,,,,,,,
54,148,,,,,,,
54,149,,,,,,,
54,150,,,,,,,
54,151,,,,,,,
54,152,,,,,,,
54,153,,,,,,,
54,154,,15.037941086253989,,,,,89.21215296567183
54,155,38.20193326048529,11.291675146946003,1.2606736414035558,178.01490203684574,179.07957759177705,140.55747145861395,88.73197048635463
54,156,49.78509886332306,7.352858882335435,1.5384191518470416,176.8563272113802,178.56930610581227,156.08450935895988,93.1988214268718
54,157,59.058116353167414,8.533851644286402,,,166.02842186542958,162.58523396747177,106.765306201606
54,158,64.15183549726052,9.971255850730657,2.2043926104284814,172.35195689871568,172.70062903267072,168.67273798042686,115.8686252270151
54,159,65.56518475351226,16.936075427164674,,,169.00886784870255,171.39127082155605,131.80345519420797
54,160,63.93245764839213,24.147889893886767,,,171.7686747244959,170.93856300685843,142.9249467270111
54,161,63.45218150607911,26.619580013423302,,,171.7887938415529,172.5326927679231,156.0713722099699
54,162,64.1405104334144,29.42409829376426,,,171.12202241539453,173.7694248397018,161.53620585158902
54,163,69.14859160815563,35.12672386419868,,,172.09306941723497,176.1838637017134,169.9704517143957
54,164,72.22860140216395,28.013177620883752,,,176.1837455997571,177.35485393207318,159.60621570774794
54,165,73.17249636386052,29.290895062212616,,,175.5235166357907,177.50048688284994,160.4822817096121
54,166,72.5505554123912,29.029815250096384,,,113.84452005980955,177.00421677285283,159.87351018799842
54,167,70.46078725065173,37.25846651307898,,,173.78514708623345,174.6282769840851,168.8240851666916
54,168,66.5312462439853,31.41591626572904,,,171.10737448781333,171.53597348265953,158.09913378210712
54,169,67.02501664289333,27.201867960488467,,,169.65225636878117,167.84204525211436,145.71123589411792
54,170,64.02460399937894,23.525349433383965,,,169.26407487599002,165.7251320599889,139.9861170025962
54,171,61.00450515609361,16.719153288175587,,,170.34084180083607,161.3707682826439,127.33069200315252
54,172,59.73606764369219,9.250207617410275,2.6939878498417236,173.24664866352597,168.7064875333645,160.32460587959554,114.30641684878904
54,173,54.25075099259121,3.0019619539044777,,,177.59628678546616,158.99000427266475,103.15182465038887
54,174,45.08178421241372,8.968072176090455,0.6592994249765528,178.7968343909715,173.09007255620094,152.69745888871742,95.9259333191344
54,175,39.84364077748037,11.863602843089597,,,178.1258373652084,138.58676449921666,91.65804947788152
54,176,,16.70996122479178,,,177.27333658770186,,86.81153114133076
54,177,,,,,,,
54,178,,,,,,,
54,179,,,,,,,
54,180,,,,,,,
54,181,,,,,,,
54,182,,,,,,,
54,183,,,,,,,
54,184,,,,,,,
54,185,,,,,,,
54,186,37.70540887138644,11.352662935678174,0.0382627539324325,178.31585842879437,176.37491627349334,141.2838958843062,92.55912654154513
54,187,44.55659088163793,9.153742089201016,1.1775135609853704,176.58554707366005,175.012798651534,150.12643606735045,94.767439705676
54,188,47.66677110205934,4.535533282717241,0.1510222024363277,164.22540866448358,170.73614605488785,157.34313052875058,97.1278141229986
54,189,59.94517771831564,9.47563806876039,,,171.1686529713334,163.74278898429046,109.21112182513144
54,190,71.07327138141314,15.590128184449403,,,173.14391121154645,171.1126429940825,120.90931222668094
54,191,69.66742064263337,22.69668233724308,,,172.25721320310558,171.52761999157107,133.85408084026147
54,192,66.74598373046426,26.446744921458013,,,174.1126300843719,172.3802381150659,146.16062096194867
54,193,65.61840843378319,31.49112289678312,,,173.36858481552306,169.70924662002523,154.7890461396544
54,194,69.23634038621353,34.59512611910406,7.179438323620432,175.72217472376082,174.1042139784508,177.40230034557092,162.74921384089484
54,195,69.9256178202475,36.54469372445568,,,174.97514095078355,177.7917484763368,165.27918855063115
54,196,69.602080119247,37.57911600493296,,,176.27466038825406,177.76773802729863,169.5461923683032
54,197,69.9955063965982,37.76019326210743,,,176.3840503412294,177.41933432211948,169.54318743343768
54,198,69.54900507084132,37.91163790032281,,,175.56673969413663,176.01981496770244,166.94310732113178
54,199,68.59411029372355,36.159046996252115,8.40382427796948,176.69783771897096,175.27921234097374,172.6714285787613,162.64030259910507
54,200,64.92005026902447,31.742663332746705,,,169.70716799201696,168.77179869709832,153.7766371522109
54,201,68.05163441899235,27.31298597861054,,,168.8632849080959,168.48537901135637,141.62864652273586
54,202,64.67011253402127,21.2798196517113,,,169.31000168278712,164.58400132946053,130.8148102669258
54,203,63.8357505991748,14.283352762767516,,,169.1846188847784,163.3411682195211,116.93371264083936
54,204,63.04300768555749,11.1425711398145,1.39446225851586,167.29261985231102,170.4786611896193,163.1981167122405,112.05982045249276
54,205,48.8530695205844,3.087884600675178,1.100977004173752,173.06580457242026,175.07381684431928,153.53100646470295,99.12823411416144
54,206,44.25951182476017,9.716353010330131,2.862281064535848,176.93876858735914,179.09523761720914,150.25842558264907,91.9250066418943
54,207,,,,,,,
54,208,29.910466904451912,15.385918929344346,,,179.6946004665892,112.29776576869918,85.52847518830588
54,209,,,,,,,
54,210,,,,,,,
54,211,,,,,,,
54,212,,,,,,,
54,213,,,,,,,
54,214,,,,,,,
54,215,,,,,,,
54,216,,,,,,,
54,217,38.58388069277458,13.438417838690096,,,178.14212268093507,137.2945453611495,88.98134245495567
54,218,44.07346756321463,9.48896947759662,2.895210080001212,178.9198385980478,177.1654773428614,145.3605126750477,91.75950747295867
54,219,53.10596914959984,4.249282206551377,2.1063012059626316,177.63218643069226,176.61094406797733,153.62751071123074,94.88666750765296
54,220,70.96648234121949,10.839217307886312,,,168.60767017210975,169.7911532904785,108.28670886987076
54,221,70.33741930749832,9.96112853969554,,,171.40257537256687,169.7028235548537,109.35844051407196
54,222,65.69861051012214,16.027601713279772,,,170.1443701875064,167.83654244371078,124.51371295170787
54,223,69.69131691975471,21.93158481426404,,,171.6201539245622,171.73251089473618,133.91486612988098
54,224,71.45901470754548,28.90759260178176,,,170.92287971422067,174.81256048355806,150.0932894961833
54,225,68.81765730262633,31.37936073021174,,,173.38314251836698,174.53224090775953,155.62136605974837
54,226,70.89576337603651,38.71792133139372,,,176.60748885201642,174.60731540528428,166.7910198489734
54,227,74.16479613833911,41.347397544611056,,,177.29440349491122,176.78208744239126,173.57864493007753
54,228,74.77395756697308,41.348948138720274,7.790531668974808,170.70995466711318,175.79248388818968,177.30337851415567,171.53892997201302
54,229,74.27093429126256,40.04784508432568,6.990328959475563,169.4545593777653,175.8505865599892,176.66302280030766,171.55570331007394
54,230,74.52973889613314,39.717193081133885,8.337841838556514,171.69838648002238,176.4536562705258,177.07318856719738,171.60692363331148
54,231,73.514878260893,39.41303496884963,8.911414087055636,173.92192848317617,176.38370198819976,176.00381776794748,171.5356322660731
54,232,70.70542437717339,37.466352343783726,,,176.37751305892692,173.40991861787887,166.3490112934051
54,233,68.50355978586563,32.04166022081484,,,169.85763996915807,172.27957042138027,156.91742128798654
54,234,70.43480323482405,28.091154050341473,,,170.31032921432055,172.1654775371989,147.04247907756022
54,235,67.22930811099066,22.120184912847,,,169.42438704694692,169.0571879823074,134.98146255511284
54,236,64.99172662064308,14.725703463399094,,,168.44053110366963,166.897304162668,122.34302417233413
54,237,62.15839755665129,9.951692630096508,,,170.59105096523186,166.92673278105818,113.4253985049098
54,238,56.751836867948114,0.4196630353109684,,,174.92386091024488,162.65189879864792,104.71598947605798
54,239,44.73950685380732,8.743339748548067,,,,154.62224093675565,94.09561148462971
54,240,38.3414697379622,11.870839574993022,0.1090628774478219,175.61682679457448,176.59190508960458,137.25379616220104,89.67795149856381
54,241,,18.34250395498856,,,174.97131220903157,,84.03391905860816
54,242,,23.345521026126217,0.2906303210705397,169.26031089776475,175.17908074760203,,79.65224478377195
54,243,,22.041506912519747,2.7956407045486436,177.4830006724987,170.97927220852216,,82.57139230056397
54,244,,,,,,,
54,245,,,,,,,
54,246,,,,,,,
54,247,,,,,,,
54,248,,,,,,,
54,249,,,,,,,
54,250,32.20494150220253,14.220302319397756,,,178.59243844435764,124.35025847681509,87.4919649149627
54,251,41.892634654189216,10.434449916474318,,,176.51519589347376,141.1736522544114,89.69199187877699
54,252,53.189155033736014,6.336255562819534,,,170.19972424943995,156.95566776220434,92.78108508359418
54,253,69.17606733442244,1.0947542397079109,,,173.92209050685557,170.75254307559013,100.29331740919078
54,254,76.10193339508835,4.225449333051342,1.1385650652390893,171.97141604326197,178.46424952963855,177.24451193851291,110.22634474973556
54,255,,,,,,,
54,256,73.63082715235686,21.607620864428743,,,167.917844700887,172.55166237271024,130.79798801134976
54,257,72.78103293864964,27.80086428928609,,,170.424715294301,175.07658930961406,146.26232996035745
54,258,,,,,,,
54,259,69.68799700129729,38.88362263249852,,,175.4258197041018,174.3866427218828,164.50129760580668
54,260,71.81365958170223,40.65765705746756,,,175.06150589000066,175.1497100851261,170.03000961117326
54,261,70.93216074773363,41.89849473398709,,,175.32716188817395,175.2326264770179,169.95739443462486
54,262,35.509691551162874,36.464411549207874,17.977110597912812,58.98617142826801,8.941121217771922,178.5199546474024,179.2776335081239
54,263,36.55669351702306,36.241479437948335,34.38152295963033,62.68795912604138,159.8704922467263,178.74698027833088,178.88220458690512
54,264,35.746707109335084,36.15940428090166,34.64334722753413,60.92425694203918,158.4763115489681,178.27997594793686,178.4610837289081
54,265,35.367926196631295,35.973736987456284,36.80305299340216,63.35064228285766,153.68567099917018,178.23670325787427,178.38666679292845
54,266,35.42492540458096,35.52339229647941,38.30562955111981,,146.10764975179987,178.0576524249682,178.2873203288768
54,267,35.38153801949466,35.257553319637644,38.05743404233034,66.61072716977918,148.75089560751707,178.04301742057854,178.33007887231426
54,268,35.144491630264966,35.15109658888137,38.40452031940061,66.80142730454959,150.88493984839317,177.80382636997314,178.23585441607077
54,269,35.12437563280821,35.097618901171685,38.87750974365252,68.07423896324015,152.90423536602265,177.6760322828359,178.38835681465264
54,270,35.03946164533379,35.0175893529811,39.81624105227466,,153.46053528294706,177.55453802212193,178.32891863823136
54,271,35.18964708416141,34.48042538196283,39.832559454218384,,156.99746751259892,177.7480567198904,178.36580823428758
54,272,35.02161461619539,34.65015972362006,39.27727251973134,71.0724413984964,158.11002181262364,177.81257785034296,177.82996114189376
54,273,35.16304181370152,34.1399971797083,41.08362358596721,61.7177564443445,153.98716617699418,177.92614737814384,177.95298040148393
54,274,34.77235346848576,34.19673116012423,40.53951109322389,61.16095965588077,153.44090414281453,178.03844371166977,177.70379048668207
54,275,34.78336047594893,34.404160019306346,40.17202711852044,,154.60506016704184,177.99721222210215,177.46400498276972
54,276,34.77853210988418,34.05462617692383,41.177806643038146,59.01877426181268,152.5763796239564,177.88343442056967,177.80363555252853
54,277,34.72774577919507,34.100092975415784,40.881771572973854,57.52060451944136,152.61619413948085,177.634622117455,177.86579943433142
54,278,34.49063905824552,34.47125404644633,42.05993118415435,56.190462914903115,151.19529240555403,177.78974280407664,177.96562696972046
54,279,34.63654411431386,34.546953738960404,41.60482115925024,60.70341981472347,154.5330673301547,177.88429734869402,177.84723137754565
54,280,34.8930042579725,34.643319901735204,40.89555165926651,61.04423241494396,154.8398190864838,178.03119141764174,177.8528779970052
54,281,34.73626926731788,34.616347283905604,41.74781038578307,63.22783257790376,151.95394117009673,178.15344011756483,177.89638404089038
54,282,34.657413194038895,34.551047395912306,41.02576224342669,59.77012811013941,154.53634133052964,177.94552296308527,178.11320148299393
54,283,34.684292344998205,34.76289163467277,41.68933751614615,59.38670730153017,153.16919316773985,178.02437574267458,178.1425062832677
54,284,34.68027040100467,34.74429957305483,41.594493696499725,60.048615124114264,153.58008167251054,177.9021858705508,178.26463246164937
54,285,34.89016429713817,34.869401192451015,43.67545560035451,62.85033631649683,147.31176093994105,178.0338775539586,178.4881899432211
54,286,34.809775055450025,34.853427812782854,43.647628781268146,,147.7102114778934,178.21977228520308,178.45091495640523
54,287,34.51581797474731,34.895010328225474,43.66566631889694,64.76543366726085,148.06638920020436,178.43629700012204,178.5970990589833
54,288,34.19426009402378,34.885926188761154,43.18386449992149,65.39543371161727,147.7953112936577,178.55322321042323,178.55858754799527
54,289,34.184347163327644,35.09739767425462,43.215314726589256,66.21009321183514,148.04903641752165,178.54556380973003,178.32334645506873
54,290,33.91465070957538,34.95592056623793,43.205838443460486,63.553221745605654,148.06395202257804,178.4213158991868,178.36849857110576
54,291,34.02583646828539,35.19417380297775,43.15196294015863,63.000161869110634,148.80732081955583,178.7512657145795,178.2863771631588
54,292,34.13131759284227,35.3033345966942,42.84845868319468,61.672808568303154,148.8632068646308,178.7712186735459,178.0770804072599
54,293,34.16313727466889,35.12224504198646,42.90263946342484,60.46991543556914,150.005793043775,178.8273695758919,178.39967221673822
54,294,33.83805711636818,34.78875527099992,42.72625131226346,60.013439779040425,150.42402093898994,178.87978695472722,178.28694443197674
54,295,33.76185711686901,34.639206988333655,42.79909684695391,63.051476337048754,148.61419546085253,178.64876709097734,178.50403888149637
54,296,33.54462009828065,34.59861396992063,42.71226262726662,63.91789090714676,147.6029851190282,178.72886084278244,178.5457554318825
54,297,33.37124495712349,34.2831670403195,42.58639923356648,55.9580482539618,148.31377763031355,178.87076831839738,178.47808890330336
54,298,33.37880395625506,34.409042419085836,41.09667034337807,61.41199251071995,151.6558769929339,178.887248343035,178.946316323038
54,299,33.48742895402016,34.35997013227986,41.86244324785601,61.244064678249835,149.21353257374193,178.60329747731856,178.9449147766249
54,300,33.83803144792672,34.50896220553654,42.14571227947146,,147.69061872575696,178.2689947124043,178.82409085643863
54,301,33.07980186316376,34.79786999802019,42.61827153894547,,146.3787486232506,178.0286347696192,178.53563091165634
54,302,32.86320509111021,34.74701465674944,42.56191032018051,,144.60371315255836,178.1451605372363,178.5157504162781
54,303,32.70299080775225,34.59731365856955,40.332954298725845,,151.55694890807342,178.36044582149768,178.21628349065102
54,304,32.171314637091946,34.90076460235953,41.56485545307488,,147.77495476521642,178.3812110598848,177.83902909951314
54,305,33.14646454427337,34.99057245515785,41.63237849208923,,147.77854885066063,178.40568563465578,177.80929495304284
54,306,35.59056270293928,34.2931751228643,38.51744853414653,,152.23301685744858,178.690265419385,178.23282169760097
54,307,35.33611216800797,34.27099037835142,37.46629344201511,,149.6744448899925,178.7873593273899,178.71081853354056
54,308,34.88360612467666,34.351188833615026,37.914508330873176,,148.7496393297301,178.85654847771835,179.04086417439373
54,309,34.19813048516393,34.110374868137654,39.17526780654581,,149.21309086802822,178.35176740517625,179.6051136087329
54,310,33.95435105736672,33.04804883766613,38.452257675021585,,153.63153593657998,178.4428541318171,179.74092040802077
54,311,33.89766589503215,32.451516833187355,37.244542326757504,,150.86049490984772,178.40605402722218,179.3214646254489
54,312,33.77876728570294,31.72630871370861,36.619715604522334,,150.24616768329514,178.7184049500167,179.12965388834945
54,313,32.31162579203076,32.12810373489307,37.72104086359154,,148.50580455762417,179.73419039855,179.745140685424
54,314,32.48348604986966,31.83963325775512,36.91465384333565,99.2708561422396,149.1535696951976,179.81698144509974,179.87600681169135
54,315,34.063196578151555,30.664794664890312,35.58153235424564,100.93243176440498,147.4866992443918,179.90041077660797,179.60791162598247
54,316,34.559675725472,30.312352649241777,35.594769108451416,102.33305100085556,145.76982188728834,179.46685642088696,179.51483871140687
54,317,35.14749414377935,29.817379510558904,35.322153772717506,,142.9929800695515,179.36810420238368,179.86804165484688
54,318,34.22297067301751,30.429424246435243,35.392159178371934,101.51886043385632,135.84215738002317,177.58256094495874,179.27447500339957
54,319,33.245498775827606,30.61428473458241,34.621298407736646,100.31539469540697,137.69820471530716,175.45629794096934,179.22923273933327
54,320,33.59969909516224,30.698373765291983,34.07645513329394,98.88012075339442,137.69168022502788,173.92450548538895,178.8205308999755
54,321,33.128310739262545,30.72070942117116,31.66008769227956,,142.1717259576356,171.3622779069188,178.90208831885923
54,322,33.7833967493372,30.856440739697646,27.334483517058743,,146.11989466207424,167.14376486752244,178.99295936497947
54,323,34.17079084589718,31.00408951358632,16.811879210945342,,25.909283123869876,164.5545743170231,179.08088056148114
54,324,34.98941391697599,30.74712176726321,15.851392566621318,,23.3300397263573,162.93832621813465,179.64305273418174
54,325,33.880386950071994,31.013092226045416,15.63005583762088,,21.75653183096065,161.71813739550112,179.74821706106405
54,326,33.52647050586645,30.980025734789155,26.39923084562624,,148.95029663175842,162.28337661392132,179.680952787198
54,327,33.25726978818852,31.31777836565593,26.6363948096158,,148.05068262561014,162.25261627658347,178.95144207296784
54,328,33.43659752748291,31.188231489789857,27.211209564249735,,146.5307066116874,162.57850321515696,178.9004285562173
54,329,33.97989494600934,31.06021997051142,28.091991785311897,,147.5797167819184,163.26850539823343,178.9888939441379
54,330,33.8166056005808,30.89168643981785,27.25335344084908,,148.33316284688988,163.81426580446808,178.706269064398
54,331,33.71667018840858,31.497521686331023,27.503282310828677,,150.1022631148274,164.41105834099696,178.36626861179016
54,332,32.972170912608824,30.93940490209892,15.764880642045965,,15.82918898552988,166.10836966466374,178.6105427441208
54,333,32.3086738829907,30.50860647193302,16.74737967893798,39.597475304738815,15.410498227047016,166.67930720921217,178.61973217753732
54,334,31.45964028102945,31.11822637754223,16.89069091151387,41.56946115434983,14.525311238993206,167.84476473474405,177.39036140457145
54,335,29.991319668064683,30.172049989805434,17.218530342763287,40.05748026829493,13.105941787346,169.66157642616557,178.6770807356112
54,336,29.178730944660312,30.90204275659449,17.011077846840706,,12.094022937556474,170.7721126833902,177.998309934372
54,337,29.239935815528337,30.915283865917097,16.81251753774441,,11.881754039975633,171.0452229852921,178.41710446554995
54,338,31.00019814335268,30.93765785310194,17.095791658985522,,11.417601479322265,171.73547867724628,178.55559115080743
54,339,30.85685943576812,32.74443906059561,16.994263071131027,45.11825966234653,11.094243928281193,172.55500579279504,177.35218960904345
54,340,31.368971635800524,31.6201751993207,17.070812671070488,46.19380314407127,12.314200746165556,173.04722246675345,178.22891997848927
54,341,31.295671075529643,33.083780477864835,16.877405813767886,,14.235879290235706,173.53494005207813,178.35297720709866
54,342,33.98638376548693,33.95875113093342,31.423750276938865,51.55934690428512,133.9421559736286,174.76504502862178,178.3081318815903
54,343,32.082244333791415,34.84090507419411,28.442953783689223,,138.0558418218673,176.1647684921711,178.03299165149116
54,344,31.28735283780146,35.64999230304621,29.25406324222223,,136.5025538064273,177.442090576898,178.30488048773185
54,345,30.36593702267289,34.76032095078795,18.644973482838147,,16.753856971043742,177.97437591703675,178.84996911347977
54,346,30.8438420799127,37.710856576874605,28.35900409744144,,92.12638697842122,177.16719131456472,177.33648294662154
54,347,31.802830938692946,39.147110878710144,29.37059642720113,74.47839944145517,130.99928044373883,177.62325678131336,178.72162095623716
54,348,29.447267993540738,42.805851784502394,30.01467308862594,97.36071783013308,141.45544782036714,177.13931441937356,179.88909147029915
54,349,31.421474009256304,45.17920125225219,32.22466288176193,100.11043926047164,160.8865273056068,176.63202317940502,179.68310104922136
54,350,32.23122452685688,42.57731578426426,33.80648866635162,99.64232474561948,156.54781565318137,179.5461864932792,179.39912768833432
54,351,34.2201295404686,44.253129136455435,35.18151444139422,121.39088161311584,158.8216526098566,177.62551848871792,178.6003175390831
54,352,36.16114880162778,43.11253455221603,31.504398730347,133.7387694324167,163.39644625041163,178.85515503163492,177.33817857856428
54,353,37.07052145094763,47.63778589558237,34.492974112763555,138.16076278764618,163.47548890414922,176.21060069890976,178.566455110754
54,354,36.48649115651591,43.09824688860104,33.06043658283775,154.9502175863304,169.37719209568132,177.87341255363967,177.7522874291824
54,355,37.5272161511081,39.4609047027783,34.91453846107232,157.09537354617785,139.51372244542108,179.71818795064524,176.60976725813302
54,356,37.40434883632536,42.523414611430475,71.24842378072952,162.13075821761697,150.8595502478986,178.33160754596207,45.10199708921585
54,357,42.5817788657699,36.00898816637253,67.54783446013612,160.78400081575955,155.05290469728016,178.84709437524648,179.96179295772433
54,358,39.09747144631165,36.66733937560561,33.72679679020712,163.59386821288246,141.60727004412755,178.00081006143589,178.00311883692987
54,359,38.97055343698088,36.10532040359956,31.651870346180324,175.9697269629441,141.1005491821941,176.3537001378287,177.87510164496123
54,360,41.0772211444876,40.4561770080891,27.318156562573183,175.13268708015684,136.537841676205,173.92081766699806,178.0716478463744
54,361,41.48566098975619,44.154478414434585,33.312859660150195,173.02010509067347,158.8226184151973,171.97664538478057,175.34376347453562
54,362,41.754033164262744,40.999193747891525,20.94186475732988,175.6063864230861,153.56597702041657,169.36952012942936,172.9654662583315
54,363,43.451503919317425,41.46323888128966,22.709120624230728,172.26738894256636,157.52754048639423,164.8643070343741,169.53184732070002
54,364,44.74988126137962,43.40668764346878,19.575724539728803,157.16982272528202,144.76692800370475,162.7359272436409,166.60683359861332
54,365,48.276344827301145,44.79232784410934,23.49505184699051,52.33229518936657,132.52055034241027,159.97863408341894,164.34616295139563
54,366,53.077702742071786,48.06800085551154,25.3999004288439,28.942191465391584,77.58723852758887,157.44658073011638,159.8274112347823
54,367,53.92184933836965,54.83842162355125,92.11863185087527,100.2703095998342,61.43045214822334,155.09068616889402,153.14404734720395
54,368,57.69836633462569,58.416108407420595,98.67487676308126,108.85029866824918,68.58651017235736,151.61925479681105,146.23823980844233
54,369,64.15706805209109,60.708507290372786,70.35967716378602,57.59351810265511,49.692349008877706,145.1813833861119,141.8701172645082
54,370,65.68418796438608,67.55516455287594,68.6612657312217,45.79846759640272,48.23166770556804,140.21879976873498,134.78781331053273
54,371,69.24609204306245,75.08567450446967,91.12937869945698,112.26202757462652,46.92264183240684,134.81883758808596,126.88148790805536
54,372,80.38091075960968,87.57781999533196,,,70.13651478587067,126.6032001148705,113.89053904338712
54,373,94.45888615963293,97.45723246456944,,,173.63265646721152,113.099940663929,103.8485707224164
54,374,,,,,,,
54,375,,,,,,,
54,376,,,,,,,
54,377,,,,,,,
54,378,,,,,,,
54,379,,,,,,,
54,380,,,,,,,
54,381,,,,,,,
54,382,,,,,,,
54,383,,,,,,,
54,384,,,,,,,
54,385,,,,,,,
54,386,93.80254900372243,93.05777931368672,,,160.16378300493136,118.3363560054628,103.32934426891488
54,387,75.12229784166777,84.08475532845988,,,,129.9980220473461,111.87881607406716
54,388,70.50436816597349,77.07640418741701,78.67092208595118,20.212652427628456,51.37359382293457,135.51282033768803,119.41207360857406
54,389,62.08881024724181,71.28895721375046,153.66351132175708,117.96945092685333,53.59368297463856,142.06076660749176,126.23157098839285
54,390,58.71522209142953,63.225239525516905,4.631624928385708,23.9076970227867,8.33247717335844,146.2258564351391,132.75417096762237
54,391,56.00278826091204,55.262302831811674,70.22389820251377,71.23506208738989,68.15915561181147,152.4824168760423,140.46010400670147
54,392,51.54066261008297,52.59603162064138,62.58836671398851,59.65102308583783,71.74768562728498,159.8532736821198,147.6292689746028
54,393,45.01438072244891,50.0561544321448,10.692239181646553,164.4425358600065,,165.28034741629267,156.96406942897255
54,394,40.48429602507182,47.61570620610681,71.59971308738507,175.40942180849132,122.6416350628325,170.18691828655315,163.94530837657467
54,395,39.38237511927871,43.44689813002697,25.63777106393841,172.77552107543207,151.65064458448433,174.0086694098492,169.62795296565707
54,396,36.04255631670163,35.00471817867596,67.0079570562183,145.35277345784706,140.7165459411728,177.21211909163793,173.29834167596314
54,397,34.58301433156679,33.74825746950573,25.561679682839735,178.9182094246196,128.25119890261882,179.64941871522882,176.54273332582252
54,398,36.17676450199647,32.099453513987626,16.487729843889095,139.32034412597912,125.22609911674536,178.7431412232747,178.0111381253032
54,399,36.76611607387619,30.732562694974792,70.30415437018294,23.676105643443076,133.68839646846612,176.57194904119748,175.6062059414138
54,400,37.39653937498254,32.4396133510038,66.35252404965847,9.304657218506112,137.880699097259,175.74577829218669,173.2999364548577
54,401,38.53793403900907,36.467101949235584,13.436231227276505,167.87962595445373,119.24192363794978,174.01508547848243,172.12583378902184
54,402,42.215576161202414,39.392175165888496,6.4261024987020745,49.21572330846952,108.86943778946736,171.6631084577723,170.0664234826002
54,403,46.08507977539551,40.377469839250836,0.9919410618036484,,90.80191064512532,168.6654848544358,167.5011138202585
54,404,49.69955897627611,42.13146137860621,49.072540037839794,16.266000472764944,86.5283026762935,164.30040073437465,165.03200378398773
54,405,53.50291040566039,46.86762619401209,100.09879214498568,104.8359001116493,89.8746120421107,158.75891958101636,158.34795163805404
54,406,57.20602428782552,51.281748199154215,99.65476209701968,104.20535057271614,75.77991982093508,153.13565647565432,153.96983867019247
54,407,60.08841594299395,56.47613777915945,104.55474061882356,76.03677985292948,41.308596622238824,148.20414044950138,147.78914384966356
54,408,65.40876305652365,60.167830913253205,99.7817156729199,100.53388750404208,49.64832509572094,143.5367033573144,140.3036538194665
54,409,71.45487206931267,66.91023981594559,111.99169874710694,104.49932421853784,55.56395832752992,138.0284292304933,134.7240003559549
54,410,79.85912250475496,75.65990398288426,130.66048400199756,132.41201250238302,78.56835808238881,130.67810617910524,124.29708574128982
54,411,95.71888165191578,91.26128281225306,,,,116.0742679338715,111.54898249418416
54,412,,,,,,,
54,413,,,,,,,
54,414,,,,,,,
54,415,,,,,,,
54,416,,,,,,,
54,417,,,,,,,
54,418,,,,,,,
54,419,,,,,,,
54,420,,,,,,,
54,421,,,,,,,
54,422,,,,,,,
54,423,,,,,,,
54,424,103.86630598344124,110.8850731200654,,,,111.06776205574332,101.02227516232372
54,425,87.06248365847915,104.67806569796564,,,70.68696000396986,124.6568334690107,111.62171072346568
54,426,76.70289382778773,94.05450736630692,,,69.81530107483556,129.16925123432,116.57359524631238
54,427,71.56794585721855,74.27285827360016,72.56745248614638,18.62900734461744,,134.57843814716915,124.05177920875047
54,428,64.82236613593962,67.16421647182474,71.07877997926076,23.181433152913797,70.9653020675444,141.7603513036393,131.173265014531
54,429,58.284267857236294,64.4661262840093,65.80051583427218,26.0823696486631,67.9769438711557,148.01098197721652,137.76235950176505
54,430,54.015346872424345,58.03853129516762,58.71485033256283,56.74815794165099,70.38328620676631,154.3691251733212,146.7654096228682
54,431,50.21701965923366,47.98338019723753,75.44600396190052,12.064049368901808,45.73871988084921,165.30138594908848,157.72231747941132
54,432,43.01908743024357,43.31422290247366,80.84601473829711,147.66151925992955,103.69954310566078,172.53069364705289,165.82909255506735
54,433,37.295716568098705,40.50027541723035,92.79285007784328,38.500558639146576,77.2077647432523,177.52277662962592,173.50714879309254
54,434,34.297490706051704,39.00780301003269,9.264532211819184,93.46053491313168,68.20852051867952,178.98960039411884,178.6477501126377
54,435,35.047778236067984,37.638342716487685,8.881154627018871,92.88450656873104,46.24746635245826,178.3694165837562,178.64838754313433
54,436,37.5235235043568,37.185817010452624,11.694281021211314,97.82288885678253,39.31367505038267,177.79732747610305,176.75986836864715
54,437,41.03775575543826,37.61987627510525,7.0915622033479115,93.93112715291592,,173.84613990235857,170.48244801551803
54,438,45.47504541543621,38.24471083368371,0.0801044752515629,,,169.21881946765248,166.67330857325155
54,439,49.06187730309996,43.798291667968435,12.55064926365687,74.54015639700091,11.720409605682114,162.52561630680657,162.0390744937175
54,440,55.03639161034863,45.84359679950496,57.116653675119615,123.53999030575407,10.259216553870148,155.09550481175057,156.52486656912313
54,441,58.61378188775922,54.72832508349185,76.03503494506734,40.92606030417884,60.81412861105613,149.53372133213998,146.66190909858125
54,442,64.68618357474172,64.55714813808848,67.99809925644122,,34.36169504319091,141.9749594242906,135.63004614711508
54,443,71.57045792931456,69.70644462404277,76.67158320107572,,,135.410397581061,128.5450775014385
54,444,82.90822426577813,77.8011980822282,,,,122.88675152652765,118.40285112088368
54,445,,,,,,,
54,446,,,,,,,
54,447,,,,,,,
54,448,,,,,,,
54,449,,,,,,,
54,450,,,,,,,
54,451,,,,,,,
54,452,,,,,,,
54,453,,,,,,,
54,454,,,,,,,
54,455,,,,,,,
54,456,,,,,,,
54,457,,,,,,,
54,458,97.2164929311439,102.18517108787846,,,,110.77133840406836,98.99458795256945
54,459,82.55141003050893,87.74908818754204,,,,120.03326674916546,112.320476246492
54,460,79.02274809118114,79.34519336651499,64.20155940732009,,,128.26985660241883,121.22894654589012
54,461,73.51570478453732,71.11555137272994,80.25875297768413,,,132.97732307920717,126.6976250119213
54,462,67.86792729858406,69.68753578213902,134.81678267658702,116.37980720500433,58.5538074354931,137.1188028201629,130.8812220347505
54,463,62.62666176566409,62.79828965442513,9.301814504902378,37.92030540896708,9.013903767828223,143.38746858504138,137.9743921193371
54,464,57.18696461064081,56.9577387812151,78.17080280137763,80.88940134380688,69.51380260618127,151.92889919668545,145.0004797675876
54,465,52.47838110615881,52.78827479142719,54.94298107781819,49.83375513110877,91.11932717436396,161.5487391079142,152.9141729863991
54,466,45.27984507804,45.95467369120728,58.21784041044005,115.1125655500968,88.86004332638267,170.49848065393934,164.69261769152664
54,467,40.01963994550469,42.88238894514451,10.5124755684618,97.04565672707898,,176.0366097415302,168.61834027994396
54,468,36.40330377471101,37.53722832043971,1.4104377584162635,77.5946673012973,,179.2382895737356,173.4817453422118
54,469,36.03066627078379,35.164038439263614,1.285215304406483,77.89645532959216,,178.92404765680806,175.90641816898773
54,470,38.2422168971953,36.120412199471765,1.2490251264832692,,,176.42744980681084,174.74965654379326
54,471,41.64315192692623,38.047471404538385,75.20519312572006,,52.776573584687505,173.56134526241422,169.83837980774635
54,472,45.87507194604101,39.9947211980796,79.2086376792737,,,167.63466308405663,167.91095607134716
54,473,50.68026279212038,43.32824760967511,77.73007915478662,120.89477667401586,56.64181398692055,160.86781096223646,161.69166626295717
54,474,55.36380790722848,48.3615250660122,139.79415552649542,101.88252578984957,64.6995095730048,155.26867220566126,155.90151293790888
54,475,58.75909879408579,53.82544273230202,82.5856056199496,49.79577628186806,62.04671517016882,149.5676274208353,147.66676788420418
54,476,64.68784302738739,60.69900189681748,78.42858498904516,,38.79437696110959,142.02754015774076,138.13184771658013
54,477,70.38940427720573,66.0001317343158,83.34997868495877,,,134.0691634047288,132.62524826282112
54,478,80.74247588245181,74.45043258100907,,,,125.5795238612064,121.91087147541012
54,479,96.94398141458888,88.78313078525105,,,,112.92684811196354,108.92310918442942
54,480,,,,,,,
54,481,,,,,,,
54,482,,,,,,,
54,483,,,,,,,
54,484,,,,,,,
54,485,,,,,,,
54,486,,,,,,,
54,487,,,,,,,
54,488,,,,,,,
54,489,,,,,,,
54,490,,,,,,,
54,491,,,,,,,
54,492,,,,,,,
54,493,85.66647064934841,95.13867180675066,,,,121.22119400472774,103.10581033692384
54,494,75.68637326860284,78.17741965670069,,,,129.22094381334833,113.54233516769256
54,495,73.19887481744631,71.23094430813386,62.66989077387315,23.139823181141008,,134.4071913422046,120.48797287003607
54,496,67.27019378723655,67.50507395412914,75.33328705239627,27.257839618802432,63.59812373420127,139.90781314488555,126.39842435848266
54,497,60.7510580223919,66.76523306295942,7.807530679849293,28.21146057764535,,146.21220117043526,134.43262417095875
54,498,53.932846548554984,59.10007681126951,68.93891232666877,40.81581898374899,,152.17184132869411,141.17062921826766
54,499,50.42663095361975,56.03177796058923,52.48271296403835,39.201256557652826,72.18749871466746,158.3513084304103,150.28640316737264
54,500,44.13479323087471,46.322249597964934,64.05856188388167,71.89120043329008,72.63359315607923,165.73832280702615,161.9387538542085
54,501,39.43963374065991,40.379947228036855,52.281841382949665,,90.49187850717776,173.16762715162082,169.64252472402862
54,502,35.14315531752644,35.933522407403885,49.16815473253985,,96.49788275068624,177.69120232777846,173.9495858782346
54,503,34.39181115404293,33.67435062041363,0.6262478039922753,74.22114052070698,16.295072771328563,178.52147039447607,176.13449132687535
54,504,36.240787016053964,35.28576259745782,0.6504965442948378,12.022101155836417,19.13793347770463,176.465199848539,173.96747565799768
54,505,38.87753397046351,37.40054737039374,0.1579772814390135,15.92272102081467,14.426458619362098,172.32922850716113,170.66909787835405
54,506,44.77800485606609,43.64563274828724,64.29329291969549,48.256808174433665,71.20425945709269,164.31031936332394,167.04281556564464
54,507,50.3693327284154,47.503095233274514,66.37171778945081,37.95279390864405,68.76659865637724,157.98311741192762,161.3945573649044
54,508,57.119062150568375,53.14481387978618,122.18699822554238,114.92754223889098,61.28945229107707,151.66779129389724,154.66207346969347
54,509,61.33000578126098,56.843796880358575,68.14200459319456,31.377838948928183,53.45094133798031,145.49090927210582,147.18572690607402
54,510,69.76603634830882,63.533578360271456,62.26032782472677,34.430896684611945,41.71880974976059,137.05524196384928,137.863308826755
54,511,73.59877844039484,72.02435298975087,67.92451558768572,4.689375444142255,37.650304760791016,132.98814006635155,128.4226209727002
54,512,79.35409427676522,76.37187557828844,,,,124.6893918305448,119.31043461931536
54,513,90.69587059180486,93.49035632760618,,,61.32483153816126,115.9420003416658,104.16734187406156
54,514,,,,,,,
54,515,,,,,,,
54,516,,,,,,,
54,517,,,,,,,
54,518,,,,,,,
54,519,,,,,,,
54,520,,,,,,,
54,521,,,,,,,
54,522,,,,,,,
54,523,,,,,,,
54,524,,,,,,,
54,525,,,,,,,
54,526,,,,,,,
54,527,,,,,,,
54,528,104.95656291043244,102.51947427224036,,,,107.22599753335324,90.37655386825443
54,529,95.13059779090509,97.57642900920972,,,,111.14936693623471,98.77873085462318
54,530,86.58312979736823,86.68172906015569,,,,117.27834418262924,105.57232709316372
54,531,83.2709654382701,81.69459002795669,74.07722607028364,21.19152230076855,,121.31552459437114,112.15849146067744
54,532,75.00326561124082,85.72882432333626,71.01262516932037,29.92491031638738,49.99138946264212,128.09773794731709,117.68224038478702
54,533,67.64149518996338,75.55691202938188,65.6412629489527,23.171394885810976,58.527648162918005,138.08782217640717,126.97435134673414
54,534,62.09112403808804,66.26757653924608,72.80298942191061,105.77960266432002,8.225383008022167,145.17333837259102,135.14912097101754
54,535,58.703649229434475,57.25106196915366,117.95353163789903,113.96771707723516,68.48912226659881,153.40342311028024,145.808789937012
54,536,50.69243320950504,49.3256035618359,56.12381565168734,5.355650035383951,84.7641228487108,163.46110132724223,159.81680397531275
54,537,44.42973440774072,42.74865487740774,49.281292225486354,106.32845631978252,102.16650272000524,172.43598631690952,169.2862057313021
54,538,39.57463920685569,38.35652886546369,8.641487193526324,5.600436969898386,37.5188874480087,179.85588476756274,175.42808718676136
54,539,36.92710253399313,36.157591685622286,7.772875042945332,31.45889794918112,60.74598929938769,178.39589960223185,179.34394809042624
54,540,38.06522823022448,35.464251705946346,7.201741438552501,98.29202528908024,18.7139780106283,179.76169860963392,179.64810973943807
54,541,41.19669207619641,34.70266146123493,72.66017559624662,77.31035968766649,70.82775430425893,176.48861335854008,178.2202361421366
54,542,44.5621841753092,37.08249393561789,69.25594725922788,,65.86425284176954,170.73106755108014,171.6498092000094
54,543,49.07476920312829,41.28686943996851,62.70321555549376,12.066578334140734,76.329893772032,164.48758062071485,166.02511594071692
54,544,53.73660534717711,47.01281350112448,116.3118068048562,129.1287827287462,59.70341577551101,157.09871288974713,158.5288420958222
54,545,58.93263585426611,55.98326011458532,125.91004069245544,115.60184504540705,53.62586112878361,149.17136768526476,148.51607312381248
54,546,65.49636232412956,60.16875060444026,73.59874545172316,35.03730159012061,48.87492473823351,142.60903913218894,142.20970103427925
54,547,71.29150556159446,65.23582204011717,79.5067353831987,54.51092607955513,35.37213153502399,135.73879281765988,132.85610626058087
54,548,75.55398581751739,70.60772368133922,131.88473963149485,,,131.16691952765908,123.75488313120536
54,549,84.72033126675241,79.13280444040245,,,,121.22444689170644,112.39067750784416
54,550,103.44423919828918,92.98086172063498,,,,105.30457853942023,100.70504020456303
54,551,,,,,,,
54,552,,,,,,,
54,553,,,,,,,
54,554,,,,,,,
54,555,,,,,,,
54,556,,,,,,,
54,557,,,,,,,
54,558,,,,,,,
54,559,,,,,,,
54,560,,,,,,,
54,561,,,,,,,
54,562,,,,,,,
54,563,103.92347844254138,99.6490396244574,,,,107.90427389239264,100.98282577238592
54,564,89.24132198939333,89.38384938727893,,,,117.58016707466598,110.40903386036638
54,565,81.16393007289084,81.82016850571873,,,,124.16700875647444,115.10804600091436
54,566,76.56888774563505,75.95576183737829,22.763183373224617,20.279083474864525,29.696700477622876,130.7955397373593,120.96011301545744
54,567,70.52194673723878,72.58668141016997,77.83148384730043,25.084305812563617,70.63135859497778,136.7089502209087,125.128234363657
54,568,62.75895739757343,67.88979390416704,131.0501739015703,132.02876653793697,62.658032317056595,143.55357000576888,131.82499470262556
54,569,60.143763072817265,63.63948598850105,72.66423365474616,120.7001340067152,72.9614481834228,147.77540703266507,137.686318036275
54,570,54.95948740847599,56.16952828834376,102.77003455152015,140.65490608959348,83.44051684013654,155.95551420458904,147.576371080113
54,571,48.79478347487409,49.68069411914113,50.662956644833095,6.146800865801948,92.53089752307685,165.8505480748225,158.70125880351995
54,572,41.95278239235612,43.14393694074804,54.1657502075178,172.5041380672861,97.61229306387926,174.0784172913745,168.29711037837595
54,573,37.475826602760115,39.0376222983169,13.519405375640908,64.2216894929878,27.575888520308848,179.3059577508274,174.60500278301873
54,574,36.55032910771607,36.69076991234812,14.293820292623115,100.84721068869152,16.211328669554423,179.28934998285155,177.72423695563293
54,575,38.09949277589231,36.42007692208805,90.1190809055094,115.66517647682856,26.81794180040953,178.98019610761463,178.65736281974478
54,576,42.06850872945778,36.11138078320724,8.439945892754341,178.72579753540478,21.749852642366335,175.1971085309734,174.893305696604
54,577,46.8694694723754,37.066102595131234,80.14146989117685,126.48227755212388,54.34650521057134,170.9086109166774,171.37254030196243
54,578,51.066447187166865,40.44451146082423,86.18621839277571,158.8009559825793,43.35527322559405,164.1318512743728,167.35087988555736
54,579,56.35796598030202,44.7038798717852,71.56307680785117,29.7581781151894,60.65377588210212,156.37041183688234,160.18961074621464
54,580,58.213827435066726,51.461906641320965,140.1507288514159,123.01451784122264,61.678365116523175,150.18972391932024,153.57504027822938
54,581,63.56461083218094,55.52657880709481,86.0647187376995,33.610770003481726,57.48326525317982,143.8308956041579,144.44323459471545
54,582,70.721300929058,60.55965928260832,69.84979861079692,,32.9919611899008,137.21329803631684,136.70011515180624
54,583,73.65482555307098,67.02208131605126,86.95037044251626,,,133.41359266740287,128.58533344760815
54,584,78.9388578145257,71.73408193706217,,,,126.44677897070432,120.3298815000575
54,585,90.5308750222602,80.16980762278368,,,89.1458771571749,117.67451047124996,109.55013251473962
54,586,,,,,,,
54,587,,,,,,,
54,588,,,,,,,
54,589,,,,,,,
54,590,,,,,,,
54,591,,,,,,,
54,592,,,,,,,
54,593,,,,,,,
54,594,,,,,,,
54,595,,,,,,,
54,596,,,,,,,
54,597,,,,,,,
54,598,,,,,,,
54,599,,,,,,,
54,600,95.78246880189434,95.9523327229557,,,,112.91404033853571,97.1889603773753
54,601,80.62120590255216,85.05027388725439,,,,123.18419706470333,105.64696932374304
54,602,76.09286039951952,82.76537299590464,72.60905496198261,4.983154508051418,,131.22739497776243,112.39305669994958
54,603,70.26086425495004,75.85402001829515,67.64470416804747,8.970996021095264,75.63515862258049,136.605365105429,119.13743094876678
54,604,66.47573958543798,76.06466340562918,67.26503122842406,41.16183922455933,53.53227335596228,140.7859336219431,124.30537275895482
54,605,61.88396054647184,72.08085902377749,116.02542139505088,101.1239576142488,63.63987432994235,144.12745422101958,129.8376254916979
54,606,57.660919671725246,64.11970966278729,118.18086347896424,124.15548201198902,72.04648592705273,150.31050137109486,136.31613057575717
54,607,52.840766233536655,61.9994241317359,55.9052856754334,122.88091534942242,74.23351983990938,158.04904201233705,142.76489715113487
54,608,46.1143923384711,55.44305335992014,44.73650315795541,,83.81320439062533,166.37600503765898,153.8311640122319
54,609,41.75245238089423,47.267266803024405,41.53331397420807,,83.24627369217754,172.95641508111532,164.52928866804226
54,610,37.14706152628978,42.770811288596846,11.637434167893526,,79.99985373972552,178.67353175044795,170.57353458679034
54,611,34.957344902631355,40.03353954939591,10.611347437734295,,87.36958342810543,179.67175852081985,175.46257462674365
54,612,35.34389011540887,40.58001453377124,10.142641239399149,91.80120666447002,63.54540323939244,178.9688882041192,178.07210741939826
54,613,39.97766878438116,38.28153246982402,70.97888871750507,,72.54235749708872,175.36755671139625,174.623867424639
54,614,43.02334261530136,38.47138087337076,10.139034329367613,,34.783514664066864,169.6006360915119,168.927877547793
54,615,46.71091481936677,43.65218385543592,54.75274154804689,,94.63762423605078,164.35707555751358,164.7262386005731
54,616,50.884759197202534,46.90868422891138,66.59343648504384,54.27468909644107,88.1722641944839,159.1886593584271,160.73397184580958
54,617,55.916666355694744,53.26017265861495,98.82216383316192,116.58025161382398,78.13597864025162,154.36755047784683,152.82065726781823
54,618,60.49770588648037,56.964673444643566,76.04035835991924,67.76366521629188,64.9817757726509,147.30662162252654,147.97208112573915
54,619,68.27785353789675,64.50023548842829,68.97453977966993,25.20042974396623,63.80429148856749,140.60924144523173,138.94699070896172
54,620,72.6449793697544,70.7328718865812,64.0796020531704,1.7447460568972215,43.8561358896338,134.57353934303313,130.3200990738729
54,621,77.58227594009604,77.61665700390814,66.09622353053447,,,128.4057714175909,123.11959456936064
54,622,88.57912210668425,81.88797074211871,116.59185204450333,124.14214088443237,91.75900664886744,119.17609364126716,114.99559176911993
54,623,96.12997850933992,93.1337103993988,,,,110.5637485327042,101.436400113326
54,624,,,,,,,
54,625,,,,,,,
54,626,,,,,,,
54,627,,,,,,,
54,628,,,,,,,
54,629,,,,,,,
54,630,,,,,,,
54,631,,,,,,,
54,632,,,,,,,
54,633,,,,,,,
54,634,,,,,,,
54,635,,,,,,,
54,636,,,,,,,
54,637,,,,,,,
54,638,,,,,,,
54,639,,,,,,,
54,640,83.66560903547577,89.59041344209753,,,,124.95335176085352,110.3606822443288
54,641,77.47765695979585,78.2705427982167,,,,131.3253823924589,119.06350357303135
54,642,76.65183563841796,71.89201095349593,79.32188053974822,24.34765485914806,71.1764202261263,136.4743973575498,128.2302350355808
54,643,70.80769305307851,65.76228324876126,79.09929496396208,14.828744706978966,71.58949027469349,140.55142824965412,135.5870725721795
54,644,64.35190337526778,65.20904302972626,71.4117772274763,27.183323466785406,68.25693738454575,146.06712905246872,140.74909194064443
54,645,59.742624968217235,60.224879075786866,62.820905854940634,43.62364144679295,74.42230124140524,152.39283518298225,147.55652977889602
54,646,54.072960422890425,55.95715935295114,54.77474092193387,34.88658596009426,90.88023664038164,160.08084131054542,154.97535932295705
54,647,48.453881713050514,48.41540439115797,56.72580873730832,64.7427151461011,81.7416476638275,168.8952028368886,163.088535673452
54,648,41.50694359766224,47.19033344355279,12.57504760258968,175.67862489830378,,173.9614463837609,168.64461436753734
54,649,37.5567765226359,42.4330682101691,13.363725890052752,154.0133516058775,134.7543243239983,179.37237868111754,175.63107282234387
54,650,37.999051913821894,41.39825525025152,13.55789109512929,166.1471543276823,143.2721215459802,179.6184966395229,179.1621184597972
54,651,39.96017618837219,40.95550703143417,65.9531062474683,166.04642910246395,84.75068876952218,178.7892897086048,178.46446778623638
54,652,39.71902179294766,40.694066708407995,11.894533200449107,,136.91128123940516,177.4203245862791,176.59229083716326
54,653,43.20403043230757,39.6291513687504,13.154467337467365,169.52988697581029,145.63372334342935,173.8006412018003,173.0684722391116
54,654,47.0815697163676,44.850450410273105,13.338795274110147,178.88402978311743,141.09816673943436,170.88465957268198,168.76935160847884
54,655,48.27901236144616,51.58963267746927,18.204126932203227,,146.92522017067554,166.02198099693052,164.91276289556174
54,656,50.85464133633368,51.47674440829362,9.583122312133094,10.050280494059995,30.34907226613494,159.97875470356217,159.4775459011943
54,657,58.3536394701422,56.49412641416176,61.31492489486388,29.518347115037063,99.9676339880326,152.2639052317289,152.56027771519643
54,658,63.7783587003761,60.15997085762857,78.76415096258285,127.94420910374966,66.91364020621849,145.50577170669584,144.8466395158625
54,659,67.36211952378774,65.50002988789068,75.62283844739552,77.9939805316289,64.33676486865188,139.9406196796316,139.26020393420143
54,660,72.92263492751827,72.02998532195386,73.77240833266195,48.57748181186199,52.78428518758111,135.98018721888226,133.7886337726101
54,661,79.94715397545143,72.68049957830075,83.71998188229499,28.19296681374622,,129.5686516539082,126.68658831411662
54,662,85.8691016737336,80.66635508367186,,,,120.8016732079798,116.3271042382295
54,663,99.36211349015947,94.15768659303096,,,,108.87507337433146,103.60270233390372
54,664,,,,,,,
54,665,,,,,,,
54,666,,,,,,,
54,667,,,,,,,
54,668,,,,,,,
54,669,,,,,,,
54,670,,,,,,,
54,671,,,,,,,
54,672,,,,,,,
54,673,,,,,,,
54,674,,,,,,,
54,675,,,,,,,
54,676,,,,,,,
54,677,,,,,,,
54,678,,,,,,,
54,679,,,,,,,
54,680,82.41066778459937,79.53842483485319,83.5952296679894,10.103863374039117,,130.1552632095197,107.7183889794953
54,681,78.24321994240312,76.94763702404371,68.4657673965494,11.525959691746303,,134.4171105460891,115.28773527204076
54,682,72.84699257640462,72.01388874331587,79.59689937304263,37.679874230597235,69.34556418114792,137.29618282680215,122.75271925740978
54,683,68.27860469184327,71.21394254165509,75.08913894242828,22.86919863474943,65.30863969986594,141.3223268170801,128.91115368145495
54,684,61.041249382071534,66.4403966648068,77.0835385192398,26.33501067270402,62.78125380165085,148.97900268826862,135.40142870224827
54,685,58.126433657890665,62.14785690578474,67.19770675590037,47.73668269681513,73.97998561016911,153.7033991700107,141.25600794227606
54,686,51.92516568568037,60.81331452929147,62.68469916200871,158.4706205492711,69.07275652662084,160.5355212530224,147.62296844161142
54,687,45.74701193387446,52.855847754763495,57.76734914343758,9.968820392088723,79.18791347314458,168.3343564723042,157.0772759911259
54,688,41.46873758255165,45.59866199345864,56.050566122268584,21.15864301399865,74.8378179409726,174.57956544078414,165.52077319874485
54,689,38.456702707622085,40.76485901240282,11.216561248781677,97.5091280131584,23.77617414483425,178.96350212081566,171.40206506926674
54,690,35.23682234267498,38.32151970944821,59.93310758756924,95.84657327057757,88.64400808540688,179.9836803350436,175.5177625769417
54,691,36.48028516568746,37.9132426726424,72.47190729877157,99.24915533870042,72.96447806214114,179.1135446206648,175.76563275614657
54,692,40.0074492957665,38.873580857542514,12.781286124608345,101.06050788533688,36.46239689354495,175.82903556879145,172.53212498620812
54,693,43.3810522667618,41.16049188856937,67.07429299511857,171.51664869693784,67.7712326504119,170.3733891895329,168.37469239302587
54,694,46.98415328327309,45.36720793639408,67.93854774943027,,68.91668625095119,164.118699109261,166.54322946071116
54,695,55.150883114043154,47.82719207240413,70.45713262800805,172.53216977444487,68.81535600216598,156.79515417024447,158.29130595740057
54,696,60.0161572596968,52.63973124118816,75.33200380183176,67.46654290501752,57.699187381222174,148.55434061171883,152.51089269911648
54,697,63.3621585566318,62.045158754557065,,,52.10477896857939,143.5233751912201,143.39583733037676
54,698,71.10000190769291,67.56875911545191,76.69541455750641,30.11302582341614,36.32423774292607,137.13523853919358,134.29471439562963
54,699,77.85156170135056,71.97149653346551,78.2762501295928,10.419604246333272,24.805731981565035,128.48062611388977,127.1807919519134
54,700,83.93820771008741,76.23805685551538,,,,122.89207585967937,119.8904111045036
54,701,93.56699862037756,88.96523210343933,,,,109.97021329440643,108.35882339349205
54,702,,,,,,,
54,703,,,,,,,
54,704,,,,,,,
54,705,,,,,,,
54,706,,,,,,,
54,707,,,,,,,
54,708,,,,,,,
54,709,,,,,,,
54,710,,,,,,,
54,711,,,,,,,
54,712,,,,,,,
54,713,,,,,,,
54,714,,,,,,,
54,715,,,,,,,
54,716,,,,,,,
54,717,,,,,,,
54,718,92.72548522525427,102.99319563457064,,,,106.06946691677334,96.04384062001871
54,719,87.74688226651075,85.47414126267687,169.717833841779,,,114.23320115613978,108.07994236526643
54,720,79.6629857871188,78.14671566786797,94.0736277775131,,,121.40971375510534,114.02545468930208
54,721,75.27199631786262,77.9496600813652,128.28946960129872,116.12250938098002,58.718252626510456,126.64884614829528,120.04865279019084
54,722,71.10087694695197,77.1417873517935,135.79091118063164,102.2162544798238,58.221944516067914,132.23481389936796,125.69001655797577
54,723,67.28128848942838,72.80785189674175,64.05381295019403,29.359051709491116,55.166962931019015,136.6185381982011,131.68779682142517
54,724,57.50501293553047,66.25363206399388,117.37498401507142,148.3863158663136,64.38748932524977,145.0605175481111,136.60551038633096
54,725,56.22083475409832,67.0723660319662,111.36660819791511,114.95941700440105,81.03392005835374,150.94316745674607,142.4895713349798
54,726,49.03952952033663,60.71716045298865,51.60327814257172,41.49086371366386,89.93373598079026,158.50311895119162,151.31725842953236
54,727,43.691635190374136,58.03870109250984,43.26418003985367,17.70941416076462,91.79509512177938,164.32218273513763,158.420441379067
54,728,39.07130807525319,52.56884843184448,4.8761763504512645,10.415645305509887,,170.71750917360316,166.18483782204785
54,729,37.60628740632273,47.5958875896351,17.50464654890342,90.03992893502398,146.21592650561402,177.5562920478607,171.6800636445899
54,730,36.75316225457906,44.918842076145914,11.049015002535638,91.97206632213847,152.0361763836901,179.99502742914652,175.79380815126785
54,731,39.06844825430046,45.779803662250494,66.98884753000262,171.8469469813232,88.88937017816448,179.947020943178,178.92848020768673
54,732,41.12135366575146,44.96697005414956,67.15655994910783,153.40122380495526,85.81564370122852,179.99325074451986,178.3992948905115
54,733,42.361022991895496,45.25758063014926,64.9815461732439,,85.99241617896256,179.48078840787295,178.18589682243433
54,734,43.63441264073889,43.429380042293914,65.94615383979024,63.64087454189586,,178.69846310722386,178.92580929663214
54,735,45.45209645020809,44.12597945870831,68.44290999797882,131.4851380033069,96.41444217812386,178.52706534291994,179.95251347931207
54,736,42.98092312711394,46.24535800911085,74.45659730770988,99.41409949047949,95.151863626201,178.44056518188648,179.8145637074546
54,737,44.40153391841373,48.30499869166552,71.90908639817421,84.38243775784039,96.22272110575712,178.196784908287,179.6045798579315
54,738,42.534800557279766,46.33050496912381,75.190340625699,64.81521023688195,85.03282214071862,178.1316702851352,179.6142969985118
54,739,43.44410065523764,45.754278011466106,73.61622248146968,57.93179662274412,92.45395698285688,177.9797525988334,179.01937085448444
54,740,41.247003711975026,46.02071946575931,75.00730299885139,55.394955878504,91.31998857359623,177.70372055503242,178.82555763209885
54,741,40.84838885761121,44.50874356154843,75.15488195983743,58.90773590690321,91.46508919808628,178.39592672939165,179.43982800765244
54,742,41.215690263191,46.37846541351547,40.039425189991825,51.401810774727934,142.7364693660387,178.9346657601372,179.41899464824493
54,743,40.80301396674892,45.44220466928254,39.511851333674976,54.52255310029234,145.42927680154432,178.79465067580676,178.25678899725335
54,744,39.94559599428311,44.83600057312876,39.92612083839745,58.96542408936532,142.35058482949347,179.89409065997967,178.7688126140689
54,745,40.05757188052361,43.86856750860442,37.61171305522196,64.47748587007219,141.31647252983294,179.73820156471646,178.38867224966833
54,746,39.750903206756085,40.711782009641865,33.13525899253705,75.45995600347253,151.07038998737772,179.1828776437731,178.2802153050935
54,747,40.48462029259689,40.20531182553695,33.70516101448923,,151.7453535465078,179.41255928793956,178.6816968372905
54,748,39.43020077486656,39.33440590537548,33.73597677445858,,135.85868526964973,178.78251929264135,179.84374546789806
54,749,37.80889968324979,39.397202247809695,34.34586789248938,74.52988406922492,116.26456297089574,178.89678352065718,179.66883796590335
54,750,35.42286137947764,38.56046485559007,39.16405335827386,58.472537256675935,95.12691239935158,179.48929301962835,178.96675723041054
54,751,35.00152376578787,39.04795610405845,42.802056267844904,61.37306259216993,109.41931773213356,179.36572183513013,178.09428553826734
54,752,33.88333794327239,39.71122251689037,44.300250254394534,83.65474764277715,59.660929827964985,179.7987533357327,177.48783415350425
54,753,32.287278382806434,40.32059398227668,46.21047885290658,85.06936659378346,41.21077311290143,179.9183709398378,177.82789107934832
54,754,32.03430266899183,39.827379143818135,46.641538711659734,80.1412950170612,39.18986192051005,178.9587279512036,177.8592417616576
54,755,32.13139728609048,40.04255573684498,47.08431609389621,84.92230936312914,36.483795792075455,178.75508494605373,177.74466535449554
54,756,32.07819845507101,39.58833859542011,47.47126833457794,83.27501352829965,44.62481626745928,179.12658389954353,178.27422930679506
54,757,32.22819627819177,38.702846330387686,46.731745455566184,54.0167108865953,41.36177268728097,178.66378050450254,178.2164590373361
54,758,31.932907660107652,38.39346124932292,45.28406960581748,84.0697600734512,47.74724561045207,178.6026074636896,179.5585756594945
54,759,31.66695324849623,37.55277817429659,43.9539408777274,78.80551491891782,41.66617130446595,178.73291635680926,179.06566170570045
54,760,31.30577677375333,37.49553797373636,42.89078919954867,90.29004602346996,44.12085607250168,179.4993023379504,178.5065216712582
54,761,31.05266090921454,37.03099907399997,40.32351844664063,91.80813320920004,48.57827071841584,179.6469006969155,178.65926608421043
54,762,31.113306426134436,35.896381884688324,39.13078406927554,3.8795398960588514,,179.1374215357616,179.6428017141295
54,763,30.77135626812018,34.67206943447905,39.109086282535166,86.67093838210113,53.18546001560623,179.61820051645654,179.17155047185872
54,764,31.11120436653451,32.322597215503244,38.14359459643735,87.70351336610534,51.00038281416032,179.36438777069856,179.974497258856
54,765,32.99091943488202,30.53648990794976,37.983648677293104,83.17915013194819,42.026893782714815,178.51940481259334,179.27141509328737
54,766,34.5842238877718,28.318967405951163,37.7632863017026,76.13448110704407,46.99073729296092,179.5171246941477,179.17657004681067
54,767,35.59716087940447,27.043957205090337,38.86079695775301,82.58922866820268,50.930157265963814,179.61460850743947,179.58139782631244
54,768,36.452277257019745,25.94842255641137,39.9890517409513,79.07718113821662,,179.81265733949388,179.65531171050193
54,769,36.255304394419696,25.760846039005575,41.200759868094536,86.85836856949486,,178.4761381742452,179.6122107248437
54,770,36.95886982828931,24.215247546331863,42.173031115298976,92.19679828498148,101.54605288672796,178.26082016121492,179.27124784763103
54,771,37.502577790551435,24.15135306163183,42.83636153042402,93.08749263053532,100.76641035556908,177.85594103659966,179.17364760316457
54,772,37.39815651656887,23.85321746284394,43.885224432220255,94.2015721518544,98.618619616596,177.9758211830342,179.12289135819532
54,773,37.08733300681799,23.147466867573044,45.20805880145125,91.52746593010056,99.81908409716608,178.05245192590536,178.77107383543475
54,774,36.59149029792456,22.78047842692762,47.985315960652535,90.98221583242292,100.15335516398837,178.61258976546884,178.65043969349932
54,775,36.36235048135807,22.538781610401447,49.997231850459215,88.99937378415888,104.30752488876035,179.74260216191826,179.37319370923723
54,776,36.15758889934207,22.253542408834797,51.643217159485935,87.14406131219569,104.6344453074615,179.12887504799028,179.24657227914884
54,777,35.3186140466633,22.707167003776227,53.334395226132024,87.81707259736896,103.95448386343315,178.3786220291277,179.18575630876043
55,0,32.47982639954055,50.08575219012426,33.99552738084231,177.6388005424704,162.44554592369116,176.97077378658247,178.69975215093135
55,1,33.44414898683722,50.37834557995611,36.27242889516509,175.54686188932862,162.15059944099892,175.9491396805602,177.17871421568498
55,2,35.04308131979648,51.404858486760745,37.95355786342158,169.75687939225529,161.88721157170798,172.6237767442497,173.6648386969763
55,3,39.4935988712501,53.15265519906536,40.84956842598005,170.88591898409632,163.4644595714128,168.12315286543102,170.068837031214
55,4,45.88185774636164,54.556929185269674,40.24765152493374,167.73410063633656,167.45181032151763,163.7305767046547,167.49721157634488
55,5,47.27201225148587,60.40133089592345,82.77287888541117,170.73238371045477,148.61944285782891,160.5567249938293,160.68170194868802
55,6,49.23371061982637,58.57989952891144,,,87.74450396775457,156.7910823077165,157.6456016706553
55,7,50.89273175395284,63.35746826214539,,,114.28995559772748,151.97030737659918,154.4830269890688
55,8,57.11529514961486,64.79010120175718,,,106.22195594969332,145.24175888176958,151.38641397502008
55,9,62.578467293663,69.20178484083554,126.68888638543534,129.51840250446872,74.62475395456134,142.22502037598412,148.08056634379415
55,10,69.80537092833062,74.68397932615464,77.68579026862812,14.511879900085118,69.28888118987392,138.90769778743822,143.67131756752977
55,11,75.8452955731776,78.27227110914204,79.72963945867106,17.40771894294074,63.99266141852218,133.16302599232978,138.25444076554732
55,12,81.37154952557492,81.6893917439582,,,69.31134120393389,127.91524200668157,134.4389131507224
55,13,89.0905868146694,89.31534456879334,,,,119.886054951829,124.84309331790556
55,14,101.23210213205746,97.24534955238752,,,,109.06278408745108,114.51607181866892
55,15,,,,,,,
55,16,,,,,,,
55,17,,,,,,,
55,18,,,,,,,
55,19,,,,,,,
55,20,,,,,,,
55,21,,,,,,,
55,22,,,,,,,
55,23,,,,,,,
55,24,,,,,,,
55,25,,,,,,,
55,26,,,,,,,
55,27,,,,,,,
55,28,,,,,,,
55,29,,,,,,,
55,30,,,,,,,
55,31,,,,,,,
55,32,,,,,,,
55,33,,,,,,,
55,34,,,,,,,
55,35,,,,,,,
55,36,,,,,,,
55,37,,,,,,,
55,38,,,,,,,
55,39,,,,,,,
55,40,,,,,,,
55,41,,,,,,,
55,42,,,,,,,
55,43,,,,,,,
55,44,,,,,,,
55,45,,,,,,,
55,46,,,,,,,
55,47,,,,,,,
55,48,,,,,,,
55,49,,,,,,,
55,50,,,,,,,
55,51,,,,,,,
55,52,,,,,,,
55,53,,,,,,,
55,54,,,,,,,
55,55,,,,,,,
55,56,,,,,,,
55,57,,,,,,,
55,58,,,,,,,
55,59,,,,,,,
55,60,,,,,,,
55,61,,,,,,,
55,62,,,,,,,
55,63,,,,,,,
55,64,,,,,,,
55,65,,,,,,,
55,66,,,,,,,
55,67,,,,,,,
55,68,,,,,,,
55,69,,,,,,,
55,70,,,,,,,
55,71,,,,,,,
55,72,,,,,,,
55,73,,,,,,,
55,74,,,,,,,
55,75,,,,,,,
55,76,,,,,,,
55,77,,,,,,,
55,78,,,,,,,
55,79,,,,,,,
55,80,,,,,,,
55,81,,,,,,,
55,82,,,,,,,
55,83,,,,,,,
55,84,,,,,,,
55,85,,,,,,,
55,86,,,,,,,
55,87,,,,,,,
55,88,,,,,,,
55,89,,,,,,,
55,90,,,,,,,
55,91,,,,,,,
55,92,,,,,,,
55,93,,,,,,,
55,94,,,,,,,
55,95,,,,,,,
55,96,157.23824148946892,,0.1765884809139808,108.79571111748074,126.07791306455856,132.45248956500913,
55,97,130.34607063270093,,140.0018149094175,108.40580655771242,128.34407868489652,136.97060033618033,
55,98,,,,,,,
55,99,,,,,,,
55,100,,,,,,,
55,101,,,,,,,
55,102,,,,,,,
55,103,,,,,,,
55,104,,,,,,,
55,105,,,,,,,
55,106,,,,,,,
55,107,,,,,,,
55,108,,,,,,,
55,109,,,,,,,
55,110,,,,,,,
55,111,32.53588003670429,41.25347729373231,138.7352585287393,77.88452118346407,133.80403298290105,178.15411975706618,178.56650964765743
55,112,31.890732256465352,41.58156872587104,138.52930075874622,77.52467132152812,133.61738868096106,177.8987084325223,179.1226333691433
55,113,32.063329100866625,40.96239908376256,137.96886210990044,78.14916532897644,134.2961523596118,178.55543414578185,179.7402602025326
55,114,31.486018910280997,43.48303696048918,137.058381094528,78.81789645365167,134.46081462900048,178.5990519830821,179.4487726494456
55,115,31.28815180593683,44.63673370247516,84.6723511999536,174.44428815295063,135.14991953081474,178.85262525605353,179.3302098130025
55,116,31.38323684921273,44.52570439409411,136.55800563755213,80.75844081105575,134.7751552839334,179.15880527646246,179.74213269497264
55,117,31.69242932541031,45.28641395079058,84.59015631984404,174.67854428741967,134.9031777157447,178.88194939960218,178.85068995634614
55,118,32.884366612814574,45.20699532705308,88.21092951338315,176.93773750785067,134.5727273924179,178.39402330231485,178.09163004083206
55,119,33.34039506109682,44.88277686767264,85.85159815191743,179.0859826100187,134.96903493035327,177.8025238303083,177.46693756920874
55,120,33.27263051335011,46.861793582113464,29.36611146496458,177.76904526938193,111.06884626290872,177.31755705654265,175.7215805722083
55,121,33.3601598770982,49.5030188134084,87.16945124527037,135.55626839142388,163.988577415115,176.64859099704242,174.00950847003995
55,122,35.778026113995956,50.107313084455534,31.88633866384747,171.88126373115276,164.48350471266448,175.88787186659007,172.41598428952588
55,123,37.96858985813888,50.44164708383356,32.97451596086978,170.06168081471958,164.81299283842873,171.79551244520889,171.13182587151584
55,124,38.05053664387323,52.18819170945449,36.046942870334405,168.5234740843103,162.87072395626117,168.76859245812355,168.22521576450063
55,125,42.206508090152205,54.779018919549486,63.15507372183738,170.6155223888344,151.05969098227823,163.76819655468492,164.14214159679722
55,126,47.28516879448233,58.29653177384637,67.28110983856648,171.04294165545213,152.90403720172887,158.16438733159822,159.33557327490462
55,127,48.49377232110322,61.14699456401232,,,137.25690587369084,153.78872234425552,155.62535198249384
55,128,53.104724581429814,67.65731894643949,,,119.0339465341754,149.01833105175248,147.41142389135268
55,129,56.56744274671574,70.16982596515113,,,104.2508645374298,142.2585444606804,144.07884949203083
55,130,69.53964110519668,71.17107805301498,,,105.09037118610613,139.04012709642575,139.43413463568868
55,131,69.21158777706503,75.05915275252623,76.14053753777704,16.835825839831156,84.7205672985077,138.15743950464042,136.95900510301144
55,132,73.88710374751976,81.82102453222184,73.96791259848493,21.444593938047028,69.89776960707825,132.76391742078212,129.7142398524384
55,133,79.1793573728411,86.56453587153354,132.11216838926012,128.74590651818536,72.91514273511054,124.93044563004636,126.68042006944712
55,134,,,,,,,
55,135,,,,,,,
55,136,105.99696742729978,102.03291873380368,,,,103.3555864561394,105.52510265662126
55,137,,,,,,,
55,138,,,,,,,
55,139,,,,,,,
55,140,,,,,,,
55,141,,,,,,,
55,142,,,,,,,
55,143,,,,,,,
55,144,,,,,,,
55,145,,,,,,,
55,146,,,,,,,
55,147,,,,,,,
55,148,,,,,,,
55,149,,,,,,,
55,150,,,,,,,
55,151,,,,,,,
55,152,,,,,,,
55,153,,,,,,,
55,154,,,,,,,
55,155,,,,,,,
55,156,80.64238458322255,89.55607578853693,135.91805646106377,132.63143575209494,63.011786801600806,124.97445522518082,125.56206092357604
55,157,74.53871956330111,83.04561877339708,74.13768606617336,35.874444106041416,65.12017619414578,129.75614692954426,129.7328056077265
55,158,71.3371130499472,77.14154755572451,129.15755377894567,121.34404195059902,75.64418997175433,136.76898815510657,136.68310191927637
55,159,60.32405807179581,73.76721138480377,136.70418080592606,132.7237134604595,93.68761116347235,144.20613760209542,140.89254348047243
55,160,56.49005777516808,71.26516420875822,,,,148.7610954200967,144.38221081664392
55,161,53.14527009089143,63.03497837053476,,,,154.1991340657333,154.4120988776362
55,162,49.917278981259344,58.6241982992138,66.57451091149636,175.12598065068912,150.2057425260423,159.94062477013023,162.21499994229617
55,163,38.20780792459599,53.27163695163125,59.20003455698007,179.4173338627221,145.83583360857003,169.35951284316135,166.8979321838985
55,164,34.43159451811392,47.68642889487159,163.6758371490753,118.6879497869379,44.83530508289288,175.27040126791798,171.6290077385282
55,165,31.818609854343684,44.1452239586134,155.09011702142942,130.44439755996828,49.00610152866803,177.32918569451758,174.63550931408813
55,166,31.479346055208214,43.69927752087091,95.1692214415232,176.23443680499082,51.31406174138752,178.9714646959192,176.47326775041316
55,167,30.113998219262907,43.2942884360947,92.49327186503976,174.30614289692616,52.99365677994643,179.17610707440284,178.0041242581569
55,168,29.791369969501613,44.36600797645703,148.93005277157187,135.90571406554614,54.30556479026726,178.69023002332622,177.16209444522605
55,169,29.828869351744626,45.5226465483319,145.99713378776823,70.91470846891424,128.52993637536673,178.72310800594462,177.65613470387157
55,170,29.719848176337088,45.328138886379,145.8327541908745,139.9378560086373,128.70528657385324,178.68225235407417,177.64519613367003
55,171,29.563689335980182,44.28782930154921,91.36683105607898,176.30602713405165,128.02750371602627,178.87277023852448,177.69272597672946
55,172,29.891913950757193,42.93469227507991,149.7209380947399,135.6883793197142,127.18811480167756,178.74267486033426,177.94034965797036
55,173,31.044876078070978,43.71223236635897,95.7776190982704,113.51683805844884,51.00701780485542,178.43205346742658,176.76297958499325
55,174,31.586608204172016,44.82930733096581,156.69233107927468,129.72572007150566,48.325886855800555,178.10553672899223,174.8842514189788
55,175,34.1789065384091,45.55430045764222,111.3481459227067,119.7836306651828,157.26127986482513,176.14898701970483,171.8298917644342
55,176,42.04998190216718,48.46143410192964,106.6294260023578,179.22949783683353,42.16303893894687,169.22538957912832,167.57908763681377
55,177,47.58219501201231,58.60794494229027,62.83243501648814,175.89418070071358,155.33156108730833,160.16088067179157,162.78868566031133
55,178,52.672880620000875,65.05643015665724,,,154.07012570103575,153.2732649336069,153.66512643851627
55,179,57.103960960438464,68.97616614976373,,,,148.20626872875891,146.07789902809552
55,180,60.78151509368008,71.76416924727272,139.53663485890397,116.11479507980886,105.39874458962238,144.83309199847244,140.73439630620453
55,181,74.60881387092263,77.33092544432404,69.5411016663148,19.63551100016701,78.75052619555045,133.70568927660352,135.51069518409102
55,182,74.46239426644061,82.72820111769286,72.82069012481598,32.55691093923324,65.91213051417212,131.59042338888514,130.27290085340928
55,183,81.69653316638903,87.87369345943515,81.75394902587364,41.07092332221718,59.40457654181632,124.6711250110382,126.69339044588509
55,184,,,,,,,
55,185,98.39495803058182,94.51057327457951,,,,111.1152246972778,113.3161431551975
55,186,,,,,,,
55,187,,,,,,,
55,188,,,,,,,
55,189,,,,,,,
55,190,,,,,,,
55,191,,,,,,,
55,192,,,,,,,
55,193,,,,,,,
55,194,,,,,,,
55,195,,,,,,,
55,196,,,,,,,
55,197,,,,,,,
55,198,,,,,,,
55,199,,,,,,,
55,200,,,,,,,
55,201,,,,,,,
55,202,,,,,,,
55,203,,,,,,,
55,204,,,,,,,
55,205,,,,,,,
55,206,79.45840506437143,86.88618769646646,128.13147694870614,115.6140228098376,67.33344792288578,125.06712096104788,126.91642825469675
55,207,71.56461398002736,82.81759483411292,,,70.10691421220208,131.64325219210727,129.0030644666762
55,208,70.99917105315905,76.14185448654025,78.41554640294116,39.02173757312837,75.6973543440204,136.1042663355635,135.08021098016147
55,209,69.49370306989115,71.19475633804763,,,97.8774527761734,138.69163857323656,138.62554116601876
55,210,57.857357365855094,69.97405736944006,,,99.464328829245,142.00515699124017,142.7174693648395
55,211,50.40408479893007,68.98828625868046,,,100.25640014086184,148.64851919018025,147.9500077642718
55,212,47.59690402756738,63.42575763781704,,,141.5441921836522,152.5360263501849,154.68574063941182
55,213,43.416147860018434,59.75800370778624,78.44180374616946,176.8576317438537,146.2782311248162,157.59596102208266,159.6784762306703
55,214,42.95208147237576,58.22330700920301,52.1368902320126,173.12339693451554,157.4256724048439,162.1723541328953,164.56097250012823
55,215,38.67403516590733,52.78192062457149,45.50407198584732,170.79831795206584,159.0450265611585,167.87420396166817,168.3084761562214
55,216,38.27602220294396,52.42687709545291,36.79170715385839,174.8402337198384,163.20103775168042,171.61816637090533,170.06663095022515
55,217,35.82975436128355,48.030831987776494,33.09158092574535,178.2075006420488,163.38911363738623,175.45164991256442,173.35370406430062
55,218,33.776276765701795,50.19781363149849,84.4742469761225,73.29850287010987,163.9765221426855,176.56647742956486,174.06350540046802
55,219,31.420096787390875,47.40432549218643,82.16917436442849,144.11988559492255,163.76049992540703,177.0639496829451,175.99998518952023
55,220,31.71180077761944,45.8045729066477,137.57554164842102,144.79129465011388,61.57469119586591,178.0275116884081,177.80770662936925
55,221,31.74753097507017,45.17540268851243,136.6563422971454,145.88502848700853,62.109769762913906,178.16170695379216,179.0035352029241
55,222,31.380914755198717,44.60512491805707,136.89363668607348,145.32957540301442,61.97649257583324,177.27228620427314,179.20697798362244
55,223,31.51913083084931,44.765291777580174,136.99245064850862,145.14183286625286,61.931214727757634,177.2074294738672,179.2519562185849
55,224,31.433343248395204,42.43323220997873,138.00971161831797,143.9508888650508,61.77570254040407,177.6313096276966,179.91041489324206
55,225,31.29562912720013,44.674212796691045,137.45270565601123,145.06651332498976,61.7867396832767,176.99618360396718,179.04679406492457
55,226,31.133025261007848,45.2937078944953,138.0472405619173,144.7207659057609,61.462357942703775,177.2992608930404,178.6534682153242
55,227,31.003377061033348,45.49862071185943,138.39011175314087,144.51878081154592,61.13740833637317,177.43936601682034,178.8659897845892
55,228,30.882985231193544,45.761035457674225,140.28195801177625,143.30161613614422,60.07538851350864,177.62234524173263,178.15903301048306
55,229,31.077740594768866,46.49883125094514,141.1049189879969,143.18751973587075,59.59945940351922,178.09490625257007,177.97720672021475
55,230,33.48466062920583,48.41844779918061,140.6386683507975,76.7153922185866,132.73667270774368,177.87174772983698,176.54598664056886
55,231,33.688169356423465,50.25356079755404,90.02567499571433,177.3886338990251,58.313499050775064,177.36862213760074,175.3971323208607
55,232,36.22191446075966,50.06156694686305,29.623092278485668,174.3520610849296,107.23536047065282,177.14977906513326,172.2504513721533
55,233,41.15661413930445,55.664833344199664,34.07359472103308,167.29074383145863,165.3353298347085,173.4079298380581,168.8281122001153
55,234,43.25707443728928,57.0693350179626,34.675466522167625,167.42572766127418,165.3092802800213,168.29599815185531,165.87735848692824
55,235,48.40272920848511,62.268656774341935,44.582996141531616,167.79026760518326,161.19511974923677,164.11057905504472,160.8743141264444
55,236,49.37109951793462,63.921983129682026,53.73125293595819,165.56170775376452,157.4440513448593,159.83840360481577,159.85957087929594
55,237,56.16372707826281,66.10861605937363,65.81671242267647,173.9854726825512,157.06945032877888,155.64908693174888,154.05955409158474
55,238,56.091464211148974,68.45326275036226,,,137.7149162839256,150.3517938029938,149.0903348107429
55,239,57.405648416048074,72.41384401296133,,,113.52848267574524,146.63655870333957,144.93301393838465
55,240,62.09716059468439,73.53456455073497,131.25718704237573,144.3881744263204,97.09467894370698,142.79410450453705,141.7415516742611
55,241,72.9937300472895,78.52278267731491,125.2358772859232,118.7548209852451,81.15281610408536,134.5900674477618,136.0641076970336
55,242,77.28947189849617,83.10386370247124,77.25175979995997,24.869912621944103,72.5687574635169,128.59311799686486,131.07935095579123
55,243,83.56108210472848,89.55316402925207,80.51164125611362,21.452909367980904,65.28389469858254,123.17896521345364,124.63100846322727
55,244,85.72470701438696,90.2759761126012,,,71.4141036125441,116.3704967988564,120.03129246415897
55,245,101.17278863729196,100.5316646663586,,,,109.8283980965728,107.64566115728952
55,246,,,,,,,
55,247,,,,,,,
55,248,,,,,,,
55,249,,,,,,,
55,250,,,,,,,
55,251,,,,,,,
55,252,,,,,,,
55,253,,,,,,,
55,254,,,,,,,
55,255,,,,,,,
55,256,,,,,,,
55,257,,,,,,,
55,258,,,,,,,
55,259,,,,,,,
55,260,,,,,,,
55,261,,,,,,,
55,262,,,,,,,
55,263,,,,,,,
55,264,,,,,,,
55,265,97.71375046554375,94.67304000493412,,,,114.18424256753254,114.56131170915806
55,266,87.56737234650107,85.42994149574835,149.29070109297388,73.29830700108593,64.07458924769344,120.48299762227312,125.0772583205874
55,267,82.63522153744536,80.28867774113095,126.68152006362328,104.6907024320662,66.48985486042166,126.83060427071294,131.54992265964827
55,268,71.95367372698149,77.42572100695581,130.94738806454154,111.66233019796684,58.148224513540065,134.65916758418615,136.55427930758512
55,269,66.81471556656359,71.69405668555946,115.94860336922196,121.37468479027513,72.52939072345221,138.0659540443587,139.98899898142437
55,270,63.297163677811405,66.51489828934162,122.16299521803192,117.69657470081168,79.29106502518876,143.82935588521744,143.75052430787753
55,271,54.74786655720631,64.21733909834751,126.57312954698236,164.3172242117124,93.28736648065686,148.28718745076137,150.03683204506794
55,272,50.778798439810515,59.823039986313006,,,106.81420605687973,152.0473469865139,154.66133390729098
55,273,50.75976349601549,57.35052330743385,,,124.40887070823042,156.47980538370328,158.2912938155566
55,274,49.26892171785561,55.60555295918805,,,,161.54745138808792,162.83013184904996
55,275,45.542017258175136,53.179349048493535,88.75729190269432,167.24472229853217,161.8543988982222,165.0681666482816,166.0550652038457
55,276,43.60132684864213,51.75733537306704,64.60517640422535,173.07293785189313,159.40931804102004,168.74480542678117,168.13728515782992
55,277,38.39539570949591,49.62644867323799,70.43595638740716,169.29671746770498,160.7748652906063,170.79308360762434,171.1593806990387
55,278,33.74441730318378,48.783683476031456,65.01116283492283,116.97233515168288,158.63870248694465,173.6247515903251,172.86752123054603
55,279,32.57802837713565,46.64638053928811,37.45698017471734,169.67255552848115,173.3060578959807,174.94095083492763,174.1289334866207
55,280,31.540849751445037,45.25589424163174,35.63404434225886,168.7887358592807,168.41621391237626,175.88664761651023,176.84594252642245
55,281,31.45956927106229,43.90056003620439,98.62385350849028,172.1420698280247,53.06243378237872,176.62623215039744,177.52201358274877
55,282,31.95070808538475,43.63402200061892,98.30139015586208,173.68167828217062,53.251919929032454,176.92462500721385,177.9829763033459
55,283,47.18290308598344,20.65964025805231,6.66247544208579,,158.96124375646684,179.49921435995327,169.6406705894335
55,284,51.166572809181694,24.633685423429647,16.19616111743317,155.4618631494366,175.3938378009069,178.93405710206537,175.8523546931084
55,285,54.843391524540074,30.95594432595595,18.415536420780704,156.75725599462038,,179.8884217085817,178.78567352937017
55,286,53.079060153056965,28.221528910825494,19.693576751524915,176.4410692110448,179.4359209787106,179.43556411724128,178.25087493150414
55,287,51.698260875815464,25.842647844959373,,,,179.91661814241317,178.3965205511002
55,288,49.444307916841666,24.41270477910574,,,,178.30692624631286,175.94376323695437
55,289,48.568921201769164,21.719818705852145,,,,177.1143536471771,172.29384930070748
55,290,47.91650402530517,18.272500159690377,1.4997194858125766,156.44588976192173,178.0017561509103,175.69002373312605,166.36547554462177
55,291,47.382195996636575,15.929348182396106,23.554822424385264,154.44683329253755,170.04720446833792,174.36619640367687,160.20457520297714
55,292,49.49547113269937,14.014248598589994,18.082630944780657,,173.54167536885444,172.29823195073288,152.263669604212
55,293,46.3795474312229,11.004513127878102,16.267635872739536,,175.40392558929858,169.6024215081946,144.06047119438907
55,294,49.02078123911509,6.9142723851512935,15.812999626785878,176.47948326891262,179.87103082099088,166.79059333205987,138.8359140315694
55,295,45.622509734026885,3.518082393998242,17.223365166016546,,177.0215818914219,164.33556696197903,133.9373483782431
55,296,45.16583645398492,0.2270124703922425,95.46036599457004,,,162.5869414283825,127.39579479865117
55,297,44.8562738590992,3.179347036285278,94.40442059782052,,,161.37237223092,120.8408845597416
55,298,48.98138325637099,5.232398742432085,86.21062552173198,,164.3699745233924,161.62895087396407,113.75764408280004
55,299,44.85126134850349,6.511331220914302,,,165.62854761394885,158.11357706090138,108.17810841671476
55,300,48.88754171570287,9.548557848268103,,,142.1483528051152,159.36877666101154,101.56779827197003
55,301,71.2775466163278,15.708127101389325,,,161.47453074016417,172.40660072450106,93.08204077108928
55,302,64.97319421883174,25.08759191038196,109.72419819479926,56.80386502612073,174.01627051919706,170.83897237043035,85.86287576608487
55,303,73.45809431189036,21.016478528268298,54.756070853273215,140.2807333393016,164.91462369754257,176.41734737484916,132.92689674070928
55,304,70.51721396993467,30.785073046925714,49.94563895733872,143.52418700308002,170.0947837557172,174.88165669891293,146.890272429433
55,305,69.23313943440216,37.35661437748091,40.26617835649038,149.5713473157777,176.00456846949086,175.0144293878331,161.2561087605268
55,306,68.25180170974353,38.6104263440981,40.723889039253926,149.11934452931027,179.60228098886395,175.46072843261217,166.66730839845573
55,307,68.78257554564331,38.00322358205422,41.00741922616031,147.05099526509943,179.86646002823247,174.43448335621952,164.77877569239615
55,308,70.99900781841423,37.25392680523054,41.47566568532533,146.7779983165925,178.15839160232233,173.40745203663275,154.1056362555697
55,309,69.47724358817335,30.61278511118269,50.94182633300048,145.002876347434,177.96898367484692,,141.37334173858616
55,310,69.14479807134151,24.724429876241953,,,161.16697167911596,,134.48296953191445
55,311,69.88563949905775,16.242371642971015,23.3629484430582,106.66201832585472,160.63070703259143,170.72872403179738,117.60205150125836
55,312,74.5505485908482,7.654375441782101,93.12381958519931,,161.75123324017866,171.13029920489566,103.06819099303256
55,313,,,,,,,
55,314,21.61970742335676,34.45697091326009,,,,141.56067578384554,56.87538338379791
55,315,19.56945819440974,40.40474903744943,,,,146.20933646571297,54.35348606597493
55,316,19.802835556601263,41.52900706313767,,,,,55.0155363670182
55,317,19.779319487618512,41.90761553102611,,,,,57.00113406650745
55,318,22.03381613915677,38.64822575694288,110.97452910050396,,,,56.48237335419891
55,319,19.854903233420764,42.4690796054756,,,,140.9720706373414,57.143198542757595
55,320,22.869698729065597,36.1741403618692,111.48799455608138,,,154.45113646158822,57.51987914067062
55,321,18.798773500209418,32.90966582888694,109.10605516367951,,,158.1692682648811,61.06165443752408
55,322,22.04697148132133,29.962024539622284,103.73539829697306,,149.6950933852738,156.53466029708449,63.29478907852311
55,323,24.447400274357737,25.59694493794392,,,158.88598054854126,25.95408489044374,69.58113456903979
55,324,93.1794587231972,24.111836714703895,,,,158.97092770930243,74.57798944379404
55,325,80.02677182777356,19.335945614343355,92.75474794012592,,,144.10630517042264,79.39495593917069
55,326,72.34343652266499,28.29562077871613,114.44021503389402,,177.66151171376387,174.37753957650293,83.88742944288806
55,327,53.399755602513586,15.774308632484445,103.00797071532888,,172.82322751485268,173.27385264282702,94.51084506141603
55,328,45.29494655396954,10.568856547511745,,,176.38063608095268,165.0322692103151,102.80473725243344
55,329,47.30391592853011,5.21942516746731,,,178.68319738216712,170.05434677649555,111.55712653614675
55,330,44.27837819014648,1.0522340728484263,,,,170.66219599079977,121.45856053880686
55,331,40.43807831503819,1.0782056749358069,89.30230600634393,,172.86454501664377,171.21687008768663,127.95012108014912
55,332,43.60246599298504,4.2334182597414145,9.077360984512357,162.05596762431196,,175.40612426482858,135.22719561737586
55,333,44.72443825761235,7.952065116881756,,,170.12273937911317,176.23031890384163,139.52768607501503
55,334,44.322389925330675,12.911909336913444,,,164.89416601129574,178.28784267193356,150.80212663992995
55,335,47.4123895915392,17.018026151737804,13.939260929672685,174.52703283783325,178.55598674128217,177.78068975003154,156.1805521019374
55,336,46.858019942000915,19.356846968676383,,,,178.30135528301545,163.89478922270692
55,337,47.59086661626206,22.611872056599037,69.78022732943936,,166.28047055892725,178.46328328251963,170.74296352814255
55,338,47.951870241856945,22.450442588761824,,,172.72470648029358,179.55985893783327,173.79760656275872
55,339,51.93692570698686,23.28958872180225,25.87502305368534,155.37637327823325,,179.89785211384566,176.60849586213843
55,340,53.8968403573217,24.4619619128365,18.347313724454303,,168.94426910934166,178.73831174560345,177.6260856299783
55,341,53.03821398264895,23.810928194773112,19.145716061871276,,177.052385509199,178.67447801461242,176.6830823901559
55,342,52.36882336610055,23.300302502897623,16.664364269409056,176.24096679895115,178.01853400892435,178.54208426302634,174.6856440916008
55,343,49.2079919524697,22.971885692570165,16.01962846056067,171.853478532234,176.19390737450564,179.74538432296538,174.75936191165846
55,344,50.18444919780889,22.689217255347057,15.766034856260749,,178.01278963460666,178.19210387298904,172.85290799491307
55,345,49.1412007942343,20.182569347402342,16.71730204687424,,177.4443566904817,176.24134356940576,169.2136273717084
55,346,47.67766286021859,17.655060675911788,17.52731431319994,,173.27357865028546,173.86285598619395,161.5254489175641
55,347,47.972232048201384,14.893794665882576,24.434716057796752,,,172.13995141698376,157.1103210745409
55,348,43.033934561404934,12.014007081614857,88.6352867464058,,174.18040083326594,169.4736599161724,149.46683059495422
55,349,43.72915198026928,7.884411369274138,,,152.04725551227173,167.16397540854257,142.16728816227288
55,350,39.49051411456933,3.600733566059062,,,174.0882268862305,162.5089106511719,135.95498691033194
55,351,39.38729634286956,4.303416637185233,82.89377847598222,87.42209374821569,169.09105533573714,158.74063091754766,130.81086435295273
55,352,38.63763909020391,3.405811146529369,82.75761129996125,88.62180923885991,169.79315484152198,157.00154777482211,126.5154191795116
55,353,38.63445461407629,0.2065758282638269,,,171.66572944405956,157.3728781794412,123.69317760510296
55,354,37.6448292715203,5.3746069500333,100.00660137823544,66.51577973590085,,151.27562522851974,112.19703712106
55,355,66.03471108124752,35.70925100061429,34.28261221224843,153.97264265872363,179.81531612346956,173.50241993348712,168.2792040636826
55,356,67.0342356474464,34.39982117665385,37.553926926937294,150.54727701337612,179.7798659973118,174.20628566779888,166.351766649332
55,357,67.74347400839443,32.31289515792089,52.031881606108165,137.1092157943579,173.19033543985725,172.64978055178068,155.77839480003718
55,358,67.44681531574142,26.914518677023917,,,152.86349944257603,169.14043185527,143.2770047808799
55,359,69.40847460095542,16.409517132631333,,,161.55086955066412,173.59659759347792,128.51330568457536
55,360,23.293728380858067,25.719204499879172,110.45385536645406,34.288608307398924,163.73641900943056,152.8504373496137,70.3622579977182
55,361,25.95522740346144,21.93769115013733,,11.365037487987394,,146.60691471605966,66.99346733185132
55,362,21.62515182213875,27.636729833928353,,32.231057049380844,,151.02871922501762,62.70221701924763
55,363,18.415978827746347,32.071592880491586,101.69163202464551,59.09256296608095,160.89695105609167,154.3185004755917,61.34998759000689
55,364,21.757689540104103,33.00971949672275,104.32736459212,,,153.03784245229588,59.55284313334717
55,365,18.51631875736784,36.31065455763081,106.94659040135656,,,,59.79385147456013
55,366,17.59396626201437,40.65930644689312,,,,143.908573868155,57.09672683387869
55,367,19.82853630594836,42.80088359839745,,,,,56.69046785741038
55,368,,,,,,,
55,369,20.56657390922164,43.90764694081443,114.0470226827998,,,,56.71599196307415
55,370,19.45030456785043,41.38419765454063,,,,,56.62987216041923
55,371,15.23194229135166,39.20024132386798,,,,151.62792025568294,59.23294752493915
55,372,22.88052532458211,32.38149285451999,105.8702513287344,,,153.83040062868014,59.97984351626318
55,373,23.455273746549476,29.3177149340475,108.57013282403796,62.093953128660075,135.72470798509133,151.5866122601604,61.72894349379789
55,374,25.87938073004237,24.338024131110352,,,,164.5641819569141,67.25004926339733
55,375,94.65101944156756,24.65039069890743,11.33342044032561,,164.70938168228028,172.4096668960829,73.76365063360687
55,376,100.35445297764056,29.22301360639375,114.12076459596938,,175.7671987016771,158.84286797231582,75.62012482251039
55,377,95.115038440866,23.900277290824818,115.55997125558832,,174.72107830383567,151.67312268449967,84.20880267715718
55,378,70.10981673918552,16.84630263764143,112.77310604970116,,175.58866254939423,167.63251558634593,93.45229804198648
55,379,55.71507882436066,7.609283528840256,93.5775313553708,,166.00587257239158,178.4735837242489,103.7531381971442
55,380,51.97759382541454,4.67359270756466,,,169.33786218663136,175.33718739760727,111.90835772707052
55,381,51.97926391436092,0.8804119136508183,,,173.5909706171966,178.52843638203436,120.23667643568332
55,382,45.9356933939384,1.1368247595293486,,,169.87338685414127,178.49800959334837,126.71323453878836
55,383,48.28870398677475,5.840694692124812,,,174.43258534641336,178.03518021935542,133.78762366978924
55,384,51.966922439354896,10.83192288900664,9.026589104612686,173.2184106696045,167.1319763177639,179.26327903432684,142.50671762785828
55,385,45.12690874206768,12.969328123442407,78.9843561259581,90.68858655997371,160.2015067439383,179.67575853121605,148.98069401114296
55,386,43.195998066718865,15.444593642120015,93.74053828503398,,,178.03209162833994,156.91416473693232
55,387,45.13645571209127,18.124413836163303,71.6440510371344,,,179.07036215602463,164.64981398120096
55,388,49.04558288145304,23.36619846658291,93.82269549809943,,169.54676797280402,179.2345083346364,175.2726792774103
55,389,52.11828087763935,25.68318117636675,28.177050484321555,164.3068377648078,131.30471058828007,179.1148924337387,179.63787113317886
55,390,51.71661407508723,26.25865061971389,18.463031451928547,,,179.10878311586882,179.47097664070523
55,391,53.50591381291647,26.7166023747086,16.720339296278123,177.83870486302808,174.99458443513976,178.5020844207847,179.51543613445196
55,392,53.16259273399083,27.40370254973907,17.564873350336818,168.61835963535486,173.67849428593505,179.55528474592452,179.97774093708014
55,393,51.36604764266876,26.27738617268382,16.79703230276858,165.76444689493502,170.37664465442373,178.26270614727963,178.34366188949377
55,394,49.484138422402225,23.309593871037215,17.122392039578926,168.9424193907267,173.97336042842258,175.01220865095286,172.77272096531837
55,395,49.45253505264681,20.425430742805236,17.99032881089649,171.99787129579795,175.29803523799583,173.94386553970483,167.16469268769467
55,396,49.740114343143766,16.676122952691077,19.804803712829653,,175.66346932964663,172.6967181475108,159.91565677107283
55,397,47.382614785097154,12.57999863806322,,,126.5371850639786,171.0715339249682,151.35661991299898
55,398,44.88067181250914,9.25161598133347,,,155.94849003122965,169.00106676982548,142.6976407309721
55,399,42.3426644294939,6.321464997065653,74.70284696602607,,156.03965055045566,166.38453037070616,137.42451407022654
55,400,42.20925217829499,4.575721153786324,,,,163.6565100133014,131.15782682940272
55,401,41.52957974851206,0.489145604776995,77.20478867842617,87.24152350922175,158.8160803907755,161.39522330159238,122.3006825028958
55,402,41.83663903732554,5.167845932840464,4.622701892496716,159.15403115451255,,159.46650973024614,114.2532800043953
55,403,46.94571559784336,6.280264899378937,99.27338948206751,61.77122468224897,166.81145382857176,162.6563576968934,106.77825373726958
55,404,66.51030898075817,11.004174265679058,112.68313468162891,,171.85799276339336,177.38849236951617,100.61868417708756
55,405,67.33781157848951,31.030339879320323,39.91368936958085,150.44675508254463,172.44397665506523,177.55982037042742,161.5386296029691
55,406,66.29649760653317,30.834675172423864,,,176.53844772769455,177.56128333753196,164.47536689874113
55,407,66.8806418385036,31.1880136653383,33.7216072464342,160.0398727782373,179.24279368801515,175.9348372299017,163.35424644487543
55,408,65.61704720108625,27.90993033021048,47.2658895719485,149.99189230924028,175.52547983417128,172.76577094538118,151.71514937567355
55,409,61.07697406855065,22.374131371252204,,,156.30183415356314,168.17182567837054,140.6489142867148
55,410,64.42058287334687,14.759945634879443,,,165.18959439823584,,131.9201367005843
55,411,70.72097007631153,12.391832473763106,23.5225902235153,98.92764745524909,163.0214806787851,173.4944271491727,119.34453334558796
55,412,68.3882276098052,4.395064070303546,,,154.3051574502209,165.53510944169184,108.10464227545798
55,413,29.261066320815843,33.57436280897894,,,,142.81552312561567,54.52059266122262
55,414,,39.73703823616541,,,,,51.34843950122431
55,415,,39.50069991950835,,,,,55.159364849953455
55,416,,39.65608704445423,,,,,54.37381463747325
55,417,,42.47166170960066,,,,,55.545228694069685
55,418,,32.328110064183456,,,,,73.18014852142454
55,419,8.180296182245746,44.38371538478315,,,,,56.099525735834824
55,420,22.47563474257754,37.56927790694763,114.10084459639712,,,149.53898204371168,58.24881830732899
55,421,21.025143149631617,34.43992899369727,110.9752485368234,26.43760466193249,,,58.24310443630956
55,422,21.469309820888032,32.71040903705432,106.64438770853089,26.881579184196,,159.12092818437685,59.86070918567644
55,423,28.24814880221675,26.620991503329844,98.60790394309672,31.352495554126858,154.89753473372593,148.3400810618484,64.89169480151516
55,424,24.939833765353477,25.083261434859203,,,154.11776827856886,155.05670817227906,68.78463324935667
55,425,111.97473243385626,22.244318410427866,,,138.2646195892161,162.63710863944996,74.5344050549257
55,426,106.1702812020936,21.11267435631992,138.63974863092292,,,142.3228213508816,78.06747234069982
55,427,89.64344170340178,23.67344786972439,109.0446680207314,55.579283852455944,170.55251761549889,146.90661157972897,85.07332203234355
55,428,59.43446320356353,18.868134666173397,,,,171.65772172802528,96.10653727988898
55,429,52.68005704723063,12.122396190951743,100.77030995423304,71.80812302859125,176.88546509695504,178.7656762724774,104.9833806952133
55,430,48.233865575068435,10.491179707673153,,,,179.11716858619403,113.40012922249204
55,431,45.205572880165775,4.063531566174833,87.39994437397654,91.61762556632168,,179.03429875996983,123.47866664668226
55,432,43.19455717641968,1.4914795779945835,4.794449889254061,147.32219911589883,,177.51921178460185,132.1626653477511
55,433,46.61792272944237,7.754335103648807,76.16632662765505,,160.03682841315148,179.6947571878559,142.15269779387623
55,434,41.562302369942664,6.681333451850561,83.07730572342375,93.55980154851008,170.40362995737271,179.94794453909455,148.7253536667544
55,435,42.80049690418859,19.908933094064036,70.8745315990963,92.8623607265075,152.30569500173436,179.92785481648008,159.84991241882773
55,436,50.11098340774912,23.230323497784873,,,,177.31324959245492,173.29666807188164
55,437,49.12558355464568,26.409508869377103,,,176.7210270519626,177.98743694046692,178.92679134771464
55,438,49.56797789571911,27.187823013164284,,,177.35287301495248,177.16645402540837,177.67391451645634
55,439,52.60865714015308,25.743910024683867,,,132.4414689275565,177.92001100675796,179.4908575004375
55,440,51.67922991352365,22.970989995309157,24.78526323020503,,176.78912775066183,179.99996423309958,174.59708499350515
55,441,49.40145667382293,19.223512183989783,18.829014197647645,,172.5693280306001,174.80348060614625,165.00348390545238
55,442,47.076396662679656,14.69841662188296,17.222635837830303,169.6042931160922,170.5716189971227,172.97047172739954,154.79079750745836
55,443,44.94156117606419,11.551986610536538,24.210670793537655,,168.27823066290483,172.1148930319631,146.13632653709678
55,444,42.147267164162514,5.242465884643059,21.651353165475346,,166.84347022724288,168.2342578299197,137.14137777770628
55,445,43.86724705162317,2.8844644449635166,19.739876975204716,,167.06119195066583,166.23746661462508,132.657452246057
55,446,39.72525487206046,1.8940282690099737,87.97358724980553,,170.10058178925468,163.80063746205508,124.15163876109423
55,447,47.329675247191254,5.811552959381115,,,,168.96827111486212,117.66863218939274
55,448,44.718089349231185,8.179034776045402,11.998017946621156,,179.5579984667135,163.89112008065064,106.98816156807872
55,449,51.9941304832598,10.95740830180664,,,172.02782264569922,170.7485725223875,102.88800484093984
55,450,57.49019013442038,15.48388734989153,,,,178.01079472831012,94.21234452475008
55,451,61.727808350331266,22.873313263921016,98.62947232183446,,,177.48470733355933,88.68486837944792
55,452,88.85144970072228,25.46039164154121,116.87460005694288,,172.8758632277704,172.2563632568083,82.73334605115988
55,453,89.81712264037863,27.097375288076364,2.5528732727971186,44.51504290246775,41.94783398681783,175.47245265107622,76.98284258160739
55,454,59.183476698364125,21.147249627314377,,,161.27157329111168,169.44986558146942,144.8455629020907
55,455,61.33480579405462,28.081215346644193,,,154.16184639089224,171.9681296571123,153.9172296602405
55,456,60.754508782321544,30.44330806494749,,,155.50354314176863,172.94638109713293,160.81119612514024
55,457,61.32926900344041,29.982503466493817,,,148.10638216096442,172.68012927426958,158.66947086237184
55,458,60.57228092645481,25.19224121897771,,,148.63681417959725,171.88047525472294,148.40152706990602
55,459,57.59844748448651,16.227663674141365,,,148.63578397134094,166.92071410007446,136.45161543225876
55,460,63.18155291484384,13.10122790135914,,,145.87889412950736,170.9706197281805,126.45712873384474
55,461,79.28972803864403,8.931939471478346,79.28339406805829,125.94045974287174,156.23232406563952,175.97731600863534,111.53423098254493
55,462,,,,,,,
55,463,,38.225980808277605,,,,,53.64372545828307
55,464,,,,,,,
55,465,,35.917102051409216,101.822584870368,,,,53.75192722728492
55,466,,31.686974186559866,,,,,71.95633916193181
55,467,23.12241449050562,42.54229088967291,,,,,59.10829364488483
55,468,18.817549131067565,40.549853561241086,115.65989476340448,,,151.82565804423712,58.04026998602331
55,469,24.479917149676368,35.50401326142131,108.69557010381924,,,147.26686119726756,60.91925477378186
55,470,23.463958533647016,28.99686433398978,106.7290210182622,,,158.29790771854914,64.92899361060059
55,471,25.74114873697782,26.208493707988747,27.227784144242207,,,158.2470917767894,69.79229384448378
55,472,23.76062403706809,26.08886880765455,,,,157.12729320006136,70.29442481256247
55,473,108.6424701021422,23.861072299909907,11.400840978117651,170.60525382795842,176.21147718137084,174.69343933493963,75.86625065782235
55,474,108.51811079288308,23.834711372710444,12.39598901379935,171.91839874197996,176.44418370237375,174.7833258717065,75.62385255113234
56,0,39.24647009964974,36.56012337595204,15.03054646117274,172.24736455079682,,173.80892580738487,172.3842705339442
56,1,39.195857589869554,36.477856497048194,12.514502706919304,170.40085371118903,,173.761298620443,172.38858633107228
56,2,40.58611435777587,35.876997323716964,9.911794274319533,1.3603591768252203,,172.54056138323827,173.13494257297071
56,3,42.70345483924281,36.40848519977378,78.57268775474404,,50.50455829127818,169.44706134120264,171.58440809163082
56,4,45.22240270057134,36.126145485292646,81.01811591298437,9.032517120667684,53.52637874385593,168.388593968456,170.72830928060088
56,5,45.440156161787506,36.51698008365584,53.57308654694832,45.5583172409091,112.89215399322852,167.73864525822307,169.64470010113232
56,6,48.21700394224519,37.625282530515655,101.01487039314831,121.13814795336056,96.00407297516284,164.8539886422134,165.30586504795983
56,7,48.33220544915724,38.44181645779499,99.0549722871398,120.06413178174977,94.96576638103728,163.79159315362338,163.38120526891976
56,8,53.24966324421109,45.07743454800629,96.7307665181094,94.43351314437734,92.4858896754671,159.1008125774038,158.26629011154327
56,9,53.5476340316058,45.50151627585222,93.77331754017138,95.17281837680372,81.00959308704672,157.55063499614332,157.17187043416487
56,10,57.31951627388415,48.58959244532735,103.6191274905069,97.2209696545478,86.11676799692144,151.55532527473858,152.34125482104892
56,11,60.25645464867969,50.03829373013832,82.92884414171333,78.49450839522275,13.979012606102254,149.73655570085904,147.71354060903855
56,12,58.416088908852174,52.5349254817779,,,,148.7492732383125,146.93494371248428
56,13,61.31212209708521,58.73003495272209,,,,144.98214281500034,142.01474821730068
56,14,63.97656989577744,61.46659718786274,,,,142.91651380257375,137.93676773185516
56,15,68.78110573523965,73.08643674878431,,,,138.03219138711478,127.23478698182616
56,16,76.223787609467,80.79746627399,,,,133.5823407355005,120.0993100434878
56,17,,,,,,,
56,18,,,,,,,
56,19,,,,,,,
56,20,,,,,,,
56,21,,,,,,,
56,22,,,,,,,
56,23,,,,,,,
56,24,,,,,,,
56,25,,,,,,,
56,26,,,,,,,
56,27,,,,,,,
56,28,,,,,,,
56,29,,,,,,,
56,30,,,,,,,
56,31,,,,,,,
56,32,,,,,,,
56,33,,,,,,,
56,34,,,,,,,
56,35,78.06592314694994,74.16918424272507,,,69.60343772204875,134.1242805649281,112.76304519940766
56,36,70.6921816643017,77.00326857752619,,,,141.52650628222182,124.64079136466628
56,37,67.50914838252025,66.91331865636253,,,,145.51842530361182,129.25695393200783
56,38,60.98724650787364,66.02026862591742,,,,148.8875628689249,134.79489468329754
56,39,60.87628942115326,61.28606512292507,,97.00072240760524,,151.72019627551614,139.11078344218728
56,40,56.9435857377407,61.08953770459702,,108.909752584898,,153.50518831794727,143.07014066132925
56,41,56.35171958243703,50.47987157916034,123.31489775745877,106.47263818686362,86.83859514211413,155.9988823871581,150.79410103135163
56,42,54.407527503980525,50.30616818013236,111.06519892627747,106.61122665062878,96.63755300923022,158.29465006050495,151.32284507619224
56,43,53.554171023717714,50.29072693642189,113.55812256553922,116.46927110527402,90.60985445973014,158.90831691425717,151.90572364593174
56,44,51.764795970528,44.475501918447144,100.2903247966681,128.7433515578189,99.02293272149691,161.54923881132078,157.62831517519555
56,45,50.67017797899881,43.605351340086926,95.7738712780352,132.04228247275233,102.50395475222888,163.6654054733525,159.82013987765012
56,46,48.333116455867,39.5591132967385,,,46.25569288252347,167.11354147972696,165.63550398306248
56,47,44.54753127879613,38.059826561052226,,,47.10160534840044,170.0892754606947,167.54819323130937
56,48,41.52637410154587,36.24936690355749,74.91733841368384,19.95510355122794,53.45215049868395,172.79644908898376,171.3906022407935
56,49,40.23513913865869,34.92300962403457,1.420217511523964,14.565897035830124,95.19914470491196,174.62745438530897,173.30817014116278
56,50,38.01588773674562,34.03073016194985,67.01629858864192,25.52393037147816,128.73970234684268,175.75131703791226,176.4602770500702
56,51,33.686617315673914,33.50074500171691,13.74181479307579,86.9278463173707,129.17153801332196,178.808219572718,179.89647321716186
56,52,32.921734921429874,34.78992575538821,14.004461550281563,,130.99372608980843,179.29161438251077,178.7859567980367
56,53,31.13530294606384,34.86856769285216,12.367978616784743,,128.43358735545596,179.73793875800652,178.24441457425743
56,54,31.458505565823717,35.0589268790127,13.378130175097088,,129.64957709982275,179.22034072205273,178.6798192723444
56,55,32.836668310002494,34.16257429291822,11.314906061659675,,125.41265787153866,177.55082370071554,179.81626477202968
56,56,33.62747551977746,33.6591776110042,1.0336430836524502,,99.31999543618744,177.38837065318617,179.76899328482688
56,57,34.510912601632775,33.112683828970546,8.789871607184468,,120.18409042608089,177.2851978145077,179.84440785965182
56,58,35.34706398260039,33.02910704447115,0.4411800546563649,,98.02097485309616,175.8329558868822,178.22394456112576
56,59,37.26583135982486,33.25647744783833,0.2127444659302143,,97.79118507573982,174.51723378206833,177.69749481110543
56,60,38.896727984585965,34.0414236327236,12.4155678191612,,120.96722515051792,172.63762707502806,174.03948251397716
56,61,39.98180388842876,34.61786666133475,1.1743095969187645,,86.63453175368988,171.86864084671697,171.53868305419488
56,62,40.884258621722125,36.72137946311299,76.32865341066855,8.6855656435324,109.9327122735946,170.40081081342854,169.39788727108572
56,63,42.575192321096,38.72939620454051,83.26569878766163,13.855033639043429,108.03501982087492,169.86649031366363,165.63122364786196
56,64,45.525609483545296,38.86689444302844,,,36.460786813568134,168.39439785472777,163.76405906230485
56,65,46.92444737071814,44.11881246988928,,,115.26419774560304,165.88691344052614,158.23816667933008
56,66,48.67459664224052,43.793596734297864,,,100.17596709502575,165.3633444261254,155.18817306433766
56,67,51.062217013033795,47.9282591982404,112.1624922470176,104.73848062616982,98.5402328438758,161.88419893608247,148.8488069678504
56,68,52.15057259524447,51.03611913868105,116.55515798826092,110.19567616357416,91.440802433555,158.57913783066508,146.1496535956651
56,69,55.505710183153184,50.51390809711814,121.33878193389164,132.20073063579247,86.61924786664144,155.3911157689853,143.72665950190145
56,70,59.90163208907631,54.12018982795969,,99.49705790161303,,150.19135166276027,136.61334292759764
56,71,60.89828589543968,57.27273405089786,,,,148.73511700203292,134.24224733330163
56,72,64.75019798461285,65.97364632574217,,,,143.96593905538302,131.23925468499465
56,73,65.59570607835383,68.73552453627273,,,,141.83999620461967,127.3540227385608
56,74,72.58864976940215,86.59087058977252,,,,135.34648151987875,113.44914063022036
56,75,82.01070545670413,69.85733804670285,,,69.8529437408438,127.30016107831548,113.21378358375004
56,76,,,,,,,
56,77,,,,,,,
56,78,,,,,,,
56,79,,,,,,,
56,80,,,,,,,
56,81,,,,,,,
56,82,,,,,,,
56,83,,,,,,,
56,84,,,,,,,
56,85,,,,,,,
56,86,,,,,,,
56,87,,,,,,,
56,88,,,,,,,
56,89,,,,,,,
56,90,,,,,,,
56,91,,,,,,,
56,92,,,,,,,
56,93,77.34873124328652,167.68891586589325,,,91.38243700342062,131.80047653342208,108.45717813881063
56,94,81.53270595885164,107.17222812400011,,,74.11326275521961,129.3924181119813,102.94586393818768
56,95,78.56695621046435,111.0586485160217,,,,136.38226305422734,102.44138036558957
56,96,72.99665351711506,84.68588852904766,,,,139.36342909650082,116.1510099818544
56,97,68.19220745846171,74.56875889433014,,,,142.36425817944658,121.72590236309128
56,98,67.46388501501704,67.2347759998729,,,,146.91871265170928,129.03578000897045
56,99,61.95060388291134,65.18082888926656,,,,147.3788994372068,129.0466283545042
56,100,62.01949362294808,58.75993607703012,,,,149.67740571027568,134.48089421704586
56,101,60.69662215292373,60.01684532597524,,,,151.24442269684286,136.6726966870275
56,102,60.16009421899423,57.455951488950355,,131.50461896816844,,151.8043450899672,136.01148291122752
56,103,58.823630638659345,58.15938090453716,107.78517261101086,119.52483195549416,81.91041834118379,154.56274511748128,137.95699052142956
56,104,56.42117538726216,53.54116607811218,107.33936576930246,136.3281744857392,92.6478100376314,156.0615052078545,141.3790596100023
56,105,56.68763248718485,50.02142723813984,126.6002441454776,139.66247376757045,107.36386931573166,160.72858377723915,147.28370189347802
56,106,55.369555369765486,48.15624653567619,125.3972801241966,140.3639156147056,108.13078314104442,162.3125331154414,150.18846573195322
56,107,52.274548510374245,43.85591355960267,82.15890516685745,23.2551650381602,108.66684226684882,163.48685068577865,153.78401095788357
56,108,47.510148571374835,42.06065913467533,76.36988632253055,18.778837189535352,114.535249454227,168.8947194831524,159.66678015790157
56,109,45.55826673323676,39.11380623188777,75.15010271713844,26.966905206771877,115.07203894326376,171.1192273603645,164.1981509563465
56,110,41.594189960059246,37.18118937574837,66.76887563623399,,125.58406364780966,173.85546092842205,169.5435447163394
56,111,37.74707349832913,37.99262261079017,61.21022544181244,,135.24027253993214,174.64486195271988,172.9655639639513
56,112,38.4781213062272,36.07562081251782,13.655257390593606,88.30802613920164,130.53236610867194,177.69769018175506,176.2354458899788
56,113,37.00936957648769,34.336207801905374,52.26716068794787,87.07408266393466,147.07198953254317,179.2773729362686,178.37695910277412
56,114,36.03571036617373,34.70955216606018,9.400892919538464,88.07609131168674,124.7232306318118,179.3325095363888,179.0952629602776
56,115,36.10541915591049,35.0132748427478,8.86247970965371,88.8833406210312,123.8650306545409,178.98531425401504,179.03952173813383
56,116,35.6923421430142,34.97705259522278,8.956470347705846,88.68264121517808,123.7370853316102,178.69090325479905,178.6381644881088
56,117,35.84650103813513,35.88771844353991,11.741974735465616,88.85570478121127,127.15699310983032,178.1938122656657,177.30239667495522
56,118,36.10944284740304,35.72369870312947,10.655153474801256,88.87584582680617,125.54564609306836,178.12144014754594,176.72092848286266
56,119,37.95296179059349,33.815790344310706,13.59649120844876,89.19768808635041,128.8401035758861,176.79370961150843,176.4152044537792
56,120,40.27200728656975,34.93059768614235,18.06021643363472,,133.59242578884096,174.3656207342318,172.51606989903902
56,121,41.33547387943786,36.75294819941506,65.56198755017233,,125.8187536495782,172.9201795844791,170.4413003558196
56,122,44.458910292691854,38.498344459070495,24.40221083104677,,132.71531102543744,170.41751547485256,164.6856354217611
56,123,46.60253823102182,40.754339867566415,74.66652070990887,,116.3545780443572,169.21376606466362,163.5828418910308
56,124,51.89418724113507,40.267839015093976,108.64563149561025,156.1659469195913,118.02437936332768,164.747638757131,160.25866212834086
56,125,54.17577752567258,42.53638823705982,118.13443798813256,151.3855478151978,110.93456978668566,162.42781849222897,159.41697064687844
56,126,55.76102252542947,44.63854372774739,87.77617358797679,129.0119058873189,144.3241334030468,161.33810680691133,155.11553335801662
56,127,59.20175292377812,50.56026209568208,102.05660882412256,115.31392234029929,94.32016338072891,155.64339297849824,149.46827847624306
56,128,58.73353439621195,53.423684309246944,112.52802064855746,120.82556205428077,85.9504913122716,154.1483138166427,147.2685318789418
56,129,61.65936981933813,58.55428748125414,,,81.71433344487481,148.31651697072397,145.19589451460834
56,130,63.57529587764662,59.13057490655924,107.72467562313123,110.34919084333522,77.96245102158316,147.41138803630196,140.70734313807668
56,131,64.40356912791796,61.72266974832685,,,,142.6958581074208,136.56251411493358
56,132,69.3935262097804,67.34238157289582,,,,139.66685059909636,133.143372996714
56,133,71.19981806969895,68.12437017935098,,,,135.9909914634042,129.0750984471493
56,134,83.87390231528217,76.0057225744919,,,69.00426979508377,125.31533210249732,119.06319239080864
56,135,,,,,,,
56,136,,,,,,,
56,137,,,,,,,
56,138,,,,,,,
56,139,,,,,,,
56,140,,,,,,,
56,141,,,,,,,
56,142,,,,,,,
56,143,,,,,,,
56,144,,,,,,,
56,145,,,,,,,
56,146,,,,,,,
56,147,,,,,,,
56,148,,,,,,,
56,149,,,,,,,
56,150,,,,,,,
56,151,,,,,,,
56,152,,,,,,,
56,153,,,,,,,
56,154,,,,,,,
56,155,,,,,,,
56,156,79.5402346203822,80.1560261646853,,,,132.92525780872825,119.62976609476743
56,157,70.44795019441136,62.25202110376989,,,,141.44036209531325,132.41994915962874
56,158,67.41421311972478,55.92077529946648,,,,145.66425492713967,135.3460856619441
56,159,65.70253826154755,55.27651035416462,,,,147.972239836643,138.3755611574542
56,160,62.19722978612481,53.28077284281361,65.54418090749827,41.52470717931961,73.52749768997039,152.12556728480345,144.7525131237797
56,161,59.70243371512832,50.86390720853673,,,,152.2299682028224,145.2855659838768
56,162,56.570034265363006,49.924585791215065,111.92051212024876,122.77567668373106,75.3212126760483,156.50195941019618,150.17211220253168
56,163,56.201784577569775,46.95947568430029,94.6952540973845,141.64541297786707,85.4765619517605,157.29505556485137,152.3727274392256
56,164,55.19920568356173,44.23856367785119,105.2658016713576,128.36452180554411,78.40414324693977,159.35467749856107,154.88725445647995
56,165,50.98082036523145,41.14611944398937,85.34398927994417,18.973870982246364,37.658852016851554,163.62446833208818,158.9269558239369
56,166,51.87097719345499,39.261333958779865,83.76144385520719,20.44705913495615,105.84909685607232,164.53248274457954,160.8807785422861
56,167,44.02778045435782,38.77534338410376,26.958719727293243,22.11456885965334,127.35066328188113,170.9674096773553,165.17371179081638
56,168,41.754754367993705,37.89316470166627,78.61601835308878,15.182294452161504,110.69641451006432,173.07257957377098,167.74499411203476
56,169,39.73182199734133,35.30963046332855,66.37725462458359,,126.4092092012406,176.03072511776463,174.09687601035222
56,170,39.25803077526771,35.676228011287016,57.06416793935724,153.2386231681824,143.66629627610322,177.3208539372589,176.74471881963626
56,171,38.17642520984114,35.86814625676746,55.57584308172826,,150.75796363704896,178.37214428793385,178.40499816396672
56,172,35.341334899571905,38.080949827127704,50.588207971262115,153.7952610201788,154.02419912180957,178.56399933574716,179.9229503975241
56,173,34.865298404873805,38.44449053106136,50.677574148820504,154.03115718430854,153.5706663841693,179.06555752075909,179.5140113516885
56,174,35.05096636188627,38.86116941096312,49.58799854527324,154.26931608161692,155.99428098269266,178.8234110164212,179.45070272794254
56,175,35.1473350757059,39.18412875457197,49.443261865503466,154.46619433591647,156.00503899769586,178.81542653496382,179.19055477006825
56,176,36.47590373983616,37.95392103691984,50.42854582736851,,155.12004001434124,178.14758145774974,178.93031728768457
56,177,37.80340922544072,37.371051018483506,51.89324032524114,,154.21097018175703,177.91376412324678,178.29177197227884
56,178,38.52357262631229,35.56763170347597,54.919601154452046,,150.8578581481046,176.70629736364663,176.7127320795799
56,179,41.93451944972666,34.826491654029134,63.23732085497983,153.98351220284223,131.9902791770018,173.06541046785847,173.93164035974416
56,180,43.204003279873184,34.73764315212461,67.69903888568011,,124.76431636388688,171.8585681296628,170.79564164791657
56,181,46.2793811096012,35.34787438483643,76.01357444474482,,117.72219541422182,170.25666698915853,166.41093529952357
56,182,47.98764380503495,35.999028094856676,81.45643931167069,5.1738175985505235,108.7460315209639,169.34362598202512,162.46547919884048
56,183,50.08256339997716,36.296446358932535,87.43317304040414,20.41713116732947,106.95066460723908,166.56937020881796,159.42028105747897
56,184,54.97114056349022,43.78613951868478,41.46587464853667,22.39904614553955,110.67789717004398,161.69328486559718,154.64317014469262
56,185,57.475405718561,45.94654965270215,91.4568748840152,152.6102899769368,92.08373602996603,159.66577216875098,151.4757143060588
56,186,59.46479680157037,47.6508148874992,120.6669377590632,117.45884568239124,87.4519983124505,155.87971321102202,146.27458096531717
56,187,60.7953323189069,48.51072346345644,119.79941378606492,103.7021488071764,152.0038534819951,154.14455846125364,143.5309914428447
56,188,64.95590474985079,49.84414215938192,122.51708045077886,118.2451853002604,97.21356530854806,147.98428701875622,139.95960458940905
56,189,62.61276100332143,58.074637877011504,,,,147.15842865767647,138.8673055163461
56,190,63.382163751325734,59.022782347275374,,,,145.11154239416643,134.26640162911323
56,191,71.59109649654128,65.74735638035968,,,,136.90739956179416,126.5872637055014
56,192,74.70902052942947,68.00325698671887,,,,134.870425271383,122.25612978371495
56,193,83.78760192111616,78.54221585305314,,,65.26423693524642,124.27990055115336,111.49893444933504
56,194,,,,,,,
56,195,,,,,,,
56,196,,,,,,,
56,197,,,,,,,
56,198,,,,,,,
56,199,,,,,,,
56,200,,,,,,,
56,201,,,,,,,
56,202,,,,,,,
56,203,,,,,,,
56,204,,,,,,,
56,205,,,,,,,
56,206,,,,,,,
56,207,,,,,,,
56,208,,,,,,,
56,209,,,,,,,
56,210,,,,,,,
56,211,,,,,,,
56,212,,,,,,,
56,213,,,,,,,
56,214,84.29257338053043,91.87899752245876,,,,127.8350519646191,104.28833745278706
56,215,80.33363246782649,78.87084452853802,,,,133.61673940948188,110.42373168872668
56,216,76.40027000492633,80.29081773369069,,,,137.74490846052458,116.78037926415406
56,217,66.64739204689253,72.35912778142927,,,,145.33300988088624,126.86504677439136
56,218,66.35817728277361,63.93747157962839,,,,146.1640443003377,133.0287448462572
56,219,61.966992491444046,61.72424662894201,,,,152.01534970978784,136.13226514515074
56,220,61.08773925004736,61.98840521925635,98.04469059941007,123.8519905793169,92.29730519773962,153.21279554688448,140.4625069720735
56,221,59.57611453484855,55.01466965601186,,127.94931247295465,,154.13475898031444,141.635511066221
56,222,56.75166921131876,54.03825111215717,112.97411034013,110.51389004998872,78.76506496104015,157.92321004941854,144.029001941766
56,223,57.441089628155105,50.57618451985942,102.13730944461382,102.2735309735372,90.39947481155951,159.0586321228487,145.28500467667357
56,224,55.52139982499888,43.25882366474225,41.13190605491868,19.897604914224768,100.59560963199816,162.40632208459792,149.8763731655244
56,225,53.57497381957386,42.0830183409645,35.00715251875688,35.19335523675497,108.9400864848532,164.77081714874905,152.0693230096499
56,226,50.59408544080215,39.90554928002849,81.06285066761401,166.24881803882369,48.120637057982265,168.39454311614475,158.17539471407787
56,227,45.644627316917465,39.95500723911717,22.14489206029753,,,171.5509092615704,159.5788443270426
56,228,43.9882177707312,37.00679419869682,5.981838366567205,,,173.18890532457002,162.72513298367343
56,229,45.32614639927719,38.42285177404979,66.81210012526356,156.27564390026615,126.92132219527817,175.51710806883756,167.66818187453856
56,230,42.39199695764353,37.177824378982685,65.66658446819277,,130.96435433578176,177.2583903346693,171.49883468843703
56,231,41.652427140063715,23.566247883616676,60.73518548974133,154.04881848376496,144.75864422851154,178.8131716574822,174.84818025681446
56,232,41.13931085653374,22.66279666784727,59.30554356392178,154.28271046200013,147.85555129552546,178.5942277468246,176.81992251879785
56,233,40.57941826507289,22.553495725092095,56.880831309898426,154.47185293063882,154.5616578576048,178.83306748810926,178.9303584876466
56,234,41.93961872712422,22.017499855085255,55.13401444040571,154.54562441182404,156.21445275349947,178.75318031009462,179.39159772062234
56,235,41.3553748857401,22.17125276972607,55.54873356049806,154.99430086356458,155.80559884287436,178.6756291605911,179.18987165400537
56,236,40.73914158170652,22.034106259710057,55.6817972111902,154.33672531958166,155.04753659393637,178.13625247136972,179.66606406573166
56,237,40.93530009672853,22.211992176937297,55.38568724416452,154.617705708658,155.09119785932592,177.97489750121454,179.7092422214935
56,238,41.01682761519819,31.78672251667179,58.26434733424376,153.46139736510983,151.46006244985062,177.81655894229894,177.97544023577905
56,239,40.74667089508522,32.77157659082713,57.92688445673178,152.5072017274675,147.1311363420562,177.20663988966288,176.81990772057534
56,240,41.56523589465535,33.124926060919094,57.39458868522272,152.8842542399866,148.54085548345668,176.4651113176089,174.54486492087605
56,241,45.05190181273735,33.50879958393794,62.84290085899142,,135.67300296882985,172.9482700543998,171.36639077981732
56,242,46.73147659498655,34.87615872686458,68.09762459599595,,129.83571210947687,171.57295456700075,168.3238377322398
56,243,49.91804348160373,36.15308050718474,78.08817163650595,,116.43267191809984,169.66668876089508,163.39645174286957
56,244,51.027990835054574,37.611070405401314,85.81195001783502,42.57361259816369,48.98901105185051,167.20504631497167,160.10479357462168
56,245,55.23434132846532,40.989474720133266,,,100.93174656561068,162.47550675003325,155.86827166791238
56,246,57.28238058460892,43.305935055195825,101.94948824712448,121.95194412011816,97.23216482689422,160.32596597394135,153.1737108622914
56,247,57.01151008623187,47.93613579726932,106.56259768038936,111.19059254790328,81.89112986098897,158.4257738877248,150.38182112680332
56,248,59.91647684307297,52.24957904293685,111.44619893065808,100.57334952244922,92.8724700336001,155.8574247228567,144.16903434063474
56,249,61.48190640977162,53.15119024932056,119.01157425618445,126.449557630778,75.4147616030992,153.2943604284644,141.61352705717312
56,250,64.57695077764316,59.921915577110745,,,,147.45448806075896,135.8391320651697
56,251,65.89158995208876,68.81842105476034,119.5828862297838,129.4352105477242,,145.69716671718996,132.2520301566465
56,252,70.91422251689934,80.08488745232992,,,,140.85012864466546,121.73821708502692
56,253,75.95510023650772,74.32237577599322,,,72.7811418628437,137.87928531266587,113.80796992230862
56,254,,,,,,,
56,255,,,,,,,
56,256,,,,,,,
56,257,,,,,,,
56,258,,,,,,,
56,259,,,,,,,
56,260,,,,,,,
56,261,,,,,,,
56,262,,,,,,,
56,263,,,,,,,
56,264,,,,,,,
56,265,,,,,,,
56,266,,,,,,,
56,267,,,,,,,
56,268,,,,,,,
56,269,,,,,,,
56,270,,,,,,,
56,271,,,,,,,
56,272,,,,,,,
56,273,85.67349509806567,81.14406437026011,,,69.25703932744439,130.99922969603847,106.69445569305611
56,274,72.15178309769176,83.54996459864823,,,,141.59031276807173,116.44336867095838
56,275,68.82805472275167,81.20352444428745,,,,146.89957914020707,125.00280674146428
56,276,61.51604360199218,65.031555636533,,,,149.91755429743193,129.5118557384545
56,277,62.05397578229039,58.648139982802284,,,,151.48377179761985,134.1544563069353
56,278,59.48094272279314,57.83983151581991,,,,152.844076092987,136.43783053122763
56,279,55.18823731257607,56.41229334147113,,,,156.61701053846863,143.57829384798958
56,280,55.13978638202656,51.933500507088574,112.95988509000438,109.62576872564986,85.5018006455038,158.98782591166872,144.44457618917315
56,281,53.949246914216616,48.47054560924059,107.46068598821928,134.7989126416822,90.20672358904996,161.07888288157673,150.69947277167824
56,282,51.677726089914856,46.13175732494711,100.1475645530469,143.11294816351517,103.31275691463782,162.82338053492967,153.77022740678774
56,283,47.739263195584066,43.50104020191253,1.2125477934587594,136.06965423632585,8.131434170522384,166.6904933664674,161.4823787492503
56,284,44.70876291654058,40.49397263504176,3.9201426450775663,159.05370473008497,,170.27398333305686,163.63413281318546
56,285,43.00250153251586,38.80792684918282,2.70424361166479,97.99599504659196,,171.9393465558934,166.05357812645994
56,286,40.534460123340665,34.87379765673976,2.4107341042940105,,,176.3727450762752,171.51801667050336
56,287,38.328626777248445,33.34421146018122,1.0010699739556372,,105.767576864813,178.200457752169,175.39640032090966
56,288,35.15674040026634,34.30290780593617,1.1689071945224736,,107.73783603555054,179.47062713688948,178.85021467921177
56,289,35.58087973630934,32.048698737633444,60.69319009821321,,141.31919065926365,179.36809661734563,179.68440895209963
56,290,34.42093697685233,32.54834815654963,57.25308089455898,,148.2317533976753,179.98567803794668,179.31375413756058
56,291,34.42008489125565,32.519093420143435,56.16252706504768,,150.60845729769943,179.40314335573456,179.44678033036567
56,292,34.68521486208402,31.854762585999527,57.37370470085549,,148.569367020779,179.24383422843167,179.31864396239982
56,293,35.2961130628469,32.43746598399628,57.61900890420241,,147.31247809578832,179.6963186265331,179.33944393301817
56,294,35.698250505995716,32.83612665654074,57.16251843792492,,148.0955141693511,179.77928341243882,179.56474037934626
56,295,35.339702782207695,33.2506247735372,58.83833971798289,,143.28307230504302,178.83766942021333,179.66232895227066
56,296,36.33379171011198,31.915433328039587,60.09979001318799,,143.18251658645764,178.86379998569714,179.8535502786135
56,297,36.6273303554517,33.07570169801849,1.4380155448971597,154.3289528594993,,177.74152660386326,178.28055603075975
56,298,37.62952177653256,32.5265598289464,2.007439508396551,,,176.9696119513633,177.1527250976538
56,299,39.02766611888717,33.62264131748174,0.6320878791855666,,,175.69634418716615,174.51898493004424
56,300,41.07815321639483,35.74936887940809,1.576279763813362,,,170.51413645627474,170.751758784211
56,301,42.70269700684635,36.36679457728647,1.9669177810181089,,,170.02077661934416,168.76798402086283
56,302,47.462618830265995,39.0712040984843,1.8281440461988028,135.51389934182143,11.99956013146176,168.332067719283,163.91836941596844
56,303,48.483858369118494,40.76754601621662,,,98.94899301077731,166.1684976693595,160.01253169434673
56,304,50.846486418681,44.62966589257278,108.17439987040474,133.8339213322877,80.91851435989942,164.37188156915556,155.688227905546
56,305,54.500711922306905,48.3778665745328,111.10970009105924,114.66786340477998,97.50044400477675,159.92793252613458,150.02259397658935
56,306,56.11690418773742,50.035238243245715,118.7303998539354,137.5724856993386,,156.66107265312976,145.658295961417
56,307,60.05269983186875,51.585074415040786,112.11756119955588,,,151.3178688194324,139.2202598567686
56,308,61.01475932016408,57.222549868431145,,,,148.16322904999555,134.85115687157568
56,309,68.53403360809459,69.31761426251384,109.2074483125876,,,142.62586220738666,129.04221260005707
56,310,71.37726347206288,79.95271897497685,,,,139.04870836835786,123.6828113163173
56,311,73.43784965725014,82.65958684025432,,,,137.2531101719681,124.08969683896429
56,312,,,,,,,
56,313,,,,,,,
56,314,,,,,,,
56,315,,,,,,,
56,316,,,,,,,
56,317,,,,,,,
56,318,,,,,,,
56,319,,,,,,,
56,320,,,,,,,
56,321,,,,,,,
56,322,,,,,,,
56,323,,,,,,,
56,324,114.37353983674666,107.0290061119954,115.29502524845137,43.23331613977356,48.979370757187155,88.51170363385745,87.73010260239516
56,325,,,,,,,
56,326,,,,,,,
56,327,,,,,,,
56,328,,,,,,,
56,329,85.34278440458209,90.6984009005608,,,,127.00834356383984,105.4872098119382
56,330,83.5798057536074,93.680247874734,,,,129.53363035889552,105.27702647057944
56,331,72.94329116441176,81.47987563430036,,,,140.31968762856326,119.94906618257592
56,332,71.62613315108423,71.32623614431104,,,,141.66331167121294,129.6908394284787
56,333,64.84887414989886,63.20092177127437,,,,145.7447317737097,138.55349386082173
56,334,64.69749806776521,58.41394582682533,,,,146.5756292225781,139.7063180538019
56,335,62.63212261892737,54.88430081402794,113.81332385075692,,65.50393975265642,149.0241064750275,143.11831855141392
56,336,59.233280082286925,51.78897533424938,114.96134254326968,122.25540027562042,79.58625580046441,151.69866293528932,145.6734339719417
56,337,56.83536332486278,49.50292254045183,113.06327225385128,98.83827448054863,89.29810819552526,156.5606264840099,147.54296282422862
56,338,54.399511111638205,46.57238263034231,102.39141329263111,125.99723345003908,93.5776566898234,160.20604955448113,150.82323673200034
56,339,52.71205607805249,43.48939251597729,104.10664133020312,113.8122291262582,78.50908868187723,161.68325149337088,154.75445684935085
56,340,47.00737386716175,38.3923568965711,,,30.29233350253868,167.67550488846737,160.3295587337071
56,341,44.778726420914026,35.819722451800324,,,,171.34537004737058,162.71038942720628
56,342,42.79363868942351,36.19091645760229,27.63011749767022,21.455187847872793,,172.30739845474574,166.48086387429842
56,343,40.066203528149074,33.579086885610764,20.91915986827768,,,176.57818427583587,172.98901573607384
56,344,37.23057261613863,32.91893879967882,14.847055052486107,,,178.07252443552426,175.55990044335798
56,345,36.90978624364192,30.893389341990986,59.62855182051916,,,179.50685923679538,179.25670677253913
56,346,36.192420356571915,30.736660354129135,5.32704249977873,,,179.9516972809795,177.9060908049378
56,347,35.62841254165467,31.21543422448328,7.232720581742509,,,179.95180974475107,178.03774779670442
56,348,35.72340655157695,30.952567554888724,61.125934798847304,,,179.7049986941592,178.09233542009662
56,349,35.78398402266908,31.251313264002206,5.723878733045201,,,179.5720347926068,178.29645233332926
56,350,35.717611841659156,32.11018702030498,5.557628656563463,,,179.40075266352454,178.75377934561942
56,351,36.203823135120146,32.65283175136273,5.127389881164885,,,179.62534193607698,178.73217249696395
56,352,36.19587874168948,32.7223542747002,5.56179034465153,,,178.94882369301322,179.16577538374355
56,353,37.03822171861437,32.1853746370371,5.713112147683952,,,178.55569978891097,179.85188477903088
56,354,38.069716142622866,32.315968510028085,4.245499947668867,,,177.38485375119143,177.05914404059033
56,355,39.49267379528124,32.53473150476939,4.402387010371908,,,176.31528111406496,175.37882244401263
56,356,41.02395063490146,32.82348996191911,4.831178356065041,,,174.76271415210937,173.3030518369158
56,357,44.38332083230517,33.98517558407434,83.08554595059053,76.22975150900659,,173.17899875216423,168.07743058010695
56,358,46.21302196549427,36.51734973684763,88.26015423131547,20.47706962121817,,170.8010518140737,165.14267928661795
56,359,47.07695785366056,39.91127463121145,,,,168.06740886482828,161.71056218405323
56,360,49.498832725527194,41.0349011772516,,,80.62650423919747,165.52162834349585,159.87896317142514
56,361,49.98870450912437,41.524987557919914,124.6663689141685,111.92250860299148,83.30849883833328,163.8474229692327,157.24191107053437
56,362,53.75544965292998,42.68484639743875,100.91756927961907,116.54618560715008,95.5056599702533,158.4569039393821,154.05438056083486
56,363,57.04408641248488,44.474553961468665,,79.39359591124447,,156.5268881230624,151.12257354558167
56,364,60.19280842342925,46.3833406975305,,,,151.77200307688932,144.6471677136669
56,365,60.121069672878065,52.68552625079278,,,,148.44110897308644,142.13914951900318
56,366,67.4007356325245,59.400174615627826,,,,144.17597177444262,132.95300361348257
56,367,67.71238905321738,64.91520813622554,,,,141.5752104286112,132.06582678763726
56,368,69.23003480962636,71.80717855833034,,,,142.1244195819541,126.41297374243868
56,369,73.64384957916174,85.03502173010969,,,64.28376413189096,133.22981262919973,107.43248868205067
56,370,,,,,,,
56,371,,,,,,,
56,372,,,,,,,
56,373,,,,,,,
56,374,,,,,,,
56,375,,,,,,,
56,376,,,,,,,
56,377,,,,,,,
56,378,,,,,,,
56,379,,,,,,,
56,380,,,,,,,
56,381,,,,,,,
56,382,,,,,,,
56,383,,,,,,,
56,384,,,,,,,
56,385,,,,,,,
56,386,,,,,,,
56,387,,,,,,,
56,388,77.9835213753644,89.81576085998918,,,,135.8640225892088,112.09503497423262
56,389,71.49789109804776,78.2257173703644,,,,139.468754160342,117.3837397958128
56,390,63.9634142021827,64.21318907616863,,,,144.31515668599212,127.63379853981802
56,391,63.502618592450766,58.44977801906149,,,,146.80524404101848,131.29102704394265
56,392,62.57043074549616,53.80099362793979,,,,147.0408357292589,135.88237069711545
56,393,61.61187678933573,49.814392201920015,,,,148.85421061836053,138.67411221818534
56,394,59.44925607524679,52.93644132428098,,,,151.1166788904889,142.43579083456925
56,395,55.51787769168179,50.137119333510405,111.26557825659444,115.48076681590813,80.40782163274011,155.45342417974587,147.06699797033644
56,396,54.77114137807427,48.18918225781735,108.21083460281504,140.98863915543998,83.59775701764448,156.9627488839619,148.0122618031207
56,397,51.624327355488994,43.00716170610447,41.379551972200304,9.447837777976009,95.77490552275856,162.036482990609,154.8674256024681
56,398,50.013864624855785,41.88966416710633,75.08929740656151,86.82097550502716,35.26196946923442,163.69041313339645,159.3283876351467
56,399,47.10052156085589,38.54581675634227,80.22989519647548,99.63439123306505,35.72831519469276,166.5250119502061,161.42874709684838
56,400,41.96569234514992,35.215330207649714,75.94372074149396,8.462016749855337,43.67446384709183,171.8684274821216,169.8662756003732
56,401,40.40878421138657,33.956405971949344,32.6026285280141,,,173.74253251529743,171.99394331312988
56,402,37.1314737347684,32.93066021514608,23.326852615985615,,,178.01564470696857,178.88723298988637
56,403,36.53516509333718,30.113318652529596,61.46022829629283,,141.18815004254677,178.53638569274185,179.43790520819374
56,404,34.423795065535266,31.428880363733192,12.162456526025766,,,178.53607659346818,177.7707828075767
56,405,34.847325975152714,31.696577145637615,10.958471927401437,,,178.36171801962115,177.8757750324152
56,406,34.76878253034959,31.738953621049863,10.684508858824826,,,178.32223468178435,177.75334729979443
56,407,35.24551261267974,32.07384641420952,13.4009913135884,,,177.70604771830654,178.76707812446162
56,408,35.094243960380965,32.30586016618684,12.124830534869472,,,177.8574466207348,179.187857497905
56,409,35.88487592104075,32.342737389590994,12.69571051032333,,,176.32801088291717,177.98567690226437
56,410,37.23627599894067,32.725226584767896,12.506956894110226,,,175.1134354780443,176.24964894893552
56,411,40.520710493645936,34.552927240777734,21.649217146585908,,,172.62786678891058,172.72129826778553
56,412,42.20075963189586,33.50041187865149,32.009543251928186,,,171.15766330790217,169.57138406351424
56,413,43.73396923603335,34.41722272308975,80.19336388642778,2.1266073960697143,40.2565810292229,169.33700388472832,168.01752063280517
56,414,46.91911722613656,37.29912661172352,89.31014413764612,15.609676806941378,,167.37965670998005,163.2425146219608
56,415,49.147262085223005,40.23683277876044,,,35.295288450939985,164.86598138444378,160.82930268080997
56,416,52.864340746429534,45.242944007809406,,,91.7949134829954,159.78767545345795,152.3896658512694
56,417,55.57838727173612,47.19197041088127,107.73703069589592,139.29763970707137,79.255150415118,157.41672171267228,151.07086969972949
56,418,55.07198820084863,52.50926955047262,127.89232680291686,110.4897285036222,78.30832470863552,155.8137116356035,146.29229943418994
56,419,60.82026366604715,54.726146959289125,133.24955382176773,125.55382590791514,69.50228277827664,149.43370310001336,140.858286688297
56,420,63.99288992732841,57.69806991052435,,,,145.0553037491197,140.2863628082477
56,421,68.18607839525768,66.46207624219792,,,,136.48155085411767,135.39450641482176
56,422,73.17539626926042,78.24135672798705,,,,134.64434763340873,132.72342985185844
56,423,,,,,,,
56,424,,,,,,,
56,425,,,,,,,
56,426,,,,,,,
56,427,,,,,,,
56,428,,,,,,,
56,429,,,,,,,
56,430,,,,,,,
56,431,,,,,,,
56,432,,,,,,,
56,433,,,,,,,
56,434,,,,,,,
56,435,,,,,,,
56,436,,,,,,,
56,437,,,,,,,
56,438,,,,,,,
56,439,,,,,,,
56,440,,,,,,,
56,441,,,,,,,
56,442,,,,,,,
56,443,,,,,,,
56,444,,,,,,,
56,445,,,,,,,
56,446,88.76881407620824,76.5532128508874,,,,121.8040823163284,112.5376124221548
56,447,78.69236029838022,69.43500066758372,,,,132.4391530962921,127.98407398019704
56,448,71.62684029293409,65.15024747952867,,,,140.853452797695,133.99977524975571
56,449,65.38646413891558,61.45577823059008,,,,146.1024769907795,141.36555902720272
56,450,64.05951437107942,59.42721561100084,,,,147.03742911153023,143.78902571682391
56,451,62.23152254771824,54.046264752919186,,,,149.45908824461264,147.0352031138132
56,452,56.70253581313825,51.009900791840266,131.15786676447024,117.80061811660772,74.48767716428245,154.0546456777355,151.7144124993281
56,453,54.60663843833685,48.9307831578506,,,72.41738020593836,157.05247764885488,154.31352630553914
56,454,52.66409846149183,42.33666335551327,,,77.27941486892544,160.22673031661571,158.55163496034487
56,455,49.945581792265365,41.80087980772324,,,97.04258607611108,161.71826138447324,162.07185318735736
56,456,44.21438071096284,35.37948066343336,85.98550616796174,8.070539530546133,38.62145391847983,166.46932812000705,168.26762295999202
56,457,41.816441105919736,34.54507041808092,80.92483651743575,0.378925925843677,40.48672416642535,169.28418764328944,170.8672493711665
56,458,39.09200499509502,34.46886648424205,1.0824639444393105,96.03883506873538,10.787423660771037,171.51969181523705,172.4151241377699
56,459,35.24256951186311,31.61306558821744,1.5446989028587974,11.053299377249036,,174.84619896727614,176.66421299237675
56,460,34.97576774120454,30.603428199708834,10.11018177303034,,,176.67097250414375,177.7421601028744
56,461,34.3383933910086,29.01782318979695,1.714098421061361,,,178.15066457181524,179.7163303214281
56,462,34.29614459707489,29.682854180477477,2.7143812975581043,,,178.23102768884294,179.87218769642166
56,463,34.65183104516741,29.276131071696778,1.2056871139713292,,,178.50247013286793,179.82779865971384
56,464,34.925147109844005,30.52755398683508,3.288177522460398,,,177.95521470612377,179.8645870154908
56,465,35.21122196365287,30.6747716006453,4.046949216059983,,,177.87773322495624,179.75760445232368
56,466,38.83842016043525,30.80650603734466,7.190714815001053,,,174.5943045917551,178.1430012181827
56,467,39.68301294805651,29.988873354429906,5.32517847246679,,,173.4419069727213,177.23034073258762
56,468,41.8302194850203,30.263677633328776,0.3859606570537388,,,170.7517429065905,173.7487608422813
56,469,43.186011440404144,32.263927707287436,0.122786554680506,13.24225272629764,9.117932956358212,169.63741933919252,170.31871997393878
56,470,43.59747449941154,32.777360628628145,2.8322388214982728,20.164481814397742,,169.42467085574816,167.79406657530825
56,471,47.32873007738909,37.646126029146465,,,32.81602758708593,167.8464036311099,162.62244849389768
56,472,49.66907469660281,40.06929426084304,,,110.55210840470303,164.88273695629363,159.61691908858847
56,473,53.76516949653235,45.016078194195615,103.11288924947377,123.48386304418796,97.84474468803276,161.69074005563752,150.7904878845663
56,474,55.42641285587765,46.14238965398962,104.51046912136113,109.83746013220188,90.39393015278256,159.63919054697936,149.08282247255042
56,475,58.11702038144056,52.049528774969,,88.4906135123957,,155.5243109541824,141.9535386658259
56,476,60.74987327578341,52.90918706069817,121.37415930079251,109.77187516106294,,151.44876007370794,139.45874503149122
56,477,63.685975861576,53.16683121672151,,,,148.45564098340313,135.03561539369963
56,478,66.10366324617776,61.668055929396566,,,,141.02785507459365,127.66245628143636
56,479,70.30313856031616,67.65078021123443,,,,137.5534021472208,123.617500529591
56,480,75.85046590352962,75.94416692505544,,,,131.4055496864808,117.09860310590486
56,481,81.26457910351097,79.90475195352793,,,,127.11316527831325,112.63625215645942
56,482,,,,,,,
56,483,,,,,,,
56,484,,,,,,,
56,485,,,,,,,
56,486,,,,,,,
56,487,136.74772742554833,85.47643644960822,118.9296206485075,51.05175943788249,43.05418559556561,74.14069499270481,90.83552615011158
56,488,,,,,,,
56,489,,,,,,,
56,490,,,,,,,
56,491,,,,,,,
56,492,,,,,,,
56,493,,,,,,,
56,494,,,,,,,
56,495,,,,,,,
56,496,,,,,,,
56,497,129.42945001984512,90.6340778367617,120.7189686995694,45.40322874903892,45.77716197750872,74.53283542397314,90.5433281143314
56,498,125.79968535145912,163.18952303421784,,,,78.37028511917994,80.74108452093424
56,499,,,,,,,
56,500,,,,,,,
56,501,,,,,,,
56,502,100.13045026390536,72.20924782013454,,,61.940912389176695,114.6501144080582,104.76489200600372
56,503,92.13791549233753,82.1681082634142,,,,119.03058405296892,108.63567337219747
56,504,79.39764148832423,76.2492416049757,,,,129.60680136783267,119.54548058079774
56,505,72.64781014322907,70.07282534082925,,,,133.54853022480145,125.41351352365872
56,506,72.59853280593192,60.48593681171071,18.88079600194106,49.77137911064765,15.338076346316576,136.0374680969228,134.47232693089003
56,507,68.55282145506288,56.86342551675947,,73.50350917553028,,139.38449221330845,135.53995300283506
56,508,66.7433337128378,55.97260291853605,95.65699944802437,82.982532446894,28.656406472481372,141.96938972835943,136.18110352212872
56,509,60.5269056146627,53.31849794868508,,118.8815839320577,,147.2261743163936,140.10209303210328
56,510,56.895613394535914,51.57394783159235,123.9311390881937,105.6669669564613,84.83296299317999,152.7757245407844,143.82222459907956
56,511,58.45207281534282,48.698090392794,106.75470843238244,115.73111693941192,89.01240896249436,153.86202829146572,148.6254485258108
56,512,52.28174846942112,46.43099081071535,,,84.0168227515573,158.35391265633842,150.70577480664832
56,513,48.92269862384491,42.36573498594487,,,110.28475525207551,163.52721651355455,156.23910799501363
56,514,48.736855633317674,40.790591708846655,84.30674531229317,17.879137237637398,40.61752854500007,165.43343199372703,160.06302915303004
56,515,45.36449758117916,38.37687296708704,,,3.4222465527193786,167.81334825580657,162.90703097319738
56,516,40.455829071891955,33.83187078693503,81.41745438711132,16.730440687676445,,173.52943105820555,169.41292381270048
56,517,37.805950423273906,33.15135629441397,77.16173331658915,14.383780037735487,,175.1920328369794,172.9071574116856
56,518,34.11954581731159,33.1376658473449,7.112791008369753,,,178.045630032968,177.59892876232368
56,519,32.96521814844273,32.19602239479471,8.140415077472447,,,178.3740593909093,179.66155863327663
56,520,31.848019331510795,32.388313047883415,64.05895524810977,,,178.56964638696297,179.69998079725443
56,521,31.020277936293382,32.75140240279905,64.39813434636169,,,178.50191025758548,179.54505678352632
56,522,30.856313870870263,33.245104333218045,6.480480633988452,,,178.52715388374415,179.92434905165914
56,523,31.53393456749851,32.527325662038834,5.4233771438591925,,,177.28264557469618,177.78914802826793
56,524,33.626453541126835,32.922442828762414,5.337796785985281,,,176.95559580276202,176.91533780555233
56,525,35.86071468405389,34.42867547586905,1.3970382410085609,,,175.43915062917813,173.1481103735471
56,526,37.755959178086165,33.66223356646961,0.8936972791871395,,,174.3812663123719,170.83095095477574
56,527,39.42307692146177,32.50744226253334,1.1437084216384843,,,172.3080220447318,170.46484819351895
56,528,42.43255189574379,34.47720486113063,,,,170.61613924370434,163.968397043767
56,529,43.31535883399211,36.23196924603263,,,4.866862915630787,168.78062655424387,161.08920480103382
56,530,46.950918829229146,39.76066993140967,,,,166.20371922644648,154.2309977182356
56,531,47.992109485077286,42.36877097930536,,,95.79257687255549,163.77006483492968,150.43559558743036
56,532,55.000612829561405,47.94529877937295,152.99787182935742,101.09562667153492,23.714556698042475,157.67322515206084,142.5504930993957
56,533,57.95703322971755,51.424728999622786,102.94902331658704,90.15827752963274,80.46919052115588,155.78645541745914,139.42168170773118
56,534,58.38218611991274,48.544842177680486,,85.74566982619606,,154.33879059271527,136.62329013750886
56,535,60.94080533387768,53.1394912476647,,110.28220109315842,,149.6311569542516,133.05650917187296
56,536,62.42360651918207,59.93569101681331,,,,144.98800673754977,129.01161215037968
56,537,67.40682301947608,64.73177848441831,,,,138.28910650826788,123.74970068487195
56,538,69.6403095914537,70.58959647741786,,,,133.97616613409667,118.75371940207528
56,539,76.9373150949385,75.55054773706776,,,,131.01348368601384,112.52970700955642
56,540,86.62763349428482,88.05183260461384,,,,124.2834533175476,102.9358054568472
56,541,90.85300551803242,95.65786506794646,,,,122.24798100898288,94.63331401074625
56,542,,,,,,,
56,543,,,,,,,
56,544,,,,,,,
56,545,,,,,,,
56,546,,,,,,,
56,547,,,,,,,
56,548,,,,,,,
56,549,,,,,,,
56,550,,,,,,,
56,551,,,,,,,
56,552,,,,,,,
56,553,,,,,,,
56,554,,,,,,,
56,555,132.1938403144924,111.36985756421188,,,,70.87085921279994,74.94676453624841
56,556,,,,,,,
56,557,,,,,,,
56,558,,,,,,,
56,559,94.73643807571077,89.58715602850451,,,,114.66289297940432,94.61776155448256
56,560,101.20874240725364,79.00732072051063,,,,112.48652466342357,99.45572897515495
56,561,86.65041392831628,87.82018308785966,,,,120.54136118475547,108.37133144709824
56,562,80.36625455561848,82.3294912207378,,,,127.96607666412515,115.28661171895176
56,563,70.92896107189118,74.86225643036629,,,,134.64029914098808,123.24827921878416
56,564,69.01906031969807,71.86942358317533,91.19359313668105,120.07740605939904,,136.485356695926,128.8841065787807
56,565,67.51769316162463,69.43353790728187,93.3632678987314,,,138.44614980464277,131.52958230400745
56,566,66.35184858822458,63.274848958516465,,97.03383224039548,,142.37922205873747,137.27768697868265
56,567,61.353216050147395,61.721736554291,81.04701786295786,105.71128778937543,7.5465448968894835,146.32730576209474,138.1600378308007
56,568,56.81612950665322,58.6360897069346,90.98947970231596,137.6132287038477,12.979176688069929,149.09704052988874,144.66566413878505
56,569,59.08650458040248,52.05841805436141,84.73771127877752,111.38654353801736,3.963634412300245,150.77150863363246,145.69517247665377
56,570,54.25616024310215,48.19747911877231,108.66975784298268,121.04332819313544,82.37786557142243,156.34445558125796,150.77945713057457
56,571,52.492317462018846,45.25628959675365,106.37771923122556,125.46566016949494,98.67031413332546,158.72191110154515,152.97080768530716
56,572,51.82590545472081,41.50144195465558,151.9220493620866,129.3033453390763,34.6136164023381,160.2340769765144,154.88102633057102
56,573,47.21629425581667,39.96379522335802,4.223987797534445,44.99701883929618,,167.1287187956414,160.6618094639226
56,574,45.92765137777789,39.27577727177723,6.016781052806874,47.72541222610611,,167.8194523655653,163.67758049857966
56,575,42.88454953313514,38.5508403428698,7.689725953857785,25.900224957672965,,172.92367506839193,170.85694069083235
56,576,40.88441667791437,37.38576881999859,6.742062577475293,28.58048371567604,,174.82596476691654,174.20549845131254
56,577,40.19158951046229,36.74040150347672,9.125437267623385,86.65528084198229,,178.40990729294802,176.68872595261374
56,578,40.7606661684946,35.1280498083605,55.82731780939494,,145.89248651203707,179.19915010570503,179.8555505930521
56,579,41.52604795813969,33.888806186362444,54.387162930960024,155.02375915928314,149.17030198028675,178.7053927964119,178.853437699241
56,580,43.21657362213317,30.920445529210205,51.9654269820677,157.2597156492726,158.41545335811307,178.6210050827704,178.23367375723276
56,581,43.01540946231633,31.057981198172374,52.29327559338806,156.66929095027297,156.76406250873225,178.60847535403448,178.43625938156308
56,582,43.598757946470826,29.925779877555566,52.78754937332922,157.90309600872382,157.0643127021247,178.88566154387289,179.12833939799603
56,583,43.551980670684706,30.221378635383022,52.315519051339464,157.22013355033656,158.1845367372308,178.70059392592432,178.81082033150022
6,0,47.61249167074536,38.89072047068229,6.728523304136514,177.23560634353424,179.33222910316917,91.51479817851934,121.56433866053042
6,1,48.94453488073246,42.12045128533075,6.856319206718285,177.0983370430596,178.55583680183472,88.87747005109033,126.369030389392
6,2,51.23373190685671,44.9708872874999,6.617251189849358,176.93972311233773,179.42687479811684,92.46733402098585,132.1351067074313
6,3,51.25293532156667,44.87743393610917,6.453204930738934,176.88237534179714,179.74362943019432,93.46566921310978,132.12006393990592
6,4,53.542719398895265,46.07571711475805,6.268079176986739,176.6228873113228,179.91275700732163,93.36496989389298,134.48986672419556
6,5,53.836034780163104,49.532764844656384,6.036649298943197,178.03571132551318,178.96848579522873,100.6213743893497,141.8483992725969
6,6,55.76404389177238,51.01249858390605,6.099847507281382,178.49377885614314,179.54394424439283,101.98622122183204,144.2206427941003
6,7,55.79695316870998,51.977300242681856,6.496680511455224,176.6075676783531,178.18460994803428,100.56551146781722,145.7665243643903
6,8,55.79695316870998,51.977300242681856,6.496680511455224,176.6075676783531,178.18460994803428,100.56551146781722,145.7665243643903
6,9,47.21871074137724,53.68914648257139,6.553912777185193,179.02250001019712,178.94618779290246,121.50520881510364,148.6962459505009
6,10,49.911332599614546,56.70958766820728,5.624710223639997,178.08264707846726,179.14208673022264,138.27204052714464,154.8706299753601
6,11,52.16389246767194,58.04912008026189,6.1169299771796455,178.37573784122827,178.90623904607858,149.0065604254289,157.84426499168174
6,12,53.3381704437345,59.348948792309145,5.751433689840919,177.55463401452295,178.85310842599876,154.77409015430104,160.7584848386535
6,13,53.3381704437345,59.348948792309145,5.751433689840919,177.55463401452295,178.85310842599876,154.77409015430104,160.7584848386535
6,14,55.42258674794059,60.05077386865944,5.9714487865141335,177.33782121680798,178.17551795930214,157.20358311766435,161.3963034001851
6,15,56.17747290378606,61.288211972435384,5.671352105382808,177.31601412892158,178.21596468398937,157.92664517593747,164.00881515245155
6,16,56.02136596442157,61.60639097560072,5.474707283868149,177.33287915384506,178.73689517699998,156.35110468016643,164.12584659851214
6,17,55.4919455910426,61.50182093922013,5.61223351248124,177.59861287702324,178.62212178384613,156.6258386731486,163.96534381860172
6,18,55.495902655989525,61.685145360659256,5.676401282708533,177.7104158418076,178.57998252217777,156.60125520917663,164.33757890186413
6,19,55.65555751939711,61.37870342859693,5.931419866258929,177.62788544613915,178.29315467657764,155.93432616683296,163.83690475439084
6,20,55.71546282095651,61.33469954007029,5.723786211233336,177.12262115198996,178.06291708866743,155.87528206624071,163.1036244918694
6,21,55.411165077168825,61.2900038932228,6.058137488978,177.47441331137756,177.7532543526611,155.30610198053944,162.91296680639414
6,22,55.56736361494137,61.45620989338924,5.980719253785692,177.29757225650164,177.67441022319716,155.46118438142796,162.98160665617715
6,23,55.39210345170214,61.53424368470099,5.968612916838073,177.50118783816518,177.78842348066425,155.38467773457262,163.3891443204078
6,24,55.45811216561584,61.19977064310503,5.945032723235765,177.40611180759942,178.04339873814342,155.3719246294187,163.39536043063006
6,25,55.11610636365492,61.318154775554426,5.753333085829746,176.68239988268803,177.67157466439122,155.06785049167073,162.6554601725061
6,26,54.75398120337539,60.91164294493037,5.748163080221696,176.5297578454857,177.67379868730595,154.99625921862204,162.01519341807028
6,27,54.56975873258021,61.14788295840173,5.454855761294417,175.98270274507354,177.9198960193906,154.67490168940188,162.8207590477982
6,28,54.71265890658993,61.019331369319275,5.5533427252572265,176.00777838006726,177.79637437441346,154.81924151353917,162.5947041636766
6,29,53.921994430709816,60.00602923723847,6.1558991296654995,176.6759587615252,178.05252472623943,151.62630752781436,160.69790223899764
6,30,56.9416873496328,57.45839268871009,6.434995473157301,177.8108044249594,177.71066888975324,123.46432160994802,154.10237948074564
6,31,56.867089635108755,55.37322023718063,6.183481044527554,177.3332408818773,178.3890726374942,108.4541365662486,149.39841959848366
6,32,53.65339918594098,53.33746307503409,6.4716681582351665,176.57924692778008,178.04615652130582,113.09175126520152,145.4977363810073
6,33,53.6096628523353,53.513496573411494,6.588952374490506,176.6414607246457,177.77097854423238,113.50087911055677,145.7527945876222
6,34,52.16509165799222,51.42829021954708,6.669425065395286,177.38094499119336,177.88073814813526,107.8958427217594,139.70247465414118
6,35,52.40527773593965,46.97345847151421,5.919197191468604,175.22964498020357,179.68283461944202,95.23204462160372,129.37585838748615
6,36,50.57406466300611,44.04869503742674,5.862607174702533,175.11068597624202,179.70354061700257,94.92031734626984,121.68590013084506
6,37,44.50352318744586,41.03444764835853,6.371482207784285,175.33613171627158,177.70998665672855,90.88451582845896,115.89068656924546
6,38,44.64154575257885,40.98475413158203,6.601704633400455,176.24175847764437,177.9716823397621,91.3166666388972,115.8732550605698
6,39,4.4748554785345025,38.50912589517217,6.2932725654054975,175.59547576743347,179.19289171397813,79.40981608768367,111.07645707492776
6,40,53.81459980034266,31.008860483036138,6.810115493526257,176.5579181544265,178.28237749040207,67.7557104785154,95.17079723946618
6,41,,27.06108019591183,9.993191235865304,176.21639139496986,174.00221583086744,,90.26264237677992
6,42,1.154810462504697,24.949053319834412,8.56233790384164,174.67903087716465,174.2901639144109,84.8088944556568,88.47712520987814
6,43,1.154810462504697,24.949053319834412,8.56233790384164,174.67903087716465,174.2901639144109,84.8088944556568,88.47712520987814
6,44,,21.736878525104423,6.822772390018732,175.02878575979395,176.8663473154343,,85.38143016080451
6,45,4.654911717699114,15.97211104341413,5.658313831517723,173.09320845860168,176.58589744493548,59.6796524341077,77.67698367531341
6,46,5.899826204934759,12.307153518556216,4.988356651684993,171.53849901126517,178.21911640395462,,76.20162664883213
6,47,7.98552926362165,10.393031520493947,5.7085036106272,170.63711558028518,176.4808055896195,70.0318315491353,75.36020665534264
6,48,7.98552926362165,10.393031520493947,5.7085036106272,170.63711558028518,176.4808055896195,70.0318315491353,75.36020665534264
6,49,9.818069317070432,7.639685960065664,6.353349441752363,171.34161888919598,175.88152006236683,,74.78595065688799
6,50,12.330967898080477,4.337742092169534,5.907285306081755,171.00218837952823,175.6054696576947,12.851846407032896,72.43765530458171
6,51,13.464266926607644,2.866519781458,5.529677897488834,171.16315122312852,176.63182516357307,12.62878689829934,71.92979010706259
6,52,14.055429030726105,2.4109483474570177,6.738046669167279,171.06693263586203,174.81747398531152,12.819597113349603,71.61971665252175
6,53,14.086456643537922,2.3416422512416313,6.701405086870584,170.97031035958327,174.8241257586539,12.763674388777003,71.5682202284755
6,54,14.63153982211999,1.9071782245403948,7.423234017274729,171.65403779685874,173.9122016610518,11.667860230192025,70.98051804151812
6,55,14.44596170728124,1.8653475274417064,7.56719905626762,171.99302804098645,174.0829792391526,12.108164983482611,71.21895325950403
6,56,13.575587702362412,3.087322543026919,6.588962841816175,170.6491345937082,173.92128947795288,10.455011116448189,71.8283065025717
6,57,12.308944054024025,3.9303823146037584,6.517251075479052,170.38799059307007,174.28696177941734,,72.72127081310556
6,58,12.783483410643976,3.7988024396380737,7.222594710449403,171.04563949111247,173.1299052135083,,72.06015779601631
6,59,11.531778494600156,5.6970693557567555,6.028679577797656,172.83118773636846,177.4832724846631,,73.64521397679984
6,60,5.079007679610046,12.50156013975906,5.39474627614682,172.52323679593312,177.60818800756593,,79.29174655288328
6,61,,16.267665868826427,5.164702663877934,171.71300433364348,177.3283211528999,,84.45897310945531
6,62,,19.67590672483579,6.0025234450002865,174.2917237448582,178.5647476224608,,89.27447374472389
6,63,,19.99288782566108,5.819945569913026,174.13676707513656,178.45646824884668,,89.65340072656407
6,64,,24.264170674066573,6.560290899119339,175.25971407215735,176.99275875258618,,95.44752653863353
6,65,56.150622787617614,28.066554597624226,5.492119209939509,174.6144177479845,179.22390204275322,134.9252062255089,100.9088733733673
6,66,56.690131529204535,31.294779978625147,4.758171459355344,176.06393020906512,179.96995408466475,79.48920861193923,106.44170075940848
6,67,,35.40591241173574,6.673313909665623,176.92097678977404,178.89161757509075,,112.92997537853785
6,68,,35.40591241173574,6.673313909665623,176.92097678977404,178.89161757509075,,112.92997537853785
6,69,7.443161434474875,37.673291785937266,6.593405426260023,177.84999493335738,179.59711253912326,74.8440487538193,118.8320963062032
6,70,48.81676313867397,42.45621219443129,5.840091308641607,176.41800500259038,179.514687468012,88.71838948946179,127.62650748805356
6,71,51.948362835315486,45.13916997986528,6.150578032841751,175.050047450386,179.1929725220221,93.6608845455928,132.8678189304616
6,72,53.25198867344757,46.38950669919648,6.230971935728813,174.96737134165238,178.25101213419174,97.8607688386865,135.32054758433546
6,73,53.25198867344757,46.38950669919648,6.230971935728813,174.96737134165238,178.25101213419174,97.8607688386865,135.32054758433546
6,74,54.018922967239675,49.004477700972714,5.75361959043648,175.05076208683403,177.6446704681733,100.34244408820402,140.037559215676
6,75,54.595975045102655,51.20027686478073,6.360534204028721,175.76889816695527,177.0356935867088,104.05664448211658,144.06944385550784
6,76,54.16632779667222,53.22896474199572,6.108082519568544,174.987662215956,176.67909988591848,106.40194070754112,147.36913516812297
6,77,49.67391378790605,54.119493301423546,5.188141487131592,175.89153434235575,178.6235628744569,122.47221370981758,149.7105876560515
6,78,49.680509333473545,53.95505755287528,5.25264691590597,176.10848074541573,178.72298287321763,122.36734265628736,149.7182359046351
6,79,49.27993507704262,55.530072094489135,5.868882278105114,176.39863163464045,177.87107048714083,127.6235641150832,151.73985943332292
6,80,52.03633352474797,59.05995886246122,6.02334512515541,177.9021780593348,177.59972137717995,143.93995649887887,157.88074434826223
6,81,53.59843416221493,59.84581867838284,5.766709762765391,176.9017617876522,177.84726058800302,153.2666533573747,159.90690171126954
6,82,54.84924891786624,60.359559171121845,6.276200197099111,176.74508444000634,177.86892177753467,156.33117610455136,162.13056466474742
6,83,54.84602906590687,60.39371681616253,5.988108266734967,176.37990250508275,177.87636240113108,156.40884801201645,162.3868240445302
6,84,55.59154991362835,61.05722505448172,6.411541081332325,176.82065207864676,176.96906160003002,156.70857428082965,162.6760837022973
6,85,56.32733554888341,61.11499337732799,6.60390346753381,177.51419127242744,177.1053915719738,155.87940781756348,162.03409699171056
6,86,56.56179526884243,60.98939822727285,6.70554120590898,177.47587801105132,177.4085826140848,155.8084503842669,162.5691288268812
6,87,56.30770936270492,61.18765889805117,6.760437682872628,176.6756629876675,176.6338768998439,156.69419691848194,163.08525551566638
6,88,56.249219380135536,61.16133615685687,6.625293152362398,176.53602148167454,176.8861984130535,156.74960589796078,163.14736277730947
6,89,56.34996638296705,60.63162281303193,6.591925784845155,176.39181327068923,177.0305405106267,156.7117269874612,162.3901807467596
6,90,56.25675721650145,60.30742933718919,6.218301694122925,176.08479839605667,177.61729571195855,156.8761021614257,162.39966905715596
6,91,56.08977655388887,60.21767668736615,6.08650851936327,176.13932632011517,177.90051083725112,156.8748733853266,162.18042309798875
6,92,55.84758248152475,60.12499045515861,6.409141537226962,176.382626965024,177.58276334520986,156.91434206493236,162.1689849398421
6,93,55.84758248152475,60.12499045515861,6.409141537226962,176.382626965024,177.58276334520986,156.91434206493236,162.1689849398421
6,94,55.2344188326542,59.98817645277885,6.2115483255435855,176.1491225141803,178.03246517948995,156.62085660607562,162.02035804101632
6,95,53.66440988276887,59.58253451600155,6.670821384010174,176.44825953381658,177.85023598423385,153.23321440783192,160.90452777236598
6,96,52.1836717752179,59.46567999802274,6.273520701543093,176.16406287538544,177.59197421498055,151.0281396007042,159.92526266781445
6,97,51.078970009669305,59.21642195988932,5.909251852167581,177.21815207464218,178.08671452023913,142.2316734142912,158.2976585863138
6,98,51.04076555549151,59.17835399436201,5.908050020534493,177.20939036965703,178.1151488371513,141.81210734763707,158.2238134192678
6,99,59.32872705859928,57.91326877948088,6.133758012518972,177.38097348805854,178.35890052585705,119.51252509859876,155.22578287305464
6,100,57.71015637541913,54.86404345601247,5.441984115621627,177.14132220615969,179.31764251988326,109.12341476274284,148.48985439059916
6,101,56.81119974596594,53.22402360116454,6.394689031636022,176.97739960067918,179.15143556423826,106.15908277649396,144.34531992787308
6,102,53.29067497153945,52.276732316128026,6.756672676328686,176.76493858133264,178.12123414910394,101.74154987517204,140.20701802762122
6,103,53.228558448963234,52.25335205153327,6.646104412341319,176.87245040356947,178.28424678557442,101.52484220452082,140.21091987652642
6,104,52.41427537642225,49.459206046955074,6.08946802257752,176.48676760199106,179.51775552332873,98.85836279690078,133.02359030947906
6,105,50.59525418458615,44.81327720155779,6.57751735579302,176.28172467220213,179.3784532951593,94.6305447690942,121.81194283548008
6,106,49.60855153223815,41.88335617694761,6.777890939321576,177.17761754492716,179.70583637291864,88.85869228101006,114.8259443684174
6,107,1.9751264925347651,38.84733805076094,7.137466309235653,176.34035019389503,178.91780758593876,79.35572236643539,111.05785551483967
6,108,2.0571263152021224,38.76319818113972,7.263851539562866,176.950235202731,179.28296803778488,79.33390363334185,111.12657009104176
6,109,7.900352532381533,36.38714246113619,6.830805037715938,175.52045238923915,178.07072544011908,69.4084814397847,104.95620506557444
6,110,55.696516222226094,28.147491060487212,8.57782010048945,175.65119204309508,175.8625385519355,134.0334875141276,93.798361824541
6,111,1.345278389669237,25.71084340900837,7.923889094565133,175.51348733475652,175.58076712537505,87.60182286764488,91.46128652637424
6,112,53.690185337380726,22.778321313377603,7.727251964420404,176.91620589238647,177.124613339431,129.23588906405385,87.50007287387804
6,113,53.70355962841153,22.553089710704327,8.123085298673608,176.1942490015797,176.19876553146986,130.4887634666205,87.27747072756625
6,114,,19.185337659955337,6.68462327461436,175.18224399312538,177.48486241442296,,83.26874274568061
6,115,5.774667752670164,12.420775043875324,5.308590380430646,171.54362696857473,176.97222072856448,,77.66407741228954
6,116,7.692408369509164,9.913822218170417,6.625531407498158,171.94115122670024,176.76513252148217,71.78570192362123,76.94799175185307
6,117,9.73146767735161,7.296462896622455,6.261337981753931,171.8241905425388,176.90324853841796,,74.87665356013619
6,118,9.73146767735161,7.296462896622455,6.261337981753931,171.8241905425388,176.90324853841796,,74.87665356013619
6,119,11.024296796796284,5.584102926607327,7.93943055981127,171.8959447235977,173.6939372638479,,73.8831431425245
6,120,12.82502985274658,2.6382046532808583,8.842123864458234,172.43471153610488,172.15135857742183,11.0970051540874,72.16596076305956
6,121,13.287677251487134,2.2990261911373504,9.197239274328316,173.031358769866,172.0724568203847,9.73156540025039,71.73109246038443
6,122,12.928920110130289,2.279952975027252,9.717433832677234,173.10698032713023,171.4805090005757,9.274856513871391,71.55916921099166
6,123,12.928920110130289,2.279952975027252,9.717433832677234,173.10698032713023,171.4805090005757,9.274856513871391,71.55916921099166
6,124,13.42633856009174,2.5110780247513924,9.130000180697715,173.00371132846809,171.91976767616725,9.976097829234895,72.13489076368205
6,125,11.554392317136733,5.21752108655529,7.297613687714827,171.3661106704444,174.52408631624158,,74.72650118569351
6,126,9.62216970873144,6.302354346205025,6.240220640500398,171.73410428764808,176.61963303881214,,75.20796357415449
6,127,8.053881731661775,9.768818558677614,6.380515959550849,172.78666351143852,176.4920012119733,,78.51359148865795
6,128,8.00306108393894,9.764812186012994,6.290976731192901,172.8227545058504,176.51022967416966,,78.51586494124656
6,129,3.1519990876953368,12.09425118548868,6.00030008650162,172.9638729794352,176.65944441367944,,80.48759475376283
6,130,52.825563716542625,20.294963408902387,7.644957720001288,174.3753287586147,176.02430412214824,131.24583151364226,90.73924360780892
6,131,56.04208792454407,24.321062014225316,7.66042282323775,175.3385601681374,175.18082378471243,135.74926534686688,95.43683738016864
6,132,58.27445559229171,26.523402390730748,6.944914674667375,175.62247004308065,177.15290034377503,136.13652471561434,98.79747446768312
6,133,58.25712652182329,26.516075733524595,7.0431979504050295,175.62853549728715,177.1456941119401,136.13993576864286,99.01104989096116
6,134,58.550149993172155,28.624063361533462,5.844495509173617,175.14630038727842,179.7170699560105,22.301872314493423,102.26830255469422
6,135,,34.8180369549783,6.502268629456728,175.25860350715064,178.74248161908395,,114.4101566889878
6,136,,38.07950632291057,7.38573133318591,176.31347816835827,177.76921502847208,,120.42808217057517
6,137,44.85945099283727,39.701782796124135,6.545611577526037,177.31520403118108,179.3624493898577,92.2386462939669,124.25075552139626
6,138,44.85945099283727,39.701782796124135,6.545611577526037,177.31520403118108,179.3624493898577,92.2386462939669,124.25075552139626
6,139,48.73668875023057,41.98411082044347,6.0862952594322985,176.12538660359033,179.1921118915003,89.16320452099905,128.58378970011486
6,140,53.02062591159648,46.62777033445043,6.523105166218352,174.5919542871415,177.43966681928674,94.30101515734914,136.27491607596275
6,141,54.10829645258377,47.601858387557904,6.252817548948792,176.67796366838573,178.34682584821903,98.19581019905128,138.1190923046844
6,142,55.705486062498814,49.989812889863046,6.0110104877103,176.26833584484484,177.99332438755368,96.6848703070065,141.28989649362796
6,143,55.38630871824424,50.081462903328344,6.070633447571764,176.80534964923405,177.85669693711932,96.39490069991224,141.061609443572
6,144,55.97332866781901,52.39961908805915,6.2685413709374975,175.50529061733565,177.0076431635255,106.63644038230984,146.00451470960624
6,145,46.43452245911848,52.52726139432502,6.5868013507804,176.867408453793,176.84614970959413,125.10992851803287,148.83154693497724
6,146,46.8903827721898,53.74600862793766,6.031574521523861,177.8523329009531,177.88375996431105,132.2659911955097,150.62672244928433
6,147,49.61855806480291,55.797797530909456,6.339760730184731,177.80142945418828,177.6292834677053,137.66379531819905,154.0887095230023
6,148,49.61855806480291,55.797797530909456,6.339760730184731,177.80142945418828,177.6292834677053,137.66379531819905,154.0887095230023
6,149,53.56197748877611,57.953877624647426,6.132197919705493,177.78176961748372,178.51589432405385,154.76650032540508,158.18734748636012
7,0,84.49767068360579,78.03566019393064,0.3280870490129804,,177.57661173155427,163.88666565775412,158.76568973313758
7,1,83.83707813469002,78.06368999909765,0.3005341138952186,,177.59483359587713,163.82401031170355,158.87045105196856
7,2,86.15126364144045,77.22592027694441,0.2152961072424082,,178.6507335230818,169.36884488880614,157.69201615633423
7,3,84.27319847531558,76.36250773931839,0.1418496396785334,,179.69787648320587,158.01479101005862,159.06531863809795
7,4,76.58172944637522,74.18668967489191,1.4727759196477197,173.49031554116695,178.0782219979579,142.713796963162,153.672488705925
7,5,73.29162121926316,72.15942451881193,0.9549549467778828,173.84759421639922,179.79876207999715,139.576635630208,148.47495573916277
7,6,73.540430424627,72.11256616034888,0.8478658129732423,173.64333137326736,179.75436733629508,139.62951864324972,148.49865567991813
7,7,73.04076270576755,70.36076628129733,0.8734646510779974,174.9198736286044,179.26895268009554,133.163997675166,145.2551884658332
7,8,69.856339686206,66.42026266274942,1.5410412777340907,172.98754917905384,178.85349989884233,125.68856310667468,135.08100807108022
7,9,60.87558329850912,61.700708879337654,0.8483425315177384,174.29363048943745,173.9364095879979,117.00361943784876,119.33408871164704
7,10,60.168278138120165,59.956149101153905,1.646045491123972,174.12083243602055,176.74717802406082,112.044565019988,112.685647822431
7,11,60.168278138120165,59.956149101153905,1.646045491123972,174.12083243602055,176.74717802406082,112.044565019988,112.685647822431
7,12,57.73012971572125,57.415476089213925,2.2515352836899205,175.16863889483173,177.59171655359344,110.46561979707012,107.87078459737114
7,13,52.48462238075904,54.40570295309686,2.884501833043581,175.36365488791762,179.07729569006165,104.7460418775252,100.92596373144856
7,14,53.82617808022226,48.46173512517603,4.192622804583165,173.4573349307798,179.70182890247773,95.19929274910392,89.3580718632983
7,15,,45.56125310121525,4.6444794950962205,174.20137584376045,179.26736809234706,,84.982055970068
7,16,,45.5791330369162,4.714391024501421,174.03971829292675,179.18711933819375,,85.00141517433119
7,17,,41.81146356101789,4.033484115647005,173.38737220386952,179.2253838560042,,80.49199703080055
7,18,,39.553879817646376,4.515697071174465,173.34501265828447,178.21051181865312,,77.89259098622036
7,19,57.9439334813376,35.86418201488107,5.037314896710947,174.81930272297333,177.41586630212416,104.43121671591648,76.03200236723832
7,20,,32.63785960170783,4.3860617972141815,175.59154276211947,179.06479466554435,,72.85527761618773
7,21,,32.911090835219206,4.402016879771362,175.2172284088176,178.57392422861233,,73.07662659355205
7,22,,30.89919531234153,4.4099161570024625,173.50734489380062,178.62847497614408,,72.22217963166577
7,23,,28.718126451327574,4.77698369995546,173.9545784454006,178.34455898556865,,70.79078851313658
7,24,,25.495965695862257,4.674244300204659,173.08736555761706,179.5349140595241,,72.81396199806157
7,25,,24.055798609246075,4.39322331104528,174.22110330595407,179.97341446871224,,70.83895139012054
7,26,,24.055798609246075,4.39322331104528,174.22110330595407,179.97341446871224,,70.83895139012054
7,27,,23.057137376322157,4.871323005712518,174.37889118853286,179.6703186770309,,70.43015703897312
7,28,,22.013043771890164,4.822979490730768,174.98099194585927,179.45962803512407,,70.88210403786728
7,29,,22.653713110137545,4.558812974095924,174.7610317322985,179.36832238929017,,72.02777350808113
7,30,,24.41807101852872,3.8667654822300217,172.85385705311873,179.79515741274386,,74.86743479265216
7,31,,24.41807101852872,3.8667654822300217,172.85385705311873,179.79515741274386,,74.86743479265216
7,32,,27.11359264040799,4.367512500240456,174.11613502768645,179.8089279447478,,79.33168861551036
7,33,,29.541991336155863,4.346156778792045,173.76352538137596,178.41448810566192,,83.84344610289072
7,34,,33.58718451889608,3.8326751965180943,174.47857162289756,178.2855595418191,,93.0196115298974
7,35,,37.73076910479011,4.060327384704377,174.9525165718641,178.64910548573403,,99.42990821397495
7,36,,37.73076910479011,4.060327384704377,174.9525165718641,178.64910548573403,,99.42990821397495
7,37,14.578519704765842,39.42701191810849,3.2248310216297784,173.05810860408894,177.52281008395272,65.58312763362494,103.7078856068134
7,38,,42.64421103758698,3.43301904592677,170.99229228712272,176.6489667263458,,112.03737346235884
7,39,51.55334572709119,46.565072798944655,4.514004476452501,175.69590394124324,178.78567334965012,105.72701928526256,126.28010134248224
7,40,54.07009051560626,48.837548052720315,3.765111422701632,174.96614113334084,179.13764789253182,108.94118241434056,134.84216120945135
7,41,54.15010300700129,48.68383823374313,3.781361062334085,175.09415329884283,179.3662433369278,108.97810611677708,134.51417539646445
7,42,57.73766853761166,51.75998035832514,4.254034957921982,175.43903267890408,179.2509868604979,117.33809286669936,143.0301243751117
7,43,55.97348976091356,53.544495674738094,4.175640926299472,174.4877412185475,177.7069393730059,121.35351829567796,144.45536229336383
7,44,57.20016242013902,56.96791094654043,3.5546357474749555,174.55857155108313,176.15261920389025,127.81294080429436,148.52037549235297
7,45,52.68534513673652,58.36904696029382,4.3929625078105845,177.52864056858272,177.21424809745892,128.93147266110458,151.16364632482055
7,46,52.68534513673652,58.36904696029382,4.3929625078105845,177.52864056858272,177.21424809745892,128.93147266110458,151.16364632482055
7,47,55.7160396314208,60.06587620680738,4.029426158822307,,177.69371067516607,135.27133620519442,153.17001993954432
7,48,57.12356221262143,61.42731646654739,4.770727197996669,178.49746807170612,177.92593440733717,137.79241045897547,155.61335606451237
7,49,61.77488560030385,64.30171279337144,3.748710363504725,178.45303581436707,179.3242460805055,143.8486707073645,159.43311714927677
7,50,64.7447796492942,65.49523872019032,3.1654557908742325,178.86255109397658,179.97254425988547,149.3566151455712,161.1538116405511
7,51,64.78514952293894,65.34986119132014,3.169031062635883,178.83986887534488,179.65541391897597,149.5214396534415,160.75459952790862
7,52,67.08133219217571,67.00362472991618,4.102392251585776,179.41821982662458,179.99563413998936,145.15799906066084,161.9311333250693
7,53,65.45773668353857,68.78894748822802,3.7288438234331993,177.91999019031772,178.91964169277347,148.72425411422205,162.26658132132448
7,54,70.67348216158868,69.19112254312473,4.355190087367532,179.33380565302895,179.92397727676794,148.35286537884272,161.27020268343423
7,55,70.92233143221628,69.3754429598527,3.9797932053903895,179.84350097343045,179.29870855980593,149.63425268660615,161.1159529158881
7,56,70.13889080025332,69.68371805703461,3.9430118958995752,179.7009671084761,178.98002049118972,147.45550334915578,161.92878727120524
7,57,70.1000421532161,69.5268145128661,4.1417530607811015,177.76942746522715,178.63175244185462,146.01087071182943,161.48522174877928
7,58,70.52729365300223,70.95168541031711,3.086400434196215,179.60176027498343,177.66529519948006,145.56902260023372,163.27749338709785
7,59,70.7238281604737,70.65238309675856,2.722126805729314,178.31163350992364,177.69042040745788,146.14022824123313,162.96944975932377
7,60,70.07880226543384,70.97779896889455,3.3234546310527695,179.76244389515114,178.00054421426998,145.9586230401452,163.37513939621627
7,61,70.07880226543384,70.97779896889455,3.3234546310527695,179.76244389515114,178.00054421426998,145.9586230401452,163.37513939621627
7,62,70.88351880633309,71.03338048224461,2.898288127141423,178.23711710381284,178.05390933221864,145.0744358740895,163.38276052185392
7,63,69.98398145846997,70.69804059845377,2.659913968889412,178.34542021632797,177.88663178077834,145.67678890833616,163.39287332880872
7,64,71.629558946938,68.91276163454624,2.684299136658152,178.1651886838741,177.24546846967166,144.38749110293338,160.2077647587887
7,65,70.70558910590742,68.48976352630288,2.4856337004965137,176.93239585501564,177.2242696033004,141.84434963138665,159.11045186026905
7,66,70.72772670918374,68.27720621039524,2.605461473496024,177.08516082851577,177.12051287485068,142.42034377280532,158.6962497431135
7,67,66.6390803533116,67.02638592553076,2.559804555993962,176.71846005467947,177.11239730376087,146.15669471652015,157.13580288641413
7,68,60.610624657882845,67.08465817021823,3.2043864567839018,179.51628189614357,176.86209682008953,135.79514166924446,157.53222306561344
7,69,65.06447642821426,65.3485826632545,3.2002010230462266,178.07845080282542,177.72277351948526,124.70313410435134,152.61682263216943
7,70,59.130289299122325,65.62233014919902,3.5609686525950592,178.06084698480595,177.67697983559674,126.38424599458703,147.38701867697904
7,71,59.07316701884604,65.63508665347868,3.606318236856948,178.34621809835735,177.80035157075608,126.26970722451752,147.5079668699004
7,72,59.19503214820921,63.40720582844168,3.757181670524876,178.21819035037868,177.14018839530286,120.983112249437,142.00580552287138
7,73,59.68887041596743,61.17097797028865,4.511740228856285,176.50631374621895,179.85479595243598,115.13459298301842,125.57153169610652
7,74,56.593867904747285,59.233211760263934,4.640712973740593,174.9284046363438,179.28513605780728,110.68611686214952,118.13249516312273
7,75,56.459064373843255,56.05846904663733,5.71710580537006,175.40577401424082,179.23385461981212,108.0024318538467,110.37429941256336
7,76,56.459064373843255,56.05846904663733,5.71710580537006,175.40577401424082,179.23385461981212,108.0024318538467,110.37429941256336
7,77,41.58190615807991,54.00456045860696,5.146214937315164,175.93241047230993,178.95609333924563,92.89054327719832,103.85265060310628
7,78,,48.74983070310691,6.41390732135337,176.00293958155677,179.26114246914648,,90.4253008273376
7,79,,45.86648819589437,6.328159986662147,177.39785311629413,179.495087768624,,85.23127016750396
7,80,2.3179282223585274,44.05050666477561,5.702508827935017,177.96579260567606,179.095133132627,76.78503492865511,82.8195447012106
7,81,2.3179282223585274,44.05050666477561,5.702508827935017,177.96579260567606,179.095133132627,76.78503492865511,82.8195447012106
7,82,,40.958798717477826,6.176268121560939,177.1671744948071,179.71705803654143,,80.40130028342374
7,83,,37.499943096071746,5.797022658505957,178.08365333385908,178.8518937371555,,75.52215023704372
7,84,,34.94890595919164,7.048870013578425,178.5523545887552,179.91513732436528,,71.77154777341723
7,85,,34.416958435288876,7.32657031332217,179.3037722533488,179.55250828953533,,71.88715540268743
7,86,,34.42555165947428,7.408662349522149,179.39751532421192,179.49936816890846,,71.87121409967683
7,87,,32.871829044574326,5.096964834993946,179.18314615498088,178.28617291070557,,73.0014252215995
7,88,0.5972686033767821,29.71580273908243,5.434825027436221,179.7613089799625,177.47122992169142,,69.21985120325884
7,89,0.5679393473421135,29.023885922949464,5.900050235591648,179.98293533626205,177.6985355462556,,70.20435702656013
7,90,0.5667166043259577,28.545798606065983,6.505662616797425,179.89575602302222,178.49898454844853,,70.57422920248025
7,91,0.2389852608254552,28.530181926620557,6.559754839687683,179.83333089791572,178.6752326833295,,70.50339839922478
7,92,0.6549221376648547,28.597020971828886,6.750833184851177,179.7092149046668,178.82797892297393,,72.74986931888218
7,93,,31.87499321977044,3.891640156788288,177.39895600512088,175.68377235065188,,76.39811308846781
7,94,,32.27241623673747,6.427755995480657,175.32902487492967,178.88521953873132,,79.90493504718883
7,95,,35.84572466930019,5.632004261871808,174.8192343577175,179.11646738288076,,84.27006282491742
7,96,,35.85985027214312,5.791537718844103,174.80587287254968,178.74749683107925,,84.27173899455748
7,97,,37.11499000208283,5.356071926894199,178.1188990778552,179.35667247468993,,87.34376308409632
7,98,,41.06985778664309,7.088276631489925,178.66830839405165,178.20789072417364,,99.3289487003867
7,99,,43.69468714994967,6.350174109181171,176.2474094681849,177.2410522511246,,104.22666040612332
7,100,52.62516434842956,45.461295084033424,4.555329292743443,173.82146201692836,178.45686286471044,95.74921132136224,109.19143439144035
7,101,52.62516434842956,45.461295084033424,4.555329292743443,173.82146201692836,178.45686286471044,95.74921132136224,109.19143439144035
7,102,49.060003467124595,48.56143268572968,5.329271595737067,175.51698267146335,177.8652893956662,93.56102418377446,115.64395244408222
7,103,54.01439222827577,50.76962344198926,5.916046689223826,177.22417142074937,179.37069901365288,107.90837495123436,126.150777967465
7,104,54.98221950254974,52.696253762781915,5.293444063850716,174.768901460517,179.28604787875108,112.37554100324088,132.06067275555063
7,105,58.48870432523733,53.2115257919125,6.052503848623913,175.59544335618963,177.99554338826397,114.472210765995,137.79567167895382
7,106,58.48870432523733,53.2115257919125,6.052503848623913,175.59544335618963,177.99554338826397,114.472210765995,137.79567167895382
7,107,60.93038532523403,55.5428445201006,5.650334990190148,174.89891199290523,177.76445211021937,120.70903855284124,146.30146631692352
7,108,58.858098852897534,58.15992102310635,6.15543284841577,176.7222284212216,176.79352787529683,128.21657571578675,149.11715458655988
7,109,57.06789717543684,59.263910474253926,6.948126762017544,176.7344004895108,177.5728238945686,133.13771114224647,151.8285765299634
7,110,57.64603186924762,60.50012363926148,6.632376212399995,175.3732424126249,176.787568716515,137.33997400145964,153.5783204191788
7,111,57.64603186924762,60.50012363926148,6.632376212399995,175.3732424126249,176.787568716515,137.33997400145964,153.5783204191788
7,112,61.524417551342374,61.146726493918266,7.285168897923639,177.7974768418091,178.85202845228096,146.98241008647537,155.68956894867938
7,113,68.26061387897413,64.31428561359304,6.718211548574053,179.60664035844448,179.75927024809357,150.89979148522872,158.6526242970982
7,114,68.9725150514649,65.63076832851443,7.382109801584065,178.61827970048358,177.6370404742589,148.75225423459713,158.95540944326993
7,115,69.03817024540155,67.39041214831177,6.341043077740859,179.6034892387588,179.62303390370073,150.01757936479908,160.771767941682
7,116,67.99158674978638,67.4046921358769,5.490943651662212,178.81765777715904,179.42313203172876,149.88275007235626,160.5116788876581
7,117,70.19632672237103,68.33400598701546,3.6338757784615887,178.11631849529553,177.99385739737883,151.32272226116413,160.04050091919888
7,118,74.24271995826551,70.42458563426945,2.830778249224249,177.08878609067273,178.3956675124428,153.5185104017991,160.36255822091718
7,119,76.19443646341844,71.64143200679875,2.6256864313001116,177.07316370249973,178.42374387996404,153.60992595682643,160.40221175906947
7,120,79.60580437098804,71.60854783171622,2.5895107962712567,176.86897229253418,178.81977686718182,163.03080327460444,159.71961501984322
7,121,80.36834579886255,71.28790732382808,2.4082695615312697,176.8520478473902,178.64878755694497,166.05285420678408,159.24623197322506
7,122,79.75120921822315,72.11472508805461,2.6318166250384616,176.66906558125734,178.75411315181586,163.21157685486892,160.25290640557353
7,123,75.84177085028918,72.24037908315037,3.36419266067973,178.09976200892552,179.01370561252867,155.15308157380343,160.95007752118624
7,124,74.66705306219635,71.61221729864535,3.3148592658540617,178.5355805271251,178.2871079012752,150.06718645688596,160.91329461014405
7,125,72.30340355726783,71.4650934338631,3.5327160177688763,178.85188893148046,178.8194448542796,147.3046083222387,160.84634898841233
7,126,72.30340355726783,71.4650934338631,3.5327160177688763,178.85188893148046,178.8194448542796,147.3046083222387,160.84634898841233
7,127,71.41946826193735,71.47310495391844,3.266677469179115,178.96480594980588,178.65498538461077,147.0449717229598,161.90243292351784
7,128,70.651689141598,71.31016091833735,2.8147718493497416,177.6046907527986,178.9525305541803,145.21311497715817,161.65912546118548
7,129,71.181453028209,70.98694231861303,3.188092072260237,177.66483810115457,179.4954202922784,145.3372892694083,160.69481355892668
7,130,70.40384075864819,70.75890084199293,3.2146557873565387,177.34956107142412,179.38133803283876,142.37799351968224,160.64963255235318
7,131,70.40384075864819,70.75890084199293,3.2146557873565387,177.34956107142412,179.38133803283876,142.37799351968224,160.64963255235318
7,132,69.82995372820344,69.69928091008566,3.246365789686891,178.05568707402588,178.89417550240682,144.57053336531362,158.51162632297184
7,133,65.77049565802714,69.81971658148674,2.753087361614814,177.60988171909463,177.20118008197483,144.71735996344847,160.15560396507848
7,134,68.18541890851634,66.93312728929182,2.5812805976184943,178.3274137064064,175.35689228548276,129.23823482850057,154.18823876919558
7,135,64.90066155224726,64.76794356803175,3.025953514157319,178.5149635750095,177.0413887096418,126.6563136996523,149.6507468510478
7,136,65.1936994121055,64.63203444988582,3.023627119891874,178.23252892381993,177.10466986712962,126.60339897065862,149.63568785663273
7,137,60.03992717123255,62.59248797523936,2.763073835561942,178.96080639055165,175.60856239800268,126.52206855123124,146.84934944258026
7,138,56.54205309744457,61.179828315045675,3.4650708022497536,,178.2362480634997,116.12560007338112,133.70511915545669
7,139,57.358908877932045,59.22976022297937,4.655663460594801,176.19623230318152,178.91346807058514,108.94704656914162,124.0544263904654
7,140,53.45722607375254,56.11577688474307,5.550824046876211,175.36962923914984,178.56159829337744,104.07622138727454,114.07285657912276
7,141,53.406267668759966,56.24157639297568,5.761208402705043,176.02363505807915,178.30904808189652,104.03495140351257,114.04948471414498
7,142,48.3053641787225,54.570584449514584,6.601106859686663,176.66396748107925,178.754707136603,98.30858831137058,107.65075333946136
7,143,5.000144191458779,49.749893091099416,5.780639231617083,175.59188762959448,179.23719218825843,70.3458413058829,94.87476022651389
7,144,,48.07165141819437,6.00946608131957,177.30603285270254,178.45629886449615,,90.69113924324635
7,145,,44.55639438391235,7.965994231804576,177.22758395209718,176.95149812414786,,87.14856042963825
7,146,,44.67537815085378,7.919926089921955,177.1596029313148,176.9313633612716,,87.30458903673915
7,147,,44.29000430147596,7.213525074132167,176.78439201680595,178.21499296788696,,83.86280055547488
7,148,,38.46994869950048,5.781620461973126,175.71873986422017,179.45990969614198,,76.08225835591996
7,149,,36.27634443023318,6.829685104697395,176.35683402417064,177.69042759334772,,75.53264554219336
8,0,,32.82042060170153,5.657658830840733,176.4989496271524,179.21550722461353,,72.89570903659472
8,1,,32.840535116232324,5.610855502721392,176.62002103762677,179.17002010591366,,72.8992764248227
8,2,,33.010547994972576,5.215644048917774,176.78458943674167,179.0269283703949,,74.33719974114241
8,3,,31.61515253533453,5.627028617678367,177.70055950256608,179.88097395689724,,74.35086977627081
8,4,,30.964589540515288,5.278236515718413,177.5196985473013,179.68551317115288,,72.81723327900572
8,5,,29.979585781526843,5.359804989501735,177.35984370401283,179.6466702682355,,71.7798361329145
8,6,,29.979585781526843,5.359804989501735,177.35984370401283,179.6466702682355,,71.7798361329145
8,7,,30.189120785046768,5.7004469407856115,176.86448100336827,179.20590219512587,,74.642720862663
8,8,,31.261400931090623,6.240278226689004,177.52204071514703,179.02666658043535,,76.00768739795107
8,9,,30.383936654714017,5.413194954872403,175.6672450580458,179.48885262933646,,76.1245661736101
8,10,,31.872065066571956,5.759728314027287,175.4857288836339,178.6932045437396,,78.6228760577189
8,11,,31.872065066571956,5.759728314027287,175.4857288836339,178.6932045437396,,78.6228760577189
8,12,,34.56727816437072,5.600344239488174,173.380806071612,177.39290459242704,,82.04976028587043
8,13,7.583134868992923,40.02748527602236,5.469752230200437,177.16556100208064,178.42939429902935,64.18352688567711,92.72902446112391
8,14,,41.45256726199868,5.714466013532893,176.61246508127627,178.03106424600568,,99.41238692185948
8,15,,42.40442936440567,6.57105620647653,176.88106558461095,176.81378145359753,,103.32594344142431
8,16,,42.39411678454682,6.718115633977581,176.4953437518995,176.77404205160258,,103.4799267806156
8,17,57.35769117042914,45.33637225957391,4.9336519591984365,175.03633451795628,177.7863684125688,108.5308189910943,104.46889735496497
8,18,51.83437993334883,48.367510547164194,5.936327793026072,175.4936331894287,177.86349681627777,101.64643188592088,116.1142885926659
8,19,53.69666883476364,49.12415598143724,5.965373727164826,176.62582812929833,179.05205443413823,106.53202111865606,121.51085503576503
8,20,53.92057777895321,51.21856829777826,6.161981710358001,175.84803977982318,177.23858493655956,105.99476816970828,129.1165465263543
8,21,54.14438290227959,51.13215974748365,5.818225380814239,175.95393709251465,177.67279079127994,107.52331161912235,127.9011712056884
8,22,57.51607522683769,52.47584433308659,6.9048122026036545,176.78732888922738,178.1516946701121,111.05373354985964,130.78607431669647
8,23,59.517688234883195,55.20693509570826,5.946664864306343,176.27292206537487,177.80745138712354,123.63472957169472,148.41120428718185
8,24,59.68293926667699,57.17645649186332,5.919574245626116,176.40849452604405,177.53777225987517,129.10536144787903,149.1758459120028
8,25,51.71232928352363,57.91160666787975,5.466034637486557,176.23932462001883,177.52740243154747,133.0493480361421,150.7610364679736
8,26,51.71232928352363,57.91160666787975,5.466034637486557,176.23932462001883,177.52740243154747,133.0493480361421,150.7610364679736
8,27,54.11874706942793,58.51264096923276,5.980690985513913,177.95514104826623,177.57004182374806,133.00884403721562,153.37536704579512
8,28,57.749393200244285,60.81810532544084,6.351894128454382,178.2257878577409,176.90778141909263,142.6148143365817,157.5875580131111
8,29,61.40218351687967,61.20618919169445,5.643824658003641,178.84017244032307,177.98441678028516,145.85717641067714,158.6909015268744
8,30,62.89855077252088,62.70682799296927,5.196545988111374,178.73632812608432,177.38307432177243,147.64575455635762,160.0884659212268
8,31,62.89855077252088,62.70682799296927,5.196545988111374,178.73632812608432,177.38307432177243,147.64575455635762,160.0884659212268
8,32,64.55195775291635,62.88311082493925,4.341326892918761,178.2071653146988,179.57381544516429,147.93243288106686,160.2859366535277
8,33,69.966770341182,63.47250674303962,4.438161321520807,177.94161381377288,179.62406582454713,155.26225456092274,159.26319336426548
8,34,72.32479740772762,64.01122466962643,4.886605199333186,179.08760915910688,179.32451908615363,157.54745181695085,159.4810054451855
8,35,71.90337028928869,65.0960065810191,4.640517895103899,178.67906337414152,179.17792967506614,157.7736217920166,160.3523354770774
8,36,71.90337028928869,65.0960065810191,4.640517895103899,178.67906337414152,179.17792967506614,157.7736217920166,160.3523354770774
8,37,70.48613016164933,66.2940431042953,5.000485432570447,179.0103233774579,179.76030556580784,156.25545650924664,161.6161821890268
8,38,69.08800093180504,67.00260023895048,4.683346126080719,178.92256458506313,179.71564247108105,153.5281233403599,162.5815889604822
8,39,69.0844162741211,66.71545278871916,4.665907902224508,178.78829013684387,179.611213090913,153.48009326226276,162.2120194307444
8,40,68.25724399791241,67.16435049334159,4.675118306445602,178.8724748028527,179.77042178057602,151.63940832248284,162.84558781983287
8,41,68.42203807768469,67.19705746336227,4.70396653280978,179.01177146927174,179.9045065093854,151.80965347201078,162.4852853157073
8,42,68.40200231923004,67.37958926711774,4.9400973471914895,178.81417438219552,179.40894687171195,151.3095239051552,162.7021581858774
8,43,69.5603385344076,67.23018933880479,4.80149889172694,178.31505420757503,179.7497730412399,150.84239597841244,162.07264132680663
8,44,69.79885639979948,66.73584182610422,4.603326513834654,178.58812985231503,179.32272922693747,146.97048737550716,162.34849717573687
8,45,69.57618269237588,66.04301412500725,4.463077138202272,178.0075524121751,179.0737137606813,146.0457158256876,161.05077900690043
8,46,69.40867717301447,66.10212645966176,4.2280756627077,178.32726372677627,178.88146174687876,145.85638039421437,160.84661440215612
8,47,68.16109560868846,65.31087560733137,4.0708904720507215,178.5086353366519,178.00064382772342,140.52977201475488,160.89908367415956
8,48,65.10768497976436,64.08682538562284,4.8889899733823015,179.1540439866349,179.73165905296077,133.3292371993432,156.5435022066498
8,49,62.97077809635193,62.76613831305884,4.5202624124634,179.29448956444725,179.8103797777862,131.50579018966084,153.2442805817995
8,50,56.6168885372636,62.4584403861142,4.511028143728509,178.83078026107276,179.6227732998428,126.38631823926096,147.74713599218768
8,51,56.6168885372636,62.4584403861142,4.511028143728509,178.83078026107276,179.6227732998428,126.38631823926096,147.74713599218768
8,52,53.96467949506304,60.664584171896,5.739749031625988,179.2011923486384,178.49771124849022,118.4742501023869,142.54423225800346
8,53,57.92124926416663,58.05869781981186,5.649176417820488,176.561358886605,179.00187213496898,111.0178775141882,131.77405854461537
8,54,52.25691970584222,54.66783474367341,7.244678209415942,176.7710301018506,177.9343041306733,109.92807472726402,118.47343382546164
8,55,47.459065425162365,54.19259343844776,6.630887706178972,178.23949627571037,179.53558777549864,104.59684294998397,112.95435519472656
8,56,47.459065425162365,54.19259343844776,6.630887706178972,178.23949627571037,179.53558777549864,104.59684294998397,112.95435519472656
8,57,47.17427565006332,51.71987966751094,5.554518286565877,175.91083596765168,179.4017964752097,100.4588298016692,107.18441484675976
8,58,3.6618249395845734,47.30381304379189,7.397872654692738,176.32682823186133,176.34853908847225,76.75058827436028,90.7918955749548
8,59,,44.77268283348051,6.735346151380768,175.52162027013944,177.94987446544815,,88.40134387110454
8,60,,42.960543401007335,7.112689094184751,174.22384131992462,175.46601311267102,,85.5071730801132
8,61,,43.09347511552717,6.962711149238788,173.81266733210637,175.39732642449098,,85.23268361507843
8,62,,41.250990325775035,7.042665904763198,174.83515242186994,175.86637581771674,,82.60774700142682
8,63,,34.841716838009724,8.399594677587087,176.1970875871184,175.37509594345696,,70.05086663000446
8,64,,31.277066493257763,7.109301065659097,175.8735946785832,177.19068999865243,,70.0728159458637
8,65,,30.50230013886582,6.176605597375514,176.163313591287,178.47130608923902,,72.10338501235913
8,66,,30.72958051311626,6.729846349247872,176.67417589682069,177.41246529388323,,71.95838261111149
8,67,,28.64949850382986,5.796037012693545,175.79324585363344,179.54251203716362,,73.92184345452567
8,68,3.260134887825859,26.20919779687345,5.501209616539476,172.46048252674322,176.86293657731275,,75.69052546447516
8,69,3.7827134844172536,25.213537695288107,5.253403305099112,173.19871746509355,178.09516102283794,,76.74381876461995
8,70,4.090018911414149,24.290575890985735,5.16206827442467,173.02798957645135,178.47428041884243,,75.47023702885059
8,71,4.090018911414149,24.290575890985735,5.16206827442467,173.02798957645135,178.47428041884243,,75.47023702885059
8,72,4.004926403664255,23.66980363475401,5.250565693024833,172.93141276126522,177.38196394955108,,75.68306104879318
8,73,4.266306395802649,24.764202842317427,3.783659054246987,171.3959303467318,178.2526839855056,48.72158184647293,78.84809805605072
8,74,,27.01419721117955,4.434128192753531,172.5127332353707,177.69095660476034,,80.40536448510996
8,75,,28.39788881916586,5.065746634038626,172.968690662324,177.40223856532944,,81.72807725153336
8,76,,28.399145605857104,5.234955919960472,173.76621890018876,177.87496979735988,,81.78013409865946
8,77,,30.202334854498957,6.028107717080143,175.47670287000017,177.9145313859699,,83.80381726766305
8,78,,37.64270505423859,6.154632383604128,175.87343575572433,176.09710048764686,,97.00251616550094
8,79,,37.0190027033302,6.653700823478881,174.22976335581944,174.96878375575494,,99.0371075747924
8,80,,39.49004036362308,5.1805589829029115,173.88822868289466,176.21776054535587,,105.09529245264476
8,81,,39.51177760427677,5.02347386160223,173.7559866755661,176.50310726658373,,105.19447127324482
8,82,,41.54420702717421,5.355101223427866,175.0020818171566,177.47044655119893,,107.48936813275871
8,83,48.92340128606299,46.51686103553488,6.7938932704853405,175.1223251891367,175.14305251451373,97.54989148818228,117.00527374065152
8,84,52.23989470330981,47.46320495856922,6.181340334360438,172.96962889018573,176.04860755980852,103.26729737844131,123.65778208943792
8,85,52.07913884006292,48.685510654072736,6.251438374827745,174.45793401649087,175.53394293079128,105.2182055018909,126.42079106330004
8,86,51.99075744898729,48.584078670357634,6.2512686219733045,174.39625956857003,175.52632565127257,105.58105064435318,126.17375592396353
8,87,53.59081960102874,49.742350761565454,6.1394728438945565,174.39094222290163,174.94655760761302,110.5267497490664,136.3359110334901
8,88,58.61347433098766,52.77262054619331,5.620969983465338,172.18815514584196,175.2918440652391,122.93335937393168,146.76098109128833
8,89,53.96076535451808,53.96211616574105,6.1695812420755765,175.62330285977384,176.49446748483433,126.23289386265483,149.08236892429875
8,90,53.65675673759576,55.11441112265821,6.257200295365861,174.14182886204063,176.3859421115403,128.50262205288286,150.28661645368055
8,91,53.631647026356944,55.34709045726783,6.217111299981986,174.20579503378528,176.33193758796307,128.45854241274208,150.3441697875436
8,92,54.325024007649574,57.29293556922116,6.95164400146966,175.098838035274,174.19959018443464,134.3820276529805,152.11933887894196
8,93,60.91144043008778,58.30951246179321,5.659326793189008,176.45658044946643,175.9736418449684,139.2614385386884,156.57904121059212
8,94,61.49841361172738,59.396395904757625,5.827656362337223,176.32827016209112,176.5451097809872,146.66082453423743,158.3761753242327
8,95,59.39361684378745,61.273752459524985,5.731483711108427,178.59114589930593,176.20538248447787,147.41065044930056,159.36351512953192
8,96,59.41618898355527,61.067430595510665,5.794315314250894,178.49719032599816,176.30899788232463,146.9460630078922,158.95645112443125
8,97,64.34556469067877,61.81715498398371,4.988874910290449,178.53420628350156,177.8105286297769,151.22121444929894,160.8967941816004
8,98,66.34196782465403,62.71119521682752,3.680269994551869,177.0482926543015,179.7976282920124,153.18286666518938,160.36184894749232
8,99,67.1033829862225,63.055172031685295,3.7178173589674945,177.2593831899054,179.45635422853712,153.2424438529329,160.4440328542623
8,100,68.44810545513391,63.380605006050565,4.30702656967686,177.23916414001852,179.3307312332533,154.19288766330575,159.8095918999882
8,101,68.44810545513391,63.380605006050565,4.30702656967686,177.23916414001852,179.3307312332533,154.19288766330575,159.8095918999882
8,102,69.08488503067801,63.67378916169905,4.089587293818169,177.21868153873848,179.56658808840615,154.90437505277058,159.98217536658632
8,103,68.28186979107636,64.28312977089604,4.110136459597398,177.21216417462807,179.30390312568176,153.35222632721977,160.64077408069303
8,104,68.2884964259163,64.34067366992053,3.9786005930674584,176.86249288667003,179.13082483944228,153.7555252858526,160.30167180165844
8,105,68.1630214039493,64.42128827316851,3.940431719953088,176.86679980168768,179.21302189863658,154.00808162730712,160.25686332701218
8,106,67.972668108497,64.42111981708165,3.936283742229764,176.87293029480577,179.22591091398562,153.57229248602138,160.26768225388565
8,107,67.75004636475849,64.47937601403467,4.060457942958835,177.30164382544274,179.27758994717897,153.26054639054024,160.4374298225164
8,108,68.41709764486662,64.19313584270982,3.878101439252513,177.13693185157413,179.38334878671213,154.42648228387645,160.44747749690697
8,109,67.71073998906371,64.03338783777764,3.936708884456569,177.29696864508028,179.60647931636737,153.0765871194451,160.31501463484034
8,110,67.64183199864587,64.08887475333216,4.005133057068066,176.8820979171305,179.3009943398378,153.0621925302388,160.3960491306043
8,111,67.54190495068325,64.16273426005975,3.9860375579823417,176.84260899875918,179.296022031593,153.19841641015208,160.41590517711467
8,112,68.50248949437965,64.12630119266618,3.977657992698344,176.73606987984638,179.3846167154555,149.89813949043167,160.24926721184724
8,113,67.34124800993222,63.39776117490485,3.8876566169743234,176.28542514570597,179.12073194477813,153.15011781100787,159.374195866776
8,114,66.29695372067633,63.63823028256288,3.8899349844898903,176.56660539446014,179.62505686046578,145.94334985662263,160.6694531439505
8,115,65.1527618241506,62.9500061593601,4.371511780586231,177.77141470526126,178.91662960217795,133.27699574644905,158.1173512427741
8,116,65.44202124097525,63.35666315114632,4.425926011828694,177.69378496957088,178.36560429467443,134.142025501343,158.59024036448753
8,117,63.61098788290779,62.23253439089963,4.856915241157021,179.24183740680377,178.6785121692691,133.84568122159754,155.88446422461564
8,118,61.09862589374275,61.19403502212118,5.177542014173023,176.52076664222318,178.8592791195545,127.53837196042396,152.43705926531968
8,119,58.80477999021261,57.93082863024101,5.994839360339751,177.77795310507483,178.55632443500042,123.77121256732508,144.7371342588861
8,120,58.604084402523696,57.93496628336563,6.16742709136416,176.36886606609374,178.2939265493682,119.4150284162888,141.64506798922997
8,121,58.54687032261591,57.892545664232024,6.360301050040328,176.39516856259846,178.14269756961056,119.4730960507752,141.4819534123368
8,122,57.19322535362127,57.04054913372616,7.454041476858603,176.55792588450225,177.8224226052446,113.32213904534598,132.06114530789762
8,123,53.13670478772432,54.46916723834659,7.250527928243439,177.14805375092388,178.30667481475183,107.54113485294526,116.92286040397352
8,124,51.23532576067743,52.18655298524057,7.598939882023863,176.20007840668288,177.8595895719661,104.42406604398349,110.6762336347469
8,125,48.06897567669965,51.43863098589219,7.71885869683705,177.4237845242743,179.06246597056662,99.88521449630336,105.65720980430828
8,126,43.455970129871,51.47693483771325,7.670412815150096,177.6561960111957,178.85912995119892,99.53215685836516,107.47653120696587
8,127,,48.540845741212934,7.842265824596688,177.72499440483642,177.6331118490838,,100.14102139506583
8,128,,44.68920805019548,6.051047157348168,176.4830776094498,179.5078670735207,,87.93267611067635
8,129,,43.478476434237365,6.354582779183832,175.48114692062967,177.79481891733815,,81.38165276811107
8,130,3.927668162556194,41.296142049549125,7.710564981365736,176.40551275364575,177.36873286406131,65.86612846665547,76.46711839394702
8,131,5.153764911873266,41.37116388641337,8.212882504395603,176.5592060111138,176.21469721328992,65.36868793606052,76.10674758454925
8,132,,38.32836831033139,7.988740357352184,176.33667000271203,176.7240271496859,,72.8423231215926
8,133,,34.66492020095557,7.250576230139015,178.1551812695487,178.08564928445574,,64.48866852925282
8,134,,33.364184838754745,7.69026277971117,178.36380146965385,177.33327431817543,,70.37235779235958
8,135,,31.537960250252592,6.955213051303671,177.04751222096118,178.2709636684903,,69.16243593656655
8,136,,31.500733505740257,6.979265645932026,176.93900086889136,178.03697837258903,,69.12634799597106
8,137,2.694039257860433,29.16774443197794,6.954835620410307,177.7260081891668,178.87181575688706,,71.02077406382843
8,138,3.1932570041159103,27.614343111440213,6.6125800952991804,176.75630237261277,178.34446695880771,,74.30606648596759
8,139,0.9061795230815716,27.522328263208287,7.003527171505264,177.60810325236366,178.43316623322863,53.674420094517146,77.02829927267898
8,140,0.9763367622655098,28.862169807956835,5.7389204258865725,175.7278023929845,178.7899512103375,54.39600725948877,79.22917015904494
8,141,0.8665999218546386,28.95369115048375,5.87786238362442,175.6348570636699,178.36786591104052,54.01661941273167,79.16930794070653
8,142,,30.164643295295143,6.201560491685105,176.80106948958792,178.7728123475916,,80.06496605118802
8,143,,35.32641732062239,6.468734058833627,176.47342927992662,178.6298526177806,,86.92031257015526
8,144,11.32478769054686,37.4076342700526,6.947946249804367,174.87875637493195,176.3392306585171,65.2612831520062,93.42110463758294
8,145,,39.176195801399366,7.245795133411897,175.37745088729588,175.87701327730483,,98.62502218100238
8,146,,39.165075162329984,7.217717178416167,175.34291912141788,175.91312620548527,,98.61975824432676
8,147,,40.675041908698056,7.5090221306310925,174.76749395006436,174.75736773569346,,103.11716942048992
8,148,,43.98890312886259,5.169906937442138,173.7296822923068,178.42069199927826,,112.84596855430154
8,149,49.71359481963238,46.51816557994531,7.148868180718685,176.6578822261611,176.543439068622,98.79528080758604,115.55501088435236
9,0,49.644705087711046,48.255645802496154,7.666469169915354,176.03007591703445,174.4105714949937,100.1907563841395,121.64631114843372
9,1,49.64969862060822,48.247407518015216,7.632591097951741,176.01376651660652,174.43678363548878,100.20527554199688,121.66245293566708
9,2,52.06892478861661,49.05098830869485,6.811974688342079,174.25509389834062,175.95491349868882,101.34829563329484,125.62169002787374
9,3,54.940775967494616,51.884781049893846,6.613043895732224,175.65420754472348,176.13422297625726,113.46392259499402,137.93698485821002
9,4,54.940955809146566,52.424988607566995,6.149294073324326,175.3245229593647,177.13957283577653,117.3538271293314,140.41709431639984
9,5,56.5682967008489,53.40273190912301,5.828437849431164,173.5220182135898,176.41568502893497,124.80008675465729,145.85139209533227
9,6,56.14562194204062,53.16245218407446,6.65898919388949,173.07247060916816,174.52403859431553,124.84335436750806,145.22872553492277
9,7,59.98283845097118,55.69910065889803,6.283654859870547,174.99542970160732,176.3080099290673,130.11709558578667,152.08120158226882
9,8,56.18108928568486,57.49477754251288,5.3531709624820065,174.8779264545639,177.38421163515716,135.24828664001095,153.8625859296273
9,9,62.87111848657312,58.307313158483815,5.7658057258422195,175.89238533148216,177.0281715469251,134.57270546830205,156.33325405498962
9,10,57.32531426437976,59.02775543205283,5.669814859366398,176.48759557907812,176.67943305311584,144.08417629037763,157.87060388884578
9,11,57.32531426437976,59.02775543205283,5.669814859366398,176.48759557907812,176.67943305311584,144.08417629037763,157.87060388884578
9,12,62.35569412235525,61.36330594472856,6.358446815653874,177.21012243741615,176.03349277430294,148.16242259685893,161.05143660783256
9,13,64.12372367958791,61.86299622191232,5.5073557658928785,177.46638217047726,177.23702517899017,150.91238826660836,161.4250583393728
9,14,64.09937124228435,61.79908323523471,5.039025683286043,177.3807439003133,177.65950022494383,151.8730660512335,161.5438655147865
9,15,65.42368620326623,62.84684508361115,5.176797101829628,178.3450985556832,177.98871050636478,152.86906879557185,160.97052731788256
9,16,65.44395810610668,62.85703851258885,5.029729436202647,178.16688184423802,178.008233116217,152.74534202988335,161.11403015117384
9,17,68.2569294757231,63.700130349725406,4.42054055243143,177.6040731969873,178.86492885211155,155.94567744694163,160.62671960846924
9,18,68.54198259538244,64.02497448394658,4.453624087985935,176.9739863104223,178.3907013031392,154.75802468136382,160.93065946840932
9,19,69.10316331376164,64.19944203819757,4.244252847222604,177.40204399103365,178.72070119088443,156.56211761302876,161.03948098887568
9,20,68.96359175311413,64.63013177336076,4.370946758426606,177.24378890988527,178.75483721253008,155.8005760616113,160.83318560361153
9,21,68.67652834110511,64.5469604148987,4.496117517481578,177.3753489202487,178.62726998594087,154.87626009945564,160.74443816053864
9,22,69.55820655781476,64.62173826183812,4.337893540005919,177.29832330820918,178.60714351936235,154.10238363657194,160.12379237642193
9,23,70.5061344568821,64.6654881450496,4.360215375538525,177.34197448602046,178.4178533107584,153.42226167519686,159.97187270808354
9,24,69.20610287799575,64.88177215768083,4.3438863538447965,177.1009946913157,178.35536980343997,151.49704876518652,160.30227519936258
9,25,69.12455696823638,64.96281764322079,4.320197905203795,177.4352344812413,178.73737443904434,150.71148408899683,160.36286898593494
9,26,69.12455696823638,64.96281764322079,4.320197905203795,177.4352344812413,178.73737443904434,150.71148408899683,160.36286898593494
9,27,70.65168250014433,64.54362892785744,4.152817028456427,177.00058845171512,178.98940087673404,152.55072676526984,159.85047856383565
9,28,69.80656395614773,64.5412161086191,4.178218746578552,177.35574395528735,178.999456102789,149.90543828204505,160.1280883016027
9,29,67.81743687565286,64.05277834051208,4.353744093068834,177.9933359793412,179.26079911650368,153.9506894090962,161.4454228971412
9,30,67.26099802708593,64.08432534670077,4.360330835165128,177.73824824130702,179.0761061240075,153.25333074905373,161.54482545958473
9,31,67.26099802708593,64.08432534670077,4.360330835165128,177.73824824130702,179.0761061240075,153.25333074905373,161.54482545958473
9,32,67.23573224774731,63.81495437729369,4.217106017085885,177.68241604017874,179.5818931843665,145.25859343883823,161.00714538155873
9,33,67.22989711349672,63.3159452622678,4.063844602270095,177.52993126042938,179.79476712782886,135.3930705012791,159.43168680996638
9,34,65.7216834284895,63.15410446075031,4.031827568687969,178.14831510276784,179.9615177560213,133.31168059902177,158.06499800308708
9,35,64.04348789372247,61.34009697705778,4.436620012445082,179.53110349845133,179.98821143648874,129.3198073088439,153.62198133108944
9,36,64.04348789372247,61.34009697705778,4.436620012445082,179.53110349845133,179.98821143648874,129.3198073088439,153.62198133108944
9,37,54.242158657770744,59.61750664717225,6.539357158046905,178.32955691265687,177.07926849692475,120.9795580029319,146.5928215409835
9,38,57.40327453427881,58.883373429093496,6.38518775431653,176.86630554072607,176.32290267668492,115.33568134656784,139.26953473466742
9,39,56.196058547496605,57.12731337594249,6.473903158029027,176.44687165706603,177.2551607436595,114.1067608443551,133.6417478676654
9,40,56.41100953522779,54.45379556313024,7.940328365699132,173.86578015997324,174.85905706676212,108.35852954656563,124.07830843804724
9,41,56.31091704603176,54.41653894316472,7.853723711313752,173.89717824722328,175.06464783088592,108.15568871057364,124.0155673604553
9,42,50.901053108241406,51.45655580020972,6.4445479041175515,175.13281097432147,177.57528415081816,99.0407032204648,110.4595284394144
9,43,51.30793709025502,49.19684678659147,7.10582506503599,174.01289625336912,175.1996570490351,96.3842561690452,105.87145933825924
9,44,9.456914750312716,46.93823655967921,7.27047661503185,175.19102483887238,174.98208923654437,72.03475987387216,99.86066340470484
9,45,,46.11432995942695,6.026010225577254,176.72102728823208,177.65853207854445,,96.90138579933
9,46,,46.2184372802851,6.1270812744892025,176.39919507520736,177.17566946832477,,96.9279524293499
9,47,9.94992478334895,40.33622431653377,7.059876977920055,174.58905383753006,173.1653552558917,69.05409944352327,88.55975216570954
9,48,,37.74278466681661,7.45246387202371,174.53428675075543,174.0921435023155,,82.41722006848352
9,49,,35.986565359700165,6.172782192296057,173.421047708577,175.89029569805516,,80.68212985479916
9,50,,32.32128866657134,4.701897995273085,173.2697776037259,177.75631849858715,,78.49053367002361
9,51,,32.32128866657134,4.701897995273085,173.2697776037259,177.75631849858715,,78.49053367002361
9,52,,29.377860327863125,5.648931883081137,172.21301668436308,174.9794884539838,,78.2132403017787
9,53,,27.3453672874094,6.187905521038465,172.2844433941791,175.8097496463921,,77.5322186612454
9,54,2.0362553202585696,26.98041078555409,6.320934594509277,172.41956970915066,175.95679904336805,49.73747743816771,77.37034509385633
9,55,,27.19496231470461,5.810735972654157,171.7467102424745,176.3077577258201,,78.52522934917039
9,56,,27.19496231470461,5.810735972654157,171.7467102424745,176.3077577258201,,78.52522934917039
9,57,,30.853973553869093,4.872402634140563,173.98003209460785,178.73019251844732,,81.64893142859525
9,58,,31.147000717608883,6.125606867102589,175.82037491951309,177.96628616254975,,83.19663280554342
9,59,,32.69581117203035,6.621385993575699,175.32119973145757,177.74646382377003,,84.46524554522162
9,60,,37.91752363918075,6.4382772715169265,175.1378960947302,177.11896127382582,,90.92330990637656
9,61,,37.91752363918075,6.4382772715169265,175.1378960947302,177.11896127382582,,90.92330990637656
9,62,7.600741571188907,40.63263979633209,5.840034872048605,174.57054793586997,177.91706875376133,69.77788175842673,100.9244011584992
9,63,,41.63204038749094,6.6884943511416655,174.73900538055514,176.62874247439433,,105.09343964566256
9,64,,45.10525661150469,6.552028733862935,176.218506489456,176.8630744793405,,108.88499511100784
9,65,52.50484962005309,46.85091774250102,6.959602943618998,175.21198800902877,175.60437582285437,101.00251507092813,114.60620297073966
9,66,52.48899442603039,46.949002844779194,6.9944607586538385,175.14356803672075,175.54394334497647,101.08914600803188,114.56569074185695
9,67,53.64846632444769,50.152881709246984,6.699454614274337,175.72553336220406,176.9069793845989,104.853971187462,124.83579857458452
9,68,54.14815297199158,50.54013923808225,6.8264644169804045,175.02214304679532,175.993631314311,110.45283652114952,129.58479298464133
9,69,55.83170109190067,52.3146363668055,6.302420367518366,174.796278308612,176.43845384880112,110.1015570619571,136.5434958443152
9,70,58.728125407133966,54.260198769075146,6.760763378530652,173.17402764393884,175.82404168411827,116.38773257046417,143.82320449019306
9,71,58.82332431143491,54.38047008167389,6.533945908896055,173.44895318498004,176.12327565232272,116.3895588325924,143.7668407166427
9,72,61.29936833952797,56.50567019126595,6.445167744743767,175.89527167301364,176.83418204936885,124.88455787744552,150.1158118339659
9,73,61.50632201482541,58.21917139666804,6.063993050713471,176.77123105047224,177.20559164895712,128.0878385532757,150.30974556504088
9,74,61.34752734940793,58.50455131713846,5.392615403316144,176.43867238605378,177.8296525329818,130.6794431688877,152.39865572980952
9,75,62.210085689606295,59.44092133353899,5.56939846600705,176.46034764490938,177.1907846841408,135.38592790778085,154.994822452024
9,76,62.210085689606295,59.44092133353899,5.56939846600705,176.46034764490938,177.1907846841408,135.38592790778085,154.994822452024
9,77,65.87544071872334,60.8793962660736,6.128891291275042,177.42045745954624,177.58240023601553,138.4193896419853,158.65791059671645
9,78,62.155097383823275,61.51795510224732,6.043816768791682,178.16199098447882,177.39953974123847,148.4208840867785,160.2690731350289
9,79,62.202984926530426,62.75859031675206,5.936999945518594,177.798250529081,175.9405490649024,147.92343323822507,161.6134382467366
9,80,64.25278492349484,62.45612841116131,4.390793288947943,176.96564647201788,178.21675837045788,149.42667287322894,162.13413407228947
9,81,64.25278492349484,62.45612841116131,4.390793288947943,176.96564647201788,178.21675837045788,149.42667287322894,162.13413407228947
9,82,66.79935278084874,62.75351788838829,4.109279434981623,177.67216500878342,179.33399938747468,152.53137209771003,161.57851152761026
9,83,67.82286553711414,62.75991735190371,4.188040657286454,178.0115443707949,179.36347606126515,152.628901060018,160.64570599620566
9,84,67.5962894003893,63.435336662154555,4.805817822556253,179.89966634720838,179.46884254201234,152.011902848424,161.14787561933326
9,85,68.01193755721107,63.57598572287244,4.703558040133248,179.68394077029896,179.38869961181476,152.45143635759894,161.23821256249718
9,86,68.34024724622977,63.5064201005892,4.77038319112713,179.72523549425742,179.42316960691363,152.91640006695732,160.68798868727353
9,87,67.38664292617479,63.51637227268086,4.854688725519026,179.85500092626776,179.57662211805203,151.69443891595756,160.83837123747827
9,88,67.22126019310873,63.69153630401281,4.83504468300827,179.79013969855137,179.56157601927808,151.6025853668178,161.1374058747502
9,89,67.08079654495425,63.60981085479295,4.8873176568092696,179.8406419041934,179.4222137158605,151.71545324645578,161.50990427172206
9,90,67.24304788144482,63.74435216380592,4.854444718080891,179.8823575228819,179.612367760538,151.7352995232214,161.3436722311709
9,91,66.61359591933764,63.68161530761871,4.964691265240369,179.55693439800766,179.3635038776865,151.2575338387644,161.55276453044655
9,92,67.14572897069651,63.68782234256632,4.531076167101457,179.3227678640927,179.6270831092421,151.5379578770521,161.50668214408194
9,93,67.36178384797843,63.82169124141477,4.467405749498162,179.11105342087342,179.51661830424896,151.73225838200565,161.56534780276573
9,94,67.3453175042814,63.61542670110107,4.410072821736613,178.94833250609472,179.58369907341884,151.43147107631506,161.44381763664592
9,95,67.26257056515753,63.72921031424587,4.212383899454366,178.85669295438322,179.41792843381765,151.44223698053054,161.63440882890313
9,96,67.70266781531829,63.607431389351696,4.379322684122586,178.66550466290445,179.59033186588704,151.89118536403143,161.389027884222
9,97,67.84391058460098,63.77992528967584,4.450321459955547,178.69219755565348,179.7496494971126,152.31128314801646,161.91799858700557
9,98,67.42575100331797,63.88103965510203,4.532632928122985,178.8849825245828,179.90644372303404,152.0225934019944,161.8800482656806
9,99,66.94916408476057,63.979199915364184,4.419456834072522,179.13311981641075,179.46614432468684,151.89934156280418,162.12021657090614
9,100,68.5923698532272,63.42143670244213,4.069784402307763,178.3514419715443,179.46983924888073,146.0986766673354,160.5975426506647
9,101,68.5923698532272,63.42143670244213,4.069784402307763,178.3514419715443,179.46983924888073,146.0986766673354,160.5975426506647
9,102,64.04377352896446,63.20062755575796,3.720186180978191,179.0962388712372,179.65275459204193,133.35347338757813,157.60543695980076
9,103,62.660863356544475,62.0296201228214,4.338168619738804,179.44498344840324,179.20431905803966,128.29460860811727,155.63820430875873
9,104,61.47803845092251,61.2634482616809,4.169131203320416,178.11620862119827,179.3089928791029,125.56167439435268,150.29908913804496
9,105,57.81962442506073,59.004567502984834,5.299481323370757,179.16192685420313,179.92048538117194,121.02679846830505,146.57326462254514
9,106,54.721762529445144,59.224941987511166,5.934301033617386,178.75234952484624,178.84170726509296,122.97131388902366,146.67146303957398
9,107,57.81727370744485,56.29552470132988,6.54580466728507,175.36153170998023,177.80568768022255,110.97895512774382,129.00089829783713
9,108,56.250812743762395,54.09232543618741,7.85301498125934,176.94214008412578,177.2515879289299,105.6662241732684,123.75996004758876
9,109,52.70969598066479,52.19994413083084,6.617492835581924,175.69031423301507,177.7788289376463,104.0090376475599,115.62833601167762
9,110,,50.188475821686765,7.419103631901574,176.1863997426374,176.46804559834317,,109.90742354652888
9,111,50.69229376432758,50.068997398551446,6.360355400337273,176.444596608524,178.74395428381027,111.94506402021044,109.7565426340185
9,112,,45.9571167602166,6.915995353256181,176.52218295965525,177.55863774773582,,98.87332674214244
9,113,,43.63462938469437,5.738251730132319,177.3510359818299,178.86912293254346,,92.37744987388416
9,114,4.830955750942249,40.12410412658003,6.310731198818484,175.5024112374475,177.95384341457572,69.98677715115787,84.66504774768384
9,115,,38.76181566727711,6.562520417185524,177.59886719980375,177.4937311519507,,84.18736573556407
9,116,,39.007713216330366,6.79056577759849,175.6960371764185,176.18037118556356,,83.90302756406835
9,117,,33.83626748547689,6.796773874809034,175.70174042104702,176.90878088760476,,78.79374224394779
9,118,,30.650780177319664,5.182986678427481,174.0147144687125,178.3641558995316,,77.37725633676291
9,119,,28.999033236132373,3.789838343000513,172.10122786156134,179.71384254203934,,78.1582628977879
9,120,1.7252521160832075,27.161528387836167,4.306424399724785,171.97782817732912,178.67253282104872,,77.15711808451304
9,121,2.065665889794663,26.954584607608012,4.508908984381846,172.62805942021066,179.12023777995913,,77.40399101054729
9,122,4.173556590404832,26.196778966802892,5.357316563843596,172.78245002041,178.5572713002069,,78.42065098086627
9,123,3.874445496831566,26.32586789874712,5.300304563783953,172.91555423246538,178.5833178751235,,78.57704106226515
9,124,3.1649077185587418,26.28151299939377,5.015332981055001,173.6999177037803,179.5292783087305,51.923275005707545,79.64875008114463
9,125,,27.39869948293874,5.580164777301459,175.754121948857,179.90813668461348,,79.46750589376856
9,126,,27.39869948293874,5.580164777301459,175.754121948857,179.90813668461348,,79.46750589376856
9,127,13.52837405467802,31.992581848972723,6.817791432107059,175.44667172105048,178.82727449529813,62.88566779378762,79.86921329064513
9,128,,34.12150156844195,7.60577878938003,174.280540659614,175.71830379510425,,82.98131725960276
9,129,,37.75175192761997,7.282764973285581,174.11584264153623,175.5774085716203,,88.99672463888642
9,130,,38.65587949186102,7.363795647109404,174.11032049380006,173.87459676174836,,97.483163003724
9,131,,38.671052066323874,7.524908017181486,174.6320104815682,174.1708073070579,,97.1583030148564
9,132,,41.10891635384883,5.457496797220189,175.39090898442427,179.57650782171515,,106.55710334984066
9,133,59.59512268326894,43.74204624351199,5.2544311972942594,174.94586854863604,178.59450370151916,110.85217118238384,112.11730280915216
9,134,49.92247212107077,45.52907391465904,6.7380634213809785,176.8986897563408,177.80715808440937,96.8016883810356,115.25544462443088
9,135,51.582344429601264,47.63756942973264,6.234406734738876,175.42718837295942,176.93316943627434,98.790001366094,121.39034231545476
9,136,51.56979348781382,47.48625840128482,6.367939444289449,175.37408599585413,176.63315759182308,98.70021685525288,121.24499029081684
9,137,53.478583558770595,50.671553399873424,6.27875623925858,174.59753433828828,177.18757102821007,108.6915369614077,135.1080067789848
9,138,41.60657607873031,51.74555557678721,7.142844537390515,175.9786335838048,175.9508753211529,108.23827266180264,140.44822675509567
9,139,54.457301787333854,53.15460424347038,6.906035042054121,175.91630883322213,176.26965013661095,121.58094916303106,143.84334973315725
9,140,52.30887124885565,53.60998573912602,6.708490316775743,173.94844108269805,175.86911553962227,120.90367727252526,145.6337165935876
9,141,52.368040075794845,53.63788045904496,6.655467550575803,173.73612891987716,175.95886670267546,120.98778120110198,145.50845666638943
9,142,52.0260525897269,57.11793842520716,5.724323597599365,175.13933280370023,176.86540200464634,128.86701146886872,152.9306024416738
9,143,49.29203637455316,58.73238553154654,6.031631954151538,177.16760961424336,176.49939949999074,129.64169433463934,154.01773607525246
9,144,51.54230184998092,59.59522462941092,5.867067725395571,176.6456637415717,176.3094413652893,131.5343293265966,155.892366199019
9,145,55.06997450819071,59.746645845547704,5.093013438724308,175.5568287558512,176.88642613817038,135.70762591511627,156.13713579413755
9,146,53.132417401643195,59.80556726913297,5.075306979749608,175.51474442826984,176.7980114125597,134.51491802308118,156.20717407622342
9,147,58.98730983262039,61.4077776086622,5.243016335150116,176.3172767935999,176.81019960696202,147.1462648939655,161.5046666566775
9,148,61.16789319780998,62.05482406842372,5.431128752911342,176.78848287608994,176.1481982244794,147.6267999872742,161.35621407081777
9,149,62.3987316518141,62.77727439855518,5.62245001866341,175.72375338586164,175.32943914736853,148.7038896330786,162.27030079252583
