vid_id,frame_order,right_elbow_right_shoulder_right_hip,left_elbow_left_shoulder_left_hip,right_knee_mid_hip_left_knee,right_hip_right_knee_right_ankle,left_hip_left_knee_left_ankle,right_wrist_right_elbow_right_shoulder,left_wrist_left_elbow_left_shoulder
1,0,151.52464295974983,159.48868017330005,14.443370017845831,179.18117644331892,178.8301340616475,145.51762551197075,154.0288439106479
1,1,151.28523888853107,160.1056536126341,14.239397668723166,178.53912441810576,179.81853004810156,145.52332034807648,154.57671478929575
1,2,151.64396487581033,160.7125289620379,14.792905897739429,178.2257059830086,179.24511127414527,146.33821436667236,155.1785058810627
1,3,151.53745517243777,161.72358892135114,14.96500731758584,177.84088461144623,179.09434528799792,146.25533596759556,156.218398650072
1,4,151.37214097870324,162.18172155919413,15.150207972587348,178.2752786594861,179.16952471483103,146.32584531083938,156.51513422030698
1,5,151.4479406090664,163.20945486182038,14.713576199023253,178.8392504589598,179.1362339675793,146.57481720902487,157.90143592895487
1,6,151.7376767047286,164.25193030502598,13.345485574831702,178.9119297554896,179.12038191660443,146.5908170828587,158.54316741294804
1,7,152.37761762640665,163.91505432378514,13.219854627474188,179.0354030849848,179.1200115994856,147.24233704279004,158.86642263038226
1,8,153.14248586163126,164.2151745372991,13.275360816996836,178.74747410263433,179.74915150617034,148.50449174200313,158.5733978517519
1,9,153.750739971708,165.5087484108189,13.393065574192018,177.88743037613057,179.05090756490117,149.1471760387902,159.53000418394876
1,10,154.21746220243853,167.19832737622005,11.873878973363183,178.3221822816315,178.68524014250494,149.06368133850583,160.35030553518135
1,11,154.19576795542824,166.788660844296,12.778773988595567,178.51713265889106,179.25337770594533,149.34651647296093,160.05446076105537
1,12,154.2975063852438,166.59774341593825,12.863121135412614,178.28425624542714,178.70522668281254,149.61094642436572,160.47867796993694
1,13,154.87231003272174,167.25983985326195,10.929985903526818,177.62515941729836,179.44286663108605,149.61469073129268,160.76167603407788
1,14,154.72501970067825,166.3631009745992,13.904707133203395,177.52767846259547,178.54256343794844,150.2638863351926,161.0068797340888
1,15,155.55290950598305,165.96920156781962,14.31069184738544,178.128871947156,178.3651339196445,150.90691627875705,160.95593326298464
1,16,156.57097319448218,165.47845989020377,14.693344897075828,178.83567985712722,178.1838369104167,152.3790832414328,161.24024062547264
1,17,156.90015167519752,164.64062935525027,14.77292035769255,178.88155675240577,177.792355455304,152.5824867775917,161.33673566197584
1,18,156.73667429392898,164.64482948696303,14.759557812456366,178.84419654584485,177.3811860772321,152.76170037706893,161.47405152373818
1,19,157.0052203108257,164.74087816701535,14.993301645422864,179.31846787910828,177.6539575960035,154.05108581536763,162.16318179112744
1,20,156.3224942376621,165.5179191706995,15.095070235802538,178.4362166784243,177.6578628457412,154.33241541001777,163.39172704445198
1,21,156.95563775293255,165.84799681765938,15.317941401155782,177.80498632859275,177.61543667114668,155.15853669533783,164.22564498805318
1,22,157.596191125937,165.50420610688843,15.412626400028364,177.5613508645185,177.9565565106304,155.46541312437276,164.8564790619252
1,23,158.95971306303036,165.37632745024138,15.55853564371189,177.7686763934379,177.9060479844765,157.83461908028914,164.72351996296834
1,24,159.471922619495,165.69136901437494,15.798695342719135,178.43944464228852,177.7626740060174,159.77181718854723,166.04682771843818
1,25,160.2319415886538,165.45552799842835,15.92052635857122,179.365439924217,178.3040592543913,159.84623527335123,166.22899602641186
1,26,161.3009874370872,164.8858888005418,15.860094839189031,179.65495321586383,178.46048324262833,161.53621685477276,165.28439160744608
1,27,161.23996041733605,165.15342678735485,15.68335181477216,179.70622088809856,178.79016003763104,162.28929283836774,165.1669418045041
1,28,160.9454066276285,165.1680571090432,15.308082754467696,178.0455430976321,178.50189108548,164.90320516207598,164.99571639900347
1,29,161.38329325014655,165.20236777950694,14.593120576484097,175.48520919497284,178.16293399474006,164.84726671929846,165.4113839739409
1,30,161.54799360501676,164.98673532300194,14.28633867342224,175.03068215049825,178.43946713225316,164.95178403351542,164.81547317096
1,31,161.2738084867453,167.01028509896426,13.743485127119186,176.44776126510476,179.3075183101892,165.56927691761058,166.9253504484844
1,32,161.46388705226568,167.41750336076225,13.429008792603785,176.67088484854054,179.4844866656681,165.18370540759994,166.1359097488468
1,33,162.53465458796552,166.4641867924244,13.189908344022674,176.5748706957794,179.99322477697697,166.02066827033804,165.8573821001528
1,34,163.34388988690256,165.86851653941667,13.768388055807453,177.84201281163396,179.26936498976255,166.66234749993083,165.52494080515558
1,35,163.28529763617277,165.88625817486854,13.548157645263665,179.0838171578871,179.37272170181075,167.37093107486388,166.25306265320623
1,36,164.62988663840605,166.98357940512,13.531347922546788,179.0905006644483,179.10286902910772,170.38733064388154,167.277980767431
1,37,165.22551131034547,166.3063616664531,13.687442742191507,179.4666026837557,178.78720461269972,172.66849089149036,166.45110828842078
1,38,166.05286367773465,166.4218962982711,13.796011453330117,179.2718245018352,177.9525089184,174.00492828571845,167.3701625684161
1,39,165.71203197348015,166.84429380837508,13.33628111470582,178.85365617588153,177.32257475295705,173.1708231931841,168.4532256506013
1,40,165.8180633731026,166.91354782489177,13.460718535407596,178.94536691302017,176.51034899972427,173.23897914854967,169.1156290819995
1,41,165.70624025423817,167.41778452829467,14.20328142644483,178.5494959031941,176.99152483546328,172.27392817820598,169.7477596989928
1,42,166.23170130426217,167.68021092645702,13.893961752655809,178.6811802254039,177.30353545180034,172.94930339787192,167.7584765909849
1,43,164.3816355842185,167.320657443212,13.14169742017374,178.75904371080443,176.58747044797505,170.08398009620703,169.2131968372365
1,44,164.1834215109408,167.56960550165934,13.548151339700476,178.278714391755,176.88282952962746,170.1951777626848,167.9926692240621
1,45,164.63141137480991,168.5090049940446,13.516240385849942,178.15676744114356,176.95889595206594,170.55872131364802,169.3913245615339
1,46,165.87252452216356,168.29671859493888,13.44737149329776,177.61850846368074,176.38662551460487,172.58336397696738,169.77504691580907
1,47,165.57729379615537,167.52673286080525,13.26765733983664,177.93914490474162,175.8263900536496,171.63427468274966,170.2421774676684
1,48,165.34207822512715,167.5880182700554,13.180878729217316,178.9205882074306,175.67553694599184,171.7690994686238,169.92246157821964
1,49,165.4204772863637,167.57267772376716,13.276445648149602,179.19794898376549,176.27627083845047,171.677321693089,169.2540683445146
1,50,165.9549208050659,168.1997637106657,13.515983769747905,179.68125287738923,176.42518644430825,172.71768810752792,169.84011232578197
1,51,165.50244719433314,168.65201534580834,13.540913058397512,179.1090223896607,177.28660803744387,172.9445837925638,169.31254432470462
1,52,165.3085813800457,168.4802398544402,13.46721501898279,179.1217974798185,177.24606561268493,173.35491929869184,170.43516070187923
1,53,165.34904435257462,167.80116024932718,13.594096160756402,178.9388252610186,177.21797022412954,172.6514104884825,169.35908930929563
1,54,164.9549129422559,168.87106482954354,13.314112774878325,178.44648268547706,177.8019867986675,172.38668557073734,171.3361596908164
1,55,163.45779818129157,169.1232754303377,13.427539037781582,178.5669417511676,178.0414677596648,170.11093808110854,172.3445480913661
1,56,161.84944929128042,167.84069125036402,13.433041877314457,178.90042764232803,177.43885544410935,169.06500458216075,171.92131353982143
1,57,159.23254258948353,163.31450425998585,7.203201709175658,179.4703875025189,177.60781728720784,164.5874203772845,168.2029082197026
1,58,167.03865199127372,166.27437579755866,12.39535229638634,174.334723755178,179.23478670343746,172.48072861776123,173.31953002684637
1,59,168.80909807261497,165.41615267189516,3.8347596694832817,179.74292168371358,175.90302382478944,169.39317611221665,168.86148617076088
1,60,166.7027417417502,166.34323424191794,12.578397185249878,175.28033196906063,178.0743290640285,172.71196888386356,174.24968929935488
1,61,165.53001841372244,166.34753840790518,13.09915677384399,175.17527879772504,176.81995764100753,173.57203369782084,175.2607424837748
1,62,166.14732017028447,166.68785946319454,13.382604106387374,175.74064820428256,176.5123982803213,174.26137101846376,175.28254230868342
1,63,166.0400068527942,166.29924136609426,13.2878834589109,175.41569450513722,176.38094942118144,173.85664804873207,175.02765964169348
1,64,166.2598281114087,166.05890835969285,13.327018888996156,175.64571538298802,176.70533805771947,174.50270323276638,175.11568351689144
1,65,166.43590669788782,165.7717555561302,13.448534372226655,175.39710406922046,177.29455630830262,174.19014095929953,173.86163033095744
1,66,166.1624581563745,165.8302201540849,13.120998273531638,174.7571349405434,177.91456289975113,174.10742394365963,174.3050169761659
1,67,166.10723927087665,166.04261180532413,13.252981627079926,174.37596427758322,177.9131234175494,173.37350659590393,175.04727618982798
1,68,165.9578419425692,166.10090175399552,13.299567977861008,174.43525248337102,178.1671854184046,173.55090157799032,175.3390496257307
1,69,164.81985179499583,165.37992782316422,13.623345331544265,174.36145205261542,178.57024181449833,172.89487572780763,174.49457732038067
1,70,164.53358576515618,164.87669947335596,13.42247291450304,174.28950663154595,178.09350051412898,171.43386644424783,171.88172981192713
1,71,164.66719234574433,165.04879388110814,13.508348030789843,174.5441252214222,178.19544962390245,169.3451310052832,168.8532753842322
1,72,164.7606617425414,164.42082546263373,13.485010763768658,174.95118636713886,177.65382401963774,167.97934716180205,168.244398657439
1,73,164.06222646635203,163.4467423127553,13.411684299646383,174.83165411834943,177.52014296868006,166.57530143825198,167.38397953275842
1,74,162.43611462917852,162.10468788267195,14.276622647541725,177.20667163181247,176.66702889012433,164.37832331588038,165.85184206720757
1,75,162.01386777421007,159.8565812388173,14.305820132901651,176.96697396202228,177.4998810650605,164.99939786238988,163.90752982841684
1,76,160.6304121212144,160.05358310556338,13.608573122920811,176.2080008648632,178.40588620192483,162.23657373833998,163.2276759750783
1,77,159.2490434336432,159.5822610758863,14.568066039257156,176.02947207180023,178.17935128768144,159.81338741005214,163.6328707909142
1,78,156.1881927064676,160.0085606344189,15.665570062118237,178.00990612862162,179.50745105048858,157.21733953871774,162.29732092502593
1,79,157.56738821944546,155.55390220630153,15.351426159537718,179.7807116554417,179.5261122778747,158.30396857836908,156.82722460016825
1,80,154.30979586700136,153.92702175272868,17.51690601161434,177.65004848613333,179.30082829271902,155.7823753732244,154.7165205882497
1,81,154.87825822486198,152.4371294727023,18.435204598507813,176.77870547651307,179.270589365119,155.04900593243843,153.2531831848552
1,82,150.63326705976706,146.4961523615295,20.282023177221,176.9564743940672,179.74657821821015,151.05421038153344,147.08787308038893
1,83,141.40408820971976,144.88048538973254,21.38069297527273,179.8474615188628,177.44737701295375,142.87135208100307,142.83575126927562
1,84,141.26604004411743,134.77375876232173,22.508283830378172,177.4214449170507,177.7382234191818,139.66607328828053,135.88558807246295
1,85,132.32999957806018,127.30189732637278,23.518662843712196,177.74104338002178,176.25822687244568,128.9725233396279,129.37319657361988
1,86,123.71481193224022,112.23853331280336,25.23308649105841,177.55727187486667,175.73044065501662,119.66480258377727,112.64029058398236
1,87,111.66966316957335,99.38437762484106,26.595355773596385,177.35738918741254,176.96322917813015,104.12918154018568,98.06734888413926
1,88,96.4181337864928,87.47347248158506,27.863553005830507,177.78441541657415,175.7973542441758,87.82817043541631,84.9016625674879
1,89,77.02943967629163,76.01493939270709,28.381986412752376,178.52674367657752,176.04758801830587,68.80631323296701,73.44065512676772
1,90,63.537991803935675,62.153757686851264,29.08927050937676,179.91404526353526,176.66071127115606,53.81241064446167,62.06211806204478
1,91,53.35932081709716,52.79954843941043,28.840999505269412,178.24078343103284,176.15888014712655,44.04704531916675,51.817054355185014
1,92,41.68065427598155,41.8059055801866,28.529542730554667,177.1843125728864,175.16188587101536,35.44823380205153,45.25057078323285
1,93,35.456703863039756,36.69189554126559,27.767271717228233,176.3472623259628,175.11655272101694,33.14967942545791,39.73743205589316
1,94,29.6540114553547,32.172386222364395,26.448330019678185,175.7812285266907,176.09251416003085,28.215399548903957,36.45233329936933
1,95,29.54617636611101,28.677367104592864,25.085875904707283,174.88463534352366,176.32948782465024,31.67969160971902,31.35055374776345
1,96,29.729327872489975,26.40640051250933,24.672631917290428,175.6974384525607,177.89144719437778,33.35258269335268,31.043676528306506
1,97,28.23957716835527,25.932186036971867,23.376054124528473,177.6998579489278,179.64583990480136,32.288069157775304,31.023190146106995
1,98,29.723251447933084,29.36344923261456,22.31758873791733,178.5613718766663,178.85371824636837,33.06882747833139,33.3803551291098
1,99,29.741688072572043,33.42001212844086,21.09397943800769,178.56034255172295,178.91565817333276,31.413348437695426,34.159734153942445
1,100,31.62315536006749,35.543229538551714,20.97006963081434,178.9232796915483,177.94810486040913,33.68961721788882,33.66250889367447
1,101,41.73610668222995,43.63237527253386,20.03380601408826,179.6681817489504,178.58851242598342,39.99709809853173,36.54444535264805
1,102,51.940215596550395,51.63522544271097,19.780782400650676,179.5565076876856,177.12256883429552,48.315334198347074,45.587028626910055
1,103,62.79889238514916,57.751083994809214,19.215775907339815,179.19329667439632,177.77730195508926,57.37566943467726,48.47469444598426
1,104,72.1912136791588,74.13566068484906,19.931881062040073,179.8407891646385,179.1378461284663,66.83653589929526,63.825085033926406
1,105,86.45745448873367,93.24670628467013,20.124654385331308,179.62451267304914,179.73112818747506,81.69046184626845,81.7103336215615
1,106,99.98841159829313,100.0085168487676,18.60390009467385,179.56445197059176,179.8208791240732,95.18758793083688,89.98922208567046
1,107,110.70189723110803,116.60037898511032,17.776862914162397,179.81983465923886,179.98270006537572,106.29417421360776,108.18219173812015
1,108,120.65495471244232,125.17775647073238,17.789853739579197,179.8966201127822,178.61209673592742,116.88124371053588,115.6922048084348
1,109,130.61949383983324,134.44872205617318,17.215938847125837,178.74421098930824,178.66669291478166,127.26669236133426,127.20566318372062
1,110,138.2382638315043,139.26075951215543,17.026048235175566,178.39937278746646,178.99527692766293,134.3342072990243,132.9201790274118
1,111,141.31018467031373,144.67203850479493,16.825301805733027,178.6186115377754,179.52542606139488,139.9091987586498,138.61510921124506
1,112,147.39158848532028,150.24453200093788,16.429391105355993,179.13491312465595,179.4578823078866,145.1354700606427,146.03511142562945
1,113,149.33272927934112,155.42311291442368,16.508125265055845,174.44302479218118,178.92631768034207,146.37288280792217,153.9257010628214
1,114,149.43721456744103,158.0671308922529,16.248874390836136,175.22616741853113,179.65984653975292,148.14643450028635,157.50395799988223
1,115,150.60929347805967,161.04901592916664,15.609102931575384,177.1429521915296,179.84732618085718,150.9130227802823,160.36965446330518
1,116,154.5282887824609,161.82849311996225,15.888261331911242,175.71065800628529,178.93229645915974,154.52283233492687,160.06187359556728
1,117,155.36573894576537,164.02379823604377,14.463745990139994,177.53661416854314,177.1010219050711,156.18677250362626,162.2219898066084
1,118,157.26199823865412,163.2735241560711,14.115271703557756,179.10038332198198,177.55542533173306,158.76668261996184,162.60616247953337
1,119,158.99916684511933,163.70054507343227,13.940259905193075,179.24423114086943,177.67130792539524,162.78635388110936,161.91784268144934
1,120,162.3533011819663,165.04893369505024,13.90273513229516,179.1707148303136,177.63123078265718,166.9483798319104,166.71017914484082
1,121,164.32973017402833,166.63322705814568,13.722826526916798,179.96145173204587,177.8062198303537,169.7108578409174,169.29421124317813
1,122,164.07863267565156,167.67011456552933,13.235394900993272,178.14156747310906,177.87567628209854,169.88154214289364,170.81938387353367
1,123,163.0546451613504,166.1350422984181,12.711697166685816,178.54660039609573,177.68266723992306,169.12329217784642,166.93068720473948
1,124,160.63686411878413,165.65550629660606,12.436294691493067,178.39290172346898,177.1803922322397,166.25652182552412,164.1835491375011
1,125,159.38779351173548,162.50733495421755,12.947203748003435,177.7238644247044,177.8772907051767,164.8868041365335,162.34249735355817
1,126,157.93357919306527,161.43052221138225,12.815645546840132,176.716633176963,178.07615843951967,161.9935969588303,160.5956911001838
1,127,156.9148494880506,161.15770707919,14.072806510946036,175.28263273760754,178.06083795395114,160.96658743211023,159.5080628088388
1,128,156.78500146004083,160.0637096340975,14.430043916415157,174.71539284276395,178.96769957321047,161.58222229118695,158.70506846387977
1,129,156.14642745562503,161.5162148001718,14.857257646748286,174.91700581776325,179.2830069113027,161.69616274416353,158.20749804154494
1,130,155.76778649906294,160.28789368897867,15.975069739415732,174.4460526527408,177.97082073333954,160.61229382974145,156.04497001783844
1,131,153.56330556435333,159.69366065297996,16.81399213325325,177.93317399727871,179.65494069463054,158.14591161335412,154.43682301441945
1,132,151.85922931774778,157.14729290061277,19.79854794590414,177.62568732447954,177.74697212020442,156.8734135677775,152.38308184888172
1,133,150.5899154110468,153.28069578520115,22.06011549219656,171.27587008039413,177.93371034490156,154.39910823121994,148.46084608930457
1,134,148.6159989133947,152.18141826906773,23.586543099483983,170.0687955098808,177.07588417572137,153.24754129215958,146.89291716825872
1,135,147.3420430692109,147.65919185618952,24.600414328182033,168.80485221076526,177.3871303216672,150.7151392173788,141.79425975540818
1,136,145.51841118488255,142.44422140495308,25.58103018496279,168.44301389146298,176.79493076232552,147.2604818689196,136.40645382737333
1,137,139.6875811745189,133.00778881838482,26.675495262825116,172.32212452467235,174.91972603898466,140.77280765740198,128.10849041138064
1,138,131.11503190650174,123.98052764893164,25.316154067850864,175.71949954641798,175.5722430754317,129.6876518341485,119.12224031055636
1,139,120.94863970559562,105.73853533027447,24.519205420403225,177.6098074470948,175.73274127882777,120.36853655544748,103.58214456505549
1,140,106.16848018589342,95.5983979559027,25.723511093390005,175.133002111207,176.52486782871293,103.91286938749134,93.38479387419748
1,141,90.100688264404,83.86240252839747,27.448557316451275,173.30907995493197,174.2058938272834,84.17259121437431,82.42551566753656
1,142,75.07661765968925,72.43461861712314,29.069931076668205,171.5977062434907,173.2902348066268,67.08815698049449,69.8802676818859
1,143,60.75835815766349,52.96141770374509,29.108057984774387,173.1136442622406,172.62205404502353,51.88173266326159,50.95552952971392
1,144,49.207868416393865,46.19130593641523,29.471329399002904,175.90479049816,171.7024896360931,41.62431238467627,44.26469839172384
1,145,42.65174411491973,40.468945923892406,28.06336795337724,178.23696261618488,174.15959647801176,35.56371271175725,39.57920064089171
1,146,34.397356992410735,35.343771564385065,25.31342772398957,179.8794602496654,177.449827800744,29.757675684055087,36.835190228341034
1,147,30.00651121086456,30.10870490892673,25.03194452795886,179.3534193294753,177.5645454704053,25.6655850489049,36.02558421320973
1,148,27.06935935649847,27.514846475778295,24.01532113526255,177.22968166005649,178.21118789304967,24.95790034137978,33.247486651811975
1,149,23.933196602273444,27.683430422210137,23.785819296628347,175.36500734154873,177.6965646357515,26.205924982653364,34.25983754038651
1,150,25.00739302459079,28.478989003991867,23.87693243101322,175.0438024256503,176.85001906360722,26.79016871936143,30.750498109685665
1,151,27.73614522369623,29.972417900191743,24.33442132267629,176.26158921632742,175.76307817204733,28.25261971937206,28.84440517283937
1,152,30.723445344604887,36.34584760874168,23.90119811494225,177.0778390950986,175.19198469452914,30.469172867194914,33.527920985347315
1,153,36.86450280475165,42.34695087228225,25.01752200475033,179.31571352092985,176.05726828636662,35.24028033193102,36.52678009605745
1,154,55.250182409640374,53.04363734413089,14.204826441901874,165.04605077604737,168.40937118756705,37.995523146469594,42.71653034586874
1,155,57.23137248498028,55.275122115930984,27.64809155287592,176.2204360662442,173.3313679750709,52.13155138012565,45.703079094960174
1,156,69.29371085406059,69.48015119676946,27.39734149582187,175.9078746913401,174.45381117308438,63.23824202633898,58.87577886720028
1,157,78.76283813450334,79.5172182856197,26.681374275879556,176.41881825762357,176.3167555467936,72.36642100636385,68.29048588236796
1,158,91.32161969208644,94.53973139862582,26.01871551544026,176.43794656513353,177.4827375944429,84.83108514676924,82.64228730931464
1,159,103.74205640129205,101.5890925268765,25.03804431529984,177.1304478057923,178.23990136200374,96.74065248698696,90.77476820214385
1,160,107.6571290900351,115.31840759449368,24.68489930543005,176.68303699795442,178.19538328015042,102.61844537678728,104.9206822446363
1,161,114.9987294840946,125.114356319868,24.112709824033445,177.91958620224233,178.34287181226657,112.88566155589002,114.42958910647194
1,162,124.24279224833955,134.36394198580305,24.22118423530408,177.7084358115499,179.4187206031784,122.18402798849208,123.10424896609334
1,163,129.8327864782834,139.0498193178663,24.004050538703975,176.48421732970868,178.6490065787004,129.28584678535242,129.5964488877464
1,164,136.13478959562977,144.35526745584906,22.568854935071887,176.98256142151445,179.31927917516757,135.86487316747622,137.70770609375393
1,165,139.4343509685102,149.29452271826992,21.675555408482825,175.19135599997432,179.23475496782183,139.8442623842409,144.17773954964989
1,166,141.3511266715426,154.2625649492537,21.190824878088435,176.60790684699597,178.43365305519376,143.67518970747236,147.7533984601536
1,167,146.048478045393,158.97809784717217,19.84036353139494,177.23641092380484,178.2686876930333,149.10283387745096,151.3869206064454
1,168,147.785477848153,159.8945006959709,18.82250812319616,175.95669743466266,178.04488878392291,151.7570209042959,153.22446159027334
1,169,151.79556647088265,160.3079258475169,18.447583715276703,176.18152695447003,178.4054091615429,155.8853100440434,154.89061043185777
1,170,153.26130144439713,162.1231360102562,18.834466053747217,176.34787048078596,178.23505408093956,157.02553879260444,158.3178392459927
1,171,155.32329715603385,161.7876859132194,18.137925663958622,175.7491025778231,179.08003956371087,158.69150889397537,158.69259575416112
1,172,157.65125736071778,163.10364691026135,17.558734675298464,175.2769520397592,179.7534410104414,161.1857077900933,162.58046392232126
1,173,158.26170910151075,163.5859800929386,16.777737050836983,177.37899205039312,179.11239023550766,163.01035332898562,161.66488393554283
1,174,158.35341294519384,165.22113598390368,15.591914689991274,179.36968303301705,178.81633087364625,163.48096197993635,164.24870171943334
1,175,159.17089755423746,169.98570754955338,14.147241025469093,179.28167671891265,179.4152632847604,164.29320075383208,172.33033880399736
1,176,159.8764924825352,172.42881938143225,12.813029812019533,175.6574559109611,178.13214652440823,166.41561120983332,175.86132191203976
1,177,160.62586600877503,170.85910951219282,12.626619340579342,175.39301522477336,178.22611076114924,167.51011511126526,173.51937147610707
1,178,159.95797887557686,169.42679221203974,12.798649270912142,175.92959021770858,178.62821425188102,164.84664291099836,172.42103436139118
1,179,159.5346471521122,167.9103744816296,12.864073805005251,177.36657079947994,179.75974012202644,164.47925048827128,170.71993421334415
1,180,157.5840412586991,165.86771958019787,12.84335586402772,177.9121120303143,178.99304600330694,162.3983200878594,168.10345073939058
1,181,158.48475958011954,163.96474494988985,12.965185408770871,177.66601124758222,179.49308871656345,162.1752349981361,165.76533538725724
1,182,159.63548783650086,163.21102902566287,13.604208437324235,176.65193839716747,178.40171941975973,162.1348609157584,163.69323342736456
1,183,162.48204522291408,157.6378694916275,13.424191709238144,179.84196321050553,174.43071956290456,163.4139058476419,158.8800625441421
1,184,163.13892621762034,157.21718685196498,13.238416096437954,178.46057088475965,175.94244270121192,165.7972905391109,158.4965381100882
1,185,163.19210588591503,158.71962875428883,13.687253397191167,178.87728284760215,176.3441057757036,166.66009945315383,159.95843965536542
1,186,159.8059857076857,156.6584788406528,14.18719634373811,178.97829441044635,175.1127231307909,162.73249554663028,158.02570730590153
1,187,157.5449937621717,155.55554367034256,14.228006071896855,178.33944310729692,176.67793511088976,158.77295271744356,154.23836389642733
1,188,154.10866684377126,159.57679951805426,14.194799420139834,176.6458522813852,179.51326818055225,155.59880017312202,155.94710777222727
1,189,146.72832900627878,151.41306662629182,17.795380106140264,175.636981744133,177.14726657624598,148.40208512358458,151.83892385053989
1,190,143.94043680465649,140.59111188196246,19.24701681840032,175.5371556964498,179.57036240304467,146.30710226539202,141.19023756692803
1,191,140.16334939933938,133.89626541213855,19.19907052751159,175.55664237439774,178.68762142738393,142.52922237800186,134.53986147069324
1,192,132.56235384182395,124.51433477051944,20.051629685579044,174.95030562017385,177.91340737381796,134.67105439709425,123.34603761018742
1,193,118.00782944595214,112.4913511038266,19.906001314173192,175.9121963398286,179.028535054731,119.00739817480408,111.94756662601957
1,194,108.10050013551894,98.63316511374477,21.163907997274197,179.31457959530613,177.35549169625995,107.37408255481728,98.83135665507189
1,195,95.5997502560666,89.12803656282213,19.711120172260024,178.93358506844936,179.5356348103688,90.9998350092924,89.60434800918767
1,196,80.24404337975982,70.06432005641628,18.551763216028338,178.82617312600084,178.43527633687313,75.26808262855066,69.18752813476767
1,197,68.85332413316864,62.27907353786792,18.64381508342538,179.29454321123114,177.371649260603,62.57587959982119,60.455966830275955
1,198,59.38628994880584,53.98562809040455,19.803188790892943,178.85452674910908,178.68254797114272,53.609732572385035,51.04589968254329
1,199,51.068115321457526,49.315449400767406,22.3860306478049,179.76820021024054,177.97747830168333,44.055163531199945,46.66642852394413
1,200,45.433897237988866,44.60123268200817,21.484786421875597,179.7189425140918,177.91932678596203,37.90558831240683,42.87425651750995
1,201,39.90630905831113,39.83017905439383,21.52020396338169,179.69273222846482,179.43123313826896,33.16238587904372,38.41862508320584
1,202,36.51051261164417,35.928438864590795,21.44951007347137,179.25725324343352,178.67165190707152,30.0189667810933,36.78448431606643
1,203,34.43249920134374,33.73589513090211,19.740586036365336,178.03494663870464,177.82892906499637,31.44974887537798,36.52845748637032
1,204,31.147549095152534,32.68817364252002,18.983104792794848,177.7302151398498,175.78375276882088,32.619001311948935,147.91720963764573
1,205,31.734321970094182,30.038811388005776,18.5806023311497,176.6957577357948,174.24758825926205,31.05759230364662,123.46302759578286
1,206,41.399988413406504,32.84325657278199,4.306229546825068,174.66116954398848,168.23539182427416,30.984416954305775,34.29510701403756
1,207,34.77572310307607,38.35168722421871,18.12328387644957,175.25877189905395,178.91026155223747,28.453014701880445,33.225057256595846
1,208,44.15109845057471,44.497289111988735,17.30634856441867,175.68279302744855,179.4461880665229,45.40285786267461,39.91654496748743
1,209,57.4874738208147,57.657441201137296,3.664589547519862,175.684952315203,171.5098542730394,42.61597305979081,49.3946146496551
1,210,60.53165732613001,61.23269982629286,20.45953767906807,179.38102077259077,179.28525769592244,58.289316819836024,48.71869902678904
1,211,68.92388163244607,70.38979944379264,21.096213291409263,179.06624519863024,178.43282388329993,67.70019731917439,58.58012505046754
1,212,79.16457469567514,85.32600277157145,22.38605444690015,178.51310245987662,177.63013447352483,77.41681810919961,71.3169372847232
1,213,87.29874969273868,99.14424756615531,23.13450355507497,177.81027982283754,175.66523489925058,82.4135243485138,83.97093731300113
1,214,94.408191896579,108.00887537606869,24.624829265493197,175.7797780135772,176.5901220671005,88.11452098982217,94.54678573912764
1,215,104.86603720336888,120.38946224079272,22.653350188518974,178.41517353860488,179.23401365325353,100.11518620051464,108.06373357287168
1,216,111.11966547123885,131.09420106635662,23.847128458720256,176.27873771181666,179.32984887416447,108.00809847483907,119.35031865923852
1,217,121.42186744274105,137.47575503391172,22.22150996452628,174.8843034319435,177.6502314192691,120.56851729875594,127.52487767271364
1,218,129.76041818470657,144.3730828299596,20.997233730014276,176.0564897471154,178.34105168102724,127.8970368086317,138.0230305229567
1,219,131.6487032102107,151.85925517857464,21.545931529606033,176.08322235699885,179.7018998231787,129.6926167248004,145.95470068946472
1,220,137.6847275573761,154.54640770058143,21.178364766190604,176.2721396219448,179.16605234087046,138.43878218936243,143.8100204492824
1,221,140.3438790205858,158.69523255913938,20.230240779423923,176.73380438355798,179.6959536144062,143.74516920244275,148.15676361138117
1,222,142.45226278656168,160.9551928930635,20.038996102338384,176.25642722654035,179.33887487822315,145.0372733911892,153.52800284092672
1,223,144.1829034421576,163.93068160495238,18.12330366395371,176.18305701993845,176.35333656498204,146.69631238014787,162.32152533440618
1,224,147.97920999348503,166.35179939745902,17.534045731836528,177.03734477553158,177.22331431922743,150.45787664269827,167.00185348107635
1,225,151.51773254045798,168.55928957702395,17.68757096724725,178.83687377240383,,153.424193457108,172.60749449753976
1,226,152.76519897425626,169.44772431320425,17.49450562471223,179.69517928264898,,155.79999653473303,173.8651493345407
1,227,154.65333275695866,169.25192632274795,17.05821316590496,179.8247763396191,,159.9008254413647,174.38961637010092
1,228,158.40442329340013,169.9387755674386,16.737385286383976,179.19654370863478,,164.6170432053339,175.9384462190471
1,229,159.63081401730943,168.3610833253791,15.539176788336592,177.1462851508058,,165.84787832965685,175.90725593268542
1,230,160.2608350978765,167.4230562713794,14.66768344141176,176.5780363801695,178.2030719510282,166.2899431884185,174.0051381127009
1,231,160.27648550052388,167.3876344013307,14.228517951096006,176.63593976682992,177.632714051084,165.25106239273794,172.09595001328452
1,232,160.190916635709,166.64374421454772,14.293824777027414,177.63648296256474,177.2561626879246,162.47152694805715,168.34372148168393
1,233,158.7994635012104,165.2478180800716,13.33616962285163,178.057454526006,178.30207118132066,159.3776485273995,165.87982436379198
1,234,157.8415478486391,163.873472294956,13.503132479497417,178.292107147207,179.36385630980388,157.73332825819824,164.43924819315555
1,235,155.61383117061564,165.43283719470577,13.175792541656408,178.7915232731661,179.779982373946,155.75973192641314,164.80900360985993
1,236,167.80748110707472,156.07470353630472,13.918351082258775,178.3435146350705,178.60697615828073,165.4514151305729,154.70136456304053
1,237,166.858962231329,155.0381556719182,15.111468352485748,177.07529537223238,179.014952844728,165.00234785654405,154.64834302268065
1,238,167.0385371149864,153.31405207259047,14.712695405386864,175.65276112054292,178.87820120448774,163.4421450825228,154.1580387175905
1,239,166.1894265681029,153.6980192314965,15.504248056936785,176.92981886551,179.3413827391548,162.6213799758374,153.24164928811777
1,240,165.006746360548,151.86758964246283,16.51020061221475,177.8910778028577,177.556269892813,160.81149812444335,150.97278590056908
1,241,163.29096104453916,151.50768536201943,16.8776177634416,179.02472388785452,175.86585933009007,158.41424885414744,149.33081541082746
1,242,158.70960662839445,148.3925298108071,17.87693784304011,179.8122724262796,177.10846561604498,154.47912889645693,146.2452445351447
1,243,155.42184932931823,146.9469479994874,18.338320009677453,179.80309604902732,178.01833732891126,150.92019817647227,144.64434358201626
1,244,153.30630555842734,142.84154547879746,17.905646892480387,177.6148235252273,177.2384246212487,150.29308900283164,141.58757261720416
1,245,137.37920647232593,144.70538379238283,17.33423450594093,178.3116007647441,179.70373264615765,137.85334626423872,142.3037683902212
1,246,130.86531368562473,137.45934971410506,17.263391221260584,178.36319003204284,179.32898206224414,130.40047675732765,134.5092119664148
1,247,122.64167580482258,122.47586813910478,18.674764757719014,179.54094462975328,179.67122228999816,123.8121318304233,121.13207254268094
1,248,110.34907418375472,105.04397264916112,19.271670222073627,179.74058975136074,178.83441516382825,109.17356920094718,106.2738544957308
1,249,98.89380522229362,89.01697921309442,18.81240200156297,179.11376821639118,178.8470615020343,95.03329913810336,89.62809741258094
1,250,84.18382000752216,73.42709105907872,18.715465348421137,178.73553405576106,178.24617633564029,80.70004714630379,72.95662969126144
1,251,65.67919821399768,64.41122181052661,19.72014198158732,178.96752032115077,178.29065613094866,63.23938693014468,61.652089423371606
1,252,58.735717080452815,53.51385149858304,19.088791975093187,177.5143089673155,177.27436703249714,56.627974181537,49.35560107521757
1,253,49.148883572703674,45.58541780518636,19.42754406938528,177.81310713898472,177.2477098290558,45.92718658696254,42.77488093894605
1,254,41.34685373012772,38.09512991196588,18.224178105289848,176.22644420940915,175.93865628572237,38.334636540115085,35.52577653157925
1,255,37.69618618710317,36.22911276160407,18.18827704819698,176.9186947715053,175.71676543760492,35.4264887751936,34.873415257791095
1,256,32.61153230321415,31.46567443471822,18.710938441346663,176.63896152279244,175.86058593167994,30.880355316199427,30.97600426293441
1,257,28.13924225088113,29.72374338160385,18.09612986747454,175.68350448369944,176.28079605052375,29.775603441117347,29.05021233001804
1,258,27.998456828385976,28.419265291369623,17.857032098231056,175.7895893154537,176.00363666936448,30.009466745004087,28.947616957007344
1,259,28.53807204978483,27.997011059978703,17.59391449053015,176.13082730736738,175.61486141135703,30.170952383919257,27.4471140021766
1,260,30.46172486113352,29.98860817694901,17.532586476882717,176.70986531844002,175.81533438920556,32.03247649239968,26.957733642211817
1,261,34.26305841235057,34.9188415608963,17.4253992807405,177.0348566060985,175.48743508406923,34.546991164010485,28.56977037357564
1,262,38.88203457754832,36.78485813684295,17.528152333133487,177.8554970441337,176.2574830036672,39.92220905101679,33.317681524490176
1,263,45.56222840977357,47.17572749274434,16.919772779416444,177.7680901453197,176.39587830440436,46.79014275798814,40.814897856289704
1,264,55.51487272487497,57.48259636649946,18.76003132576898,179.82067534938287,178.05282819002448,46.83551689193843,55.85135606285354
1,265,62.641723290663265,68.35112117141027,18.48161533920324,179.58621206232317,178.30364949480685,63.84976502851192,56.63442188804275
1,266,76.37191825405709,81.8162905421601,20.89905764541503,178.79112985918837,178.17086471399702,75.55181057757082,69.0716224513422
1,267,86.87282091800822,92.4485234324807,20.891897859998014,178.68093732171815,178.5829415819477,86.10273602112366,79.40705716896814
1,268,96.00217672729325,110.80862697138078,21.009131009987843,178.137103782231,178.79568161792724,95.4428984951302,97.79778080475153
1,269,104.60055778138224,121.09182845625028,21.874208248162734,178.0336249570906,176.97506640866516,104.7927850347388,110.15685461088144
1,270,114.17704793425268,133.8717019282149,21.45073925645317,178.41908392376618,177.07862701834296,114.19505235383724,121.8937693955541
1,271,122.06423866696574,140.67973289554686,20.555085693934405,178.47484078225057,178.98675558229485,123.23767948365352,130.3834908658848
1,272,130.2429263768063,145.56264091327557,20.99618426498932,178.87404430713235,178.6468280758711,131.01271734957285,137.08966035101108
1,273,135.02647304663864,153.72415441458327,21.0532803794262,177.81498927073378,177.3238088644136,134.89331961271367,144.33039092774206
1,274,139.12516157651189,157.1885080821482,20.66718386032912,177.3885489209445,178.39644101169247,138.7292447659663,148.34030491799177
1,275,142.2533495967464,162.22549779928664,20.665808383902455,176.96502537087056,177.82368837426023,142.27614013993585,156.44082753695895
1,276,145.29032205304898,164.30254457235387,20.371106810312895,176.06369150748955,177.10626135804824,147.24754812797008,162.86124462243572
1,277,149.16179110361722,166.66151407947973,20.335050444763073,175.85383944614216,177.872947515254,153.46705229275793,167.64912158191578
1,278,150.56686617260064,169.03560240994787,20.381662307669707,175.58650182754863,177.07532393329464,154.58822753307845,171.08404069174532
1,279,152.472320253603,168.6314784956054,19.924246208809073,176.8748476527166,177.87426417309936,156.55218821264302,171.18443556687785
1,280,155.639883812092,169.09920110901524,20.125985222724385,177.19365102429072,176.1054280881211,163.28436713317257,172.46754934730188
1,281,158.28619847831857,168.34042552647475,18.85087527901191,177.99009976637765,,167.37244900681085,173.48253958807967
1,282,160.92407397093697,167.85962972860443,18.561697607360124,177.38932151879018,,170.362013640424,174.5788008315022
1,283,163.53112914355836,166.6681302595955,18.41549984199839,177.12797927392572,,171.75950310184896,174.46634709155686
1,284,163.95461088421624,165.0186325516818,17.573191155935497,177.25280244370373,,171.48406267059698,173.1078031792904
1,285,162.56594002313892,164.14510783880715,16.45415867581737,179.74326648259895,,170.69979905313025,171.0477721840399
1,286,161.37164065534483,163.735225977246,16.656380414827723,179.58431420151146,177.09760237344162,168.7019641878407,169.93043948539386
1,287,160.19903347703584,163.98507905186673,15.755060060069637,179.0329380477838,177.59382590522972,167.04444801780252,168.8478964630077
1,288,159.09511988374885,163.56318904991284,14.039247579114685,177.15250632551673,177.74780534922385,165.17493479036605,167.38689954479767
1,289,169.5738332987636,166.49638337983825,2.122306545307458,178.24328291088895,178.2736521720402,166.87343267189186,164.2497239394067
1,290,165.7976835804243,159.37620151091448,15.332421588766769,179.64755656435273,179.29267055415178,166.79030709192097,165.1139368854562
1,291,166.546780412753,158.33475116867504,15.981037108269687,179.3780037853879,179.14296678614485,166.57954182665492,163.21772971894518
1,292,166.84819099612918,157.606942576473,16.169958612633998,177.85061928491808,178.35678051143003,165.58779905607946,161.85658380124352
1,293,165.33051298905667,156.22289945376352,15.443599489938688,176.13702611593305,178.0540084804584,161.74568223433127,158.55936296028366
1,294,162.1004938093956,154.43553250333125,15.9467160072253,175.9022427949088,176.7719304909909,157.5472038380363,154.49514961180392
1,295,156.14807200227025,152.8373139236198,16.25693595771652,174.35355463315338,176.29780113419966,151.49853028164455,151.530498261846
1,296,153.79298397044354,149.38495225450654,19.225726777391596,178.91864468721397,177.2027603799348,150.3243232713196,148.1727899298788
1,297,153.15728005907607,144.01336484740398,21.762720155899295,178.25283687816307,176.63528371494053,147.7733957331586,142.41931058735062
1,298,148.4114261955532,139.49782179689382,22.5086311255042,177.43128356103654,176.7747826385036,145.53596049610564,135.4293592923247
1,299,137.15450020986842,144.265191552327,13.511381485330425,174.83814325775592,178.1866820644094,129.08950254518996,139.470025815833
1,300,123.02379718419516,122.59917893687869,23.433954868157297,176.34834407521444,175.4078337740696,121.0715096468664,123.44225077399372
1,301,108.54968069311477,107.33823313555146,23.597128242297455,176.4390118182299,177.77382189370906,106.88121279495026,107.18224921147709
1,302,102.44966973932476,96.79989839679612,23.992249884806785,177.28807151356153,177.59588769892952,100.80094969769092,94.80226741191196
1,303,89.27715954601491,80.57074287076445,23.0725191557237,177.63242663453485,179.07635033351747,85.5393208355223,75.31417099137893
1,304,77.17378989455275,69.41941522866006,22.77747137975043,178.50292939755172,178.3131987953843,72.63395050201547,63.13938019474761
1,305,64.48173780930951,60.816619291626495,23.613493777164415,178.64093015607327,178.07333910040938,63.22016769670227,54.94200536549467
1,306,60.20398221563829,57.06477783071181,19.008285359010596,178.5616949049085,179.0374762266867,55.77187130856371,45.45216220841481
1,307,46.12230047238503,46.391142912349174,23.335497117902577,179.1158492698431,176.5461805196201,44.74772748623678,39.919150223320514
1,308,38.59624758520566,39.72322875622907,23.08456284696554,179.09807865121346,177.4430017211345,40.14023618136067,32.434276794935265
1,309,34.93411808769687,37.70105314960055,22.782533988176443,179.67801227838928,177.70140662086916,36.970918059656334,31.360526373584264
1,310,31.034590567525072,33.76782859900527,22.68935523654279,179.60769990685097,177.21272840320995,33.14635225462425,28.324678316053443
1,311,28.552360370056583,32.080257682466275,22.15222050051501,178.6130014268426,178.7688937108411,30.63221040717334,30.575195013684215
1,312,28.623131571489782,29.21523243388099,21.835678587092904,177.42926039215163,178.4889503436871,27.72047493428028,29.299333273076197
1,313,29.83260630273355,29.24302287736853,20.76667352172341,177.06615957588252,176.92072907248877,23.393931377760733,29.220692903774086
1,314,32.85329121786596,30.446979649734228,20.4742406532856,177.16020628002937,176.9476540359527,25.91087937482713,29.14159782736292
1,315,35.76191413254123,32.00004995567429,19.813017947468595,176.9973077013722,178.3944920856632,28.75777783027464,32.04692345687121
1,316,38.178990746020666,37.23916623412261,18.431157266103327,174.44320412394703,178.12318943112302,31.919443560432384,34.27105915203472
1,317,43.55845477054445,44.47110877004692,17.953660539595436,174.08262486483918,177.75691668346704,37.713715721140865,37.68850359911644
1,318,59.070885976694775,54.38497890343525,19.72868870053583,179.0845455973754,175.93652256884778,51.615815562368894,48.01992538688569
1,319,59.18036166974933,62.44956671754626,20.572449867242447,178.44283822630396,179.1697732769878,54.15696000112195,53.65680306698256
1,320,75.5058476398497,77.08937474889149,21.19371585014991,179.4658341428273,179.14158176112707,70.05305317723621,68.03904120886025
1,321,88.26593821617269,93.83480378411096,21.93706469425419,178.57016421335385,179.66936779082394,83.72553044386684,85.64932000692596
1,322,97.6660123294914,107.29108242931945,21.378161551116616,178.99693372352414,178.79062093931427,94.02077253588828,98.12092233091629
1,323,110.36370712870584,118.32805420320597,22.16215998892555,177.71022499418447,178.57616663647622,107.603312846835,109.65691514032868
1,324,118.42773169184352,129.6793312632578,22.658316904549142,176.55835766698118,178.31280222339484,115.77969402193352,121.91634141397408
1,325,123.78561441582907,137.01727928914838,21.451886498211632,176.69344501036522,179.24550116660518,121.52066640781143,131.76689382250197
1,326,130.5063291565546,145.21849644608147,20.41972344592207,176.64419910435592,178.3884295404357,127.91507722200564,138.55384204016656
1,327,137.0266742414392,150.01093331229427,20.425861698490507,176.91927827418962,179.52591866314845,134.9990223001504,145.2934496616978
1,328,139.7180177391223,153.6996924891384,20.058126849888996,176.68098253273513,179.86582005496882,137.8938697692223,149.08471932084035
1,329,143.92121726832883,158.0911586741354,21.043388367685704,176.2590368027766,177.7078364437931,141.9621617096864,154.8077832392315
1,330,146.01866712534476,160.01219915023907,19.921807505138236,175.73941748196384,179.9991851053681,144.32695663613637,159.71108498860542
1,331,147.79737477078103,162.87949238389368,19.506237270279513,175.6640952291886,178.8463702275657,146.92768191559713,164.4309121267379
1,332,149.6992994723371,165.60779237377477,18.104020824631217,176.66541828602917,179.6265736994534,149.16708180627452,167.0931987710946
1,333,153.4152680913014,167.18826474099714,17.683404502120805,177.15826267454526,179.3209104133481,154.9242271616709,170.01661978901268
1,334,158.23414972739374,167.05620259100607,17.81081517927769,175.99158674187527,,162.26510424833228,170.90282916679865
1,335,158.1990852871778,168.36183764322342,17.357435581622507,176.76963957258488,,163.78343569025444,172.90976833357365
1,336,159.38709649879564,169.58191026435557,16.684453794251013,,,167.327151299972,174.71091639878156
1,337,160.1437118576207,169.19028386944277,16.47711139967372,,,168.88824616013017,174.58428524195065
1,338,160.1540364590306,169.39066904686484,16.17456511365202,,,168.49035176765472,175.873487330583
1,339,160.2363372917789,169.2288713278565,16.05221751486533,,,167.97849697328374,174.93506524719285
1,340,160.74744107280216,166.35562885090317,16.16641248165038,,,166.6490947538358,172.73080752190805
1,341,159.86370526646567,163.69617833918414,16.391141614697037,178.65432129886918,,164.99474710901578,170.47241184781592
1,342,159.99655850657857,161.9797800376263,16.493683341915887,178.96866448397913,178.24472867632008,163.23821880512065,168.45838457799616
1,343,160.80953349644415,163.70823407794097,17.351260708395728,179.18419783459623,177.77509851951402,163.34337662363097,170.08039572292714
1,344,160.88227980239844,165.82472065256556,16.65324327635615,178.5155179431294,179.46232832519897,160.1286689482703,168.11022405753508
1,345,163.44576114185776,157.86943780072264,19.56993539480547,179.72134260383564,179.89545482797325,162.27750276556242,159.56082325952852
1,346,163.77387081564095,156.22791953001123,20.643123582781104,177.76447340552664,179.17520550892596,160.8158763915948,156.09662414158845
1,347,161.84063924637672,155.72701077972636,20.4201004769647,176.51433690457668,179.85768936022455,158.23075615001332,154.71520901559649
1,348,158.29564093143804,157.14409467737607,21.15855955979079,176.68922219442555,179.19798791095496,154.3244604139916,153.5218514473042
1,349,158.01747403173457,157.38123400387596,20.962477625623062,176.7442963754104,179.45746221629153,153.2200941631514,152.2105030397148
1,350,151.6557937248423,154.1686954692791,21.183194593475143,179.8754249107464,177.62070935849573,147.57128092612632,148.88015200108885
1,351,154.49268768229817,145.35584225726873,12.03581846834419,170.10003885731504,170.75558668540745,142.25781106349658,136.6587163140393
1,352,150.20647081862472,142.70053319764276,22.299891602121747,176.9471712522432,176.30010711216897,143.76476451021352,137.0916992332127
1,353,151.47983205891208,136.75839291074436,23.98225327348155,176.75079762259364,176.4750937311649,144.19829252381973,131.6521270900133
1,354,145.16934855588352,129.62132938687586,24.354315331547134,176.10665183428597,176.18789875533366,141.77465819555945,125.77494748693734
1,355,137.35740018809932,126.36060299984037,25.28371925811274,175.35033469659098,176.3687373514683,134.5618674254312,123.67997241867192
1,356,129.53573163436258,113.17330675618685,26.632332655487435,175.24011296731803,174.79099450940043,126.71990908991104,110.23901355035984
1,357,123.26162509542714,100.72486397399813,26.40217048783432,175.029768855533,174.95843967680506,119.47295100356015,98.4324322180617
1,358,109.30909028618098,91.80229858771764,27.015270089000236,173.76372169627828,174.52422953665211,106.08429984841644,87.68534026688323
1,359,89.47539789698175,84.351040621177,29.243706309456524,172.86520649664428,174.4976699975217,89.55734026920379,80.16808018068403
1,360,71.30319012880749,72.88711616323083,30.507778079953212,173.16593753186322,174.5706381561601,69.27519044728052,66.11683615677468
1,361,59.29421898071751,63.51489688745707,30.25290856078469,173.5504812113644,175.67401197654374,55.63946387174836,56.51339462224914
1,362,48.210113369265585,52.00162032894662,30.43463405064451,176.1510633333055,176.26700831207555,46.04529941863832,45.04677740913516
1,363,42.42080726606967,45.456017324513056,29.729878679621415,177.16496376498594,177.36550014481418,40.880065051282045,37.94463199965685
1,364,38.52298685546192,40.07748222768675,28.502979572786742,178.40104327337284,179.6764314028749,36.39679041996093,32.70770161426141
1,365,33.7662832554265,37.622524447209514,27.600801922354957,178.76284143598446,179.0726182633772,32.542655314410105,30.413643460304957
1,366,31.27011869925259,35.647594460452694,26.44329427506326,179.18639470012192,179.06192469044842,32.314657127607184,28.451875265032747
1,367,28.935840281011583,33.00800007930953,25.4381181601517,178.53887166719525,177.470239189504,31.805027175395946,27.211803337276795
1,368,28.184948959326963,31.635186544614307,24.34847368701843,179.2171430443418,177.06519655930362,31.944901114356018,26.191801145357303
1,369,29.397954957539422,33.16807281161219,23.781264874528254,178.9643208120869,176.4264777379963,31.18985100941905,27.98417427291519
1,370,32.55546223816618,36.05652374444213,23.63911751269787,179.34289787387985,177.01284983031576,32.12007445593045,28.832740330919655
1,371,37.200038669427855,41.54504656718346,23.344486489095573,179.58193358822643,178.44847477912683,33.30522578009162,32.89023225758761
1,372,42.63557877866442,43.901871004114305,23.37206153750606,179.15112500802147,177.99075877003455,35.92098835286729,33.82983692173178
1,373,53.23276790185884,48.36329500209211,21.714886431372207,178.2437204782948,177.32779806514668,45.2598074789297,38.62789546004378
1,374,61.90740175041124,56.04726896062282,21.60778281447192,178.880597999738,177.940094956395,53.804278349229,46.71197618156661
1,375,70.10015774699204,67.96751711931901,21.942277428779473,178.8346516365404,178.98208290269062,63.49649119209737,58.164448338356095
1,376,87.77139357056686,85.60077637002524,22.15167290829197,177.98567260599714,179.6318363094264,78.55624110891512,77.86983979482875
1,377,97.97206693269976,102.934986007399,22.61770563759179,177.4463342831885,179.53574403464668,89.727206424993,94.70535963606623
1,378,113.0191938470514,109.52985678443078,22.857967038967484,177.74451125342614,178.58683664985168,103.66543249791998,101.21797888885892
1,379,121.84509926583443,120.72890226508282,23.075136261805547,176.54610600003332,177.3671313100894,114.3000839942704,113.47777418327608
1,380,127.80358124143577,129.2494890472115,22.77966233055504,177.7350923619844,177.68910310831697,121.30059407399412,123.15867256970142
1,381,134.66610061780577,133.583962748104,22.24820251754402,177.4449367077242,178.1023308489055,129.66681456465346,128.41434744729955
1,382,138.60486781603242,141.40227424911544,22.4313675608638,177.20409978747017,178.98724621577605,134.22709053380802,136.4795595917499
1,383,144.64734586572737,147.63150878776892,22.58972324934267,175.45036781920575,179.2746610650313,140.3465902820445,147.10711158262598
1,384,148.95327569841885,153.96042531622888,22.14907459252116,176.28522249222374,179.3106204672394,145.66137761646462,155.01856733473934
1,385,150.0986308316798,159.35284526843245,22.960643741508168,,,149.24163477768187,161.32429221087665
1,386,154.2255570313105,162.53579319350868,24.24239764681646,,,152.77974813130513,162.63966783949203
1,387,155.71552888186736,165.20052282517412,22.18900411013944,,,154.62094435956067,166.9577612915168
1,388,156.76999573578948,167.32471543607764,21.593478563904643,,,156.17239135896807,169.60207140157934
1,389,159.2714694988495,167.9327252963097,21.08691686680637,,,162.06957125897017,170.416591220795
1,390,159.3602971489762,167.13006266076744,19.81075182883685,,,163.68644676423725,169.13936094337691
1,391,161.09712856260182,169.20282722904076,19.396169689033258,,,167.53518890630784,171.53333881454745
1,392,161.81463649229593,170.08869856888083,19.958314224039334,,,170.19888605391597,174.21383610484548
1,393,161.08226425657028,169.9917198046739,20.03206336630882,,,170.670417996068,176.79638211748392
1,394,160.91584299350103,169.87015523994407,20.4189356803758,,,170.48814062187816,176.30434633112418
1,395,161.3261235100046,169.50116939789248,18.420344757661724,,,170.23888369309094,175.77495824531672
1,396,160.85218512750365,166.38138594429077,17.31682957366285,,,168.764951896556,172.24800810416463
1,397,161.27500569719103,164.19884124680502,17.06112575551652,,,167.2592673231241,170.26377402783405
1,398,161.55463874956416,163.66668607783498,17.00772336196496,,,167.5352971802304,169.9143600451855
1,399,163.19624400121202,165.66113061752986,19.57753237470458,,,167.30581658426925,171.50374214517382
1,400,162.77549974877215,163.55860157082316,20.994714454432568,,,165.2598720555403,168.9622193537526
1,401,162.91972477802037,163.03411919298196,21.779154704008583,,,165.8276301092465,166.98771842201376
1,402,164.13076755832486,161.8840933212095,21.818113712297055,178.9665681790639,,165.5139493152368,164.19841146725344
1,403,162.60427593752158,161.97770252617212,22.1750868589348,179.31668747289967,173.76855418460502,162.89400313293953,162.93011733302458
1,404,161.27453832233857,160.62053779332413,22.04165104433994,179.33646603477447,176.57560885450656,159.94914084801695,162.06430765428897
1,405,156.7544594128329,158.67133365335698,21.770812580422987,179.9488024834316,177.23529327771195,155.5848957908236,160.4999003714625
1,406,156.96506606763407,149.4232730755276,16.194109898651618,178.14960061191044,179.4338353666396,154.554631847298,145.73021292814647
1,407,151.8056172308701,144.84603033326263,23.19855947516888,176.99746725704307,174.46580343730565,150.18479488968526,141.51988667119804
1,408,146.40265506522303,141.52077123764963,24.33428463226839,175.92368486221972,174.19953031427428,144.86609261013336,137.60224436908436
1,409,143.75093095795123,141.61988312824303,26.006458856804215,175.64259513553938,173.19148363574578,140.71751409570604,136.32404236854518
1,410,142.1497187343006,133.13352083325566,27.91484802487871,174.4868824172058,170.18352106888256,137.46655591107026,129.61642696057794
1,411,134.3520796782966,124.2761884372238,28.223278261379257,173.58137848360252,169.99017670343088,129.7749117233612,122.34771881469578
1,412,128.41184523469536,114.8312299101825,29.025201401466756,172.965720747459,171.07690391236025,123.17853031777538,112.7329859021856
1,413,118.66145963889022,99.81444240000312,29.585313684734977,172.80101675332068,170.62706131150264,113.64380029572274,99.00972425646168
1,414,105.58801238310076,90.63378536473031,28.21857110500468,174.5002484773378,172.14985250729652,102.32972816053096,87.24269462737132
1,415,94.51867438541164,86.59825909561405,27.64360575528361,174.21200803856297,174.1393560625507,90.14135979270796,80.97328576178145
1,416,82.44518127985613,77.88663318011044,27.991399187029373,176.5512132203382,173.91569697476191,80.0070468860145,69.50222429512597
1,417,71.37029133288902,72.0368380380711,27.833863661498516,179.08350043772907,176.54488427470332,68.82770690190677,61.29217109818407
1,418,64.39127969780928,64.0096333410936,28.69838795662388,178.99065389520302,176.91404858508506,60.747737072164696,53.23520710389199
1,419,57.552796850500165,57.7517174199879,29.080398902411822,176.17805078125826,177.98386732719223,53.07005206461132,48.00246793822674
1,420,53.20390419309532,48.74499744672813,30.08734510908028,175.43640872780537,177.700759149044,44.86915153800496,40.71091189596604
1,421,47.675869411315475,47.26489071722699,30.392890182454728,175.04075024461017,177.28027104453847,40.43177897422424,39.042580424962125
1,422,42.9291225767983,40.702778424316705,30.124028289423073,178.13363572536585,177.28917735636196,34.19372450559037,32.01769156928579
1,423,38.10618300501188,35.64275604417119,29.51085937713673,179.64118626740418,177.8951986117059,32.28572978285546,25.66609805627965
1,424,33.534993826170755,33.491629302875786,28.891190918013994,179.17719622461425,179.15956288660553,31.788180819728748,25.952448021115742
1,425,31.42144428365768,32.703740165872716,28.926602720534248,177.44964906000814,178.42727183913053,31.92313292022249,25.902939199848017
1,426,32.94947382290276,34.64575521197551,24.166815295052785,174.7992702045855,177.8898369022479,32.01122661400717,26.513558233738927
1,427,34.47444730236495,35.754368517133095,22.35243229431813,174.72313131031024,176.24169546722084,32.01298009977845,27.54273174078423
1,428,36.754957864385915,37.44073389950937,24.959693889038427,174.05078077255834,175.41185807570707,32.2350717024426,32.49501154396246
1,429,43.265746314479806,44.41995296075097,24.441881663458783,174.04688593680984,177.84483947012103,34.21802726617517,37.37569355638385
1,430,48.06100853609463,46.70174289033926,24.46757959277416,173.9906243756874,179.62195534904845,37.27262199603139,39.84912654134553
1,431,55.265548991935766,58.357231271792536,24.122481429266212,175.44036295579727,179.3519373092014,44.337867960137075,50.112503792639096
1,432,70.02143431831315,67.0844030078029,24.334665079750895,176.0510856260214,178.76661340225178,59.16199960244372,57.97273170160508
1,433,77.04429155558022,78.8582125471567,24.620409362551506,178.60971401705757,178.52530959058626,64.67910337070921,71.19460357610065
1,434,94.60600446137536,89.37251920831231,24.46027788790817,179.51084831364636,178.63057872256695,83.22228166143735,83.5236648508137
1,435,102.88886502622812,95.82374551304432,23.915337986375967,179.01054628785195,177.89246832747577,91.156027020939,91.0054435599314
1,436,114.3546101692752,106.35991115130447,24.33212147285522,178.41085131961827,177.2440518602376,104.37968461683585,101.9472597400159
1,437,122.93826748388648,113.6324187414862,23.824281939652387,178.7420034397976,177.78511909876522,113.22111465124604,109.35677360978102
1,438,128.9588158669855,125.43884920661002,23.49139160179979,178.33101886505682,178.46213674931684,120.11493853451933,120.25543678920629
1,439,137.11330782653823,135.209961066797,22.565715255716583,177.6461663622528,177.68281351063325,128.24576397156002,130.64964889694534
1,440,143.32790619345732,143.2851054937357,22.255511191983366,175.66011063467772,178.96049837390393,135.70802201224268,138.2323708900572
1,441,145.25983220278383,148.2512307052036,21.11535316217411,177.94533300607165,178.41572782544495,139.51344863251634,143.7353859870163
1,442,150.95153236992238,151.5571067308278,20.701673934148427,179.6722665518242,177.82454221007072,149.824316333262,148.20304497748754
1,443,153.44389273752077,154.84288900087677,20.873271736111672,178.18722492206766,176.42560132743404,153.61421437010776,151.89354654637148
1,444,154.0076787931424,156.74876463166623,21.44424578809132,177.9794297536512,175.47007382326382,154.5492991108603,152.4051002063368
1,445,153.74112197796063,157.2290995381787,21.613115014424885,179.94162620877617,177.6847374313695,154.10012726948153,154.55492739057175
1,446,154.45726124824597,158.70024561442318,21.12831023472885,179.66168271539837,179.04721557064315,154.36517346151345,156.09550831030225
1,447,155.36278801235238,159.8875108686319,21.907079749259633,177.32421190732842,178.98371288493328,153.34707230881955,157.44669032364004
1,448,155.21812060920124,160.65638664420942,21.329808764356468,175.48855037681446,179.835745427291,151.0859846015228,156.42395109250126
1,449,155.8654480839582,162.44745351248682,20.564531866528885,174.45526001917813,178.87254237277688,149.83308809247674,157.58183812216865
1,450,160.38879327236353,163.3040020758263,19.01676778158212,177.96231010724676,178.2424978317101,157.26803980171636,160.21854153562194
1,451,163.28058596074482,162.7815690248973,17.977529120780098,178.95789817461542,177.17735433759168,165.21674321134387,161.04967011931018
1,452,162.2677339868807,163.60388589640982,18.446493052644023,179.21837015542027,178.03561610588883,165.46043674841113,165.17504457671123
1,453,160.58976760147485,165.2989812504343,18.719178248374337,178.28608087274034,177.99465096515766,163.69425204192277,171.5816919226519
1,454,161.34404038946568,164.69851112213124,19.49281093443815,178.34288992511273,178.25907645044654,164.689379823239,170.1102864015188
1,455,160.1566513198694,164.00497650701584,20.109389166704172,176.7445795837142,178.37855502969998,161.8991830959576,168.58863729786293
1,456,160.69757756252815,163.24803784258432,18.92340292539203,178.8606407334233,179.27570837713537,158.51509311594054,165.03133785760903
1,457,161.5067498952653,163.29721607560882,16.564183260164025,177.15185567879877,178.13052610844997,158.68888498204973,164.6372515529501
1,458,164.27036514068763,161.8285321935368,16.966410093914416,177.9006998901218,177.60758480997666,164.7221175229995,163.51159278238873
1,459,164.7131364254666,160.13388499022346,17.130106893697967,176.91236689238602,177.365158368657,164.64695920194586,162.73193177166488
1,460,165.35794571072762,158.4573636156467,17.40730256652095,179.87659851340337,178.35490081436774,164.8779941825768,166.0060969301348
1,461,165.6958240944904,162.37515723262027,15.020276381575885,179.35274136159157,177.6947013917411,166.06149058175586,170.70393347012688
1,462,118.92569591506752,167.37907327151908,10.004396846993403,179.11708698748947,170.63587312850913,135.28772941515797,168.18202657747256
1,463,157.7935173584779,164.4595832702197,17.102891094634654,178.083845804985,175.92841456916884,162.92092918820595,158.98980659979495
1,464,160.69863918241754,157.6737646397858,16.429929833232244,178.92736826221886,176.81743463213704,151.7701009694618,157.50504431262092
1,465,154.82645209508814,158.34472624243122,17.507786522519762,179.92927487284314,178.7030875220805,153.2023243109803,151.81740959333806
1,466,153.39872176956047,156.01950400697328,16.83557390629055,179.73362829030128,177.56013555169983,150.58344161814722,149.40595982273942
1,467,153.04081838753427,147.73472136946387,16.06907017790269,176.9283521901951,179.15289348840457,142.77822920574815,150.6725337962102
1,468,153.55528209782602,141.81844106433672,14.12844331182212,178.82310172437414,179.5029687284753,143.86802975227062,142.36690063038162
1,469,146.1733313511953,140.1282678502497,18.385174816838884,179.35785298637995,179.3807135996663,142.1721877579171,139.43537448822832
1,470,139.20100790202514,132.9613631950229,19.34399956964799,178.90429407064394,178.7729516784996,137.435822252291,132.25278042671633
1,471,132.0954482750818,127.30996981517404,20.81575500451711,178.55798144678332,177.56972746682612,127.38796204951296,124.00827205590365
1,472,127.26382292726176,117.1108486418726,23.35970524137638,175.35860691588238,176.09780123262766,118.01077544102084,114.96302733303372
1,473,116.99127763995232,107.5850163990456,26.833748505821745,172.4154524354431,173.11607795817795,106.12664740824152,105.01309003599587
1,474,107.536386149505,98.34832745608854,27.106925033002497,171.99019628158896,172.97685772439374,96.61591337380544,93.74883838643578
1,475,100.40240383963804,84.313639838672,29.005314408997815,173.771382282104,171.64729860914846,86.3216391892844,83.95237676722495
1,476,83.17046534271249,81.66648513629723,29.459320271982268,174.11655781959192,171.0949000709372,71.25389456939953,77.40673885936916
1,477,77.01688887554776,73.74111695212764,28.500172852938153,177.1785812405129,173.0154609112609,65.43118998268857,70.3954713645344
1,478,68.08785949519724,65.07468927158628,29.3350247923386,176.89445077818823,173.58205946934254,55.87102815302419,61.05355093529714
1,479,58.295710329047004,59.088995405283605,29.950106779924027,176.1913353664116,173.92356538081526,44.58668842383608,55.574243508792414
1,480,50.93255773562871,52.41698396031152,30.45114862575001,176.05185919127294,173.31507384501123,37.54747050824666,50.23769059982434
1,481,48.44276905478857,49.299493168138966,31.647216980825796,174.70104861390544,173.99791738429985,36.096385698406245,46.53212504535115
1,482,43.99672373855245,44.98665886370989,33.09525409049964,173.60565654633095,172.16452356838755,32.067570170507764,41.750147036676175
1,483,41.06083758121517,43.272201121651634,32.865833666143956,176.04232723008175,172.2809062934521,28.454230410863797,39.50533903198831
1,484,40.095288062816714,41.82942833403459,32.81198759630556,177.6973450372544,172.6849617230206,27.618889354114128,36.98995333760124
1,485,37.158866660997575,38.75516064338475,32.40372756303553,178.89474073939292,173.98607664446922,26.30964048465381,33.99069387363831
1,486,37.35037496280604,36.597875791205546,32.18947694301347,179.37537009005104,173.97768177469334,26.0325758013682,32.396428779180106
1,487,32.4953114692469,34.887840598323024,31.66956402437012,179.87029932779325,173.25767494011407,27.316070734741903,31.612568699989865
1,488,33.230968763898744,34.92482492993187,31.33322148481125,179.86485400394724,173.80208041573528,28.14606525629636,31.70028904639798
1,489,36.372953819058225,36.49033920599097,31.651714309819727,179.33917986071,173.36199023763413,27.79023402860723,32.94986849974572
1,490,39.706150760950585,39.46857162853985,32.926298080370884,179.69957512545832,170.91106301748027,31.04763501539694,34.137329552392444
1,491,47.07188545671352,48.11253289984966,33.55007420508305,178.55182705331103,169.98419262979786,37.6077417979256,42.0188993308398
1,492,51.70892134523477,53.13394877643491,35.11227190962552,174.87195118247263,170.41532758840447,40.660847890793555,45.94589416753104
1,493,61.94633462978188,64.14730788660351,36.16055223347207,172.09845509393247,169.05071361098152,54.31249950255329,55.671348054340115
1,494,76.54127896653328,71.7633945765254,36.79060953781219,173.56644895832355,168.48780756215595,67.76140551926565,61.964451548009414
1,495,85.94790067718006,82.66318523841761,37.45964946898227,172.9292845611546,168.70869108212153,75.98793194168601,74.73177839541569
1,496,98.35368478546806,92.93357824389147,36.432794000564506,170.8210558027826,169.35433119424084,89.50097033709697,84.0249590548184
1,497,109.2377659684924,99.99649298699154,36.493944123750445,170.68328953823797,172.63507849135735,98.3657593884316,90.4392870084078
1,498,120.05518766013836,110.39004250440902,34.80228576800171,171.7510164822532,174.12556476650744,109.50311977331988,103.10858382970174
1,499,126.68736878540896,119.19988023841964,34.7190985808593,171.236316130926,175.03988010177187,116.32473033171706,113.1840063066142
1,500,134.4220224373514,126.36727374778587,33.53504527571207,171.10069983421477,175.04246483607267,123.533130693559,121.7606851453311
1,501,139.5118292594312,134.26811606222392,31.868519930120208,172.3718800130438,175.25725722375273,128.4531063168599,128.45672007206235
1,502,143.16174338231812,140.96222778349355,31.299991925236736,173.95325539934507,174.93596264403254,132.98373686799343,134.94333196657797
1,503,147.11541275234217,144.61349084486193,30.003644732575772,173.9001249195387,175.78787646241298,136.9421594668005,139.94008259670792
1,504,149.16022052410773,148.47629553268504,30.03488693088808,173.80221467427992,174.41076758431944,138.91688511473507,143.3428059650594
1,505,151.24046561937854,153.03766721209783,29.14016524459088,173.71348761783358,172.7756702106187,142.30741883993926,151.19319896729905
1,506,152.22713839606416,156.4127086929503,28.70480830087656,174.5717449626807,172.7935711185926,144.65478781304049,156.87903347055928
1,507,153.52577644524186,159.16297835716475,28.08034257664007,173.7551815976738,171.872185367541,145.38034248531238,159.95188645803375
1,508,154.8776617502489,162.154615446087,27.67073353277535,173.8455698429692,173.07267823922473,146.28220375922407,163.22804868755443
1,509,155.3603649983359,162.85897004821385,26.905966150854766,174.73639516873163,173.16305995862888,147.503883657013,163.73672344823984
1,510,155.71813658887103,163.16406247843705,25.616591510085772,175.8748105620896,175.60565848759666,148.02739793674192,164.27390917080433
1,511,157.2853534711861,162.02397409513523,24.923499340749416,176.29580609592557,174.87779974821038,150.52868794970766,161.16097291040236
1,512,158.29146463985956,163.14832851642024,24.847579066643988,176.5355614707232,174.47509087578908,153.78330900542517,160.2768007459001
1,513,158.73664374886724,163.72767277836817,24.104443101270707,176.66046422615332,175.69404683767917,155.5930106652396,160.7163570707464
1,514,158.59999261038715,164.43510751929628,23.68378449679829,177.50410202822198,176.37360166262144,156.69435387748578,162.12903717911453
1,515,158.18104325161767,164.77864448815765,23.26532451964627,177.2353392872641,177.52752091913604,157.06081686117915,162.52833271479565
1,516,158.58623294080857,163.6697524882351,23.62320531620476,177.01232370013486,177.78587799381543,159.40827129921888,161.72310934399306
1,517,159.0497668351302,163.30618600316856,23.88600750604385,177.0707757628526,177.5225740089527,160.90957619938334,162.44547768848818
1,518,158.7960826216622,162.48483379489616,23.696133558189743,176.94823719289744,177.7285897795287,161.49456371146803,162.76962593231096
1,519,159.2840097113256,161.30623082716036,23.67315179671876,176.487725082877,178.39987048525637,162.7519791754972,163.67691958089677
1,520,159.71779499671024,161.5156038438337,23.529713721745043,176.47623650576807,178.49418076928495,163.92541955642326,163.64251433901927
1,521,159.90566708606363,162.32144788324356,23.565375376190257,176.19782543450876,179.1131615105857,164.03193044968543,165.12623090890847
1,522,160.35568698264018,162.41957743147196,23.638079523058774,175.53889353835407,178.86029839652443,164.30794948516746,166.73818722370004
1,523,160.33531743724467,162.45795360860993,24.063231806611768,174.5588282536264,179.58133380679948,164.4193119664573,166.9576441248844
1,524,160.29530076706806,162.0425035743089,23.97513972341852,174.12426991948885,179.7995259848142,164.43560203983068,166.16691597150069
1,525,160.7866959891497,162.21328245226616,23.96437828057735,173.65598256007132,179.6443274054214,165.3256468972367,167.2940028164982
10,0,165.25771511643157,165.53247518830332,54.68101508859817,114.16901889505114,,179.39619500652546,166.6132920154353
10,1,160.92710242287632,164.855105975786,53.88958415268537,115.34106942611184,132.54772416427025,174.56951904498897,165.35983876337917
10,2,157.56997933293195,165.44147405341775,52.09278964638548,116.79027660995357,134.61096224858363,171.71374112033112,163.48137665430053
10,3,154.71082684532706,164.75901097998303,51.03667983936874,119.41089193045904,135.85359134008735,169.228126797553,162.03658471195544
10,4,150.82919520204598,164.71037744687376,50.11134550221078,120.70533661308204,134.0552087391491,165.15684275600023,160.00216862528262
10,5,145.1466075041073,163.4583077381019,48.03986772094951,123.75680786345944,137.04264352654064,156.6293985745968,157.1489099745754
10,6,141.4103233343418,159.02563298096098,47.543656117990096,122.18338931202454,141.65187773443634,149.20303908033074,148.45037600078015
10,7,135.28218254897234,157.53651699616506,47.84118833200649,123.12810610332018,138.6750023238386,138.94406455683998,144.5434650047383
10,8,130.85486708531548,155.23071376991206,49.57870381903304,122.20800726792784,141.25223030997032,131.6826360127246,140.49517419903472
10,9,127.87301533798274,154.2621850034832,51.012611018195976,122.65226358581404,140.78227340487166,125.57657573212644,137.596432126767
10,10,121.03186240634632,151.6527436340658,52.99523551110939,121.4873139917193,141.1219536637371,117.61678344214803,133.0661757707227
10,11,117.51828190998272,146.07666175422787,53.56333087463941,122.7463842723051,140.9358475264675,111.65749002686304,125.49201890225947
10,12,112.74825292973382,142.3157982470579,53.92410363131162,123.68187378317418,139.48670932982105,102.93062948766116,119.8157736051598
10,13,106.98759324781676,135.97696421755748,54.00607979675181,123.58361604350776,140.13602544818426,95.36139110749156,109.14761469518396
10,14,100.7771889796444,133.29787594427674,56.153530970577975,124.76819259641836,143.73260716473897,88.41271567989197,103.67848265495417
10,15,96.27436266727597,124.6373636077048,55.39148175796229,123.6639683944218,140.34077387931822,82.38518916790974,95.06069737626332
10,16,89.6356997976256,117.4692321397943,55.406746945047544,124.45713951769358,138.8161684906643,75.19502790194787,84.41624806385505
10,17,81.95618945301898,109.72306418467154,57.31673756537904,123.99286534054728,137.2760891254976,69.32600441847613,76.03444994005356
10,18,74.61166862986681,99.66279721181029,56.24793889092675,124.72260697043184,139.65661882269927,62.88464230159345,64.79383662365319
10,19,68.04463038200467,88.69312655607226,57.70878523235903,122.74934881625148,140.59260731929436,57.88344042857619,51.71554046746734
10,20,60.91352277155535,80.96642248675333,58.70437140811147,122.32244048725607,140.43139642619397,53.64089372666274,43.99370164786564
10,21,55.767519886639185,73.38661483851301,57.6053367167332,121.33121722936744,137.3676423101611,51.41596593640579,35.854475424063466
10,22,49.52343140457173,68.26917192298716,58.38033448379177,122.55698910718696,133.94318580045052,49.73306704244577,32.02390421105796
10,23,44.35757608921144,63.95267565158941,57.60706444800079,122.5161821402741,137.19431580973756,48.551530769792585,31.95830424543166
10,24,41.352317397529866,61.010321631953666,57.59666431585191,121.59630587446044,136.56647717474422,48.732806868741534,28.185851272748355
10,25,37.47553973818234,58.99086006475515,57.08043371084169,122.20160006623732,135.85154229672762,46.92612968471618,27.177218802889648
10,26,35.81361541359721,58.24905521727291,56.148337233686334,122.11501198374404,139.2448847643207,46.713352195907895,26.046022896307782
10,27,34.98017624240776,57.598433730184816,55.35435032216907,122.64298962641732,140.18825289907218,46.294607290764894,25.837671579915067
10,28,35.31254068267095,58.41474394869267,54.99825852643208,122.98919586119185,137.70989503343975,46.61425502584393,25.67404207453211
10,29,38.408898062753664,58.80674434934435,54.33107055721551,123.0876583765436,145.26871747255026,48.18295898359218,26.90214433868074
10,30,42.59803776150689,60.00110347909058,54.34104789089134,122.38357432243076,144.0879860842085,49.82536148561787,29.285481702021993
10,31,45.38228903666948,62.64891435326474,53.759946998529024,124.56938422876114,142.7372661144243,49.757242847701576,30.03726779518184
10,32,50.14837381186227,65.9069727171486,52.67528060699231,124.95878423332402,146.43115907985,50.45071435472621,31.92435914443576
10,33,54.89827844853076,72.47591710319196,51.61924596401643,125.62926773327172,150.31072773475745,51.70744263927838,36.16345968516652
10,34,60.11898806967489,80.4336415674001,51.47251963939962,125.58195779590991,147.51882734922856,54.7421989264761,42.88474311598062
10,35,66.09799912627203,87.18476231656257,52.09826679683729,126.35198355925128,147.7696946766492,59.04491582975178,47.464292279030666
10,36,72.5618884362794,99.0837197083652,49.784266849925864,129.50370162156904,147.96028127705935,63.07077909224813,60.45629357596702
10,37,77.31246187574378,107.1968847847139,50.28506200995208,128.48966010755592,145.49000743035,66.24142456834268,70.10088515045645
10,38,82.96422501228945,113.74504056774046,50.23807347402211,132.40765221892403,148.3716959090162,72.13447784840928,76.82614390275472
10,39,87.99082165771911,120.26208095093033,49.26760045650385,128.08612331826964,148.76786642337038,76.87727140662689,85.42764311943675
10,40,93.36692144018058,126.4958982422821,48.5405858470538,127.34516588090511,146.61403667695058,83.65146466036526,91.6923583647578
10,41,97.66044958643631,135.78160743197017,48.46749354538753,130.33819382535276,148.40770574551013,88.20732762205047,102.00443014250432
10,42,100.72369559858896,140.63593983842264,47.39342787125479,128.7751343317681,147.58753795895143,92.52906096065684,107.16223311394978
10,43,108.10400710721564,144.6856842645515,45.85766468836621,130.0060480744301,148.80656069486383,100.10070010401157,114.08607046731125
10,44,112.71180895278316,147.5380931427431,47.15182431427296,129.7355332655992,149.78707619969444,106.1767941213044,119.01278722485348
10,45,114.84844366068953,152.6869838365204,45.46127543030512,128.71878346710352,150.7835745561341,111.54818572047236,124.7506286583452
10,46,118.14537790354976,155.71163219233995,44.59200682484008,129.6600140049654,149.14488650275808,116.4306394603084,130.36973115459824
10,47,123.44486744522048,161.18036027183203,44.01769169512092,128.47353241069797,146.92023261609998,123.32412713862983,137.32328731525212
10,48,127.16847662329424,163.93373689947748,42.684901603312575,129.2276709283229,147.44398116271432,129.8231464428113,142.2113389253063
10,49,131.57625662087784,167.13689126797473,41.68336813458105,129.76172477913187,150.85767164280296,134.9731783644825,146.94673208788836
10,50,135.3947736880235,167.7962429509591,41.70436699812359,128.5259309069827,149.43264344257923,141.77978089234924,149.41545691132697
10,51,138.36822083009764,167.54634589087982,41.143520727694955,129.28737734793532,153.88576904687372,148.5591591094166,151.44100038420726
10,52,140.64734637330506,167.1428178652997,41.059421431004814,128.60828298202742,155.67624815844732,154.8020338307221,154.0403070104054
10,53,143.6017878990797,170.4445012825546,40.53510488641542,128.14471925510986,154.30456468239987,159.62595060224487,160.58992441745525
10,54,146.80519295908223,171.68702608030384,40.36531052000476,125.92662300129636,154.96676102704382,164.55840497130356,162.74533934899097
10,55,148.7557029331389,172.2957518424848,40.022038687764216,,154.90725135556607,167.85945320742056,164.8956497337749
10,56,150.56599413180086,172.9491606400496,39.116534823458984,,153.73026116549389,170.18609675454087,165.39321197008775
10,57,152.41009118792684,173.60875823789902,38.974281024934456,,154.0230587494735,172.01396900578374,166.33932316717238
10,58,152.8351589003705,173.37897840102949,39.0412572935332,,155.09142905721745,173.8705852315947,167.29421584311353
10,59,154.24624456680837,176.48034183714088,39.48803124853812,,156.0749324139002,176.62196178416326,174.0447482315142
10,60,153.28632597441913,177.02982104482862,39.61319687435842,,155.18572055565102,176.35750169093208,177.00260991226784
10,61,154.0321988804656,177.3507795385497,40.17042920418219,,152.77095757766327,177.35769282876456,178.72606651784076
10,62,154.5595388620679,177.0838000279541,40.83672518134289,,,177.4100840061249,179.50467768838186
10,63,155.43790874873986,176.6383169648398,41.023592887738744,,154.92090327222382,177.9248528202816,179.3494462592826
10,64,155.86985872850255,175.73793248915098,40.99675743344713,,,178.02319435458674,178.47141673917346
10,65,155.0180103077617,175.24402747361293,40.60123096163563,,,176.82337608944542,176.67603675694969
10,66,153.3200006523227,172.78841207628412,40.12839501391323,,155.23255163744426,173.60639031870397,170.9628092205247
10,67,150.82827736309727,169.4380854653604,40.716420757449974,,,169.22905684215212,163.91328104580452
10,68,148.66024176850087,169.565792331844,41.26669923041328,,147.7797095101551,166.1582352588498,163.9577855182135
10,69,145.2050821248542,169.5137265581336,41.97422242618072,125.67103237497528,149.87407330173923,159.76042457712143,163.27335420399928
10,70,140.58280075909389,166.8620001640201,41.58380539977188,125.2104182036359,152.1028327577361,152.80715971520578,159.35256905079763
10,71,137.36848115251715,165.72544608772552,42.49221867872355,125.02284277019436,152.22766787301052,143.01900748808646,151.6177080683914
10,72,133.24894806198145,163.58411747918748,42.33448864472385,126.40266896773257,151.83045366268877,134.95243988138932,147.04489168205149
10,73,127.45649110387974,158.1583883071654,41.855482943793895,129.53064658786465,148.1868257338045,128.25747559516327,141.20429046652515
10,74,124.69172805955932,154.55329534095392,43.14054443757501,128.83700567986062,151.98384309594505,120.52705387024092,135.090512654678
10,75,117.5311508313353,151.58290341983457,43.56407645278047,130.25342808060338,151.3854837406216,112.4537431841412,129.42662374175367
10,76,113.49825117483805,146.566415856725,44.09367309940702,129.71575650347245,148.28622424688788,104.53594110475854,123.05364128744417
10,77,107.45223639878772,141.653506682397,44.70311864025475,127.09121179731004,149.90671134319288,96.71231468389708,114.76765616685124
10,78,100.15639295228856,134.964089318802,45.50006741432545,129.55831780762796,148.36877030998295,88.56747623117545,105.91780060168612
10,79,96.2954815052299,128.17880992328597,44.74096874389915,129.78269410427114,144.98486883024262,82.57443035045613,98.56916253538932
10,80,91.89992515637668,121.34356220253252,46.794566215614275,129.0489473338639,143.0646446727554,76.39762874541746,90.9907950459668
10,81,85.00564384898436,114.30085743355676,47.867661873772775,129.15718785123548,142.26739178541897,70.55116942755602,83.04403933076925
10,82,78.70504700680914,104.27032077938136,47.747560070273906,127.93708841703652,141.21730352024997,64.19457612245543,70.3501260846838
10,83,73.29149176774648,92.01800819505804,50.81790038448195,125.19544663029453,132.71677092091716,60.79701290970179,56.68957863401622
10,84,66.23242001080752,87.78716708729804,50.26620386473444,127.36546829858898,146.12706196885586,54.96088286612635,52.1026759401746
10,85,60.65558813916833,76.32575179105021,49.73044466996146,126.2795934310273,141.26952459310326,50.52982220811999,39.90290999389579
10,86,56.17451465938842,72.22852426819541,50.40305349146267,124.1405463045312,135.63931614946398,49.88694583464908,35.137878021759974
10,87,51.17514699942259,67.72461312987649,50.95980717039124,123.80826257955052,131.66583197745032,47.14629045918752,32.58984115292661
10,88,47.037735371500645,65.42958982801896,51.015077092985855,123.27830089316464,137.66586274782742,47.61969330595066,33.56001453252637
10,89,46.08063745687126,61.471606701523555,52.03010237281138,121.35269067952784,140.44347461329355,46.961502732194695,31.245146203769195
10,90,44.61697967581175,59.8409251344279,51.90411957198472,120.9226024463816,141.13264010807254,46.28859885158219,30.11622575367129
10,91,43.74677592662276,59.51089212995005,52.1210049366897,120.54765749238638,139.96195045730852,46.33695906777447,29.40669928471976
10,92,42.93387132392687,61.16253955735954,52.27042779846153,120.18010283112235,137.31220468001337,45.88931567371864,30.26413639198226
10,93,44.2088241758523,64.44871648631215,51.812351390076046,122.188947711023,141.40117382869272,45.949710559898094,32.76322236135263
10,94,46.36288967637189,66.58347496658476,50.61994881806784,121.18851613530686,139.5881175922538,45.88534176528092,31.76352192216893
10,95,48.71903649275393,68.55420726153254,49.38883211051674,122.22876327350066,143.47608179005687,46.438976378852686,32.640664536829796
10,96,54.199118396797175,74.26138599294053,49.53926522282938,124.09162780767812,142.50627678332563,49.2117388162772,36.86817796856264
10,97,58.09353332610672,83.37219309153697,49.15579767820064,125.4942135659332,148.0201686817255,51.577747421685515,44.02733053136242
10,98,61.71468864550933,94.34507766423656,49.82427430645149,125.29460494595,145.30019968679528,53.98689458092186,53.93070177646382
10,99,69.0803655942072,99.43000902903376,48.65294591596851,127.6519371242346,143.1477447593534,59.55282006553541,59.0366412151048
10,100,74.07977237991591,108.35607999293146,49.450026646006386,126.62649053930964,142.98805290867887,62.67539257530857,67.50003703379059
10,101,79.83647796175757,112.11784617043844,47.66220233435765,131.746448578326,143.6398425548608,66.8186583419032,72.9512553699202
10,102,83.32719159192963,117.60351565221713,46.82103528332943,131.00458963600326,144.0382775170201,70.76946592471761,79.39833849330097
10,103,88.84349288601632,125.02555107362966,47.290941170801645,126.03168996715928,144.54269957738418,76.26919963666725,87.56970053052977
10,104,92.7984799948988,128.68640592773286,46.51720082826303,124.73264011663196,146.6003629689628,81.53220513755086,92.54532624820266
10,105,97.45221076765196,137.81003439543136,46.35615607924871,124.7386294586034,146.94383569776096,87.39029488852488,102.3273017982306
10,106,102.55720500296812,142.66181608165817,46.19130104871698,126.66813274784948,147.02668824379563,94.56270269381456,108.5302302056066
10,107,107.7187343409742,145.4910228894916,44.80721951565455,125.99797667996276,148.23665016263345,98.56448876438608,112.5443581947683
10,108,112.96761025805844,152.43724708793223,46.7633363556893,123.40932021522,146.881746978968,104.92056259110836,120.01058593840652
10,109,115.21315008204762,153.71810535083543,46.24446335926749,125.8190230381884,148.161670989227,109.36527207825704,124.71444546829116
10,110,119.140659137374,156.45525609392092,44.88738361739277,124.21993716396646,145.77493667449102,116.86092781865172,130.52383197636226
10,111,123.10949851797804,158.9104703700464,44.12737366139133,126.9138786247732,152.6416380994781,120.92723372500616,135.37003516668324
10,112,128.01847593390804,162.59382590263294,43.185279216521245,125.66564952407872,152.38508633747713,127.3058255724315,140.79829312951028
10,113,132.26037626310614,166.63832450725147,43.24485125622809,125.17487089511036,158.22922910972375,134.56921045424406,145.7612918225669
10,114,136.25073684810994,165.96926483666195,42.734147894001154,123.54046580354256,150.77545286716966,139.91997004060124,147.4362244054542
10,115,137.34532008849737,168.06951189577347,42.65637207516248,122.35847189885354,153.40675109626895,145.44300558946674,152.12359868776156
10,116,142.39351627690326,169.0134113220737,42.85042194022855,121.29648297474156,152.99360075769465,152.90978384629437,157.91713826383105
10,117,147.174035157634,172.67953292802036,42.771508468129326,121.1841319981537,151.2550237468445,160.33302114156888,163.9102914674883
10,118,148.14312966347194,172.9506565868058,43.77097581299624,119.89609734125818,150.65582618006138,163.4923618498554,165.48251734105872
10,119,151.06629181945289,172.5926246440425,45.32951140498088,118.35498191083302,147.11676017621713,168.27355598281554,166.17179914385912
10,120,154.2362925626058,172.9050384041361,43.84128004079475,117.63787006764996,143.49380983308552,172.180498983488,166.90488435665398
10,121,156.3008328832158,174.13632236042446,44.82794740956953,114.44565941819482,142.10766331145342,174.89096081561274,169.65673332481032
10,122,155.7300519877565,176.46019400099445,44.65864845834272,112.895698685874,141.25153794334332,175.1963259143871,175.42295508371166
10,123,157.27639306118618,177.4534447403563,45.321579272297136,111.16116514321114,139.91272300196408,176.04066932617744,177.8092250199544
10,124,157.90508664864774,176.39062778036504,46.01451319815086,109.58896811836335,141.97065040097357,177.11172762460072,177.7368625333659
10,125,157.21654289174603,175.42253762601808,45.53581158524453,110.48373455503084,146.9113720129358,177.333725822236,176.86031274360917
10,126,157.9491960572685,175.59043611992314,46.32761525322102,109.53572326968496,145.57088116291357,178.4838850688042,177.5752897684831
10,127,158.30621794991984,175.32348581818815,47.282331248825294,108.27623729084765,149.43582135394038,179.03341485610213,178.08809995455138
10,128,157.9019649964122,175.35476025236326,48.3141279538249,109.24982688102682,154.87349895285982,179.35354547526856,177.68339818171145
10,129,158.16304707403745,175.01874298916738,49.07965479750714,107.75522471136358,156.85064419769324,179.40327875871805,177.40615581619963
10,130,158.12754740844224,174.08594591751844,48.57430294906127,108.7479145568388,155.94116303045618,179.12017032508035,176.48908889090202
10,131,158.00592384792074,173.59714146791444,48.08118373910104,109.091570820837,151.14404792864573,179.2320049558288,176.620396679461
10,132,158.77561592084984,173.1063796909826,47.9831614073678,108.7321009441948,11.53807208947206,179.6429910763166,176.76602182600223
10,133,158.20373222617692,173.42537208460172,47.75447736540934,109.06292791026551,10.843192065735808,179.2935190727085,176.9439015390907
10,134,158.38734626376797,173.13476532018444,47.61788469514033,108.8825586708627,151.07521819483614,179.66750098470115,177.2962665854863
10,135,157.13619820316475,174.29996359880448,47.45388770604375,108.71576032996803,156.0485127818537,178.4968119290907,178.93651884800371
10,136,158.063807424209,174.86787128327086,47.13263357347748,110.11697953488314,155.7597350576824,179.317269916369,178.92989765516285
10,137,157.91858526045036,174.16306811710174,46.69328540866402,110.82642166031772,154.06182373006715,177.47127429814878,178.4073304417355
10,138,155.77836451359616,172.01815735318303,46.73435885545879,111.8258994772833,142.79428708374607,172.99048884370274,174.09032885877934
10,139,152.0055375031186,167.96113529626894,46.41685506242687,115.81650969043396,149.6568730759267,167.99872360154365,163.1445308663444
10,140,150.55546371762222,170.19532148687554,46.314474334654555,118.16441335059466,137.1949329827228,164.9816671438995,164.56431132886615
10,141,144.1578923870244,170.21069154391645,46.66073918282328,119.18551930819356,136.51712036398197,156.7618823759516,162.7060945098342
10,142,141.95867219386142,169.2595839937959,46.12560458002465,120.36381387217143,141.10315733914905,151.08087807987022,161.53102020024693
10,143,137.15203351817055,167.4539708764965,44.775036906054495,124.24151564422569,136.88992909397265,141.8226067159875,152.72568753931955
10,144,131.74789005101204,164.2457572152999,44.76725298313491,124.8384576853644,144.43139323912894,134.49120461436272,148.1822057514531
10,145,126.80527012950024,165.17158827596754,44.27616065409365,126.6185733694642,141.42728095654095,129.4435796639057,146.5735556548626
10,146,122.58042265798666,161.98478419863014,44.33137027299157,122.57156759363608,141.49802304539082,122.44715343865778,141.6152890635834
10,147,118.12008435190866,157.22838456772067,45.432298029932575,124.71813849637584,141.7809789262197,115.36633532940118,134.2433281875075
10,148,111.717918954735,150.47993829568216,45.49001501539618,126.12042012759449,139.11780631787806,107.54001293336344,126.80125493528848
10,149,106.1582795172006,142.53137534522688,44.780508349403625,125.77294753781749,139.79113638583152,98.1498355555074,118.23176832756816
10,150,101.5988857281125,138.09459204035818,46.07631074724175,125.62596099136576,141.507735038572,92.00543486713616,110.0471981013632
10,151,96.80021931608792,133.4422404703782,46.21340740966551,127.34520745773077,135.27967501073863,85.56023393626752,104.23959763779423
10,152,90.30676840679214,125.80007784559538,48.06210886411744,128.0249220358146,133.87772603863306,78.64933250958903,96.23907170132496
10,153,85.8974242938579,119.68690495982104,49.15450219862659,127.82599031706386,139.02252015398915,74.53931859111631,87.13009821295343
10,154,81.28904937333878,112.9184215941129,48.472081705919344,129.04975134870642,141.40429124599504,69.1021313337181,78.7335241315541
10,155,75.19925038875769,100.52146256253064,48.25772450697033,125.88589270909657,136.74482432005405,63.73782345958473,64.5239357041306
10,156,69.00385895755224,86.40316351296416,48.70240830133854,127.3829718183796,134.87554843688335,58.62057916714345,47.57962824813258
10,157,63.89680499986796,87.34238324165815,50.11489932659037,124.19968317723036,140.90095861037375,56.30148580370202,45.76135000507511
10,158,57.752335143733625,77.38613127072246,50.609979116480865,125.51070655786474,129.91713992737454,51.642031970842126,36.37525305565437
10,159,54.48528511403999,74.8717760299994,51.14214325925323,124.03232312706572,135.51504016497643,50.45358513065313,33.79368246199564
10,160,51.0575274628664,71.22728802539056,53.00948941695818,122.49299707292178,133.20065072582145,49.786154877698785,31.66278603982988
10,161,49.01060669299434,68.12751695268491,52.9994440932638,121.9371111606796,135.9068509776117,48.82960111027379,32.88840342260354
10,162,46.10484926969631,66.98849916939116,53.57664381830269,119.73902734323812,134.4156401867563,46.07414505411686,33.21521177694065
10,163,45.49888566530468,66.97331804459202,53.6479656747069,119.4216905013254,134.7757885586127,46.076275035026235,32.95537649538237
10,164,44.64181871119005,67.23560872201134,52.9223451402337,120.16228496011072,136.6532725127088,46.14908031333961,32.802891982551465
10,165,45.60744205049793,67.83646467627933,52.638010567732145,119.63685821950428,138.74235521982234,45.74500901209818,32.75515104514344
10,166,48.13636954928091,68.16589279186512,52.53468273354265,120.08685874285136,137.66372042881653,46.96455372478042,31.555446416880383
10,167,49.709744853197336,70.52601639973183,52.47497879371664,121.0285535361843,138.57270895721302,47.63933310006444,30.52845216071424
10,168,52.82016388986468,74.29130425712232,51.477226188883535,122.64455966147518,135.10854677555048,49.60839498543051,33.307525588826124
10,169,57.33577020727325,80.80018540900842,50.2304540353682,122.3927596589482,140.72138919657624,51.90750448507933,37.79356108112765
10,170,60.49039676850793,89.49480960495616,49.64339485583832,123.2854190555306,142.8982657702569,55.04664715410023,47.47240346439412
10,171,65.06235594122768,95.20637423656832,49.316959569641355,123.92115539931947,148.162161554624,58.6063991143321,51.57689943530917
10,172,70.79911254559848,101.79870209489256,49.70696821063901,126.29281313624745,144.4143318685559,61.65154296419243,60.64808354420078
10,173,76.34773052997332,111.51142864190965,47.572328344404255,127.58193701282516,144.04784980571446,65.22999757123821,70.07324394808107
10,174,80.32832536557872,117.3172884362146,47.904884477692,128.08877154062273,144.55946542395304,68.41715793123463,75.93294381901211
10,175,83.59836391839673,125.02268726110368,48.49612609708376,129.1060526097598,147.86970068562698,73.82610056910092,83.97560151374611
10,176,88.84426414032016,128.07492326102968,47.16946393276845,125.89858650589773,148.608658736269,79.9018299116639,89.51304733581163
10,177,93.67717433695708,136.29022410546682,45.552509568373765,126.80200571295562,153.38413232828924,86.38980425539982,98.98444224779058
10,178,97.05393290410002,143.01728682300006,45.22726458025299,127.78686793075632,147.32879302907273,91.32211664802944,106.4539883423226
10,179,102.83938121372812,145.2794423016819,44.59916430839015,128.95658990267648,155.4080901263464,96.65116722201012,110.73871466615152
10,180,107.69981239640164,150.98948266001506,43.58822006416025,127.98983529308336,155.64047694618003,102.18147807144372,117.81058516215276
10,181,113.86275387711731,156.14671268648112,42.36479319740133,129.048873002711,155.63723752331634,108.65740649332936,124.3054759456928
10,182,114.8683754259768,158.39755515905907,41.470798447319005,129.72200252990245,154.86834983872717,111.92683557588224,130.35856196244782
10,183,119.9145380778097,160.72524001285157,40.76940914432255,130.57799544319295,155.80068256293802,119.06499120200394,135.27309203209813
10,184,125.47054666910354,163.2195779572304,41.120435733697065,128.76992280160465,154.95560406096683,124.44349925858346,141.80464737545054
10,185,129.55059157317638,165.97121838762033,39.67008045443966,129.56461311699348,155.52736009813674,130.35303812870194,146.12615401504132
10,186,134.18222817150706,168.03031828272148,39.17034027438078,130.3469701120627,154.83484531425765,137.57345221400627,149.05132091186374
10,187,135.27590091752094,169.21246939046213,39.52429210830121,127.03338383720808,150.3050772679013,141.40729259274016,153.25623095440838
10,188,139.6812770005039,172.6606073350294,39.9467974791901,127.06659728848793,155.4565808315306,149.94435752834804,161.28803419643185
10,189,143.34996775520247,171.42956000370248,39.98718261258872,123.80215108583006,157.7746206796189,155.25256438569457,162.00158036517917
10,190,146.41683933519388,172.45228598933363,41.2518531629788,122.14555785494667,158.2695841097863,160.25392614265735,164.19530843419352
10,191,149.79057943070538,173.2872910526451,42.54205771352772,121.6066752187764,155.46967816077273,166.11527057521437,165.7110538870166
10,192,152.0192702082531,173.56275739659537,43.03889298962087,121.3785610329384,153.16341520189346,170.34069900944738,166.56742005672658
10,193,152.81707341012756,174.07096718211196,41.90881837857472,119.95766370729068,149.60715881278782,171.54030066458503,168.19541739346425
10,194,155.05129293296756,177.48694954257135,42.27833404180775,117.99393829874606,150.6291514979104,174.67270266162916,173.04321693493048
10,195,155.38293637193055,178.5602273250963,42.60793184245896,115.79686317345691,152.45917944795738,175.00712614408482,176.56108858847554
10,196,155.88511574920577,178.5071104750519,43.097824460469454,112.48419133942932,151.44568530595134,175.76865674463684,178.44644205806898
10,197,154.99495992686136,178.834457144429,43.256108942516214,111.11852321674702,150.33478741258776,176.39412476834798,177.98334817819776
10,198,156.06596463762375,179.6913588634768,44.60789906903862,107.26514046918,147.42223836501012,177.98553261606398,177.92069484072144
10,199,157.5892500561121,179.1237602572486,46.221033568539454,,148.57428612730456,178.83546164728023,177.00770768099238
10,200,158.98551518549567,179.8370272709025,47.86784518172808,,151.00689119087252,179.34635808787667,177.60425304121603
10,201,158.98731654407217,177.94611095400663,46.1266485176746,,147.92974340437934,179.1278927073898,178.50245570734444
10,202,159.1953347141722,178.01303474596747,47.43251943641134,,150.27272157121038,179.25637891888564,178.51272915540713
10,203,158.2440610548801,177.8249510614054,47.98490751135607,,153.39335776876447,178.34899687514255,178.79094263498774
10,204,158.29241108314125,176.4261680532908,48.47565811643647,,154.3474502686861,178.56122808819427,179.70413618153054
10,205,158.13994337995754,175.60692861868773,48.337583673060664,,154.9729688764338,178.35424588374792,179.72293013354204
10,206,158.35843712093717,175.85415151030767,47.906011259053145,,154.400147398588,178.4676160717113,179.84908215118978
10,207,158.81987282440355,175.4356109759594,47.93156003127431,,154.66437250875717,178.62739695058377,179.57741007261342
10,208,158.99948657391977,175.25538035201242,48.10731611556958,,154.4639119862794,178.11621508376558,179.53961019880646
10,209,159.2836418488566,173.68137249823593,47.58931575186846,,152.38177774827682,178.1447807678294,179.05350008963455
10,210,159.4123953644808,174.50877498938627,47.512413754368104,,152.2135772434207,178.06672095785245,179.7003022826752
10,211,161.3017549467269,174.04399967100622,47.28309927774761,,152.78663358469288,179.5992815589862,179.93768573656382
10,212,163.7195796441673,174.66200226821653,46.01135681858367,,152.8357381574941,178.80968057901413,178.51746932803292
10,213,164.08373794362006,173.7208599379917,45.46154684043809,,154.28349223099227,178.90472191808834,179.68631662420077
10,214,162.253438112178,172.1593027113667,46.438920993797275,,155.21211518602072,179.810264913426,178.34235154203472
10,215,157.5932273350397,172.38661527938254,43.120300468478305,111.98364611002924,147.5770929871729,174.73315212893513,176.1305806035629
10,216,154.26126301182092,169.6485617827596,42.74442330015572,114.96928636099992,149.76984526231283,168.64370420171235,167.6583806959053
10,217,150.56215213554674,170.8117361621468,43.04163142999435,122.28411923465406,152.28691126631782,165.14959914059563,165.0994928144743
10,218,144.82329062787596,171.65796658716192,44.145354411105515,121.68926581595365,156.4041763171323,157.09558435323393,165.1454131194677
10,219,141.27803264038127,172.2885571139052,44.37889095064303,124.46408262072336,149.38739616655062,149.45774465711867,164.2527380774251
10,220,135.33280339564718,169.7784550473563,41.555834147663,130.38209482670752,148.1485532961547,139.77633315303646,156.29942311093978
10,221,132.31192759004108,167.0720598738617,41.71574419436213,131.76271490778592,150.0450540405121,135.31453948756854,150.96924914631316
10,222,127.78824397219095,163.41479577277033,41.0339183922916,131.31061439605534,151.81084219467215,127.01783157095706,145.0126892636456
10,223,123.66601493855974,160.11481582712224,43.22827857780095,130.4616517464504,150.1589904076135,120.48674786773638,140.64082143313723
10,224,118.45948010076268,157.19527929671952,42.19532018226524,132.60039225003254,148.76737964481867,114.09635766716104,135.9970128503783
10,225,115.79958999568356,153.3245946079207,42.324010714812616,132.79356344705013,148.677228486149,108.3108800790054,129.76052472745792
10,226,110.7628823454815,146.5163484019763,42.099160675181,134.1940270184449,153.0619174271525,101.0377813476328,122.98368723088834
10,227,105.45147305014558,142.45060365640592,42.55795893664344,135.6465997774329,150.58572806233357,94.78531823106252,115.74932539009475
10,228,99.6780588719706,135.66962946819336,41.63868428933672,134.9883828021421,152.16106383063504,88.73276599122464,106.71673566540429
10,229,95.6740794130048,132.98594026650642,40.74125008793002,136.43636838717882,149.63454049924408,82.69777309368722,102.27671100538632
10,230,90.2294725979802,118.45104409560076,40.12183792077354,139.50764126302042,153.6668320524607,75.65902587939831,85.8205258411965
10,231,84.0203276655314,115.28891497040875,41.2883900216282,141.22208840693617,152.2088336286508,69.7052134665292,79.11555833589797
10,232,80.0330673711899,115.05453093713798,40.64458592183495,142.32029485096177,153.212545740631,65.33841252242489,76.32589159686613
10,233,73.38695026954515,103.87717919505796,42.242601594393435,140.6626127514954,153.28987656746793,60.72809906509812,63.16454924332424
10,234,69.15182251234476,94.63202731320236,40.809670608641106,141.22853625490092,156.07058396079762,56.59072695853838,52.702763720391374
10,235,64.35227864976858,89.01848947657389,40.89456285520792,140.19288563867826,159.98194779689956,53.42275891527998,44.78853226636964
10,236,59.94987405288514,85.93663539951622,40.354015767234216,142.37691421045227,158.81832156699932,50.456841264485455,41.493992101586905
10,237,56.54131443778565,78.94020403594907,43.575226683422606,139.0231210362652,159.48957683802269,49.5145054062414,34.23612269721013
10,238,53.19765772084306,76.81985109671771,43.23605017828085,139.34858130221969,160.28790370909564,47.25429834905174,32.41081781867943
10,239,50.195938477608046,74.68507293044622,44.113752143303934,139.65923860814053,160.91175973631337,46.89731600216573,32.169836190015204
10,240,49.175897997017856,73.58858924625507,44.06678638331874,138.4503148927142,161.49907504482266,47.40368367394143,31.807577174771684
10,241,48.258477157108146,73.31161260973603,44.03457375256403,137.90460576937758,160.3397460639157,46.990406475845326,33.00536815114143
10,242,167.47195201793275,170.84805955514355,30.64349921677151,167.51685070973377,178.2061789798444,177.70783610358708,178.4317092191719
11,0,167.82815045544754,170.29145720397673,30.899455113811417,168.0718510540212,178.75402361947403,177.843396524657,177.71281028169653
11,1,167.59288125694005,170.6507065384174,28.245104805292385,169.7160117076111,179.65560174994044,178.30382952027935,177.86106895746858
11,2,167.44429021443403,170.29174704155452,28.783668397370935,170.63455721326292,179.72847848978188,178.23322745690524,177.68788846824398
11,3,166.8252706726763,169.61510433678214,29.97974066900816,169.81148857668487,179.98417350552347,178.91464224494246,176.75129576024912
11,4,165.96063918995662,168.0621683012295,27.07389051503196,169.77375527672933,179.53418521833996,179.80234932411994,173.71821597680955
11,5,164.00721098466187,165.33250388796694,23.07185404516802,168.17970256309638,178.46299560690804,176.64285602232346,167.62675870952705
11,6,160.17121671116837,163.59908548725463,25.632377825879843,172.18751781966378,177.51832560346955,171.46195150604424,164.13606476318645
11,7,159.29050675763207,161.8290660612644,23.27671450563109,,179.29777476360934,170.00783706925844,161.188387658215
11,8,157.08084909882504,161.04554890060143,19.65362376005548,,,166.8465937814,160.03716526387709
11,9,152.59651130168965,157.9904216389869,20.36001120261266,,,160.2664353440128,151.6927199458706
11,10,146.06101869126496,156.42862761964352,21.037266745744585,,,151.95639390790546,147.8886050533875
11,11,139.19053448367583,155.25722865682627,21.897169738440542,,,143.06231828106405,144.4459509465683
11,12,135.91596098121656,154.72941077725534,20.96305220889217,,,136.52135244554947,140.7450311006611
11,13,130.7338625164073,150.8011880749759,20.345408453669645,,177.32800564490626,128.9965793277912,134.63526096384328
11,14,125.99985079663674,149.19352513060687,21.30452636335395,178.42963660137838,177.8890657080981,121.556342285523,130.62434068035478
11,15,121.96857038963724,143.88586014155695,21.03386815059108,172.90520921160206,179.17027494004452,116.4183918849211,122.86384250549727
11,16,116.7985778027046,140.25977846701076,21.040941391444356,177.31389617052596,178.00055904874057,110.77424067630989,117.60836690641462
11,17,112.66734759083468,137.19539085401976,19.90682160915002,175.54266495643438,178.65357976364703,103.27113869084586,112.82325836052114
11,18,108.32262148947476,133.00174076722436,19.49104693794444,175.32765938227703,178.32532936623906,95.78432358978644,105.70928237923248
11,19,101.9506126843118,127.82183281129512,19.973050968500527,173.58978839082272,177.77768827044312,89.48499459182092,101.30204359239926
11,20,96.34768480937744,121.68807244544062,20.592020853739555,174.59754579561866,177.95147399852726,83.3852761564712,90.82748826127512
11,21,90.44628700334968,113.99921621016364,21.32802130541113,173.2025283472081,177.8680392591576,77.35809598331639,83.78416832073641
11,22,81.87693897386009,99.7734707294757,21.022524825258785,172.1849228919332,179.77081635439652,68.69572444364553,68.87715721019174
11,23,75.68823417226581,86.74751036053385,21.492270552993173,171.7688891006674,177.80420727840482,63.78266740583109,56.023696268831976
11,24,69.70565158660335,79.44677266420227,22.773536674203044,170.8476211992422,176.9492529758395,57.86478889724019,47.296911440814114
11,25,62.053954553468174,69.99342480866353,23.477204956999017,171.35419820954385,177.44412876955494,52.69726172896305,39.68376322548436
11,26,54.27291535303739,65.03843872051829,23.263913351133837,175.2907579914011,176.955231622875,48.61709661487375,34.498380847744556
11,27,48.93584740090742,62.44425508819585,23.44862179492542,176.96315356494952,176.97380615166756,47.45908692857886,33.6636998213106
11,28,44.06728873801813,60.006966532798955,23.221431051295912,176.24902766175975,176.6999471256264,46.34564684747204,29.210473735922907
11,29,39.40677183327266,57.32866101147963,23.532389669121265,176.68327868994942,176.1155375925537,45.49255664827598,28.630600722603205
11,30,35.695588309004414,53.501655627351774,23.216670678080057,177.00344962148407,176.11582235650272,47.438123796049744,21.562017809325127
11,31,32.5388950796497,53.42047811360151,22.039127744916826,177.11595296477802,175.49791179666175,46.20642601073482,23.298261554072305
11,32,31.217193614359193,52.96866018480201,21.990934498083853,176.29486158918732,176.05303013963095,45.62120398411891,22.09360112206147
11,33,30.850935044542627,52.72347676188512,22.08029148174131,176.9549525257746,175.32952550855876,45.42884939626146,21.784469685714075
11,34,32.2025019432503,53.87155370838639,22.760500824688,176.68860574867017,174.6617533737971,45.53890653530853,23.64870925712537
11,35,33.87234651732183,54.736734104050214,22.63920680189028,176.84978661575977,174.69954329996486,45.69226337456997,27.512744311261233
11,36,36.52044794802125,56.356898687730315,22.574966680346808,178.71923285491252,176.13580006547642,45.80328291929688,29.35246911028909
11,37,40.12443962564567,56.70892849854536,22.02608607927215,176.00672266194573,178.759436276052,45.8219838584677,27.883324793531987
11,38,43.842540847772845,59.30092816192959,21.505604128748516,174.8960554037022,179.75961292490152,45.15513780512456,30.606351865707147
11,39,47.316180012092246,61.68445815548387,21.07819581138195,176.56628058709293,179.21036838799,46.79949905218922,31.933588178623246
11,40,52.94529737357589,65.77694218051225,20.435331554562495,177.20393027848044,178.66107039447422,48.791121477002896,35.90831067743149
11,41,60.170752365395344,72.79123832252732,20.062364761139484,177.94957520801586,178.22585726216482,52.33706354799848,42.06589053712979
11,42,65.89692494301441,81.4955995218392,20.619986741388093,176.70404496599863,177.46647774563365,56.27159441782428,47.47975243076668
11,43,70.92535819323908,88.28983674321779,19.91399601270661,176.64944870784365,176.4418336859132,61.10431987642083,55.9153536014567
11,44,75.02505893606599,100.74180642330384,20.573654949398044,174.14468375079286,176.97648174350232,64.89312280831273,67.72832168026095
11,45,80.54096685944845,109.64044335311544,21.03862659962458,176.07855102354802,177.81085364335962,71.29911663225027,76.43919158245325
11,46,86.73409863137344,116.99586952795111,20.30162232760548,176.66356492836914,177.82852104113005,76.96593912325119,85.15394442265736
11,47,91.94724193264707,123.80594423209467,19.80518570104497,177.86781307601026,177.41222298950393,82.68603231011261,92.05933442391536
11,48,95.60797006816895,131.04389470746352,19.018881824218425,176.52082966157792,176.82846613674693,86.54947721747266,100.41634793923907
11,49,100.0706022081047,137.00552940605826,18.72509127550774,175.87895356239227,178.1098762505117,91.54459876972528,106.49320327345242
11,50,105.65038076529906,138.60035855679948,18.81570960186984,176.4999731226162,179.0314170008149,97.671437713794,110.08701332210843
11,51,110.75162673787564,143.48702431075415,19.24200976344017,174.8962061313877,178.28906555419047,102.35876821187696,118.26699081130252
11,52,115.912908602628,145.2731167713787,18.914467961285062,177.02721004399694,178.17715566809255,107.86628345902528,121.58074046702473
11,53,118.24444884266636,150.13164155157872,18.488443723618005,179.78786218002446,178.29827563381966,113.24686930788624,128.95714400459653
11,54,120.93390197253228,154.68083287425773,19.008863289957,179.94544959413287,177.82239971295007,116.45621835902054,134.3833410801738
11,55,125.5700642769256,154.3639329372407,19.32873128116626,179.69705159436026,176.39276011277633,121.04279015939748,136.15532817110466
11,56,131.28466459949573,153.1182300274546,20.087956152927138,179.77722506760912,174.91788307770614,127.60111337159036,137.264228824221
11,57,133.77575177060896,156.12295189386975,19.784412129557072,,172.9512492438079,131.0943280894655,141.11093412309307
11,58,134.98908876912793,157.5869586098518,18.958388037150133,,,134.59889556868265,142.3455390829038
11,59,138.3173248982658,156.45859010220104,19.78371652323431,,,139.1738343696916,143.707702382004
11,60,140.21194522965362,157.12039346751078,19.42165954064797,,,141.66584980259046,145.46628011593708
11,61,141.42293393765024,157.63446959223992,19.382258636452693,,,144.893744388573,147.75123326015867
11,62,146.450009060261,159.78218952836218,18.244203122658732,,,152.00599289140078,152.57205369992073
11,63,149.38102964982457,162.52491831288742,17.84176585806245,,,157.22771489336938,156.76738899087655
11,64,152.34039802687582,164.1819396081,17.875206377278676,,,161.61969950025124,160.77004415506804
11,65,154.83318858231195,164.41188141377322,17.644288495613228,,,164.53167188601526,161.86164795593726
11,66,157.32449558603278,164.63167846282698,17.022184138865235,,,167.98398897035025,161.8142114777383
11,67,159.11956581118673,165.09547321542863,17.746459237121265,,,170.52836294715087,163.12603293965182
11,68,160.0280500841634,165.61218823962275,17.7903419002022,,172.8933428090324,172.19444615735574,164.0030126185448
11,69,159.6561068465691,166.48003256352538,23.14138395794904,170.94628333594466,178.36762234543338,172.16659786753638,165.15427512215746
11,70,160.523388896251,166.9496304066969,24.19966394739584,172.22865081040268,176.4922620706385,173.3443394744252,166.77426847271553
11,71,162.6534012615525,167.53084291941192,25.465429893656747,172.70502148238043,175.51101929813638,175.95851052469646,168.92627504110257
11,72,163.60252231546713,168.7072165245703,28.934287594680413,170.7002821831914,177.1961448710944,176.8467217369589,170.90507055114588
11,73,165.00879136283126,168.4617908876133,30.10380310866033,168.84970320365107,176.7094867437783,177.11712781675257,170.68977903182426
11,74,164.92921802060795,168.58719745242195,30.020225513474863,169.3877852809624,176.98784579260706,176.6967870449884,171.16804332667226
11,75,165.78317121599147,168.45935361204332,30.55760020065103,168.64460882168353,177.04307877094416,178.18856724472786,171.0885711185368
11,76,165.6685856255624,166.8710408732764,30.5648805645982,168.68238726394034,177.1310646863121,178.045316951663,167.97886423900098
11,77,165.28408603459988,166.256887455297,31.534359065087756,168.2849487376454,177.1183270781259,177.4590203934102,166.09518041744747
11,78,164.6560267874874,165.8586396189953,32.57919230769066,167.9389011826378,177.52989189883195,176.98947942207985,164.82776361287927
11,79,163.37080577920332,165.35287583347386,31.15559269105423,168.33270472103743,176.6746232297259,174.2453151237763,163.8891167566341
11,80,160.73484256421543,164.44047784972295,32.51426513279939,167.63859308296395,176.5033855620394,170.50683017372248,162.3719123986721
11,81,158.9302416547015,163.88911743050994,26.731093212843273,170.44233647054546,176.2810710205808,168.9651609678807,162.07354434432662
11,82,156.6319132750919,162.41247681123315,21.57200989474356,170.23188440110744,175.635732336864,167.65722572251036,160.13095935983455
11,83,152.0880944847314,159.62868545088332,17.798577234478888,,177.2474183138588,161.23817762988836,153.24588677935878
11,84,146.76038538814254,157.6474516061392,18.794454972794956,177.57174698242656,179.56822930293146,153.85905698342413,147.20169580079877
11,85,141.3916536343766,155.2986338106436,18.252153556189473,,,148.00185349116504,144.5769277257837
11,86,136.13237078103077,155.25032810503677,18.244998006764643,,,138.70941269289955,141.94924422183774
11,87,131.71347535737553,153.6622028371871,18.88204618272008,,,132.85738561948838,138.06079684544125
11,88,129.2541688945723,150.0031506181334,19.82309555869484,,174.74873832614264,126.9084262526594,131.99040650400812
11,89,123.11406471238014,147.75025263821857,20.7516473025563,177.05608716788475,178.01949442431743,119.70725794300648,128.56564868263314
11,90,117.6688612929722,143.03973653724435,20.441732611950144,177.90989966890788,179.69247416307385,113.17787819852217,121.49562857808564
11,91,114.08870799853185,139.88618693096066,20.370599490600537,179.4765782091007,177.3725787981714,105.4821825652877,116.09300249928675
11,92,108.73507120403974,134.60557339452035,19.22140249286094,177.40883848710422,177.4152134500032,97.42553115027464,108.03678140286996
11,93,102.25249318424753,130.0228088577735,19.16172040287536,178.5063268940719,176.93460859936067,90.64046466867116,101.81861351139035
11,94,97.1249145950882,120.94475368096256,19.788111652712978,177.8188135946643,176.0380768492899,84.0199768723999,92.05140842696184
11,95,90.0809348717866,110.09249299355535,21.79050642845027,173.46386368166944,176.97112804552907,76.87107996237556,79.45501857672517
11,96,82.58021196831834,102.19597602217104,21.723520212340436,171.25706373927497,178.94520569803538,69.67786725492869,72.34348004729858
11,97,75.952276643907,92.11167227091404,21.751799467237504,170.2741313885763,179.08419585521463,62.57668047179285,59.777249854465744
11,98,70.45995678300004,82.07225757992563,22.382381724056316,173.3574682133586,177.43331300530585,57.880507786482646,50.375389260287726
11,99,64.11675132558454,71.77793492165972,21.43009964609964,173.9444371961069,178.34863716593074,52.5720353448433,40.95708849640831
11,100,56.531981579956806,65.63081156294629,22.514870846998303,174.18918333901496,177.63885119584924,48.993949679257575,35.28211150016055
11,101,48.242035379275826,64.5405187724679,22.61809449460621,178.2339490272346,175.65730792390173,45.22241621969514,32.89056061414129
11,102,44.47671193327999,62.06536261815387,22.45795687432505,177.68265517664216,175.87391181548503,44.86746816039399,29.77920233498101
11,103,41.840307820564725,60.12498933758365,22.78180180820477,175.63020073647235,175.1560649643064,45.980284807557965,29.163352196780178
11,104,36.42915674265391,55.04008209610113,21.653929264459528,176.6504135100234,176.1897302210401,44.77446362193603,23.156164283820587
11,105,31.7510075852671,54.46671887749124,21.85093495245547,177.27590219309832,175.0629970669499,44.90420511557609,19.76489216126164
11,106,29.47258199094535,55.5318281490023,21.484988631714433,177.45977818157286,175.5003353987642,44.39708791764463,20.72580832573364
11,107,28.78276707772494,54.741013498825225,21.464530212281865,177.4893872564517,174.90981131633376,43.34518719014626,23.49285212550832
11,108,28.582927990574873,55.186737075739856,21.92701424075397,177.1936951418777,174.41736578295996,43.0146960167909,24.58522473437504
11,109,29.809009331116624,54.31755798376164,21.905894425865153,178.9774838041145,175.0890910806907,43.28207969042231,25.33932425056059
11,110,32.4904997478012,53.685059334123395,21.329710330743072,179.8431778034923,176.82767888458378,43.41579826803362,28.490432375229297
11,111,35.795110211508636,57.55212086510275,21.191481319627464,179.15559195610376,177.75293742452146,43.655568553294344,29.931977317616017
11,112,38.979870591971654,60.25690274808504,21.33078846556572,176.87535046560106,178.90751633587854,43.20633975530899,31.93944928455534
11,113,43.01765540739761,60.20158468142506,21.25352191156618,176.8759604317268,179.22111234439487,44.28406549503168,32.5588744385292
11,114,49.059126591859965,63.040166402301864,21.869893885168302,177.56569633388654,176.73095153876093,44.95971598328253,32.81182819154818
11,115,53.804343389532384,66.29429953346295,21.240010541907328,178.2661558825069,176.90625631521067,48.08256602505711,34.84184401233503
11,116,60.29892612607901,72.26111450475108,20.054700222102092,178.3979697688476,177.93096964887172,50.23144140053702,38.58036041493224
11,117,63.59944092730564,79.55410644251856,20.199400446406948,175.62351014723816,177.34415383472313,53.46262132748147,45.78833171379761
11,118,71.26762509350326,88.47208292808358,19.62207067159044,178.7625795588683,177.1635458992807,60.471717639728205,52.993851520193026
11,119,76.28286672435405,98.39242728620404,19.57632314769661,175.6918861000539,179.40595699768636,64.73250424399076,64.39392791513998
11,120,80.08777925976541,107.66771889733674,20.305685889553583,174.2562268709394,179.5563205103377,68.09797175343299,74.54469016404829
11,121,87.21165171406294,115.66069636930976,19.78565935323411,177.39034432541138,179.26882633948568,74.69985582885052,83.68555373690616
11,122,92.18943922267366,120.61887557542197,20.83030944053083,175.2537759568529,179.57492638690783,79.46716957972659,88.37458642815936
11,123,96.85837946043976,127.92836630649212,19.49320942845665,178.29936366632205,178.31332158580574,84.44343017896516,96.64267091879697
11,124,99.33579871129622,131.6351665073109,19.21427476915854,177.27950823626014,178.7130301665543,89.30915143685672,101.67741618955355
11,125,104.32682711096476,136.04038161126437,18.137635806623884,178.63698172242198,178.99309050681924,95.09198640845526,106.41274184830604
11,126,110.80344297047188,140.609046080229,18.751072438640428,178.45526195511144,176.92041156885895,100.64365255621732,113.4481478173628
11,127,113.61873557388482,143.80480403629687,19.7891506843662,178.37097100686913,177.5180839224539,105.49430593385264,118.44064714587546
11,128,117.7427441863597,147.1727355479663,19.978944423744643,178.99012347045544,176.1015601526817,111.56180690770164,123.48702383523886
11,129,120.5988597857206,151.32422585052333,20.0926560005912,177.08301616656362,174.77996510041788,115.0614291312293,129.1549725604859
11,130,124.34265482427276,151.9738266390773,19.60512748861931,178.58519913801473,175.0098284511394,118.92312434459274,131.43794012973825
11,131,128.80029385186177,154.50516762173544,19.499721863003643,,172.52071390981638,124.8460273135643,136.92161049357372
11,132,130.18439299944342,155.96462106695344,18.70731913605007,,,129.0763637147123,139.2831291472297
11,133,133.67409926374842,156.55771925860424,19.993172989246183,,,134.12804649181652,141.69395532551832
11,134,136.1123233799557,156.8411504191665,19.004781571303695,,,137.43916453753766,143.99291194293087
11,135,138.0779767596971,157.07460987016225,18.091153738768593,,,140.58981087600392,145.35821674224718
11,136,140.3390038354665,159.55819640239434,18.10189731199799,,,145.18090997045846,148.53513931405448
11,137,144.09461510925917,161.61280611535057,18.865047262906533,,178.80109393697583,148.93543302626554,153.32546947656763
11,138,147.18134485986025,163.79078396944098,18.399614454478357,,,154.27767894522873,158.22641851081906
11,139,150.4238034344215,165.8961164878492,19.4277141817717,,178.98965351161138,158.92307607592858,161.92263068346566
11,140,153.32437989256687,165.8630054432617,22.698639999324502,170.516736537429,174.11126780654052,162.3557890885979,162.79466498079074
11,141,155.69912353478114,166.02993171345523,25.34623032754642,169.58467461302487,174.17851795761266,166.64402981278135,162.62321604120018
11,142,158.98733264547533,166.88831849534623,28.959878632964248,170.43788596440868,173.89097193671213,170.5468053537622,163.82843117286777
11,143,160.14214624550107,168.93657384004425,30.190176368513036,171.29604772498837,175.6426726043314,172.50437312334807,168.01670592572998
11,144,160.21967945236776,170.48955113370533,30.558737271233227,171.4544076506877,176.71005049778734,173.85633497200982,172.3604486933866
11,145,163.72312191040004,172.6810458482473,33.050053814523736,169.59468437503222,177.04374740078967,179.4152863044182,176.43437243608795
11,146,163.6447988166518,173.07295760984888,32.03392705473626,170.49169962130074,177.79429711608506,179.60506198118307,177.01731673696244
11,147,164.7078471544976,172.48992938936013,30.98147255896732,169.7608390872987,177.40135898202365,179.47697105721954,176.80422095131158
11,148,164.21949285249153,172.02724030351052,31.218774590296455,169.86563936809637,178.48608662153225,179.0739570054796,175.71059895953496
11,149,164.35966538617927,171.42349208433197,29.976454576279167,170.1107157427674,177.9637162984993,179.1744420386845,174.04844834131637
11,150,164.0681467933165,170.03837205608468,28.780671855360417,169.4722890900222,177.76573582213751,179.5316255489229,171.2112657491962
11,151,163.79369047308057,170.69158737488974,29.00147394899403,169.3966711941349,177.93004542597177,179.51041937997937,172.58592747549193
11,152,163.8207747135119,170.83488117766072,29.108347933312174,169.07588572961657,177.2479603784946,179.67642242893797,172.65312257620434
11,153,164.2912213887371,170.00700185721922,29.644200577204792,168.84788952917594,177.1387932805698,178.9578756772272,170.79461706399152
11,154,163.95128993247624,169.9217625119221,31.109313690395982,168.4082170953498,177.88934922369313,179.9444595634806,170.74322311322126
11,155,162.92567197283046,169.73202879281573,31.46329727430658,168.2772360409493,178.80830705357414,178.78318730632367,170.42459593819106
11,156,161.77394589668742,168.35416500750472,32.02034198189924,169.40921937102738,178.3894775608151,176.4373325179102,167.39207244345002
11,157,158.896830354611,166.8874002925668,32.82029977730774,168.8432730364762,179.81428843242765,171.8149347596535,164.35504645839612
11,158,156.88483585358114,165.77875403435556,30.24300318073275,170.8243373661975,177.23203969633258,169.46380032865667,162.8120492403247
11,159,155.3838887116106,164.3749978666279,21.58439132190506,,177.55494682723344,167.6491662540265,161.91896512598908
11,160,149.681792450431,162.24242005783964,19.370899628642658,,176.30729299372314,158.96112831673696,155.67353108160674
11,161,145.40484592311643,158.84167456071074,19.455381866071622,,,152.1100966307718,149.00674262551192
11,162,139.9971132427656,155.88360674121995,20.187696938240855,,,143.93400662520406,145.20419307972512
11,163,134.53159898177196,154.72480798408878,19.901051186577103,,,135.77872056168374,142.7612386712331
11,164,131.2909316729689,152.8171526659238,19.684970598732804,177.6932138923834,176.39712039200262,129.31398323625237,139.47125018003086
11,165,127.28056419100145,148.35816904388133,21.684988103765235,179.85645397012237,176.71852321531796,122.7017349751872,133.3287974656487
11,166,120.84515781774036,144.08130642179242,21.26443819495806,174.35013041838587,178.12999252141097,116.05715944345376,125.43135694406072
11,167,117.62338555440496,139.8581846342842,20.817794956340013,177.4199839237557,179.77181571494566,110.66404234798976,120.22937811255318
11,168,112.2494247353945,136.31873648037802,20.429734792637273,177.4835219268167,179.04491188150084,101.83480690454198,114.85616022918938
11,169,106.16541213281374,130.5436288474731,19.799742659190414,176.35867220065018,178.61583591915547,93.68689177162304,105.596047092594
11,170,100.65577918284664,125.04246189366934,19.9695182639675,176.6757839444429,178.41798927782267,87.46867342356269,99.89186605428536
11,171,95.19249898293724,119.77294684544138,21.246259026059978,175.02527946044435,176.4222191955963,81.26073391787436,92.36497454981988
11,172,89.31860254575317,108.55099683668692,22.16624590487565,171.72044837591557,177.1932483782915,75.54259561991817,80.70763703459241
11,173,81.36461831562929,99.65849123091937,21.466064459043498,172.25264890058835,179.01353120563306,67.83344800638555,71.80764179312236
11,174,75.775584541227,87.19564688864949,21.75747510578324,171.13244399001172,179.98140547601915,61.911262590640106,58.28683993144975
11,175,70.47891209763546,78.75386670475945,23.332036062526363,171.53948523096173,177.16206820866705,58.100633411331934,49.31156342685808
11,176,63.77888535489125,68.97448960182324,22.520975405259293,173.64069965507846,178.32339454336008,52.704494204165954,40.16743514265943
11,177,57.854765531438424,64.68582358049753,22.841203282285043,175.3455230102971,177.56414079049836,48.7951191545279,35.51463311901934
11,178,51.11213053441487,62.39293992724171,23.242262325913163,175.74639937932312,175.2677428294044,46.668875196761185,34.00694671564895
11,179,45.71570353261279,59.948399057224584,23.16233432249659,176.46548598198487,175.44458370547895,43.57283634522883,31.72167283361641
11,180,43.87682120811423,60.264936156021136,22.45786393799208,175.74101437470017,176.66266351313104,45.770551932853735,30.63746305286154
11,181,38.664541492145226,57.39515483521118,21.727869409742024,176.7507180481729,176.95024478039372,44.12344740991788,25.93676040566856
11,182,34.3098748439531,55.38262201954111,22.154367984347424,178.57874184388632,175.5500501330591,44.87455166624895,21.825864908912397
11,183,31.127732930560168,55.431338445449285,22.569687725362357,177.3084980781739,176.39098682537312,42.71993688108139,22.163323129974557
11,184,30.44332710971702,55.070885050624355,21.89530027446374,178.16378387527075,177.32579420078864,42.972073614140115,23.10618318827834
11,185,30.23967466086333,54.37845164623244,22.282379267930676,176.55476838022187,178.21266458711742,42.6298870972735,23.341071496860845
11,186,31.525491644158247,53.849544485152784,21.48971298933603,175.910413393424,178.6420878281556,42.83581059790258,26.3435780605243
11,187,33.981312419100504,54.48508380062251,21.083749637709644,176.27359967520832,179.703464421923,43.405183004368965,27.497384878483977
11,188,37.06629786234037,58.55666132501437,21.905026462887857,176.21139825456495,179.75008319862582,42.14230186719647,31.23142615332404
11,189,40.29795566554272,59.104897709487034,21.998875470421503,176.84919103064652,179.22106505218252,43.16526162062672,29.26465571440318
11,190,43.682088046788,61.988004886868346,22.472220952484236,176.6776693316391,178.995491825954,43.94027858690616,31.761738036134485
11,191,49.070763803722905,64.44279109636521,22.539407254303217,177.9813069483219,178.0249152056203,44.64624140272999,32.637357606426335
11,192,53.03344437144574,66.85194327623067,21.977561082017527,178.8398953961881,177.13953774876708,48.26764356299495,34.04201776111634
11,193,58.93313007374627,73.08285207416174,21.278735037122953,179.92600650426647,175.89962973620277,50.641280496346134,38.93101713817191
11,194,63.40083640210792,79.18992005169879,20.75316497913256,178.55631924881354,176.39008143431332,52.9024400104358,44.96513501440771
11,195,67.30065960486417,85.28767761566283,21.001998420092757,179.85659516741018,175.43631616319487,58.094989578068315,50.17630166998367
11,196,73.17206138601419,94.24395913196314,20.757685459262696,179.1006454029957,176.61335103706844,61.838956166484024,60.152732263753975
11,197,78.49498567669998,102.515462590972,21.398513743844436,177.4274078829689,177.51263358227325,64.81146299468219,68.82240778724203
11,198,83.43396045340171,110.44326256428428,20.03692446950564,178.00626699108045,179.1518727382473,70.32676255725194,78.1806418214536
11,199,88.67338864731055,114.4982626129018,20.312044748749685,176.13187064705997,179.89595962952882,76.32732969513134,83.44896884161547
11,200,94.15117685506108,121.89584041836956,19.94791958101544,174.88261276552302,179.77464433871052,81.48838442159523,90.10994930757452
11,201,98.5423117721072,125.2640544969228,19.97357260056516,174.718610859681,179.04720980209012,86.99135319871924,95.030437060402
11,202,102.31389537933738,130.3274667769827,18.515826547706563,175.96734307858873,179.72034067656585,92.24268806812827,101.67804260150297
11,203,106.24208929708232,133.49150003384872,18.954939571380528,177.05070048023018,178.88489955135088,96.66619800445152,105.8746970824632
11,204,112.00578387371252,140.06967469041928,19.813538302252216,176.84432189019174,177.7713305328437,103.22544880066638,114.13886485141836
11,205,116.54573412698522,142.29201438654428,20.42600664976156,176.94984376944086,177.15499413367792,108.21529110717354,119.6075275455566
11,206,119.98383582284308,146.2797309031035,20.752995778402,179.41183426307288,175.18178616363087,114.35172320730707,124.39431616792196
11,207,123.39319783307464,150.85144082506716,20.19975430876414,179.6078946121285,176.0174171190956,117.75611266961404,129.91599200847992
11,208,127.06743156973144,150.52765101005656,19.943924151447664,,174.31529644176862,122.9290214988725,133.36731401120016
11,209,130.29424255306154,153.43172276996603,20.00192663976056,,,128.61166268776188,137.21321432612015
11,210,132.06436172581869,154.92223783956572,19.721702137492063,,,132.01994242737604,139.94194100739486
11,211,136.15397791933734,154.42368333776304,19.732557517675875,,,137.44924786345837,142.21207186761933
11,212,138.3913857154103,155.87814407656012,19.640547010159015,,,141.0750950896205,144.9928292229198
11,213,140.29680362944725,157.77028171572974,19.83686398718896,,,144.36543621643224,147.30742923730546
11,214,144.99450490774583,160.3623168964069,20.35098433214765,174.78058088475447,176.22815249530996,150.00337283233847,151.9240724894217
11,215,147.88590475909382,161.90479531010283,20.001115437110577,,,153.807670659143,156.65444608341667
11,216,150.0147372980612,162.70826432276905,20.203750966117063,,,156.52669941022617,159.2986530316546
11,217,152.5725354577599,163.65972338513868,19.36552975165242,,174.17234964174904,161.0592917531024,160.2855628155045
11,218,154.61311310994537,163.46030553554988,23.739163909716627,167.35380052991357,172.64570248736592,163.40292505806727,160.19108561407123
11,219,156.54603946968948,163.9001864121686,25.400470006867035,167.9086416833903,173.39042136641754,166.26090622078448,161.3376817011352
12,0,,,,,,,
12,1,,,,,,,
12,2,,,,,,,
12,3,,,,,,,
12,4,,,,,,,
12,5,,,,,,,
12,6,,,,,,,
12,7,,,,,,,
12,8,,,,,,,
12,9,,,,,,,
12,10,101.6986554637375,67.49743157406651,,,,64.83872296040022,67.12243657740754
12,11,88.99247235483409,60.1038165771582,,,,51.184730175136735,61.03078195952741
12,12,80.57772436853315,48.498655838967856,,,,39.09280827882396,53.37868996202642
12,13,72.22443973877502,39.67180231837821,,,,28.275644779960913,48.02682339338183
12,14,71.63151247291653,30.650115085751867,,,,23.331600480067884,42.69596230401068
12,15,69.62831088619298,24.62018351421248,,,,18.132457022244942,42.57206234292741
12,16,71.20843029353497,18.163789441338455,,,,15.032525856221428,42.12718361864421
12,17,73.06645868735453,12.320493154532512,,,,12.13014380554629,42.87369517515925
12,18,76.73468401915677,5.753411155197443,,,,9.631675316490725,41.85554410746254
12,19,78.71536133477345,2.8369341044858487,,,,8.450840792300792,45.190453910388094
12,20,77.87770920929962,1.7120724794155806,25.333264377389597,,,4.338077677964947,50.30487089952897
12,21,78.10130242805398,1.629475884536033,25.16078882036259,,,2.54745745254036,50.68618480459765
12,22,75.63004736011476,0.0181709536851571,25.12778007069353,,,2.800002035910951,47.21048448005982
12,23,76.50575959853784,1.4019157907798012,24.285150364024133,,,6.592477906330738,45.734844105355485
12,24,76.55667639201215,3.063417319434066,25.64177311571864,,,5.238200377932949,45.74030260705553
12,25,76.90721641170853,5.96152261275869,27.804640421428836,,,9.742741056688375,45.70795759890749
12,26,75.5815463339488,6.608042882237295,64.27842136826486,,,11.948031555432165,40.20920540153063
12,27,72.93864660115545,9.358266656949295,,,,13.233799880481133,37.37386629706051
12,28,70.73476179583122,13.586745085552948,,,,14.71974814699182,38.88872332940519
12,29,72.19935858162094,18.490243019532684,,,,15.879769812535182,40.40141835028129
12,30,74.0641420301258,25.744946760619797,,,,20.357158018758827,41.24908321620034
12,31,74.90158823865963,31.928257122163004,,,,22.933864138622766,41.46171879685288
12,32,77.84001510709558,37.38138578672121,,,,27.04476471361789,45.23357763647062
12,33,82.3455931206835,43.72129275654983,,,,33.0297390759837,50.40033159159822
12,34,87.41675989102457,49.17336819359434,,,,39.30094599836619,54.29072749852059
12,35,94.2035263028112,56.51812874789687,,,,46.422905906202274,60.160421068962194
12,36,98.57974430714977,61.08631386045947,,,,53.18649662775673,63.147220015329765
12,37,104.06494108281672,67.3197512304307,,,,61.41579832679095,69.6617016325868
12,38,115.88652313729422,72.88021706254739,,,,74.55501307826609,76.48591605214241
12,39,123.3772672135212,77.54298839823957,,,,82.60942905123568,80.73113740952208
12,40,132.13862695821084,82.21689908956468,,,,92.76682090540572,86.60874460563339
12,41,143.16085996474953,87.7087897404641,,,,103.97139091091776,91.93644268042814
12,42,148.2460371766391,91.58235202269177,,,,110.66826824741943,96.63384962192022
12,43,154.13364351875285,95.00013937573688,,,,118.33944138231207,101.76903635244253
12,44,,,,,,,
12,45,,,,,,,
12,46,,,,,,,
12,47,,,,,,,
12,48,,,,,,,
12,49,,,,,,,
12,50,,,,,,,
12,51,,,,,,,
12,52,,,,,,,
12,53,,,,,,,
12,54,,,,,,,
12,55,,,,,,,
12,56,,,,,,,
12,57,,,,,,,
12,58,,,,,,,
12,59,,,,,,,
12,60,,,,,,,
12,61,,,,,,,
12,62,,,,,,,
12,63,,,,,,,
12,64,,,,,,,
12,65,,,,,,,
12,66,,,,,,,
12,67,,,,,,,
12,68,,,,,,,
12,69,,,,,,,
12,70,,,,,,,
12,71,,,,,,,
12,72,,,,,,,
12,73,,,,,,,
12,74,,,,,,,
12,75,,,,,,,
12,76,,,,,,,
12,77,,,,,,,
12,78,,,,,,,
12,79,,,,,,,
12,80,179.69882822790663,139.71685511767157,,,,166.41775355755345,143.08340862394715
12,81,179.10987802912572,134.12400851264331,,,,165.60150562333214,137.16656822585816
12,82,177.069067676321,128.926638452733,,,,165.24091962825915,129.8980675039412
12,83,177.97081854838942,123.2231430302667,,,,158.66005451443235,123.47932774931996
12,84,176.51889052445895,116.37664949093748,,,,156.2272625877635,117.52235702602152
12,85,176.9912889854579,107.74066525009655,,,,153.4849819227198,109.50561240522975
12,86,173.382069671417,101.30170430133856,,,,146.08663516016443,103.03975609479257
12,87,164.53830398796745,93.71463123920894,,,,133.41831373018707,96.4997501972448
12,88,160.10041724342278,86.10995530414228,,,,127.63321365547004,89.41381571039591
12,89,153.75816456903055,78.42075239910277,,,,118.20748861582746,82.96627085351884
12,90,140.93711244716206,68.43092465348718,,,,101.88793980722036,73.02231277866483
12,91,118.49481068644236,61.00286087342835,26.4982328319097,,,76.1779415691865,67.4682703974676
12,92,95.12214182938015,51.40786789492497,22.158661701638817,,,50.63101892133277,61.951633714656865
12,93,78.4883531913095,40.420990688126075,19.444983213684676,,,32.606053224230436,53.855957664905254
12,94,72.42290308932881,32.541898154676524,17.494950818499568,,,21.560245647744615,50.08142805748209
12,95,69.7372743753633,22.76793515815284,17.634651322581465,,,13.57374158672871,47.4005852321159
12,96,68.58143503676398,15.449066810113042,17.712188354549724,,,7.480645251273203,47.40437602943971
12,97,71.35937983474142,11.328980526179391,17.103422473788417,,,0.5008406198533941,50.44839443507963
12,98,73.46136422761634,7.020590857160646,16.79321388072396,,157.31676807683837,2.000089947867306,52.5001647197721
12,99,72.47450243163634,2.5596721174361,14.962052828807671,,,3.867190762169877,52.40425930551224
12,100,74.32464298823243,1.6969280159057885,15.248853541814512,,,3.335837151197754,53.68999217960238
12,101,76.91239752513152,0.6324565889105593,14.99573771756448,,,3.671733747908812,52.097681753091074
12,102,76.98661579591464,0.1075639193883599,14.535870069994548,,,2.858443107389684,54.40610190525783
12,103,74.55686405742135,0.079957144229213,13.754996551759646,,,3.465781248817777,54.64693185368111
12,104,73.37851718456433,0.5335781502612413,14.092984576799424,,,4.268429477768715,52.7323171370935
12,105,70.79985735137778,1.23965367709876,14.883482739391647,,,5.458306463174606,44.261600084970624
12,106,68.82833526907058,2.24145479708501,14.221620027656524,,,5.8458620464992315,42.98555380127911
12,107,69.20236634032119,3.380576983123598,14.742953268239951,,,4.413532542098183,40.1287555861207
12,108,69.1843862445249,5.359147819824104,15.03043309738998,,,1.5341641581261127,34.84489045283016
12,109,70.10940358366967,12.122964411550225,15.299251354991224,,,7.691351984668831,40.2131758144422
12,110,72.8851078560649,17.126840340640133,15.033359318031534,,,13.761852667920186,42.984697239974544
12,111,74.84599186367065,23.46383359239332,14.397841699213515,,,19.18269690957802,45.46195520312258
12,112,79.4816139735092,31.22430889960435,13.493548608674686,,,27.684710821742875,47.12408340194144
12,113,89.38896454265551,38.446673885935475,13.07119276219096,,,38.7760203097757,52.889902082113466
12,114,105.87581010757694,46.03255688728137,15.414535424144194,,,57.071924136951466,60.15685229823119
12,115,112.23442771331904,50.859750816407555,16.87915226575395,,,63.84122375737107,64.72502957584743
12,116,126.9547497764268,58.22769846472625,17.953591158221883,,,82.14414722703735,69.59531128059531
12,117,149.9492061969805,65.98993720288914,,,,105.44259334471892,75.17762598487946
12,118,160.04713739434513,70.05261667917704,,,,116.51304960839754,79.34007437934676
12,119,163.18405406359216,77.84450667719429,,,,118.83480260027616,86.44280438989148
12,120,171.19799711078727,78.76396285289613,,,,126.61686687653032,89.89396736273736
12,121,174.487924054749,88.15825147529469,,,,132.9846652345282,98.15584391417704
12,122,179.40552692891265,89.69396243070089,,,,139.5735289551289,100.37084003631796
12,123,176.82335323857112,97.0518045166112,,,,143.23893031596523,107.06060478399756
12,124,173.83409750211135,103.48066125080236,,,,146.94093153500663,112.22588842857412
12,125,170.91622754360384,107.15650797577472,,,,152.33801211819883,119.48363909494542
12,126,167.4353917009887,109.48006263286048,,,,157.4983780203267,122.99763593325758
12,127,167.3652679778678,113.36402273691336,,,,159.71133842126673,127.586287064113
12,128,167.4299719782757,119.4106479864343,,,,161.47271609849918,134.31076911115406
12,129,169.2700945670581,125.32210793656158,,,,162.20015469911564,138.1804354084995
12,130,168.95544383660408,127.52555251079518,,,,164.8269047547459,140.29294231783402
12,131,170.10073050584572,130.88599278594594,,,,164.60425390395835,145.59247954989783
12,132,169.90216288998712,134.409481729414,,,,166.54111151280708,149.1042453175466
12,133,170.987707111114,137.8034092947706,,,,166.9819424181947,153.37199654486054
12,134,170.83688621994597,141.1904637583089,,,,168.68268904814985,156.9805599834857
12,135,172.44070446763203,142.37559320202246,,,,168.83120385027536,159.618232601102
12,136,172.20685954957435,143.96706724972813,,,,171.00062456925735,161.27476356107562
12,137,174.4952078807842,144.74019077932357,,,,171.0468688106208,161.4633546846749
12,138,173.59365423742975,145.69142553340794,,,,172.56837327267556,163.44940088413097
12,139,172.16218487925076,148.89703869584537,,,,173.86845664047166,165.9716690678616
12,140,173.0579210524088,152.34946373549465,,,,173.4876288263689,167.25533775745444
12,141,173.9351509839623,154.14657977871732,,,,173.9540464793671,168.78414838602444
12,142,174.27028954505542,157.44424050045907,,,,175.386684061015,171.341258753446
12,143,175.5489364020153,157.88863385454127,,,,175.42422657503064,172.84477874189335
12,144,175.8270178905235,159.35659416325908,,,,178.35241114943665,173.7179762485941
12,145,174.73387468499172,160.79284311300478,,,,178.71773376844274,175.01248338709175
12,146,175.62015965620353,163.11015633489416,,,,178.42939216477302,176.42663914961147
12,147,175.9734606755623,164.54609124470252,,,,177.50454275809614,177.78550107730274
12,148,176.12438901330077,165.86039876903374,,,,176.69341459126812,177.6363715169965
12,149,175.42651601620045,165.86685597956787,,,,174.79065695708573,176.3457445157129
12,150,175.58802817577327,167.74230012392024,,,,173.69611229680328,179.28388661370172
12,151,175.66745784699629,167.48932631600536,,,,174.30075607781313,179.182423737379
12,152,175.7377868481976,167.5405084589924,,,,174.1855487537223,179.0655742777675
12,153,176.33663532836783,167.23854420122322,,,,175.01017277576383,178.63420909025663
12,154,176.7929195044818,166.65226055033736,,,,175.8314310135585,178.1846238267685
12,155,177.10062276521973,166.30501582139703,,,,176.88360095783315,176.74586101069076
12,156,176.60945032993172,167.2614629158233,,,,176.5843861244215,176.07629551224397
12,157,176.7015277021172,167.14403624997354,,,,178.41747586180836,177.81133037264868
12,158,177.52584582906815,166.3456063422878,,,,178.01051897247388,178.18423312075242
12,159,177.24462602021046,166.87689966617506,,,,179.1105041129213,177.9527088359852
12,160,175.5075451122441,167.45714795207223,,,,179.6906534449675,176.84562216350736
12,161,174.6830143398229,164.09344520244775,,,,179.21247431247895,173.85872474788445
12,162,174.6704058775725,162.04320788836384,,,,179.6382900422557,171.55643950586554
12,163,175.2527299578948,158.7306606721978,,,,178.63875631560057,168.40874242605474
12,164,176.3026078083093,149.2693119992131,,,,175.0583629221644,158.9884132337867
12,165,175.0207902626814,145.89992855251032,,,,175.15182850744426,154.73951790362716
12,166,171.52361688432367,139.83536295127067,,,,176.96898446265502,147.41879699014126
12,167,167.56587841569535,132.7458473142432,,,,179.7532218564756,139.638447119884
12,168,164.55934234433053,129.9207407758383,,,,178.204476425052,135.23638650467834
12,169,162.49930664176165,120.95852687085004,,,,179.6733987851902,126.28398268788594
12,170,160.0056090788513,112.59444564109384,,,,179.6666058921104,118.73404150473604
12,171,158.85650738517435,105.74483227575791,,,,178.14900788994393,112.2673119367009
12,172,160.15948790632544,98.22121577419723,,,,173.44147027781017,105.1580084566344
12,173,159.93317708082353,90.42742972527708,19.79130604820003,,,169.97884921513227,98.66232497936656
12,174,157.09796175271313,80.31565954840197,17.601112798258796,,,169.2988391975032,89.60247592457519
12,175,153.64248318046594,71.43938079160688,14.087316944598852,,,170.37248295216264,80.86018661622592
12,176,149.71320499017753,62.7983488316617,11.605328961437388,,,173.73897465711423,72.63327403435784
12,177,138.26446281634716,55.87448989446188,11.599058917637352,,,172.4951903228265,65.85135319707605
12,178,32.71011382333301,46.70385159480774,6.615449587358524,,,11.915760799184136,59.59932124013079
12,179,45.214898155679464,33.88516765026373,9.870360337615065,,,2.9648219977029333,53.26412097018797
12,180,49.073720516495825,23.9227729037228,10.707295155899264,,,2.405028432671765,47.33901349728299
12,181,54.61144683668831,14.252713494974389,9.7391290983626,,,2.0456971590499604,47.690480319209264
12,182,57.17685774105798,8.57313116316065,9.541325694274136,,,5.0717835401024844,47.95598694398464
12,183,58.41804255485178,5.419342992221952,10.305198257639145,,,9.945805548016205,50.83547906021197
12,184,59.76830590800554,2.1478927783264985,7.170919647367589,,,13.807122624618412,56.80543844309497
12,185,62.806202932909706,1.426173079920911,7.073491606109312,167.4371640372916,164.49458783780216,15.735903292514596,61.07551393389411
12,186,64.75669226586012,6.011716462416385,4.439131212091963,165.84639776693942,164.64637490583894,16.03280269050378,64.03144862407571
12,187,63.91304467889503,1.0020917323847198,6.924848734011578,169.99951617874638,164.7649971442439,17.85976520323361,65.65284538121446
12,188,62.113061772922215,0.2325163659969635,8.648689467209499,170.23848210576432,164.24741524516935,19.925293284678833,68.84652480415464
12,189,62.22603332496548,2.8954066171735833,6.816651457362647,167.0048113766111,165.1366387945453,18.894947954398383,70.02327617475156
12,190,62.512509550578166,2.7471483611575525,7.667028080674921,167.84751884226347,164.36106519056193,16.049791289728024,65.82269684974489
12,191,65.88581339854662,4.238177391458359,7.38691320735977,168.51532866537087,164.519682471307,13.439488369154972,62.47937046062474
12,192,64.66804556588362,2.5375040115213734,8.70008061699535,,163.26802648548286,11.523926920950172,57.18219065047947
12,193,60.21689637589571,1.5670424608886813,8.216568490069768,,164.7223880658179,9.981408229682836,58.57604087862552
12,194,,,,,,,
13,0,,,,,,,
13,1,,,,,,,
13,2,,,,,,,
13,3,,,,,,,
13,4,,,,,,,
13,5,,,,,,,
13,6,,,,,,,
13,7,,,,,,,
13,8,,,,,,,
13,9,,,,,,,
13,10,,,,,,,
13,11,,,,,,,
13,12,176.30557108647074,168.1909739064532,,,,179.03411022274054,178.00570106955507
13,13,174.51817819700622,168.30238604952638,,,,179.4081541111879,177.74372923529913
13,14,,,,,,,
13,15,,,,,,,
13,16,171.01776507563315,162.3748941888371,,,,179.2111177789915,174.75638864394242
13,17,,,,,,,
13,18,,,,,,,
13,19,,,,,,,
13,20,,,,,,,
13,21,171.90908951033552,153.84589241460952,,,,174.54459789964753,167.2006110968818
13,22,,,,,,,
13,23,,,,,,,
13,24,,,,,,,
13,25,171.23417157002302,154.96032579569967,,,,172.64472104618835,168.13895628312724
13,26,170.96689500649006,154.27455573212163,,,,172.24935866467297,166.67995419960957
13,27,170.56116928936996,152.56029549429468,,,,171.94542782428394,164.52911255513413
13,28,169.22237836894118,149.80688529806264,,,,172.36100115070812,161.66051078891223
13,29,169.5802355359634,146.47404622917642,,,,171.75322098422603,157.49210844898303
13,30,169.21594724470938,143.74285593433385,,,,171.36652156800108,153.8958689182309
13,31,170.49826261525462,139.15483750810924,,,,168.85988068719624,149.2218710236869
13,32,169.40531102040822,136.21214364217917,,,,168.90711033880632,141.87197259036796
13,33,171.1625565681623,132.5639519530219,,,,166.98735346087827,136.46505651273893
13,34,171.65803723750506,129.49296020586664,,,,164.7180940238192,131.05978635388297
13,35,171.9627435188264,127.5204126271588,,,,162.5118105976064,125.53821620830983
13,36,172.9880278664273,122.38098227409648,,,,160.85187435503153,119.03761412619887
13,37,170.86868280563482,118.3955654337906,,,,161.55471487514217,112.78271453162576
13,38,172.4299906402948,113.55672887092553,,,,159.03442733664522,105.71254009625194
13,39,169.2604930457884,106.71675775393297,,,,160.29133836326798,99.0003877170586
13,40,169.6341457312852,101.27196826289816,,,,157.77924204232514,91.09574851285748
13,41,176.57913146255402,95.21554725087609,,,,150.29824298728246,83.71658300237193
13,42,178.30703496881438,88.5853321946347,,,,147.91742627637717,76.03236882369235
13,43,172.34689594237906,78.8111970497214,,,,134.24402982714054,70.2745838426009
13,44,168.84023308291205,71.99732772174609,26.046206562093342,,,126.89133635206284,62.77697497470671
13,45,71.95845875083914,64.61570672660802,23.1442265170254,,,33.663134581656664,56.54685276681761
13,46,56.64933915097148,57.64129450996846,19.875524649925573,,,16.234123738855562,52.27679949007039
13,47,47.31446181335586,49.31744502392315,18.378334174841413,,,6.5513581997277335,47.48093146566121
13,48,48.206703166561795,45.030482569488214,16.57361330975837,,,4.063952023532878,45.21373481305529
13,49,50.473669264975335,38.81175359893321,16.102586527079183,,,3.378331602706252,43.304636596477536
13,50,52.30169002655491,34.58844095224945,16.26667807226437,,,0.7342153822346296,44.80010018093215
13,51,52.05620090090759,29.62874450271157,16.585555500929665,,,7.252074711552652,44.6723784959246
13,52,51.81509861852711,29.103299650980812,15.462902128849494,,,6.906435402954039,47.32035983428707
13,53,53.61898166311913,26.988759985606013,16.7349124220466,,,10.26713009642748,49.598106120406584
13,54,54.21079019696697,25.628485814238264,16.04594230492602,,,16.594138166357347,50.082049835783984
13,55,54.51634185233388,24.354681163746864,16.70788740654063,,,11.647242999724025,49.44667372974265
13,56,54.16123110188149,25.074128850200104,16.289284953075395,,,12.65920780465505,49.43998777514905
13,57,53.81547418140354,26.218143486059084,16.45057405282112,,,6.655719995814933,48.76738610160446
13,58,52.43472172048331,28.052634145318983,16.555445153054784,,,4.0002880363716935,46.7884241785762
13,59,52.900901943196565,29.298150935346825,16.21272546030945,,,4.407757522405088,44.8090894130088
13,60,52.96390668484402,32.16319946526079,15.3227585079771,,,1.189307870942323,43.72936876827589
13,61,55.31015172215534,36.01867047112388,15.76010134567435,,,32.62171416910698,44.89857431052697
13,62,55.72480931023217,39.08981839933461,16.678968027074802,,,5.364868583624019,43.27880798163512
13,63,55.637906766199706,43.46729980661972,17.015847791828183,,,8.872096244338278,44.89058583424292
13,64,58.50043545855955,47.979629135152805,17.63941291867504,,,12.442067823371168,45.97820697231885
13,65,59.60435534112125,51.98189792229347,18.482334180801892,,,15.26576633369348,47.175607004510375
13,66,62.803769191643994,56.39436273454891,19.219947584272777,,,18.631013131187306,50.13831731870552
13,67,61.18409135723217,60.20960103143322,21.23042193975063,,,18.812909311354566,52.862365689314025
13,68,67.0573086687788,65.15467018612398,23.10907525112489,,,24.63081807397081,56.02274305933187
13,69,76.24153077415443,69.56507058932372,,,,33.03985884586156,59.185805318286704
13,70,85.76842541873566,74.56479050561856,,,,43.721702281336405,62.970520871240154
13,71,101.48529955805432,77.9975459671109,,,,59.02344739798637,67.73691024300986
13,72,114.43241253778568,82.59231226918261,,,,71.66293862786569,71.8762622186659
13,73,146.70023865771793,86.63519271922347,,,,105.06335128438448,75.37008548146125
13,74,158.4198111659212,89.7665018804336,,,,119.36363568124948,78.93168156623085
13,75,164.00015340357035,93.95425092851865,,,,125.2637725817505,84.839793660452
13,76,168.41536431219973,98.3653520069212,,,,130.86079952859154,90.0163596258749
13,77,171.99544518370757,101.298259602868,,,,134.23096844440758,94.05949985915186
13,78,175.5402248263067,106.94440385195362,,,,138.20877906227804,99.20036242136584
13,79,172.29517169844362,108.7699403960334,,,,136.69182178274104,102.19987242559628
13,80,176.96016499158958,110.99782425516533,,,,142.55480931417833,106.10792525156788
13,81,179.0887739529497,113.48864817295144,,,,145.45141095882207,110.11774087282907
13,82,178.71921405123317,117.09098987114564,,,,146.31357523557426,113.75392137240388
13,83,179.7474086840185,119.18054066076203,,,,148.6840377981205,117.3803335189195
13,84,178.3316357227283,121.28795978682231,,,,148.69934753579804,120.68921205160822
13,85,179.98653301681992,123.17029006609144,,,,151.51484699686887,123.3377993885492
13,86,179.596365657708,125.64410948315076,,,,151.8288662922733,127.47323981886052
13,87,178.3953164061947,128.3685626865309,,,,151.50145970721368,130.91998570559858
13,88,178.2464925606154,132.59936785394115,,,,153.32034341901502,134.55545327958356
13,89,179.1515238265692,133.9205572930456,,,,155.2295148731127,137.77485464493546
13,90,179.2912079591849,134.78255526665814,,,,156.80372489768592,142.5148689929686
13,91,179.0959225959399,137.29277109782706,,,,158.1171713669274,146.61853000510456
13,92,178.72698294625096,139.25652101154188,,,,159.7330284177584,148.54275955657698
13,93,177.70808241917865,139.49217458351546,,,,160.89423602315145,151.50419423688646
13,94,176.96425363223383,142.12506762277545,,,,162.74919717998824,155.861844868454
13,95,176.25182749325762,142.83292046974182,,,,164.10103130420498,158.93286452441058
13,96,,,,,,,
13,97,,,,,,,
13,98,,,,,,,
13,99,,,,,,,
13,100,,,,,,,
13,101,,,,,,,
13,102,,,,,,,
13,103,,,,,,,
13,104,,,,,,,
13,105,,,,,,,
13,106,,,,,,,
13,107,,,,,,,
13,108,,,,,,,
13,109,,,,,,,
13,110,,,,,,,
13,111,,,,,,,
13,112,,,,,,,
13,113,,,,,,,
13,114,,,,,,,
13,115,,,,,,,
13,116,,,,,,,
13,117,,,,,,,
13,118,,,,,,,
13,119,,,,,,,
13,120,,,,,,,
13,121,,,,,,,
13,122,,,,,,,
13,123,,,,,,,
13,124,,,,,,,
13,125,,,,,,,
13,126,,,,,,,
13,127,,,,,,,
13,128,,,,,,,
13,129,,,,,,,
13,130,,,,,,,
13,131,,,,,,,
13,132,,,,,,,
13,133,,,,,,,
13,134,,,,,,,
13,135,,,,,,,
13,136,,,,,,,
13,137,,,,,,,
13,138,,,,,,,
13,139,,,,,,,
13,140,,,,,,,
13,141,,,,,,,
13,142,,,,,,,
13,143,,,,,,,
13,144,,,,,,,
13,145,,,,,,,
13,146,,,,,,,
13,147,,,,,,,
13,148,,,,,,,
13,149,,,,,,,
13,150,,,,,,,
13,151,,,,,,,
13,152,173.99167577847322,170.4626456095981,,,,179.95996099102462,177.9215504055309
13,153,,,,,,,
13,154,,,,,,,
13,155,170.0018305588972,164.08621813875692,,,,179.45413954707115,176.4734154714668
13,156,168.05543967196903,164.618864471723,,,,179.57128137720767,177.48422706459166
13,157,166.9901854853704,163.24268079250206,,,,179.97406441896348,176.93945970422314
13,158,168.26181049468562,163.20224215524703,,,,178.82319348532457,176.07459673805454
13,159,167.98543445644978,163.85039835299077,,,,178.8372069122793,176.32682963107203
13,160,167.46376841378097,163.66493755049544,,,,179.07351026793913,176.18583259063746
13,161,167.8287386897659,163.60977751508736,,,,178.42659275740272,175.68174489307867
13,162,168.04857376260904,162.040222508818,,,,177.97201484802375,174.96029589593164
13,163,167.9225218836173,161.5061582236396,,,,178.3675227140704,173.9842615767001
13,164,168.11461295697268,161.53520356374142,,,,177.1395913609974,173.50595008802475
13,165,168.51172852533313,158.03405148962702,,,,175.65666056851578,170.3309909994916
13,166,169.65663124333898,154.38528234298562,,,,173.41266851756498,166.7794101820352
13,167,168.98064351640895,151.26978599806955,,,,172.58420278661484,163.56573061471286
13,168,169.97182693957177,146.73353596461868,,,,170.96328364176802,158.71158721074414
13,169,170.0072690483781,143.190211808429,,,,169.95861137262463,153.40634802947665
13,170,172.7928385854113,140.12090249365173,,,,166.04701885387755,148.30438266643984
13,171,174.2073053649343,137.65147167837262,,,,163.61812718859824,140.94035006790017
13,172,177.15237136641863,134.12736797299533,,,,160.1174220604,134.48122412327606
13,173,177.92088296341691,131.43141189465615,,,,158.01021512481552,129.35483895173832
13,174,177.11442647295684,123.71691719963648,,,,158.06978138670885,122.33878317034554
13,175,177.70315555597176,120.9134007064347,,,,156.06768377514132,115.2771889499056
13,176,179.81823380772144,115.68059582273416,,,,150.96939827911538,108.54409977805015
13,177,177.80588476817752,109.7719292232547,,,,145.24953785016513,100.24834482577866
13,178,178.16291215631185,104.54791519693748,,,,145.7859605561901,92.35110888356073
13,179,173.48548161252046,96.57734424234124,,,,138.96056994295165,84.50671664938362
13,180,172.8121753721803,91.6525867577176,,,,136.33289801251897,77.49252066054879
13,181,166.7729024421354,84.40987213327821,,,,129.5817092612849,72.74320812401236
13,182,130.98258880651085,75.6519779499608,,,,89.65549243577861,64.49776694894584
13,183,75.30391418989223,66.34374132732779,24.818119519516415,,,33.12277648196945,56.8373680316412
13,184,59.973306362903315,59.24072579825645,20.882773306789048,,,18.120727622443116,52.379981847639016
13,185,52.63596135405561,53.45219102618665,18.986282153894777,,,10.835361612462323,48.903142058093785
13,186,52.50921945335671,46.85991561213976,18.085884185691565,,,9.13954843330833,46.03934411198766
13,187,52.59934426885655,41.88369121363384,16.291676378804524,,,6.830783256946157,45.17519883488274
13,188,54.44375288537232,36.67960427747036,17.414834893448013,,,0.3538178081439235,44.91000493274192
13,189,52.3728414276775,32.319256851085,16.879359706359672,,,0.5454556278953628,46.14319911166986
13,190,53.837636200637505,30.209154339650407,18.102806145675142,,,4.302094837310874,49.1877077331396
13,191,57.17242005592848,26.763189979237985,18.206824924034287,,,3.7831064447013727,52.0458509489841
13,192,57.59438500003248,25.0677905699519,18.244739337174806,,,7.832321175039337,53.52709097603494
13,193,57.83345969628963,24.31106712955871,18.33537024572496,,,4.387090969607426,54.9654604571779
13,194,57.909523823481976,24.176830236429456,18.3185050729499,,,5.330318789860834,55.35051149739723
13,195,57.754416996094896,24.116510604470506,17.988572962286725,,,6.361281610895254,54.28745205910754
13,196,57.94146459707288,25.22949506733158,18.083830604638003,,,4.645706419043774,53.17941994151727
13,197,56.7796406597957,26.458026812575117,17.35234456621967,,,2.7825527690666485,50.58484125318058
13,198,55.631261266297535,28.517792954914523,18.160476867195452,,,1.6812731240776375,47.71641460438737
13,199,55.62484632426129,31.46671506070145,17.426582071438148,,,4.522606824283707,46.97566049034778
13,200,56.09157980930694,34.2020727465047,16.607790219043913,,,2.7875089334330956,46.353926549443024
13,201,55.84776913819287,37.614847060590776,16.08973984275091,,,1.0557223528265982,45.36495565140444
13,202,55.84162915638356,41.50293983900975,16.540385833709568,,,7.558199738387065,44.981764231243694
13,203,57.85270797016563,44.89656600492293,17.36942951122582,,,9.97133062235788,46.09886887809173
13,204,59.71007644530987,49.569290813301,17.8183293198821,,,12.716910720369013,46.91290409794679
13,205,62.11733595731144,53.68286042716348,18.34858830722472,,,16.08862935765524,48.41509760423727
13,206,63.09735657749342,58.32010411276305,20.62827529060072,,,17.531318967588724,50.95664844204989
13,207,64.65339089945313,62.53982110747782,23.64675333421186,,,20.270654083593264,53.26636646852157
13,208,72.20101998546649,66.8148605997431,,,,27.827656933457284,56.37561716538273
13,209,78.27166735488532,70.97617440717829,,,,33.77237459710404,59.658997091400664
13,210,85.90028000806072,75.25375409580457,,,,41.716328636120735,64.49266917711579
13,211,100.33526978139022,79.72399269509316,,,,56.2066937842784,69.01109200291674
13,212,118.1361481214756,84.58118182829789,,,,75.37148383336927,74.0369450102027
13,213,142.74700634134777,88.07382801212063,,,,101.34495085595132,77.16193516919279
13,214,149.19516376967076,91.803451529889,,,,108.746381304178,81.8148812651916
13,215,154.79155718152353,95.51448434605548,,,,115.24342671738488,87.53327610924569
13,216,165.0654593703494,100.03409212354968,,,,125.85407940431766,92.4987042204626
13,217,167.1068162012502,104.8200425160207,,,,129.26370362580684,97.11178712795233
13,218,165.36459518359314,107.86280097965572,,,,127.63789072646496,101.81748739818704
13,219,172.1330079085062,110.04879037307988,,,,135.82823457194263,105.67413227352348
13,220,172.05787685072283,112.14309692323764,,,,138.38353074046157,109.12418463178513
13,221,172.88212586764524,115.85557963719783,,,,141.1775496144695,114.3930479354938
13,222,174.97925654795876,116.88662877643308,,,,144.5485674597861,117.41385425196306
13,223,174.85162137958608,119.9678041115978,,,,145.2093304119388,120.89301044609402
13,224,175.87204136579686,123.43291930491502,,,,146.90235832678545,125.0721233497232
13,225,178.26027587526525,125.81625360728756,,,,150.68696388384862,128.51311713376575
13,226,177.6616924980612,129.45500579922384,,,,151.41504768615863,133.02310760354428
13,227,179.07910340546994,130.60966713496163,,,,153.76088498594743,136.60657832818606
13,228,178.91930936365412,133.12109134743068,,,,155.53431889744306,141.31056718291538
13,229,179.6018616970239,137.25917583841806,,,,157.35576972856074,145.46632472909496
13,230,179.7726992214104,138.85417686811795,,,,158.3252459768359,148.0967510390602
13,231,179.43963210054577,140.04724712733636,,,,159.42239644019062,151.55338051732082
13,232,178.10931617612175,140.52107986447132,,,,161.79133971261984,155.39195373223666
13,233,,,,,,,
13,234,,,,,,,
13,235,171.14040608243613,147.12029750353545,,,,172.2851898690498,169.74923469201806
13,236,,,,,,,
13,237,,,,,,,
13,238,,,,,,,
13,239,,,,,,,
13,240,,,,,,,
13,241,,,,,,,
13,242,,,,,,,
13,243,,,,,,,
13,244,,,,,,,
13,245,,,,,,,
13,246,,,,,,,
13,247,,,,,,,
13,248,,,,,,,
13,249,,,,,,,
13,250,,,,,,,
13,251,,,,,,,
13,252,,,,,,,
13,253,,,,,,,
13,254,,,,,,,
13,255,,,,,,,
13,256,,,,,,,
13,257,,,,,,,
13,258,,,,,,,
13,259,,,,,,,
13,260,,,,,,,
13,261,,,,,,,
13,262,,,,,,,
13,263,,,,,,,
13,264,,,,,,,
13,265,,,,,,,
13,266,,,,,,,
13,267,,,,,,,
13,268,,,,,,,
13,269,,,,,,,
13,270,,,,,,,
13,271,,,,,,,
13,272,,,,,,,
13,273,,,,,,,
13,274,,,,,,,
13,275,,,,,,,
13,276,,,,,,,
13,277,,,,,,,
13,278,,,,,,,
13,279,,,,,,,
13,280,,,,,,,
13,281,,,,,,,
13,282,,,,,,,
13,283,,,,,,,
13,284,176.67003259958187,165.09860958926805,,,,176.30690514621296,174.05207175650094
13,285,,,,,,,
13,286,,,,,,,
13,287,173.84311377271214,153.20820095408354,,,,172.17468295753176,166.2023239829741
13,288,171.80124360348432,152.45245365737,,,,172.86560714939088,167.53133024674875
13,289,169.1020185886938,154.47315239603645,,,,174.26769836752734,170.67403092772358
13,290,167.0106259093501,154.08727722245797,,,,175.2394657498304,172.30178441396495
13,291,167.66758241576434,154.97737540168885,,,,174.7790548497082,172.31881770359792
13,292,167.89726547675792,153.37306098698923,,,,174.01608589509533,171.24849110428153
13,293,167.23693260280706,151.29362786794744,,,,173.89907715635687,171.14112528325293
13,294,167.69590339638663,151.3370213740277,,,,172.49358025648766,170.92017428762563
13,295,167.39787802779858,151.25473770592467,,,,171.6442736437102,170.4388169150177
13,296,166.95562853900168,151.7368898478865,,,,171.46688204555588,170.06346882131467
13,297,167.127751361168,150.44923655481344,,,,170.72247307273716,167.9938310713322
13,298,167.1419562516074,148.19215441796385,,,,170.4677757536029,165.74719868866256
13,299,166.9770129583977,146.54493105200112,,,,169.92444258026433,163.60142569867978
13,300,167.73859880113284,144.5031757378966,,,,168.41605757866307,160.9091455247416
13,301,167.09059572110618,142.1378822462696,,,,167.16701800631512,157.30556002053373
13,302,168.17852621894212,140.76075544159875,,,,166.9207939544643,153.62637465285758
13,303,168.398965931725,138.99830185884267,,,,166.48124778211496,149.74419033099392
13,304,169.17697929146888,135.6363232913926,,,,165.40248950480708,145.38569477804853
13,305,169.08128579257283,131.5302256626916,,,,165.6138649747113,136.8716871415485
13,306,169.59842356611648,129.28840957154324,,,,163.47542947618246,130.9721975948104
13,307,170.58166990123678,124.07727415382584,,,,161.7712167651892,125.37447744417192
13,308,172.59042437087157,124.41322010961431,,,,159.20214926017664,119.0060357228558
13,309,173.08359464361268,117.79092431941548,,,,157.57247562550435,112.79890340955784
13,310,172.49946444962708,111.83122263122765,,,,155.1212197720393,104.97780066667984
13,311,170.84985805176711,106.81929912054332,,,,157.55062253376272,97.72091874724408
13,312,170.7731454799487,99.98703973799022,,,,155.32426196020805,90.47663252232628
13,313,179.1911136849384,92.97449156813413,,,,146.403840031341,80.6834623781646
13,314,178.81902247665784,86.47449364659289,,,,145.21518836827616,73.44040580487642
13,315,161.42166968921308,77.33339488720333,,,,121.90798897145476,68.24199672987538
13,316,175.63732480749425,71.79195396128216,24.93852964081882,,,133.9095639846208,63.04295064860854
13,317,79.51817367905844,62.11999601995553,21.437765921833044,,,37.491626336214715,56.040119331632425
13,318,60.85256026177228,55.652508540973585,19.356980535735875,,,17.82106789763344,51.85122221891288
13,319,50.20529284827344,49.43580096595554,18.110935824421475,,,6.777329610327978,47.60598160168136
13,320,51.67447216117269,43.30222607977975,16.839312441568286,,,6.15497511350453,44.55182771923485
13,321,53.720261495407485,38.372569010883474,16.844282238453157,,,3.9735649633723713,43.07871081404551
13,322,53.49390135897988,34.708062710775835,16.88221982473872,,,2.264145725220683,45.153060758746825
13,323,54.6731873168331,30.60478655934079,18.001298952954908,,,11.666296655838932,45.91723254159577
13,324,56.72117670724297,28.91848463769438,17.53939914166843,,,5.940046715172868,48.622145987834074
13,325,57.469467458691774,26.21091480616214,18.02809383175308,,,12.520355240135263,51.30824405152972
13,326,57.6725356061566,24.885822117486523,18.75807661014891,,,,51.20771956273263
13,327,57.68711413891151,24.160369539746547,18.603410550236415,,,,51.12514558868154
13,328,57.725159931713875,24.98175149602333,18.10191758011088,,,,51.29232565529896
13,329,57.82349566776173,25.355496959617177,17.81444917898505,,,6.73401863917037,51.0033004864568
13,330,56.36841945738102,27.12051385135765,17.918123628071584,,,4.158539381620526,47.84305078572118
13,331,56.531649286062944,28.899885230554784,17.289298014265835,,,1.8011549896668697,46.29170927795087
13,332,56.962141796392274,31.153205159812,16.3716926856669,,,0.1038392508338317,44.01606270973924
13,333,57.60483538958819,33.87305672563321,16.717099623426734,,,2.7284863743008,43.61163756423559
13,334,57.27667671947653,36.85167349886338,15.836247171179217,,,4.563718609805529,42.25955602626747
13,335,57.25538526799072,41.011183075351134,17.095879082399115,,,7.843181518799335,43.29241863129084
13,336,58.413618784590525,45.71399842753698,17.14518622957098,,,10.828653612794884,43.98443201901525
13,337,62.21831353221259,49.16349160313775,18.172280435476107,,,14.891027672736632,44.66241082655166
13,338,64.0792031026543,53.42090694346483,19.63076112994961,,,17.66549132048177,47.17809055346133
13,339,64.0921351790938,57.221920800147906,21.01358224156005,,,19.132259899873496,50.1292562769609
13,340,67.32070190872716,62.8797956275308,22.489049267466616,,,22.487134146728863,54.206587238927526
13,341,74.6642595355243,66.93574813708021,,,,29.228069789845534,57.249816002886845
13,342,79.83138427484509,72.10741158333451,,,,35.30879183558328,61.16708518481015
13,343,93.59810848287005,75.62514437181251,,,,49.110474326827294,65.36138187561092
13,344,105.1131107008276,80.12409972880126,,,,60.50685139369022,69.13687691199009
13,345,119.95370088521184,84.93734707001344,,,,76.23447859120353,72.64626021868064
13,346,148.19685165560728,88.52676104354288,,,,106.17626289346062,77.19854400986466
13,347,149.8718690045569,92.67069899240732,,,,110.1817773636757,82.6379341722764
13,348,159.59052007756588,96.34311200350994,,,,120.21875315537008,87.77371767757013
13,349,163.9047317199174,100.35112850479102,,,,124.77486885732104,92.49255199688194
13,350,167.05957404728508,104.13914725385882,,,,128.11332767340997,96.31316450575854
13,351,167.08203107314287,105.71783547854092,,,,129.9274239945176,99.08094777758603
13,352,170.8740352541804,109.22631216054364,,,,135.38703370341554,103.703865415244
13,353,173.4888243989918,113.86576308946464,,,,140.25564878933517,109.78763830472016
13,354,173.67903355342096,117.25328048229072,,,,141.83301398273,114.09266816244332
13,355,174.45706633404004,119.74267644179754,,,,143.9484021218218,117.50295270142666
13,356,174.62896533328342,123.44297095337376,,,,146.3044798854612,121.87547277890532
13,357,174.8016581223027,126.3665310217979,,,,148.1113806681446,125.52752532220065
13,358,176.62526308172727,129.30340058291648,,,,150.24365488123155,130.04804647525643
13,359,176.85892834406772,131.19761662614425,,,,151.8757716027846,133.3905974445467
13,360,178.6613972340634,132.4248429745137,,,,154.86974892990767,137.5182018635098
13,361,178.33501120416375,134.7016035096192,,,,155.29732157967447,141.41715023126167
13,362,179.57861238111914,139.65818848310755,,,,157.69606454589118,146.92523928820228
13,363,177.8208391223194,139.84377385682413,,,,160.9649456975233,151.0701961638032
13,364,175.20089067969818,140.12753632877426,,,,165.7299473311785,157.4320670732895
13,365,172.8181116067749,143.0406408173782,,,,169.78312352572075,161.1541615749406
13,366,172.37851099499883,146.0904525935623,,,,171.79565810569244,166.10816966957472
13,367,171.3414843494605,148.29772809990786,,,,175.52191122247163,168.2449589967364
13,368,170.87267237772392,149.68737169660608,,,,176.837602082452,168.57052026322157
13,369,170.46859944325178,151.4667067209242,,,,177.15860752289498,169.17958435775367
13,370,,,,,,,
13,371,,,,,,,
13,372,,,,,,,
13,373,,,,,,,
13,374,170.61019100569052,151.60773973273703,,,,177.35697131524833,169.77792040939488
13,375,,,,,,,
13,376,,,,,,,
13,377,,,,,,,
13,378,,,,,,,
13,379,,,,,,,
13,380,,,,,,,
13,381,,,,,,,
13,382,,,,,,,
13,383,,,,,,,
13,384,,,,,,,
13,385,,,,,,,
13,386,,,,,,,
13,387,,,,,,,
13,388,,,,,,,
13,389,,,,,,,
13,390,,,,,,,
13,391,,,,,,,
13,392,,,,,,,
13,393,,,,,,,
13,394,,,,,,,
13,395,,,,,,,
13,396,,,,,,,
13,397,,,,,,,
13,398,,,,,,,
13,399,,,,,,,
13,400,,,,,,,
13,401,,,,,,,
14,0,152.93408215904873,163.49475169546884,,,,164.13355464926937,165.9555256045264
14,1,152.25644561519093,161.53134815214818,,,,163.79573614964465,164.08819155092988
14,2,150.99562686425185,162.92266594583805,,,,161.5053943979795,164.9979979391035
14,3,150.30162649898895,161.4435687527383,,,,160.49815988747747,161.4904073153208
14,4,149.62418939843144,160.2782557303804,,,,158.30988651129434,158.39246786779614
14,5,146.63559493419066,159.0524792608341,,,,150.44843128839403,154.16064039337604
14,6,139.64745639325434,156.2974975055398,,,,139.5879485242655,150.16488937459613
14,7,135.97244917621563,151.59780969215265,,,,132.5088376890041,143.056605282547
14,8,148.21658201762384,131.71818749467323,,,,137.8333618747725,122.77023662760531
14,9,142.04642867827465,127.64382974109432,,,,129.65292420572706,114.45081241554225
14,10,83.83157193805096,73.90234120713727,,,,96.85386983020562,32.86729501446953
14,11,129.8694386063695,113.14599744425747,,,,110.31307761833,96.65358790482772
14,12,103.60883173513926,117.38312448682686,38.28801729600009,,,30.540840923854645,32.325110004223916
14,13,105.052475785883,94.4973734791598,28.64009016154981,,,83.11637778815316,78.78668876414777
14,14,96.13386403766349,80.00696055341145,23.94340624117174,,,74.7122688837383,68.56893371687087
14,15,67.06802239518257,81.57148020072005,22.700602520229925,,,61.76624365435025,58.57741008009528
14,16,55.33063381749796,70.73074850633277,20.72492770831793,,,54.44533585380691,50.69523322474241
14,17,49.12313243257229,61.126329213234946,22.05648919145816,,,52.333060029377705,42.36635993741255
14,18,44.990511497564995,52.071338228154026,21.22488058656852,,,51.8031359243603,35.53557244220297
14,19,39.18100286308937,46.80705169972777,22.154723302725554,,,54.173353040174405,29.80572648176214
14,20,37.363426620339915,53.62114156116998,22.544665633177743,179.64443505925038,,51.71332250012523,34.295452320629416
14,21,33.287521691229614,50.22424154007731,23.20042867885453,175.77739667825253,173.96071269300026,53.876268336594485,32.43785444125831
14,22,30.88898438338448,51.4109455281876,21.20666884518292,177.8499428951431,173.83994072553978,56.877129014584995,29.54214470346626
14,23,32.172144731153736,49.28672633602704,21.742541549655016,173.11369180189104,175.59799128897924,55.86537520665576,33.67266625282232
14,24,45.04065039612403,31.24390313653974,24.35228682590442,176.07287282761712,174.7093343129968,35.46244809014145,53.30484051140366
14,25,51.01176287578192,33.30514881139571,23.217920186974148,176.7903734022841,174.88037433994432,33.70667855344059,57.384189549858625
14,26,47.449998780225826,30.881279316527944,25.01450424999753,,,29.79748489254871,52.29489322567062
14,27,52.6036411084922,34.07157812374528,24.38512113563618,,,32.76304119912359,50.51271852679567
14,28,58.194986261769905,39.505085124560985,24.703617171699413,,,35.85929082851841,53.04335823928485
14,29,71.13567941384026,49.808795377062495,22.90839768421926,,,41.43449206640025,61.0746285043584
14,30,64.0000606630152,105.41108507365108,26.20881828257888,,,64.11275094549335,70.6610477102993
14,31,102.76017896399878,73.84046919026272,26.327557626661953,,,70.3181423689801,66.94145668819708
14,32,112.75601446978112,87.91397080501903,28.397002056884045,,,79.26373456047071,79.56213307379144
14,33,121.83850741403566,99.99461170258364,36.203452792814424,,,88.94067366971554,90.19002954352968
14,34,131.9906108916838,106.88229238982336,,,,105.64934938802767,97.2679801493982
14,35,138.75712575947043,117.9182010272934,,,,118.7798306627213,107.76958619779182
14,36,146.55177471104878,127.52025348333969,,,,127.26036998364904,118.03611333129174
14,37,150.6352824510504,132.20331013016764,,,,135.18932675943054,129.36463498648726
14,38,155.82725261460575,136.21291162914991,,,,142.6070332803231,135.22020765261
14,39,157.9020108754135,143.81717329091146,,,,149.55491186193865,145.872497747832
14,40,159.19374765228636,143.22013654632607,,,,149.88275479962786,148.3011436829793
14,41,158.79043500921853,142.84633861028502,,,,150.0621725787516,147.59690271686944
14,42,158.5477761280003,138.6896284425209,,,,149.7715532400247,141.39696113187458
14,43,153.3216062023587,135.68134619674035,,,,143.55846976071663,133.78846204075043
14,44,148.11151031449083,128.33594240793792,,,,133.13754180419744,125.51105953015134
14,45,145.14409896213553,123.32611469812716,,,,129.25982584917782,115.8294376755871
14,46,137.86674478814183,113.6882681344528,32.203888939342754,,,118.56299438020508,106.29931951342616
14,47,129.39932134928893,103.93524798167086,27.724211530045014,,,105.30634750762496,97.37061543295368
14,48,116.98927369454768,91.87023760943282,25.531389385468863,,,90.89154104747897,87.38920438302797
14,49,100.67779742118204,78.16790606470742,22.923396093469677,,,75.33056145845462,76.89897789507627
14,50,90.13113361246228,70.65312683266463,22.087881490118168,,,63.33778412369932,70.76843218459037
14,51,73.87505586029549,56.69458005666387,21.33097607068468,,,47.56360847253959,61.91560918557498
14,52,61.9205066672169,47.12627906023307,24.747272553348044,175.6681867166078,174.15943938115652,35.00824497995865,58.84785906833079
14,53,56.65870820583381,41.230516179706925,25.21358431243861,174.15649241158985,173.44279749750493,30.41900079667933,54.69855825913404
14,54,51.15069117320462,35.445552930893754,24.46379327929953,174.96575499776876,174.5206983239016,24.692095097247403,54.79207050497113
14,55,45.67492450995785,38.27849545550845,23.894431532439732,170.16427166333625,172.74912114852742,60.69605561853611,56.694937466452174
14,56,48.29284526629572,33.26258198780395,25.080917729247467,175.97248784403553,174.26614228865688,23.41927358013958,63.73125005989907
14,57,45.88115829518804,29.694096539263413,25.087935263770756,176.2610633478712,175.06219380015918,20.408811124425444,65.01384714688331
14,58,52.19423629848689,65.6355392912155,21.216024319362436,170.5908707986091,171.52181257591369,68.95457157856471,54.17812180523182
14,59,30.64774034827201,45.366741981524534,21.88244940167953,173.66644209174,162.32698097665465,67.65459419864999,24.93472229187404
14,60,44.8861730691222,29.754201422856504,23.736058940467323,176.04351159315436,174.019706450599,27.585759863494516,67.10047630015434
14,61,47.18056971491358,29.640762949589128,25.15925485889516,177.9811196803312,174.47592954811427,30.57772845469658,58.64462284260543
14,62,49.806554335634814,29.702495944897297,25.82437736497867,175.76685757569967,175.24542447392494,27.819299921744907,53.24803940234723
14,63,50.553326055144126,34.641057894203215,25.727916683860528,176.1144124256653,173.8172458698606,25.987500331159637,51.14755550846886
14,64,58.08292682969866,40.085238927680656,24.212053467921944,179.507279481479,174.2459159971364,31.70689085050573,52.26470417808603
14,65,68.85905970069034,49.78812044587273,23.49640692162304,,,40.29880096564592,58.4708143692492
14,66,86.21862598454929,65.90507184296231,23.37703920976223,,,54.746325767867184,63.5956089642331
14,67,96.13321194385922,77.99144562886917,26.545102784292624,,,63.898536653224774,73.23276874736733
14,68,107.1174381821777,88.16075348859492,23.95955927310173,,,77.19395293337368,82.14134280410035
14,69,119.7342000253946,100.19418472194516,28.981555205825323,,,92.03959308614036,89.72411040680224
14,70,130.19980863648053,112.79225900946275,,,,106.95628478774044,103.56537122997204
14,71,136.72118163665976,118.83851575226426,,,,118.08016416735984,112.8541125762141
14,72,144.45341491915028,131.39220731883884,,,,129.1588995543195,128.59668655953013
14,73,149.4431161774441,138.4592273554919,,,,138.13832526277238,136.35104274746826
14,74,154.47327559485413,143.13204660288466,,,,147.0169623385424,143.75179367259503
14,75,157.71280018662034,149.5263316175663,,,,155.3352310960913,153.78382650529787
14,76,161.16808931984323,152.904474523251,,,,161.32344671220406,160.4620601359507
14,77,164.2767354645831,152.97419729062943,,,,162.65255916473694,160.48517416396732
14,78,161.12848187988135,151.1742175207312,,,,158.99255945783602,157.76893707760783
14,79,158.47501841290662,144.54647930121655,,,,151.8103384463337,148.07021012888472
14,80,152.8370855498791,143.3702562899812,,,,144.65653021833916,142.12799512087884
14,81,145.8647971976893,138.1956883099004,,,,137.31458931949066,130.76405903998676
14,82,141.58612329811663,131.82955961857363,,,,132.61151563061458,122.54523182634844
14,83,134.35063632292113,124.2034929172384,,,,120.70670848929788,114.74233772967877
14,84,126.55572796104042,116.039486938268,,,,110.21836496858094,108.02405121508596
14,85,114.20138295975228,105.17912883216422,,,,97.24483796741288,95.94628369621812
14,86,107.07886582509632,95.06980461076834,,,,88.59440026109193,86.6728637618109
14,87,93.8330161757262,82.30571195111858,26.23000686909845,,,73.93576617530155,75.76331042895507
14,88,96.9430074793196,93.8606038924255,19.284957304602905,,,57.302522186089035,65.39516133896886
14,89,61.28268842501191,59.63340752550699,22.45384324564101,,,44.62172886765773,56.15216165620481
14,90,57.27293235891735,50.76275727736538,21.09667627260746,,,40.08242605622133,49.424507237618094
14,91,48.65018055112327,44.741220072268646,22.86515562041692,,,35.535064121466306,48.371041479403395
14,92,37.48564047066685,40.66407846050995,20.965699560396825,,,66.94353978902635,45.97115768555138
14,93,48.18034281155323,41.657221856369546,22.94855520101417,,,39.093260257905186,54.647929780463194
14,94,47.217909459514246,41.3523440173603,22.817884896067127,,,42.30213869943427,55.177450051477784
14,95,44.170175987389186,38.779747321414376,23.34398346697722,,,41.26587516116858,54.14786333564734
14,96,42.70170405703745,39.35323585324538,23.289767151908865,,,40.830692206748395,56.95761892722348
14,97,43.252691744310845,38.2874420022904,22.477124393411277,,,40.86974762355352,50.975130083988205
14,98,44.912204301519246,38.8983927877056,22.761273035955583,,,38.67691592795762,52.52304261395542
14,99,43.44409519415331,39.21406324957021,24.160795164960465,,,33.950855999466924,49.61614375145823
14,100,47.48342039514884,41.54656254159711,22.06160431347811,,,33.42584026431597,47.9058675381095
14,101,54.7301008803908,48.16911538538114,23.681720760687742,,,36.98689228666213,49.63088633443633
14,102,65.841651746984,58.83713230032704,23.875678991930016,,,42.06424475876416,56.27126816897094
14,103,69.09807078199522,79.93273189922444,,,,59.94801874091802,54.09261080407282
14,104,89.47247745833886,81.80846637271493,,,,65.80051863214746,69.58382274569271
14,105,102.59489338265377,94.23401722160315,,,,80.35202504462953,80.1588450035845
14,106,113.5391596750224,105.68424099878357,,,,91.98472771654032,94.47009571882204
14,107,126.29358541648398,116.02601361396688,,,,107.0640169681818,102.9622783358436
14,108,135.86566163174635,124.94816196196382,,,,120.7377780301959,112.88451858018388
14,109,141.8537775396005,132.2827707928715,,,,130.15864887725886,124.1315556958924
14,110,,,,,,,
14,111,157.36611484479624,146.43136413210811,,,,149.50732019884873,143.96427426892043
14,112,,,,,,,
14,113,,,,,,,
14,114,,,,,,,
14,115,,,,,,,
14,116,,,,,,,
14,117,,,,,,,
14,118,151.28468997054534,140.1472314415564,,,,140.4284891972836,131.69605363687796
14,119,,,,,,,
14,120,137.33889159078873,126.8616057875996,,,,125.88661724578544,115.63967493876817
14,121,128.6265130509683,120.75843170895924,,,,114.99529641164256,110.5347548802426
14,122,118.23812361644607,113.60726966402778,,,,103.81899471743972,102.87448441782446
14,123,108.9270761416872,105.01139812049908,,,,93.02719922379822,93.84246749314036
14,124,95.39233409355307,94.83997093201988,,,,81.71081617959372,85.64506404475492
14,125,82.00138568006368,80.98172468619526,,,,68.46473041403418,70.80093493409204
14,126,67.62747091867949,70.87453367695704,43.20488348438923,,,54.9495932242783,58.73769684791405
14,127,55.48802954736192,58.87231982229178,32.588721564469445,,,45.38125439744959,50.78672208686193
14,128,47.78330608493801,52.42005089965846,27.56405379901601,,,39.82594611370695,45.30695698955468
14,129,42.48171746891445,51.14741185550519,25.65034319177206,,,39.70684101121306,48.693505145491294
14,130,43.2966100782189,47.77610876544496,26.12189193377295,,,39.37929421217284,45.816910992551094
14,131,43.32983079051389,47.37672157375728,21.614937235365016,,,45.32435746076126,48.46197257602766
14,132,37.9965678843569,41.7021852475864,22.458243827518135,,,38.87912190209964,47.98970622767763
14,133,35.84129128898161,37.89857163024637,22.90808902942967,,,43.360328685228595,46.09530020203809
14,134,34.82964364099325,38.389388235163864,23.586457795130123,,,43.73164691328856,48.94326743312623
14,135,33.18397969354525,41.14537419981685,22.236399007726785,,,40.56783241721724,51.247880110313105
14,136,35.80234401575228,45.32951097107426,22.90627514525027,,,43.024037326709994,48.85499429387567
14,137,39.91320271016627,43.2109859294569,23.13124634135398,,,40.01190292345773,46.36126908563879
14,138,41.1973433755019,45.48001487613901,25.090323631472796,,,36.203729913264425,46.12919085639267
14,139,48.768211546771134,53.666745207627834,28.54523889436549,,,36.65995937720583,47.4195852064831
14,140,57.12366607920464,64.0927609557699,,,,42.318244679810626,53.5959046004453
14,141,70.27421783938807,78.25182222983203,,,,53.68609075911383,60.96032359087303
14,142,85.21803382016108,90.75605994227216,,,,65.45200812027963,71.62363453588844
14,143,97.343380447577,102.5367026265648,,,,79.7719278992692,81.3512922135473
14,144,107.6221059663823,113.68390127499076,,,,91.50807284087077,93.43261453980334
14,145,119.20291168438295,121.60680265172394,,,,106.56100641057134,104.99880294121094
14,146,128.94013813135498,128.21050192032402,,,,119.07755651256336,112.90270735078867
14,147,137.1047065134244,135.62140640448828,,,,130.5210429642912,122.72896274298894
14,148,143.2436893839191,144.216785570802,,,,140.09525940111672,133.0281073304078
14,149,149.3886099527918,149.91901572834328,,,,144.12241958964853,138.96563023783372
14,150,152.19618709364588,154.45521683249655,,,,150.55431134599598,148.75070537262266
14,151,155.93378995734264,156.6658378617683,,,,155.66903143430477,152.2334615187219
14,152,153.84213256796514,154.82914325508722,,,,154.48876898515462,150.65386836585435
14,153,150.04454272369549,151.16543240017828,,,,148.42707940248604,145.7382084695846
14,154,147.2989599494602,147.7445475492984,,,,145.7342282303526,138.5424199460422
14,155,141.97130589784234,145.6118437245265,,,,138.70656396669165,133.95190676145825
14,156,134.77504857249727,137.77192144301108,,,,130.64172216161077,124.5371158292227
14,157,128.4415221993953,132.7061323643312,,,,121.67102892521552,116.82588579232112
14,158,122.67766731976631,127.74079680710388,,,,114.53982690316757,109.9511982071692
14,159,112.79442730659454,120.65412778919782,,,,105.16258091659338,102.2186821127981
14,160,103.26468754539064,113.58619557438404,,,,91.754613535107,93.08932467008128
14,161,92.72981582130474,106.39808792805108,,,,80.16185363245691,84.64316775398188
14,162,82.84600247466986,91.49718052729096,31.293188744051932,,,72.2916477241592,70.97334224198327
14,163,71.39005974298317,82.54489663473406,28.10662456341164,,,62.84498270705793,62.80579594586461
14,164,61.303630047768046,73.12777441757216,24.01740598494276,,,54.720872879943784,55.51618374450468
14,165,52.64424756237445,62.223271693581744,22.53278021691954,,,48.12956702401228,48.37379674611565
14,166,45.58698223045698,55.08718679222616,21.96847185729394,,,39.98842780611791,44.856145639507986
14,167,42.65069093376934,51.38775196965676,22.14649244722459,,,38.08394648177586,44.6798344299776
14,168,40.36567350461458,49.271735768295784,21.1209450307919,,,39.08883463528561,44.09758706249469
14,169,40.59976488802871,45.7499278257269,22.433926429626027,,,43.52197202435515,45.09050241165841
14,170,39.939744936292826,46.724523080620145,22.249387631990015,,,39.45109861117471,46.24630270573529
14,171,38.11714145168999,48.0485620923556,21.392362169779396,,,43.438958038689826,46.454200403266995
14,172,37.38666681704073,47.97692478079922,21.68228828936413,,,38.3404512263293,43.756454434300096
14,173,40.54139989021253,48.81495108203162,21.95283852095453,,,41.74431552720615,43.06410459917433
14,174,43.99620507779924,52.69350403635367,22.505702567872767,,,37.816282587304094,45.59101892259751
14,175,50.806356018671515,59.11236133116533,22.329693907134143,,,41.63691511593589,49.11554396562474
14,176,59.747612371124866,69.03024745360017,23.589151566439178,,,49.00021491870924,54.383907306235294
14,177,71.55648251420268,78.69148051820531,28.564234078853175,,,57.12929979957064,62.923235955272816
14,178,87.05382739060228,89.51475577094075,,,,71.16650615022778,72.10660823528153
14,179,97.34258732801432,102.19391824762606,,,,81.13733115829699,83.4563966727099
14,180,109.40436029861232,111.74434265295233,,,,92.2193234616986,93.97104369114588
14,181,120.20914644791162,121.2172566184997,,,,105.19142992695345,102.94099418880796
14,182,126.66729233726127,127.33774533319028,,,,114.3266328737543,111.81625375754378
14,183,136.69706280166662,134.05693508924247,,,,126.2912032086356,120.72911343528564
14,184,142.60614264495584,140.2231695308369,,,,135.3102483238668,128.98260276184294
14,185,147.44277762237283,144.3026425365739,,,,144.90498980590047,138.53185668436345
14,186,151.74285417656355,150.7672949054485,,,,153.55062850482523,148.24311166641985
14,187,155.1617679236056,155.8156774101695,,,,161.3718226375703,157.25758518630914
14,188,158.034051582981,159.75568209006065,,,,166.12400136250005,162.02439551429103
14,189,158.01960533208512,160.44916288154388,,,,167.30140495733218,164.56424938086064
14,190,160.4774949028345,156.17510100377217,,,,169.65203419412617,159.5914607923191
14,191,156.7181210570891,151.8135902164931,,,,160.50715045042637,152.00390464040456
14,192,152.7621500554072,149.26799706505398,,,,152.21625821227448,146.66166233739423
14,193,145.82368689802271,144.16397377192823,,,,139.63968969986342,137.46375747303702
14,194,139.37775745345348,138.89258571853506,,,,133.46323494680132,129.29939694864427
14,195,134.11771002167117,134.7597026483712,,,,125.33587082737527,122.626678279942
14,196,128.17881771922094,126.67411499831954,,,,117.58545034369178,114.68646423334832
14,197,122.15164890293228,121.39320205858378,,,,110.69246065549838,107.59868458576754
14,198,111.77393198605716,115.41936977883395,37.59928312225944,,,99.7327036982013,99.92632619751711
14,199,100.654480273594,105.6279987962702,28.53175813525673,,,87.04887495093904,90.41341021648036
14,200,90.2759227030013,94.94330606374275,23.94208025921302,,,75.36986225027715,77.97127052074298
14,201,76.3593525629224,82.76277299949447,21.928489776987103,,,64.18271353758949,66.60503435001337
15,0,2.7851940106932074,73.18984873639835,,,,84.83180276904825,32.19519834743723
15,1,2.784978502045418,73.16959632137493,,,,84.8564686424423,32.19669745677736
15,2,,,,,,,
15,3,,,,,,,
15,4,,,,,,,
15,5,,,,,,,
15,6,,,,,,,
15,7,,,,,,,
15,8,,,,,,,
15,9,,,,,,,
15,10,,,,,,,
15,11,,,,,,,
15,12,,,,,,,
15,13,,,,,,,
15,14,,,,,,,
15,15,,,,,,,
15,16,,,,,,,
15,17,,,,,,,
15,18,,,,,,,
15,19,,,,,,,
15,20,,,,,,,
15,21,,,,,,,
15,22,,,,,,,
15,23,,,,,,,
15,24,,,,,,,
15,25,,,,,,,
15,26,,,,,,,
15,27,,,,,,,
15,28,,,,,,,
15,29,,,,,,,
15,30,,,,,,,
15,31,,,,,,,
15,32,12.854440999273482,54.88981802555116,,,,77.50986779627773,26.183499829485367
15,33,,,,,,,
15,34,,,,,,,
15,35,,,,,,,
15,36,,,,,,,
15,37,,,,,,,
15,38,,,,,,,
15,39,,,,,,,
15,40,,,,,,,
15,41,,,,,,,
15,42,,,,,,,
15,43,,,,,,,
15,44,,,,,,,
15,45,,,,,,,
15,46,,,,,,,
15,47,,,,,,,
15,48,,,,,,,
15,49,,,,,,,
15,50,,,,,,,
15,51,,,,,,,
15,52,,,,,,,
15,53,,,,,,,
15,54,,,,,,,
15,55,,,,,,,
15,56,,,,,,,
15,57,,,,,,,
15,58,,,,,,,
15,59,,,,,,,
15,60,,,,,,,
15,61,,,,,,,
15,62,,,,,,,
15,63,,,,,,,
15,64,,,,,,,
15,65,,,,,,,
15,66,,,,,,,
15,67,,,,,,,
15,68,,,,,,,
15,69,,,,,,,
15,70,,,,,,,
15,71,,,,,,,
15,72,,,,,,,
15,73,,,,,,,
15,74,,,,,,,
15,75,,,,,,,
15,76,,,,,,,
15,77,,,,,,,
15,78,,,,,,,
15,79,,,,,,,
15,80,,,,,,,
15,81,,,,,,,
15,82,,,,,,,
15,83,,,,,,,
15,84,,,,,,,
15,85,,,,,,,
15,86,,,,,,,
15,87,,,,,,,
15,88,,,,,,,
15,89,,,,,,,
15,90,,,,,,,
15,91,,,,,,,
15,92,,,,,,,
15,93,,,,,,,
15,94,,,,,,,
15,95,,,,,,,
15,96,,,,,,,
15,97,,,,,,,
15,98,,,,,,,
15,99,,,,,,,
15,100,,,,,,,
15,101,,,,,,,
15,102,,,,,,,
15,103,,,,,,,
15,104,,,,,,,
15,105,,,,,,,
15,106,,,,,,,
15,107,,,,,,,
15,108,,,,,,,
15,109,,,,,,,
15,110,,,,,,,
15,111,,,,,,,
15,112,,,,,,,
15,113,,,,,,,
15,114,,,,,,,
15,115,,,,,,,
15,116,,,,,,,
15,117,,,,,,,
15,118,,,,,,,
15,119,,,,,,,
15,120,,,,,,,
15,121,,,,,,,
15,122,,,,,,,
15,123,,,,,,,
15,124,,,,,,,
15,125,,,,,,,
15,126,,,,,,,
15,127,,,,,,,
15,128,,,,,,,
15,129,,,,,,,
15,130,,,,,,,
15,131,,,,,,,
15,132,,,,,,,
15,133,,,,,,,
15,134,,,,,,,
15,135,,,,,,,
15,136,,,,,,,
15,137,,,,,,,
15,138,,,,,,,
15,139,,,,,,,
15,140,,,,,,,
15,141,,,,,,,
15,142,,,,,,,
15,143,,,,,,,
15,144,,,,,,,
15,145,,,,,,,
15,146,,,,,,,
15,147,,,,,,,
15,148,,,,,,,
15,149,,,,,,,
15,150,,,,,,,
15,151,,,,,,,
15,152,,,,,,,
15,153,,,,,,,
15,154,,,,,,,
15,155,,,,,,,
15,156,,,,,,,
15,157,,,,,,,
15,158,,,,,,,
15,159,,,,,,,
15,160,,,,,,,
15,161,,,,,,,
15,162,,,,,,,
15,163,,,,,,,
15,164,,,,,,,
16,0,,,,,,,
16,1,,,,,,,
16,2,,,,,,,
16,3,,,,,,,
16,4,,,,,,,
16,5,,,,,,,
16,6,,,,,,,
16,7,,,,,,,
16,8,,,,,,,
16,9,,,,,,,
16,10,,,,,,,
16,11,,,,,,,
16,12,,,,,,,
16,13,,,,,,,
16,14,,,,,,,
16,15,,,,,,,
16,16,,,,,,,
16,17,,,,,,,
16,18,,,,,,,
16,19,,,,,,,
16,20,,,,,,,
16,21,,,,,,,
16,22,,,,,,,
16,23,,,,,,,
16,24,,,,,,,
16,25,,,,,,,
16,26,,,,,,,
16,27,,,,,,,
16,28,,,,,,,
16,29,,,,,,,
16,30,,,,,,,
16,31,,,,,,,
16,32,,,,,,,
16,33,,,,,,,
16,34,,,,,,,
16,35,,,,,,,
16,36,,,,,,,
16,37,,,,,,,
16,38,,,,,,,
16,39,,,,,,,
16,40,,,,,,,
16,41,,,,,,,
16,42,,,,,,,
16,43,,,,,,,
16,44,,,,,,,
16,45,,,,,,,
16,46,,,,,,,
16,47,,,,,,,
16,48,,,,,,,
16,49,,,,,,,
16,50,,,,,,,
16,51,,,,,,,
16,52,,,,,,,
16,53,,,,,,,
16,54,,,,,,,
16,55,,,,,,,
16,56,,,,,,,
16,57,,,,,,,
17,0,,,,,,,
17,1,,,,,,,
17,2,,,,,,,
17,3,,,,,,,
17,4,,,,,,,
17,5,,,,,,,
17,6,,,,,,,
17,7,,,,,,,
17,8,,,,,,,
17,9,,,,,,,
17,10,,,,,,,
17,11,,,,,,,
17,12,,,,,,,
17,13,,,,,,,
17,14,,,,,,,
17,15,,,,,,,
17,16,,,,,,,
17,17,,,,,,,
17,18,,,,,,,
17,19,,,,,,,
17,20,,,,,,,
17,21,,,,,,,
17,22,,,,,,,
17,23,,,,,,,
17,24,,,,,,,
17,25,,,,,,,
17,26,,,,,,,
17,27,,,,,,,
17,28,,,,,,,
17,29,,,,,,,
17,30,,,,,,,
17,31,,,,,,,
17,32,,,,,,,
17,33,,,,,,,
17,34,,,,,,,
17,35,,,,,,,
17,36,,,,,,,
17,37,,,,,,,
17,38,,,,,,,
17,39,,,,,,,
17,40,,,,,,,
17,41,,,,,,,
17,42,,,,,,,
17,43,,,,,,,
17,44,,,,,,,
17,45,,,,,,,
17,46,,,,,,,
17,47,,,,,,,
17,48,,,,,,,
17,49,,,,,,,
17,50,,,,,,,
17,51,,,,,,,
17,52,,,,,,,
17,53,,,,,,,
17,54,,,,,,,
17,55,,,,,,,
17,56,,,,,,,
17,57,,,,,,,
17,58,,,,,,,
17,59,,,,,,,
17,60,,,,,,,
17,61,,,,,,,
17,62,,,,,,,
17,63,,,,,,,
17,64,,,,,,,
17,65,,,,,,,
17,66,,,,,,,
17,67,,,,,,,
17,68,,,,,,,
17,69,,,,,,,
17,70,,,,,,,
17,71,,,,,,,
17,72,,,,,,,
17,73,,,,,,,
17,74,,,,,,,
18,0,166.4439410901397,147.84393689406193,,,,161.34508077580844,158.1716081279298
18,1,166.18981398708902,147.926460720299,,,,160.9219671455436,158.18910589720474
18,2,163.4902943278667,144.10049026328596,,,,155.48309504819585,151.36024547272277
18,3,162.9398846069844,143.2033994350339,,,,154.83042629419884,145.4651783605492
18,4,161.77897755110118,136.6562198444417,,,,152.39072483357566,137.52041393629543
18,5,161.82443176840275,135.769306602937,,,,151.36303836505874,133.63078504648118
18,6,160.908417412218,128.67924801948502,,,,147.75782573200803,126.50738985472388
18,7,158.00042071905025,125.30065427685132,,,,145.0505937679155,123.3377475747972
18,8,159.50474877547265,118.15263368149296,,,,142.721484801772,118.07645729465676
18,9,155.4920989900253,108.9369647598892,,,,138.6005724772677,115.1323110823003
18,10,152.48134583298128,103.66527256944892,,,,133.3370704435032,110.51714772789704
18,11,148.76265862151766,95.89304058695971,,,,129.26952569193045,104.95623342591888
18,12,138.4054582670813,86.85891900646727,29.582054298028403,,,117.27209012075238,96.18576058271228
18,13,127.11238486950468,78.52012899928721,23.742179015570223,,,105.0267395291238,88.13918402064859
18,14,107.27478990529032,70.9967811918558,24.25680254875161,,,85.13103766399736,80.57526534704049
18,15,88.62264421172517,63.75216236187568,20.845098930761385,,,66.32387452178364,74.1373132484842
18,16,82.59209507406386,57.70234405052138,11.9664019048597,,,59.960486729261135,68.80392511308536
18,17,77.94143090959123,52.58228869695974,27.451308775534088,,,54.70883337149208,63.36888641322545
18,18,61.517020748599265,45.60569082973279,30.351788872384127,,151.73774782514857,40.25875993828108,59.372174706448746
18,19,60.228234865494166,41.808242145855395,30.63675859754841,,,39.715083621259765,60.2379917402896
18,20,62.514017321300635,40.96682377278803,32.489364772615986,,,39.71499346176011,59.318958311948776
18,21,63.50013047906168,45.32535809306196,26.540210962471683,,,38.00758965695413,61.816930446431584
18,22,77.32742892413516,50.13624680509176,5.969811986694801,,,48.85099197618454,64.11356603835515
18,23,90.81401840333233,51.457023826902976,28.99036408555187,,,58.298807660204496,65.51670314268526
18,24,107.1821013571668,61.15550732511048,38.35789844574385,,,73.89679249345318,73.3129479682274
18,25,122.799235936551,77.49793296026502,,,,92.93922632148612,86.38341874861635
18,26,136.4830965750826,91.71975521722284,,,,110.5122423352874,97.27748651427568
18,27,145.43000819508978,102.29900685563004,,,,122.93786044286102,104.46458036509618
18,28,152.09925935123442,111.8029881548961,,,,133.4380190083996,113.9537694342458
18,29,157.98159992223725,118.93815842160345,,,,140.0322778302811,125.37430556513814
18,30,163.58435638831313,128.0590788779174,,,,149.59063883820374,135.11835021186909
18,31,167.1402481415724,135.42248059847395,,,,155.31784426760782,141.6895808103338
18,32,166.32756109442283,142.92358841422566,,,,157.06953192653134,151.99534981984675
18,33,169.9399769965232,145.71502199926476,,,,162.59145014081608,155.6865545049322
18,34,172.03810384340977,147.43795363255006,,,,164.52026565973304,159.84394350416164
18,35,173.24737413709948,151.6008376451095,,,,166.17944330847888,166.055224375082
18,36,,,,,,,
18,37,169.52331879217346,152.73582836940068,,,,164.01621025077347,161.4982486176066
18,38,,,,,,,
18,39,,,,,,,
18,40,,,,,,,
18,41,,,,,,,
18,42,,,,,,,
18,43,169.43012333670114,119.95905622823652,,,,153.520714149522,131.07849527391068
18,44,165.94746989073468,114.21760079178728,,,,149.5254574925958,125.87532272502668
18,45,167.90588477948796,109.21511969662846,,,,148.28028739688446,120.79554092386124
18,46,168.25135434985674,101.16399806196264,,,,146.9408585697117,117.55679766177036
18,47,166.57518806931537,96.13226311202231,,,,143.4810631540408,112.4956771005425
18,48,164.08223559109925,85.17340662003626,,,,139.74999330853294,106.2672636600535
18,49,158.9743894698879,78.35255118836015,,,,133.83599721214648,98.97731540807212
18,50,147.74335757105257,70.88381684095414,31.801778904732387,,,122.28835711483332,91.52522846243927
18,51,126.58783701219552,64.0498014151568,27.844441630181706,,,102.25376120498048,82.47141614695184
18,52,105.81553924133578,55.24235828719527,18.02547441333498,,,77.39483655696984,75.64185013174027
18,53,91.32003955579476,53.57999564199999,12.638201242476317,,,58.92488690661063,72.63163848789432
18,54,94.91149358279894,53.47385163407189,25.593591480463665,,,57.31294549569558,67.99766039486225
18,55,104.49223614989351,54.84573727415892,5.752366720445534,,,63.56693216826165,68.01443052403538
18,56,112.26567245799548,59.3700612987916,10.587554102348406,,,71.87337493554863,81.68678766119456
18,57,105.05947250909024,66.48403922001124,30.559690456767967,,,70.58815841207505,85.6910901667383
18,58,108.32119962038873,70.74409101129795,33.08526515192686,,,81.24931953093163,85.26785772376006
18,59,118.39617630903268,78.4412574865602,,,,93.11562758022264,88.62007635774339
18,60,122.91841294810668,90.36988222415732,,,,100.6859886151028,94.6833410033342
18,61,129.89741584341357,99.49841668230764,,,,113.24479705677834,101.76874364036294
18,62,136.7161595896236,105.6084251729649,,,,122.12905153556228,113.55253777028878
18,63,145.877166612664,114.22318015997016,,,,132.36608121584146,120.08226212646204
18,64,146.17395654204358,125.02950815847116,,,,137.4361862193836,129.79074110996854
18,65,153.64059252126114,132.30926994306665,,,,147.2690362306811,137.42128468683714
18,66,155.95045572312588,135.22643488305405,,,,150.03047999597882,141.52143631488366
18,67,158.31219896284546,142.45656644973266,,,,157.57988519281736,152.12095169570438
18,68,161.19563421145833,146.47699415112876,,,,163.3349585573606,155.78324045172744
18,69,162.77742472749938,149.1904732870574,,,,165.0941438875269,161.7484030790192
18,70,,,,,,,
18,71,,,,,,,
18,72,147.39631126272565,164.08562728101336,,,,158.30477397067443,166.04211715843235
18,73,144.09384902311464,156.13870193284745,,,,153.2982609787649,152.71119476219684
18,74,154.30183175537854,139.70997085369206,,,,149.90249679086335,143.0564576444922
18,75,150.1759361203999,154.03448653916723,,,,142.99716315452878,142.10375199371614
18,76,128.50199938334194,153.46167936935046,,,,138.465771376799,140.60893633077595
18,77,125.40711511842234,149.95186273025917,,,,131.76356281743105,141.2385609045487
18,78,121.65311491778051,147.32052177067024,,,,126.5800215786807,138.50951544798352
18,79,144.40642526985948,119.40558133123956,,,,135.52723718737187,121.390737440727
18,80,140.10933288944938,112.37594553242752,,,,127.01969979257244,116.16665566379348
18,81,147.59640706396914,126.62909280468784,,,,119.2965182771806,110.80842605564467
18,82,127.72576967736076,98.1337023525959,,,,114.1986397378735,102.1317203029546
18,83,120.19571285454852,91.97246967960449,35.181698432800204,,,105.98244186423454,96.66187547580512
18,84,111.01363330980053,86.26462829509035,32.91076900823247,,,97.5426293717302,89.80547353009116
18,85,103.13385948727368,81.26621296553651,30.837170771137323,,,88.07914392684017,84.93196310887568
19,0,,,,,,,
19,1,,,,,,,
19,2,,,,,,,
19,3,,,,,,,
19,4,,,,,,,
19,5,,,,,,,
19,6,,,,,,,
19,7,,,,,,,
19,8,,,,,,,
19,9,,,,,,,
19,10,,,,,,,
19,11,,,,,,,
19,12,,,,,,,
19,13,,,,,,,
19,14,,,,,,,
19,15,,,,,,,
19,16,,,,,,,
19,17,,,,,,,
19,18,,,,,,,
19,19,,,,,,,
19,20,,,,,,,
19,21,,,,,,,
19,22,,,,,,,
19,23,,,,,,,
19,24,,,,,,,
19,25,,,,,,,
19,26,,,,,,,
19,27,,,,,,,
19,28,,,,,,,
19,29,,,,,,,
19,30,,,,,,,
19,31,,,,,,,
19,32,,,,,,,
19,33,,,,,,,
19,34,,,,,,,
19,35,,,,,,,
19,36,,,,,,,
19,37,,,,,,,
19,38,,,,,,,
19,39,,,,,,,
19,40,,,,,,,
19,41,,,,,,,
19,42,,,,,,,
19,43,,,,,,,
19,44,,,,,,,
19,45,,,,,,,
2,0,126.19152018291284,165.32675589651586,14.22378358557052,176.92194222148157,178.63288658607985,171.6253352506826,173.02388027537333
2,1,126.40599719170604,167.33397454080404,14.253121876991449,176.82247587361513,178.34979215873244,173.5560353021869,178.40156865497994
2,2,127.18767078352693,164.42393906628524,14.370843642956268,176.9634735946071,178.40528443197977,175.0801616914532,172.81251957415645
2,3,127.13324717277196,166.25142792409957,14.465160373438732,176.91657567335545,178.59834542625558,177.8175572348736,172.80371887178353
2,4,127.58976791685836,165.24383675454604,14.425283847797855,177.1063298904458,178.55597433635654,179.9383274280709,169.23668697377786
2,5,127.8732347029046,158.02187783254246,14.299094301620055,176.7310101543199,178.40389094381285,178.24556517400836,160.15515017933362
2,6,128.67276179978904,155.35572989366003,14.386052220057586,177.01367023564035,178.216614780509,175.25197153766757,156.6157540686094
2,7,128.68096447855868,156.5128323878615,14.344815948272933,177.29152510179208,178.06188637790945,173.74632757022647,157.16510848494846
2,8,129.59539606557274,157.95255243094846,14.353953722004622,177.90895769133027,177.69034468489073,172.2572190125145,158.33532889591052
2,9,130.3074060696488,158.65212842670334,14.329139019931317,177.78664565185147,177.78920965256552,171.08069413910113,158.48373547436157
2,10,131.83598028941063,159.17568044356054,14.686118631924138,177.6382232300602,178.56328797633978,168.91618583233364,158.2980791669315
2,11,132.55710060511151,160.96990306479384,14.800273633448446,178.07900889116294,178.83207513073825,167.3307853484735,161.46332922318516
2,12,133.29069503085054,165.06112642005107,14.884487501837889,178.4560247464718,178.9432296049548,164.45897907520572,163.4771970463781
2,13,136.48065452772914,167.04421545081902,14.925371317120968,178.57654662121894,179.2797118278283,166.22877943535735,166.64020999363848
2,14,139.06115184218734,165.59527028224088,14.981469954416127,178.78226960276365,178.87615520509064,166.66241680906572,164.18379813061733
2,15,140.69008201432368,166.19935468906962,15.523071184592764,179.03003818530792,179.4550189422349,164.95902903269706,163.1218351934535
2,16,144.34547297877916,166.0924548408013,15.28536205128815,179.59795492132506,179.20965091453112,168.6760457492024,162.07145028436847
2,17,145.54072492083645,166.14647243241205,15.449813871873552,179.34587458196185,178.56398840472332,166.52406287033534,163.34870187128024
2,18,146.55369174281597,169.97649520518573,14.358811390185108,177.70423457785898,176.25050765109373,163.7806519800538,168.2067056344561
2,19,148.37376032580372,171.02796466605406,13.471071589791082,175.1215116767728,172.08348763615354,164.9935268046272,170.87204683761772
2,20,151.9023217451287,171.69875571722986,11.852801290170426,172.55422420240544,166.6317504792826,169.89105088083403,173.06253460780857
2,21,153.06062283607312,171.12709963971105,10.582940469646104,169.71746038640646,161.82611468053014,169.57136599809348,171.56442984804954
2,22,155.20595685602896,173.6524159812295,9.55322656408538,164.86095291488942,153.2427170292758,169.4737566517412,176.5234441089031
2,23,153.1793066479349,175.53179477316763,8.29822856988163,159.6574754124853,146.5891184192001,162.25549969076528,179.1129035807005
2,24,155.5143303684007,177.23764911496414,7.31592357126522,153.5828090772329,139.88930611142058,164.61767341205484,178.3468547545341
2,25,154.0670670139177,177.14955884236318,8.259468848768735,144.3134070297109,134.89865069029608,162.02842159230053,179.57984429882595
2,26,154.19193087762608,179.5535022160963,9.001343587839202,139.40637890240063,130.98004059796847,160.61226160333743,179.2560420717813
2,27,153.47907740304262,179.56369468745072,6.319131619382066,135.2321432635658,124.2259518930725,159.46014983294782,176.7829177716764
2,28,154.88363347637036,179.72384926780518,5.933978493387599,132.08598933559972,121.70751499532392,160.14191210170145,175.5302106022342
2,29,155.96005971009862,179.8127658318709,5.785106533807547,129.56484529775983,119.35001850065473,160.89981787621227,172.12847171606063
2,30,156.03086212732313,178.72699725266347,6.0767879403490745,128.24988108486036,117.91030580709597,160.43677276975353,170.71709824721782
2,31,155.10925972270667,178.81176818934523,6.703675354596147,129.09546249173985,119.90384734701571,159.39897771428213,169.93422764830447
2,32,154.06978352701125,176.70188606656896,8.6008979924413,130.56452914483094,123.42860437483898,157.5376667230349,169.10276080454042
2,33,154.07010736842508,177.7080774326467,10.967430030627677,137.9182172238027,130.15900608424337,155.82127352731794,173.7513448386556
2,34,155.17237400453664,173.79455461112423,11.905047853490236,151.2309868780663,145.28826457441212,155.65523457836088,169.787365544148
2,35,155.16473164989603,176.38932801380446,13.402455783773007,162.8237516410239,160.93020484087367,155.31840885688868,173.49205525319385
2,36,156.69228427197018,174.12458306237824,11.590147471111498,178.2536162683078,173.16687513466132,157.52323949574722,170.37903858490904
2,37,152.3625389619107,157.90695975792886,1.4548315257658035,167.24082961328327,176.75701118268455,151.53903080446972,160.8949731625434
2,38,153.03609964656013,164.10506772787636,11.946596161656862,174.88713070273056,175.3754189721681,154.5017228163307,164.98934909114723
2,39,152.00588937063304,166.2770461493667,11.83272724250194,179.8356991897667,179.84223861753384,152.99167190338537,163.6430290642772
2,40,148.65970857157654,165.51162896878466,10.196507643407978,179.67218585179197,176.7822101997307,153.83105535868134,159.26258232925517
2,41,144.91992362376007,168.64903494393374,9.705676803444025,179.421611194553,175.65806797350794,150.0076158359145,158.6791911700106
2,42,140.53407528811547,167.91365155231964,10.03617575335514,179.4769665131721,176.15161024066612,145.50278910767565,156.1515764948934
2,43,138.6340376762784,167.61367286928282,9.981556102211297,179.98684998589397,178.1420253141404,142.30110814767232,155.01345715995524
2,44,133.09933241791043,177.11838053341728,11.022591463248826,179.5844735384987,178.7318532987673,138.8375927713601,164.4818122461521
2,45,132.66637370668732,178.68835458724772,11.13666224538376,179.94489708202292,178.31700331183913,139.49599991735278,169.76650068219706
2,46,134.86355024297083,179.98102975961348,11.877996847382514,178.67948207798955,177.46238158265456,142.04101022233624,169.03286335691905
2,47,137.94665696597073,178.3879838166853,9.130173583747576,179.45422360324133,172.72883836022726,146.73945205567398,167.8463965022491
2,48,139.88685794281236,178.53540909743185,7.82990634079379,179.69681161906448,171.3705956733043,149.7935794759895,171.51767117050767
2,49,141.03356880213988,177.25383728389218,8.1813668054266,179.91369732027985,172.30752258854503,150.64958840294886,172.69543270443415
2,50,142.8097033955234,177.19951009700898,7.9267494046642755,179.66400498004342,172.6281553698425,153.18894250672082,173.13465695329694
2,51,143.8766697752949,178.043861442156,7.058264841584108,179.51833599152516,172.95002428788283,154.37708465824204,173.00086194326752
2,52,143.71788473508064,177.7367177782403,6.554085123466112,179.96314991790197,171.52662484579992,154.17117286467484,173.15601690744057
2,53,144.9030763010942,177.57356878178558,7.179482661969107,179.98504437069434,171.42976857193162,154.14001962333944,173.3592466394375
2,54,145.52902109016267,177.55253188797846,7.543875012829444,179.55872698867142,171.23332646274113,154.70420247724354,173.93727256206344
2,55,146.31898885067196,176.93889908634625,7.9796603684368,179.75179079891856,170.1943698752562,156.2992057089578,175.44666332670755
2,56,147.64059217453433,177.2164024257161,7.665010106489479,179.52694982706726,170.6336080283764,156.6324172487232,175.75749198320068
2,57,147.99869467307943,177.0238256731898,8.068070180378525,179.8210795151375,171.90342104138352,156.21459922647944,175.12745752716015
2,58,148.8254321112987,177.5544792846342,8.983277450408854,177.57637074470864,170.80181384471652,157.61426141825402,175.0587873773918
2,59,151.29855872372727,179.27366297857142,8.741049554150683,178.15373588469706,171.37873015283583,159.8937806171339,173.8760900464558
2,60,152.99105544554504,178.64608339358298,8.084356847341644,177.78184353400414,170.58344459483732,161.66827037663316,173.37786092476864
2,61,156.13238793847842,178.99327223586477,8.30683663301086,179.46908721187768,171.27376137299572,164.7535868877517,176.1539005475635
2,62,156.50652562448278,179.3807765594406,8.29519411586219,179.3978629349498,173.17190534874038,164.79732762091334,177.5937450109883
2,63,158.688630727565,178.2995619697971,7.967195112798285,178.8692942622346,174.8632352347276,165.93075403410384,176.75032489584984
2,64,160.14830809647952,177.08241976812167,7.649284975818539,178.50205730907672,176.99975880406612,165.3985564411283,176.0442402723027
2,65,160.19945830037705,175.08511314228895,7.338315089507047,178.37194490590275,176.31940737610228,163.4368825463507,174.22369613820774
2,66,160.39703222942552,173.85287980961874,7.315280420311682,178.29555164570465,176.90729484435516,163.0805563781518,173.67037676184628
2,67,161.7592143669005,173.61883235456386,7.540172415055865,179.23682929879126,176.83589791075414,164.93022945526772,173.60470561512616
2,68,161.78651885361117,174.51356608212205,6.67788380914803,179.23680671578737,175.63298556516645,165.7947783490268,175.31374761621657
2,69,161.9415330624944,174.7890961659131,5.820597356389674,178.72089081873133,174.3765928066507,166.9533778232959,174.9103452137835
2,70,161.51587642970847,173.54685715664877,6.985782064753049,179.21542055160506,174.72723269199284,165.6398317696131,174.08474656554128
2,71,161.9731733506843,173.57456748450636,7.855150862701094,179.2471792913794,174.91561878139464,165.30596199210885,174.37336029638342
2,72,162.87536401548962,173.47798431966572,8.363813509855778,177.88486939290212,175.6487807031733,165.4303035573215,174.1310826971407
2,73,163.20970942111293,174.37865867073936,6.690766504542519,178.3440654696913,174.08244482505967,166.3919099239583,174.4918776152648
2,74,162.67146355727928,174.1877338710429,6.161214358280556,178.13390113139417,174.2500247064903,168.44244656257615,174.18472708331797
2,75,163.56343841764507,175.21586627168423,4.50511029856346,179.79298737533884,173.90061746854738,168.6100844633096,174.21815102697232
2,76,159.724811214908,177.65843414794642,3.4108084980018916,178.9063733649727,173.46658498311265,166.81500937583573,174.6234768236139
2,77,157.26002228486988,179.6783327391765,6.059246495701585,179.5120537747434,177.27593820899867,164.2982043665107,173.91304265392563
2,78,148.4410381961248,178.20557124909502,6.687866605085541,179.3476540583033,177.1919414325997,157.78106962497077,171.5529945913394
2,79,141.54983230488742,178.6768100628089,6.604913240551829,178.30299690212777,178.38686631758137,153.35637112812114,165.16553706014645
2,80,133.97896109493428,176.7867608069538,7.060148307054169,179.83140691556468,178.51799959862922,147.01047053551983,166.95209429765816
2,81,127.20787269458596,169.95713479447352,7.307018659877418,177.51783832206706,175.516099746579,142.29041823918973,170.17069533941572
2,82,121.89300639137026,168.60178170963997,6.968275510629847,176.662197096755,173.0980708181518,138.17112513726474,169.14349178152614
2,83,117.40222529398729,166.60799867046347,7.755214836107775,173.9584866939408,170.00915892863387,134.82199030109797,170.36161755714753
2,84,112.96972407267673,165.62413010543935,7.82496333833104,172.88965326314243,169.06954458006803,131.72355797434074,171.06986828322832
2,85,111.126478952747,161.14021001563444,10.140517980296964,169.39741094916795,168.24363961235684,128.70477802808554,176.26195067599514
2,86,105.80222954549438,161.81295837953496,10.650351290714651,167.14185988501478,168.76197609516325,124.06517822790586,177.48948250806615
2,87,99.70714775832244,163.0729290447256,11.90970629849166,166.03027743320283,170.12764198966482,118.51667773147778,176.3679417335171
2,88,94.54487496757746,166.91301166004305,12.390063336630378,165.77712730084954,168.97270002419873,112.48894062390248,172.654325581175
2,89,86.62081887204266,167.53708143468972,13.191830890686152,166.0750848213433,170.02361468600273,103.0030654278866,168.6887346698008
2,90,78.09909351916818,173.37415070819392,13.317058033161366,167.25371197869035,170.7468477699382,96.09003355321738,161.67558799387393
2,91,69.68355362959483,179.26390996724732,14.213297818023776,166.60229667063328,169.75197911660842,87.44170645274664,153.15401439438915
2,92,64.49151755051204,176.95773583036222,14.198389501092644,167.46421563959123,170.0546176458302,79.50170453233382,145.71588153378048
2,93,52.42857301822876,135.4003084751426,14.47007535821824,168.47341824097853,166.66786767836695,70.3286940205382,111.0367185963533
2,94,50.04686700378916,72.07122084070136,13.219471153564294,170.3479206791431,168.35191755937944,64.85437434482385,47.38426833296871
2,95,42.35343455275121,51.59126082793488,13.556126316879004,172.0239130876073,173.14461994660115,56.78565416033287,28.83185851783971
2,96,33.17603176646788,41.800726825695065,13.831253413073402,173.3628705464471,173.10225294641677,47.58322832336723,17.27155303396677
2,97,28.55269720420832,41.245262406079064,12.455118316509903,176.24439936503725,173.86874370005776,44.88496515569756,16.66303642064645
2,98,24.37345610684967,40.80331377225577,12.200015496767383,177.4200540164943,173.6502134821505,41.076628006075126,16.28475512697236
2,99,19.078485031635733,39.98654073067224,11.9747237333076,177.91157967663142,173.7423138245064,37.83510119594779,15.064426895109037
2,100,15.18150538516174,39.704869460246925,10.449097148255897,179.16246104532877,174.7122067923349,35.52802826198967,14.92056827254006
2,101,14.173905382562328,39.35314446059502,10.136923314892856,178.80468153663406,176.21728539091058,35.7201977092435,16.078241599426164
2,102,12.910372377592989,38.41883202553422,9.019540404158228,177.037695966953,175.04751530715492,32.54171826616983,15.38460084603348
2,103,14.296101385253898,36.47956488550276,7.949376896545239,175.44957869109646,175.32707040783757,33.23358905558687,14.172815982271205
2,104,15.526596917968316,36.97113986927425,8.076935837311309,176.8699232230001,175.1032739946184,36.13482965859471,15.122107452767056
2,105,18.475501943944177,36.331921226218064,8.572096534043562,176.9602267434365,176.02496678489956,35.97180048954751,13.82525746861718
2,106,21.74751002010132,36.61330524675919,8.025215285790011,176.99827458249996,177.16795024806677,38.49688038749915,14.0287429489127
2,107,24.639410884965123,38.02559543726817,8.622099637851775,175.2637884316581,178.60841001716486,39.93066924002969,16.272341878057453
2,108,28.710366505123975,36.11766699254175,9.3070644386327,175.89226373688794,178.31327935844257,43.03405361400113,14.597466633906665
2,109,36.76917048638113,32.756340908874805,10.488783126565794,177.75317760316338,178.3209981848873,47.95628453819825,10.881318498346843
2,110,45.290262727775925,37.308570951625384,12.566260624908434,177.37529254861283,179.85097182803202,53.459768631575095,15.188875568913456
2,111,50.071967402301816,58.21715565998287,13.21432741734259,177.44257682641833,179.23058586427993,60.379072112267146,33.04199066995192
2,112,57.904845454376456,77.85084249961929,11.41221726971036,179.78674927893658,174.8027563057502,66.05189423736033,51.65295814137272
2,113,67.54933854033122,114.52539418075926,10.54377138552676,176.43170953606432,173.70883243848408,76.17847705060913,81.7394950951419
2,114,71.96558657437825,138.68019558145488,14.98716462355625,177.67125412752404,179.9649168850976,80.51984616887448,108.61938531890551
2,115,76.35427604328002,149.85628176044344,14.417154712878054,177.24278879444896,179.64935044339788,86.09795602829615,120.73115664615736
2,116,84.59344087873669,164.22449086074994,11.77612967024949,173.52111542767597,175.0003270505969,95.33088086510276,137.37568678141102
2,117,96.89680195240324,169.77833275324514,11.882342038112895,172.38219284268268,175.60273039634933,106.56606172496896,144.73364029169605
2,118,100.33552412792802,169.73428243061616,11.329562292010856,173.85501274308783,174.4027562926659,110.97137618729674,146.5813374407519
2,119,105.61823458122888,179.44555261480068,10.031839810365256,174.8442654220894,173.06822099293194,115.92502800389737,156.25007250967917
2,120,109.73697231474466,178.71891675533243,9.142196607046271,176.59371500931175,171.18647575125473,122.27530157520285,157.21537913798338
2,121,114.6979450677582,179.70682948568685,9.580110903584783,177.50120563865548,171.6157510714012,127.0190232392677,158.12315299960767
2,122,118.75894286409856,174.76301444479665,9.44697762296685,177.30901685349968,173.1195379431277,131.25180092046557,164.17715534741058
2,123,124.90571524885624,175.12189200453284,9.909545196244371,176.8618443414177,172.99321236259695,136.38665124695066,165.01470237145045
2,124,128.61461981911484,177.66643224535267,9.204780884306844,177.53466519796694,170.47391199080042,140.04335397697696,163.41885672098832
2,125,135.2540022453142,179.5785499063179,8.8628696364475,177.50658088403068,170.3969407277263,145.47031071485074,164.29208009041463
2,126,138.79600681566944,179.36798616200113,9.063863135557051,178.0500068328237,170.82187763696123,146.86560208069525,168.04847449706602
2,127,144.46085057853267,179.43769599703884,8.934923140953492,177.96450407632815,171.14097957876857,150.67766079566945,169.37073100676415
2,128,148.61993035275918,174.5743708896886,8.268929800071444,177.23910196218802,170.1318963825528,153.4702215118306,168.34755050544678
2,129,151.61968271463667,173.1066903586649,8.09926055315076,177.1246200839536,169.46065819794433,155.48916855685988,169.66491326559367
2,130,154.830854671592,172.76727231759844,8.16842561755545,177.12254814221689,170.7438748553707,157.5502271801176,171.8830961724521
2,131,157.26800133090163,170.31398100678058,8.279156672674915,176.58387227415156,170.3497958736837,158.9411908627488,171.142046812806
2,132,159.52399644363683,170.0420051410311,8.16491210651076,176.290388003735,170.56201833514197,160.25898991890804,172.33343418942275
2,133,162.81852914337736,169.91009610321782,8.49981568604617,174.43453739027984,168.8594742228749,163.1480035402782,173.6725478996942
2,134,163.75012458916308,169.42898092915107,7.542896697481699,175.70538576034332,167.9242291578744,164.4700226490802,174.8291453417797
2,135,163.5761780042114,168.8122861392943,8.523874398024613,176.4711214118107,170.9837412143909,164.89789083679185,175.58732910827504
2,136,163.06009572663916,169.02633284721097,8.445561908541613,176.03115050307454,171.7947489173836,164.41819514187267,174.8725490586315
2,137,160.59806546029844,169.03652144190298,9.21638775532952,176.36046863988275,173.91483746897032,162.3810887696102,173.83355872483702
2,138,156.2866705354532,169.76387085352545,7.98356259206086,179.88067558115858,172.57498785771006,157.4293054885338,173.13578988340063
2,139,155.6578830677277,169.64783126165267,8.119291148854561,179.254452644353,173.8171366645822,156.8527264188999,170.68792501652445
2,140,154.60779726494792,172.83507804300748,7.643231014346081,179.11788555747577,172.3504550025745,156.593453588226,173.70874685733892
2,141,152.8058924929062,174.96576839194427,8.505010719824414,177.8747634114652,174.59244125867505,155.6574116366505,173.58190965620645
2,142,112.59580447587842,141.7253176848298,5.878312447549878,169.06731494694824,179.9282247062946,131.72913290593408,147.73634334954883
2,143,141.79434015988056,176.33625798012142,9.169684378952288,176.93536045537883,175.3662690742656,153.85215882246086,173.87173951208194
2,144,139.37708079201198,173.59711725042422,10.607266556984982,172.4903249929632,173.56100387585232,152.7088374585341,172.69342017330683
2,145,134.32334343532042,172.1991981468869,10.236071610729736,173.5115872803219,172.3496371921606,150.06785948895595,171.89029470629174
2,146,129.22140515620768,172.96152573089262,11.141508102996132,173.91353455417268,169.2489287093265,145.35852547293118,171.02250753982622
2,147,127.96344636418053,171.55641949167392,11.412670140280143,172.24438168403404,169.6410325246049,143.24548017969462,169.7018824414265
2,148,122.78460644490822,171.59518413548554,10.63732006545427,172.4435283088524,167.63410628176308,139.0169240956948,170.47821394954397
2,149,118.3896884681613,174.9127971344111,10.434476235163912,173.116302530978,167.97467392814562,135.16788277001064,162.55894952952212
2,150,115.66879745380186,171.6757883637651,12.265582836552378,171.052982071671,168.5409306547278,132.47439266136044,163.87486459644026
2,151,112.03061030205836,179.49057045549864,12.57118568763562,171.08733476535946,168.99709557366467,129.51361890324628,155.3315880120426
2,152,105.69709649844684,177.52664850236667,12.006961860811115,171.58938349413205,168.4919070906585,126.5662390889138,151.59338199814732
2,153,96.84760824438207,176.95984558632333,13.67829936476446,169.74844125571798,169.22359401752064,118.84905246225736,156.87956118102252
2,154,94.74911765714228,177.74667177332435,14.673713185831057,170.62742908972123,172.7298795861799,113.36369745594392,153.22795719400304
2,155,83.80120564546932,178.24733191284156,12.95388953431708,170.91223152454145,168.7422978649379,104.1117459532479,150.13330990241596
2,156,80.85570220903706,177.0086036646686,12.95417588131128,170.8414209846807,168.02723995180895,98.78303208933843,150.2583280752617
2,157,76.57801414208382,178.78273185038972,5.214275598277141,176.0645470600363,166.90934759281902,92.64217635249048,144.9302837571474
2,158,74.34320430100827,149.19584196981015,0.234376713766313,171.7826983111498,163.3586432069514,87.26853752647396,116.81926270004486
2,159,59.65215891041337,63.794230115756655,4.309011888630785,169.4675734602125,167.90035819667764,91.6796736442646,79.19022210762584
2,160,60.15623014760257,62.24782476069823,8.579413687499137,171.00135702313318,166.17179190912404,88.1268942428913,71.9518066427986
2,161,50.57883993014245,63.084765998038115,15.45527243242024,164.03216114603117,164.22564750564322,65.82060034750448,37.27876870250487
2,162,54.62064438064763,62.37538261246622,5.078651898797693,163.04688450433898,165.60148028443282,64.15727066122352,37.20886557947317
2,163,38.55089306100357,44.04991669246738,17.0465163842508,162.8101215759627,165.54709982467938,54.39759287387899,29.291985127518025
2,164,33.42852098511673,40.252678948557495,18.937386044802963,161.87691841450638,168.7433072157184,49.14650456792453,23.702144851920774
2,165,28.747440962617276,44.5693048952571,17.93676644164753,161.63055756075238,168.72736241547597,42.60986836026723,31.040590503721216
2,166,33.50721461306596,52.77812572938236,12.57177023352472,161.18132535383597,170.2046609324735,45.47110118720282,39.58627764386311
2,167,29.382815164109704,45.38957783294242,19.794064888295523,163.1615087399162,173.21621343869717,43.43118903828628,29.892412506925258
2,168,28.207929708986455,44.28491848497416,20.251795218935833,165.4336357885492,173.4679470098216,41.17730334755958,28.785649463551632
2,169,26.864935472398376,41.65831022491473,21.18649373082406,165.28814169666552,174.03832898393097,37.76782252816536,25.398797035560435
2,170,26.876980705303456,41.729804833617976,21.451306810740977,165.73452886249677,175.27639521016357,37.212825739464826,25.07693176415529
2,171,30.25472285924719,44.16892522210882,20.29462065962258,165.12702927291917,173.09404300590757,40.044551693429774,28.76137205702307
2,172,31.579646631732096,51.58871697127783,17.73565577007285,168.2188813378694,173.19988313531496,41.10447565985841,36.29238818976297
2,173,34.64461400035483,59.22109237679388,19.108397232789383,166.90460766451207,170.662143762089,45.36347815534086,40.98516844874016
2,174,40.710130722265895,75.37357160384393,19.33602918600209,164.8954732061958,168.9391334652966,52.82885926676893,55.49522029199109
2,175,44.33694798824936,89.987026107044,20.314363217993847,164.08108441213318,170.06317538464367,59.06562043076747,66.77101559040887
2,176,47.90063810014906,118.55543141189544,21.24248119459559,163.0343101449725,170.38038077445623,65.48561160690492,91.4018989866923
2,177,52.74463742646587,156.41461069084642,23.878361374207916,160.73448111285526,172.92819093076443,70.5137858146223,126.10769786105162
2,178,59.81394222162626,160.36282568881668,22.736433859262156,161.99695809039494,170.4239578961647,77.50489733986143,131.32499007067858
2,179,66.70980265964259,168.37699691057202,23.655207091193795,161.4015468762766,172.68907334088172,84.32000760608646,138.408315884091
2,180,72.08162935193539,172.72145307757395,21.761264510203738,161.8263036141905,172.80632841185692,89.41963812194831,145.60221253543045
2,181,82.69549539257413,169.06733583171902,23.1382713302652,163.36739180262592,176.19902434236175,97.62783530343452,140.539756009202
2,182,90.53952529358251,179.62895327136877,20.981765895755743,163.45504376429662,174.02561712965016,101.01982465780814,152.88689612445592
2,183,95.1846896806424,178.00853452790008,18.727497920474644,163.18806783132794,170.9241329050356,106.0123799651974,152.8513308053333
2,184,97.55997835927197,173.07700480784618,16.913760848140114,164.46121709799866,170.7213026213024,109.08346878530332,158.3395937589955
2,185,101.49148665060068,174.2970619261085,18.168648876433576,163.9836681106201,171.87495285365054,113.07306569012376,157.74693609443042
2,186,107.66173917588384,172.95897015257927,17.247499958948314,164.69142180458402,171.0323226785341,121.382437106137,161.1874214833732
2,187,108.90352630113296,171.03335320333122,16.226901251315518,165.65141146171862,173.03201575030062,123.6859473042259,162.86264084438017
2,188,114.38670272620602,174.74761064652964,16.360672082284786,166.42519811693663,173.20346128726595,127.2788179236743,160.97079326930262
2,189,121.208621401564,171.52672731080415,16.72041169007033,167.89614793346482,173.5470316321143,131.31287718997973,166.54904515550888
2,190,124.74885131090944,171.14506878577475,16.336818956909184,168.48773073719588,173.4764024316422,134.34986762329723,169.50379719324792
2,191,128.0128535339513,173.68667045536654,15.598164393919834,169.94547343285967,174.39186808147852,138.40741634330206,170.16288644707527
2,192,131.67889204086632,176.28152440225782,15.58803872462488,172.1916663038996,175.8034414331892,141.60963135891276,171.58372463186436
2,193,134.645289287513,178.78391759937682,15.544341160630973,172.91328733453636,176.00100324263917,144.23575297321716,171.06181317241004
2,194,136.72113115017183,179.99542270154402,14.784229162044664,173.0849137592766,173.694847081389,144.9286431525416,171.12086895751335
2,195,138.982830421134,177.29623127344453,15.019024868486405,174.15405280682683,175.3512725630989,146.66438083896114,167.70298365683843
2,196,139.620025366334,176.90549737562696,14.600469813929106,174.6233800401378,174.95351784829964,147.2068493973967,166.90246970235353
2,197,140.69729030536627,178.27667061513247,14.683673781976193,174.21849173847804,173.79853434067937,148.74232431907566,167.96897958946727
2,198,142.16912367012654,176.5711100187358,14.255318486859936,174.00399366116378,172.4199573195902,150.62768892217255,165.70837103941582
2,199,144.59999302363727,179.46122776109829,14.56953957371123,173.63690106872485,171.11796076487877,152.12819775212864,170.28184347762038
2,200,147.32035945035034,179.5069073606634,13.40183176896538,174.41505750184584,169.68686830652263,153.8347324563607,174.56095036745634
2,201,149.50015151070005,179.69675436242608,13.901619882366978,174.92187133607328,170.93265971226324,155.05601955947895,175.17531756979432
2,202,150.6933070542126,178.83706076031677,12.55576272212106,176.23303177218153,170.24076441542223,156.47260929170272,176.009072238436
2,203,153.2391036889124,176.7798810625854,11.496335625251268,176.78073457122116,170.5260983695926,158.67754052739144,176.48532626627338
2,204,156.51733576337853,175.06056549103755,10.452388831750806,176.62838951975476,170.15178832906116,160.99236038353646,176.57948406263853
2,205,158.39524927279467,172.4968244960785,11.872639763839317,178.58393819718864,173.04965352124296,162.7637074116191,175.6307609860686
2,206,161.00001698979543,170.4513445426646,10.533139263031488,178.6434449371603,172.233524133431,163.49105354116944,175.55064317705006
2,207,162.7568417328249,169.61377511271584,10.913188258647205,178.01417747517493,172.64622994014988,163.7203033685681,175.76492039817887
2,208,163.76225439810156,169.4237335856375,11.11936880389775,176.91099957946753,173.5553670561336,163.73723315500078,175.8031336055819
2,209,163.97145781332148,169.24967731493925,11.654747679398763,176.59915714752916,174.4196019603569,163.30669698369763,175.68917762208525
2,210,163.33073597250646,168.23663749065457,11.295377565109575,177.9227781347304,172.99026726793636,162.90535831921426,174.83685453945895
2,211,162.56693334977456,169.57848135819916,11.40415970946964,179.25759880630562,174.71118948112348,162.37150484858213,174.66943568143063
2,212,160.83882367033942,171.65500866099293,10.108049041230744,179.5585419854315,174.6851638873804,161.50069337005263,176.50254301109447
2,213,159.1412648251635,172.57431737179004,10.636647720663415,179.79471062923426,176.3822268056016,160.97606195672046,176.35291855823652
2,214,156.53110481831766,174.36614679782798,11.039317765910308,178.2283724860339,176.41353952476365,159.71753247766657,175.95818104528593
2,215,154.60365743182092,176.4040133315439,10.80743342446768,177.88698465694182,175.6756434893728,157.99990891692954,174.95504433075308
2,216,152.12605899134064,174.90746007577505,10.669554885987278,177.3212917777357,173.73689962412558,158.23723479488325,167.95346513464744
2,217,146.3114046133748,177.1776922340384,11.129056581772748,176.49501786509774,173.43487446813066,155.44173412909493,167.00866181949954
2,218,142.27190036628713,179.33566635371352,12.41370628318041,174.25254078794325,171.55132397235255,154.116725979353,167.96656487510052
2,219,136.95918430983463,179.31890850708004,13.138502921186664,174.43373874233495,169.9274172896457,150.44880883120615,165.83456488820687
2,220,130.6529493722219,177.04473606557008,14.135810677763256,174.3479157151665,169.543841901054,147.01219608743122,167.78364333447502
2,221,126.58878670999506,177.01933639434696,14.54271291688851,171.9874080815035,168.44747288451623,144.07157676290305,170.80797043258585
2,222,123.2657453111904,178.32476780996623,17.319426480615103,168.98036361412244,171.802149838238,138.94097552769648,168.23865475612703
2,223,120.5067659645539,179.88333957432604,18.59250381523761,165.83935627359224,170.41416756477938,131.88579053129246,164.13207614968903
2,224,118.23561992216273,178.69059892071655,19.982746903569957,165.2536038030404,173.71825073391022,128.48854369069173,163.6603528347221
2,225,114.2934978037738,179.4826904676541,21.083097744127308,161.63913857119826,171.64934511599012,125.45989305889968,161.55422224515613
2,226,110.65446710305687,173.17364359555452,22.154113148301,158.25722025337404,169.41395608243292,123.58262433356424,152.35176756429962
2,227,105.70745042304154,175.12496230004356,24.467349653729677,154.6989754948197,170.0316044565934,119.75693823633578,152.01592156632006
2,228,102.0687203951916,173.4602533964916,25.55421806855776,152.9242801431266,170.1965829530581,115.56834534919484,149.75793382986714
2,229,94.6109672914356,173.38022119424895,27.689320142800447,149.79268450012066,169.37884228171347,107.50744515350463,148.96889166779368
2,230,86.66017033687096,165.17388993076315,27.300923054842283,145.1595291153298,167.10681903125794,99.9823813913235,143.0018208447002
2,231,81.21257554495878,145.35219594546962,28.753546642245304,144.97385576252685,169.9308826597963,93.56053753914148,122.39953861739076
2,232,73.00318866514529,141.5357964679361,28.121525854044943,141.89856719332872,165.10029793962892,86.24811646780961,117.9961384445027
2,233,66.50396796286793,131.98376720844772,27.75890878472449,141.06238488511835,162.27505272656583,82.55653870174162,106.98438238121396
2,234,57.64864299183522,90.58260123209864,29.328225038756305,139.05845050383027,161.96076910960468,74.73447963327466,66.12492024651564
2,235,51.86005678155973,80.36115405778581,27.437269691308835,143.0991822150202,160.43844048779852,64.5664161490622,57.23293497080244
2,236,47.060485149448574,61.96566246110568,29.061415609858106,141.43644457019076,160.0563579964281,61.4505780095655,38.813970661036045
2,237,39.66613075227315,55.267659023724896,29.09013120602083,142.1699018679393,159.3861283936633,53.89612517635387,28.586415829776644
2,238,33.934084495790465,51.1614128465994,29.760769437100127,141.0432725710602,158.6007013749389,49.543576103989736,23.880358165617984
2,239,28.849777580839337,49.64442440365677,29.974325324071287,143.03529452427557,157.53236793715752,44.44639674049353,18.545476191003186
2,240,22.937365200845782,47.46066828816656,29.302691010303977,141.46035239029945,155.41111178392913,40.82098420769782,16.845044585620908
2,241,19.606472262920704,48.849554040188785,29.389643166912297,140.2378965632516,154.3668392197104,38.30034220686454,16.855319237379387
2,242,14.91645304122257,48.47761684972144,31.30847517976447,140.2666873553867,157.24582279117703,36.346131007031744,15.544524870030935
2,243,10.681467684026574,48.918813239324976,31.27091246911596,140.6139330132489,159.8968576308507,34.710143854802226,15.231706820077552
2,244,10.328028167638298,47.8387762211259,30.443623697476028,142.1162263274084,160.42726048451306,33.6202237949848,15.495719154556443
2,245,7.985045493725337,47.84721368676932,30.80004432116836,146.006435735473,161.2755149505914,31.742603584181605,14.993142824562703
2,246,7.684300667633956,47.57766846052223,30.315878290940493,146.56211021108703,161.8614656269295,28.950891825573045,14.393124529875635
2,247,8.752693815119162,46.68653853916773,28.835244384805755,145.99648332194354,160.2168907705199,29.06493722530353,14.497520023340464
2,248,9.927745433659714,46.40708404162397,27.74478584031174,145.21737422916408,158.4424637955332,28.875483858681164,13.479177565062876
2,249,11.71151611480155,49.28025595889296,26.62353209902829,145.4497050382736,157.6867714510895,30.774937826644855,14.729386077522914
2,250,13.967907298135202,51.00548800960658,26.123225511690062,144.91270672842097,157.78086704675974,33.82169482363344,16.440352334438504
2,251,16.824872736256882,51.89051525536024,25.007057933108,144.03256675117137,157.8963462937475,35.6747588231085,16.39506208159356
2,252,19.69177190390894,56.23534145604356,24.870748785078277,143.75590264898975,159.1956824973905,39.19023937079369,19.912698472511813
2,253,24.850402633711447,64.92469157083788,27.657769035175843,142.51300426399786,163.10436535028103,46.552465986526705,28.069999044362778
2,254,28.07413780877051,64.58995586503767,27.865919474546367,141.58073856428203,163.88672143913257,48.75643222605873,29.367463903158512
2,255,32.23941252400612,72.83219544825464,24.121221997382545,144.14311950855543,160.7144961028214,52.86071831456259,37.84164335852532
2,256,36.960556154925435,83.45070898354902,23.521021971730157,147.24292190854771,161.9013379248297,57.47210244950573,46.04137675802532
2,257,43.68307783929799,111.18488453931867,21.6659702964502,147.4737947646174,160.00045162433543,63.13239398612848,70.50318084549123
2,258,46.95416657283661,134.59097046137768,21.54127315280017,146.61940400330744,159.429375364809,66.31511856379547,91.5190659938173
2,259,53.221021215653806,151.05502502221276,20.351244302038996,148.48451524671222,159.77569297604006,72.40575163302326,107.82013649908528
2,260,61.37434687724435,156.17353907945878,19.40168252763755,150.83469433276298,159.02400818899804,77.90518782331438,114.60836523337058
2,261,69.9286378471021,169.2778832787549,19.926012342324395,150.51123826520654,160.82158373129,86.27637447297339,131.55947277472208
2,262,80.03018320997548,177.63707154892916,18.995124932933862,150.97713069560794,162.0653012468577,95.03643754082564,146.56919850045875
2,263,88.12623656705541,176.61452435401313,20.140842245095513,150.12949582724448,163.17144930045217,102.82448810813054,149.5462430983317
2,264,93.54778398169324,170.676028108215,20.52988575073857,152.2537129666897,162.48921674143062,108.99608159339688,157.15099791812813
2,265,98.61196892914882,168.10069656955844,19.51385167662232,154.11032125797635,163.36699013455458,114.6808926405256,161.81942186038185
2,266,104.96723132539758,165.1390138474368,20.146431418250412,153.91107202879937,164.31430352995258,120.31029607923858,165.6951717064745
2,267,109.9175414565128,163.97927971399213,20.663983961865927,154.7002659743607,165.81708691934352,125.14445004487462,168.80972151139738
2,268,115.91735721570768,164.66754630606815,19.32282957708411,157.44945792425983,164.26442307598091,130.4079271634382,170.80647230337718
2,269,119.71416455410616,165.48648822112503,17.748969584497743,158.46514862301223,164.96089732748365,133.52095203559466,171.68735896711246
2,270,124.6895451036986,166.761188419767,16.682080252730408,161.00289392072284,166.2329714560097,136.78215976129397,173.48889052950202
2,271,129.28779439953095,169.40250515123182,17.28340493299338,161.37670482918224,168.5679692746961,140.11359404390308,172.67491766155896
2,272,133.4641994584572,172.9152847214161,17.753821967240775,162.18712865897453,169.57837913801623,143.1839563530272,171.14623119768908
2,273,136.74355697706642,175.7965453501352,15.7620746516177,167.26532807790565,169.64744195971113,145.6590499143721,171.3306632798288
2,274,144.99369410753587,178.62976146968109,16.331349621525103,168.12304199926845,172.5744271885005,150.37839314422234,171.6953023940835
2,275,148.31791845669196,179.62554909436548,15.50661848336276,172.16552711491437,174.22712797411006,154.23997594336333,174.53164298435783
2,276,151.62824554038124,179.66531000784292,13.397352006793284,175.23288936270689,175.05632002143648,157.11667565180747,179.2103803306329
2,277,156.28458302845524,175.17264382125725,12.295594097684448,176.73973262193184,173.5087235093107,161.55653321161688,177.19961235690104
2,278,158.56800606929164,173.4689492609264,11.411905750737567,178.80209123669155,174.2824567430042,165.03420877632402,176.91512796025256
2,279,162.26940168913598,171.9593532438539,9.898118076575466,179.3496149852667,174.6791541392005,166.2835462379114,177.6553190521235
2,280,163.99675710723085,170.30333369524382,9.226257602494243,179.479750582352,172.6784411378177,165.26651434208682,176.78388938529122
2,281,162.8725966185089,168.60129146402113,9.712808097944498,179.1543633791927,175.02782180182476,160.9358913366506,174.09509083708713
2,282,163.2387482521018,168.50677509432447,9.640125043527735,178.94925944234078,174.75858430477294,160.93565871568427,173.7807557090172
2,283,164.49556301928482,167.2875620199699,10.017799363294728,179.53074585462912,174.7929777105877,163.11025355176406,172.71854091537733
2,284,163.63508325793512,168.14445023580802,10.198695942124925,179.85516453250253,174.85843105293702,161.10972729471396,175.21589406593023
2,285,163.7877623119567,167.54550026032908,10.190757609883546,179.51060109493764,175.21708476281754,161.7174103223092,175.04784886555996
2,286,165.15624668388332,168.1242616668795,10.05304389543635,179.6117501594842,175.35439404324927,163.5256361233623,174.95435213043552
2,287,164.86655149901006,167.6053113178233,10.124294184659275,179.95531379300473,174.74139003907055,165.66810274065372,174.79639514051186
2,288,163.96411987475383,168.63411800098277,10.08852337032354,178.90730790361977,173.23344146735113,166.99139876547807,175.81774638847276
2,289,164.26643400695923,168.79229089522602,11.113041245203735,176.82128959422803,173.00978789402973,168.62529796749965,175.91961381318816
2,290,164.4283632250833,169.9073876043408,10.693496670070704,177.06909455853136,172.91254529739467,168.87040957375112,176.3551041759081
2,291,162.49095765832635,172.13040959589026,11.017015332143592,175.43687409704054,172.67375481038798,165.3727290128116,178.69246501722793
2,292,160.84452876391666,172.3214252615379,11.54554905888102,177.09965791748678,174.9176377298155,161.40863910502668,178.09905435086498
2,293,160.30842039462584,171.56148134205756,11.380655098665812,179.12983888945527,175.48532316336568,160.00632248892242,175.71285216835682
2,294,161.1825836020728,172.13376798441888,11.459730316777462,179.66239477552034,176.28914605555838,159.6494675992034,174.69027840610394
2,295,160.87282568330127,173.00629517197387,9.887538810653131,179.87083087516248,175.6736943584256,160.3938722705538,174.1392485399622
2,296,154.69380522852185,163.21443879471494,5.148037406727586,176.63269334938462,178.4130088049213,153.86941793042809,91.6824706190812
2,297,168.19932939884265,159.689206831206,1.352019586308249,169.10642868080112,175.32344136299974,166.3840915316928,154.7747893131026
2,298,171.0670200265004,156.79278506981754,2.0154709115317924,171.41648860617403,176.9494422174802,167.34315206309932,153.91172692937005
2,299,172.9043950282238,152.00375056612094,3.4752270232037867,171.56494939541977,177.57089111398847,169.18994314232543,150.22452178122413
2,300,174.81474603231618,148.88712284379417,0.0820327646471482,172.9129529759353,178.3839891109202,166.77180406999926,148.48640814982625
2,301,144.24403890832843,174.15651205276592,6.485249991182998,177.18597459328265,176.45974516120134,149.6470833941026,164.17527552287513
2,302,173.4263226622882,142.4726831246991,1.210898224272599,166.75050543782064,177.70489969944313,163.26942590465976,149.9281614589732
2,303,138.66507835310364,174.24923416056183,6.760744156494158,177.69236998334236,177.4558123704303,150.61290167020348,161.61862360336227
2,304,131.2855129802358,141.33011870627328,4.984648145693626,172.37013119612732,178.4118391750959,143.3265772144022,138.65445347027256
2,305,130.063942475306,142.6771678108171,6.878914437482267,169.07983301670137,177.7977572627845,140.93142346941255,138.94301360255713
2,306,127.61573157200284,176.6196559879597,11.871721551069715,175.27896983976507,173.0129655680633,143.3443682925873,164.87098183867346
2,307,124.70257539418672,174.2004498552933,9.615084996334389,176.69937952547343,174.6723365882728,137.1292272601796,166.73198393629036
2,308,120.34747906843512,176.39906474076523,10.950952417764944,174.74724996529494,170.75911354400048,133.19110665878574,166.87161907124545
2,309,115.41647531480214,170.82830979964984,12.402967957834072,174.30844954811437,170.84309750318215,128.32896141113324,172.57488616340112
2,310,112.10645258894768,167.43616424734006,10.566711714825908,175.1567483550822,168.69955273493156,124.32068719496992,176.12871509770423
2,311,107.81236460428754,169.12564831542176,11.777011268972233,173.51795747740937,167.13806455901906,121.54669900747936,175.815469973001
2,312,103.683007199987,176.5877494692713,13.24267372043522,173.28720614224218,169.6012001100359,116.60104135792947,169.02207831326854
2,313,97.49684002360353,177.88385939857903,14.953319406581093,170.71377987975814,169.44872626576216,109.99745620737215,163.77847039473363
2,314,91.63650268346404,174.02704885521862,15.447798759105362,167.76181643796738,166.2880624961413,105.09064856472212,158.46964696898056
2,315,86.72264302228173,167.98641575155042,14.688390484122197,168.061107605833,164.63818713054724,100.3642607059899,148.753396158697
2,316,79.35107207577262,160.7150172191892,17.07210408642278,165.52511815036135,166.07792827217307,93.3782293096313,140.2825381577087
2,317,77.09664544977129,150.78513305573938,16.264990647583016,165.2466262802397,163.8617910290844,91.22628755367634,129.45686603218536
2,318,72.43411454985477,145.04151823403956,16.357331283405266,166.94678994399052,163.50316600410946,87.27666219079458,121.62828757892746
2,319,67.2990276786607,141.01808542519078,17.442986006980522,165.6125966707152,164.28547401567948,83.16882170171009,115.24291030329702
2,320,62.46375839792036,128.1225997402753,18.36311449031093,167.58617318224765,166.0582157995195,77.63022508240505,102.1195050757006
2,321,54.7692507382204,118.73469295145084,20.383348207168552,165.40550345258666,167.1759841797945,73.03532258597558,92.47268782601628
2,322,51.8890829446694,148.538047659128,19.967940568500705,167.94033468552414,168.51167808275528,70.47057834265023,114.8095433115968
2,323,47.57804749515324,151.3365226390619,20.746860649238968,167.49899440263346,169.13529201634066,64.7484746124373,114.50170902181056
2,324,42.49460140591299,154.3483343025074,20.23340904209802,167.34418289018515,168.6884411359573,60.30702044526656,115.54634615721304
2,325,37.743062896605814,87.51591792281371,20.06521498891921,167.7731345515513,168.35030686813613,56.18558583299631,58.18028207763995
2,326,34.8645629239429,61.56520291947603,18.114154847721803,168.4599532799661,166.59459983218582,53.51227568409198,34.910843184526975
2,327,29.91053762960607,51.16187161305428,17.33123989570983,171.1104402442107,165.73567537914673,45.83269086850973,25.997982191528507
2,328,27.18355634977815,50.20779542881544,15.227157598871862,172.18911846269577,163.4561709339866,41.15090209857209,20.288474379081165
2,329,25.38767192443575,50.10722762206724,15.072703255574364,175.01835134917894,165.13804640146344,37.95333793918793,18.637465845238182
2,330,23.54633432493276,48.57958605440977,14.242989787519589,177.1382448780885,165.9406110737559,34.87655486797761,16.234875476979823
2,331,21.75477649159807,47.64759897949737,13.767355329860628,178.90698457169267,168.29827687851883,33.782986061427266,14.26002696701275
2,332,17.37371529638994,48.44196164113652,12.974030391530414,178.674199289272,170.3613735539533,31.18473187645064,14.821445636653191
2,333,14.141219860205242,48.16478744847282,13.27230300290365,177.30009878955684,173.23699973433125,29.27520871148121,15.331287821012191
2,334,12.63208398551631,46.69543376682578,14.055285575761484,176.2803081637177,175.16249242507763,28.499435989475085,15.32721821491136
2,335,10.30012118079238,44.90440978979392,15.180129047172656,175.45960585818946,177.10540404939587,26.300464109585743,14.29121439151878
2,336,12.02602232934585,43.835417677132114,13.790794765790976,175.84492556169468,176.31221895756676,27.70630829381796,14.488030094718056
2,337,12.888203798160909,42.190926886149455,13.40331014542527,175.15532535942697,175.2535319803691,28.924827772729568,14.401811906861314
2,338,16.56376827259919,41.150709500957134,11.74136959092998,175.06168935821273,174.89279782871887,31.676261709104285,13.528813468370396
2,339,18.362734723419116,40.77363771716776,13.1003261741783,175.37586630775166,176.7082228700798,32.23817824068406,12.17300324859504
2,340,23.28010001790889,41.35876219077068,13.314372695136155,176.40090046350076,176.06471374410964,34.994848274647545,12.282878017841597
2,341,29.463539347079752,42.4414943175532,12.889283711855333,175.69989745224538,177.51915876037606,37.75420327264161,12.242320242840483
2,342,33.94872734475897,44.069955361309766,12.860677802876028,176.34297167576878,176.20661079170725,41.51594786040325,15.88043091106267
2,343,40.18283482343355,44.644758409642286,12.390977422091336,175.56855327000744,172.97933062105477,47.057072271189575,18.44742918691763
2,344,46.26376166748749,51.097071745351,12.603885867638295,176.61072424624484,174.55074222788105,53.08917495849813,24.230235928917512
2,345,52.18873033654588,59.96240703811442,13.253497129039497,178.76044371492193,173.69802961808114,59.239878839703465,34.07145030999852
2,346,57.755919933241934,73.21483700913019,12.165258623515276,176.31034902901112,173.3688801769755,65.38834540279778,46.247492786080386
2,347,64.84768595214267,155.03718767217032,11.859467709429891,176.51504744998758,173.19177693248793,70.86322640411542,125.22959256486992
2,348,70.24655646511984,126.48923333916208,12.177203332996324,177.3435668693406,173.1975390229279,77.12768679859957,97.0043959051468
2,349,78.16862403791029,132.4389491454973,12.245141516906742,177.5345973399097,173.063301785706,84.7499712638306,105.6991847098036
2,350,83.28000050708593,147.65018401500288,12.510791237034978,178.71287047160382,171.30637200904746,88.92931895202416,122.6710526798302
2,351,89.83385102612198,160.34729833912115,11.97526650098175,178.38318182132562,170.63985813284398,96.77863928426753,137.8620633821159
2,352,100.01851366360988,174.40279263660878,11.225721756840285,177.8193440855811,170.30380066612358,108.8617215197685,153.66016688528148
2,353,105.49985190203498,173.73122329301654,11.842531534573297,177.868259669343,172.36666720236974,113.09597231459028,155.11479817838688
2,354,109.3934585247788,175.47312736424522,11.147037525612456,177.32674086040282,171.51255977590446,117.73790646699618,158.21057269634804
2,355,115.82572669859884,177.50639235573166,11.66209276833531,178.52051038406776,171.4421712399169,123.68058535994656,159.92257907655025
2,356,121.08477681878595,175.4273293899177,10.584619261889804,177.50906331336287,170.92233231650448,128.8847456541554,158.06042028882158
2,357,125.63686108866212,176.44415680841067,12.45472287210444,178.0629631930704,173.6837945191411,131.9742877206154,161.3842776356216
2,358,131.0225282735505,175.95942545479113,12.637957065309946,179.29346396982822,174.79435900930977,137.19372070519657,161.77492868533832
2,359,134.6580603518799,176.26693835353936,11.164244491415662,175.83554054479274,176.67556699956637,139.84246326634394,164.36052085312352
2,360,139.28169440664053,172.2676241381911,11.143152706692591,176.39867523393298,177.10061801709426,142.9029852252524,162.2328150710172
2,361,145.21914120051468,174.07105196104865,11.444364052460452,176.377879274376,177.40083353277038,147.97216157272024,166.14857908314372
2,362,152.80627295375936,172.68211799445933,10.786827930716248,175.40059654257303,176.54463437641266,153.2213911740344,167.32581783447262
2,363,157.87663856654035,171.89347832094742,11.1145743600961,176.47429221108723,177.54543304136024,158.10171341511557,169.52459559420225
2,364,161.63985976162738,168.67661701084162,11.247982285808904,176.31852184657288,177.81946272720296,161.2905244215104,169.49410655573817
2,365,160.75019609590657,167.8807262938462,8.84430271944515,174.41877304323393,177.72146197354937,159.7636268358631,173.72311659339266
2,366,164.51772049644808,168.53508973505708,8.870103804634429,173.74121498177146,176.81668772118735,165.79640482982091,175.69016514319586
2,367,165.5451449976948,168.89847746218342,9.42249360398339,173.7720792101899,178.15556266217567,167.8714347459745,178.21871009195092
2,368,164.37463224191356,168.0763233588932,9.50429258953645,174.49976372253371,178.22692505951036,166.40233531007172,177.14641003644502
2,369,164.59575351933216,166.88641224591876,9.481252048562418,174.94535776806487,177.69681193601218,166.98948198746962,174.9860319267565
2,370,165.48822000298648,166.71816650447357,9.393673686541252,175.61543073151438,176.6365430741733,168.60196874716942,172.71965691577125
2,371,166.40230072829164,167.16980373174346,9.197536221037767,177.01004293558574,176.36356545949664,170.1829467651674,172.3541479295319
2,372,164.83406699268878,167.16384774665872,8.680589969344807,178.0738782419444,175.92257952419067,167.9149303441848,171.42907832157968
2,373,166.8332984610629,166.9818477451168,9.071837313562147,177.14689441200773,175.45165924409363,170.79660199638172,170.4702132639383
2,374,167.27852241563494,166.92881277857128,9.547018489421724,177.13252692351276,175.4475779948931,170.9710167567294,171.40093123970954
2,375,168.27034228740183,167.41905438502184,10.483569049384249,177.71851740555007,176.29990685821494,172.46126711801475,171.18714880216896
2,376,168.20573299434872,168.1156898231259,11.220678088287528,179.2247104397924,176.1919182056133,171.46251963955265,171.377193017459
2,377,168.93421756641249,168.65794530148423,11.05477883969434,177.22408273711437,177.75265159812218,171.145203315885,170.06555702476143
2,378,168.4008246688712,168.80139159805498,11.097755123325706,176.3767686039062,177.15184806181728,171.62378752178378,168.47933995633932
2,379,167.39569325616742,170.6144830691867,11.78657451026586,177.2593116153288,178.04101289237028,169.25062562823817,169.35557257160548
2,380,166.41085106358804,171.8842159182231,12.170779304741082,176.74942951538085,179.29437696078384,167.83373143778033,169.9893133547841
2,381,165.0193569705657,174.8926707959989,12.081972148213382,175.78066914630716,178.66889933569982,167.22814757367786,171.87223343693074
2,382,162.4089785352311,175.87919952361656,12.341952363708875,175.26708143086006,177.85171321548046,165.56803892027617,172.2006960400353
2,383,160.3044775105976,178.51618060800135,12.034089655028206,174.57307956345556,178.6205146471808,164.1368475389557,173.94088409356496
2,384,156.00617023426568,177.30742678504384,12.615416925138511,175.753460665151,177.90887377534517,161.59924490824585,170.68586742603787
2,385,151.26254120032286,179.58703749112087,12.773011921478876,176.09815211450424,177.34704532958935,157.57772850491082,171.0462020778927
2,386,145.24438411337806,178.917785688986,12.10457109406594,176.14910283418428,176.60871820532336,154.40968276249217,169.59275380823806
2,387,140.29475593829645,179.4869260358296,12.95009041952914,178.14013883087475,175.45994651586608,151.48221480497932,168.0927171325593
2,388,136.1668735582547,174.6555927950008,13.368732700305909,179.32262975440324,174.71080860387104,147.89286015631552,161.41615502420598
2,389,132.03631659680792,175.1584509179138,14.159148587100884,177.48582200142084,176.8048406252071,144.85133634856012,157.71173544529995
2,390,128.44862259031606,172.85105055829044,14.283610903116028,176.2499013081539,176.27816279107546,140.95467787147584,151.24477540901276
2,391,126.56454136024472,170.24842648153478,14.602554461086912,176.3121641472767,176.0236298403749,138.03912410743288,144.15655802450726
2,392,127.96190652184198,167.76825966771818,14.436863539493054,176.25738514562428,175.01463101008264,137.22766906912364,140.95219679527102
2,393,132.67931339055224,167.64424294712538,13.79868968558714,177.57964245995265,173.97157315123454,139.87490554750534,145.10212181905797
2,394,135.487195743784,167.94132050034298,15.49276152653511,177.13883917653868,174.40620026670376,144.43719775143197,149.31731119660495
2,395,141.62065786649325,170.18935965673288,17.467735904624103,176.220453067901,176.40515067972947,148.78863071503912,153.1281411943455
2,396,143.5109109717991,166.97879433823957,18.609099916363142,175.76712792113096,175.6217331725628,149.02912933486175,149.9786048619417
2,397,145.1685142249597,166.46829943061,17.60275396850347,174.50262350203764,174.22421290153125,145.61388713996516,150.01299483367904
2,398,144.00370289740542,164.1354032627871,17.672295869072556,,,143.14334893438732,146.2354037039606
2,399,144.7670396773027,161.42383185324906,17.40476330897158,,,143.098965840796,143.01782759640415
2,400,142.10218080180542,158.66200097173382,17.11101088528205,,,142.11521407801348,137.99440835351456
2,401,131.7209531155541,151.5704207433444,17.400413732431595,,,123.53484514012126,124.68853065347558
2,402,120.97738779412136,138.1598840011148,9.312321430242523,,,120.15904670434756,107.745097628645
2,403,102.48196825515058,119.91387069535254,8.873591267843636,,,111.9112683223938,81.12417451046842
2,404,82.65345262288429,90.2413189538295,9.441265849690572,,,112.5936568726038,53.53959772698182
2,405,58.98735703142411,62.12278730784136,12.114661074731572,,,114.1473512423604,30.672916013353372
2,406,46.01085588094933,42.568482330042286,19.350319805064967,,,136.22815737741485,5.5098662041468005
2,407,34.613162679987916,29.97171073178506,20.17728912173734,,,148.60130816883446,174.07005493225617
2,408,27.19087064207468,25.573377919929097,19.738799378312105,,,162.19058604116302,177.65468575213498
2,409,19.543846465217253,23.11239718626702,19.607139142026252,,,165.82597417271302,171.48332856919228
2,410,14.712257852956448,19.977788376114365,22.31262787961902,,,173.641479655884,173.6082142272983
2,411,12.979280498501009,18.11732399670215,21.420461898098303,,,179.62912698283287,173.5839530910178
2,412,15.319767532100132,17.177939938062377,21.5474312144131,,,167.2220657497859,170.899424968032
2,413,13.779826776603125,13.75373192769685,23.717441512339892,,,158.59978838591076,171.98545311740793
2,414,14.104741697486554,12.757172446213826,26.115343360157336,,,143.187947859333,171.8358230964201
2,415,15.599294648869137,11.744015951484927,27.414933550999137,,160.99384584472193,125.67309034658452,172.49346411747797
2,416,17.070278254183986,16.932252502577242,25.21283502955741,175.23970935099462,160.5400112713825,100.92977986893943,162.3396408903196
2,417,19.631703551897807,18.166326426055576,29.86279668241312,177.29104718546623,161.96829967961526,88.16284967660239,157.7256806597511
2,418,21.227260697542334,17.051513948665264,31.91497172319703,177.7481344826515,159.08031708774905,72.71498515265823,159.4096646182255
2,419,21.52653570318576,18.233335050040484,35.5784996502793,178.88952286959477,165.5673388969334,63.77140833751471,153.79480041766962
2,420,21.49722531133039,19.707080981597592,38.79861731109147,177.12969594364304,168.2176369508169,57.14316288284617,150.81471498616554
2,421,22.686526816004633,17.757607588506463,41.02787628248516,176.27921574386795,174.6456894468643,52.10519551191115,153.5963941567915
2,422,23.320936870388472,15.915734604394736,41.89057357911331,177.1816319263256,179.2908485815841,49.183447507432234,156.33837894431483
2,423,24.2635217912048,13.935470959518186,42.4417689862636,178.01530081448377,178.58687929717112,48.8422715886247,158.12731813786743
2,424,23.178667008054745,14.94423802645118,43.21388856848855,178.20442225926462,177.54371850378058,57.39573213828179,155.20643648317252
2,425,21.17901594207274,14.803855904292016,41.96810833525458,176.61767258198512,176.78471274543998,75.25650570772078,160.03378506011515
2,426,19.554830493785467,14.232503431585275,40.55320912912824,179.79231345822123,175.30239400908664,105.21368349806642,162.58665304655426
2,427,13.554713562067962,15.556517975400686,39.413377117674955,177.9695187003718,175.28346766813104,149.00225108561276,166.31967323998134
2,428,13.536893583106943,17.59907931906517,38.45207855759414,174.50594957811643,175.3650272289193,169.4598235873218,163.2843735231976
2,429,13.728804796077348,20.260759946874384,38.27373108850808,176.00666286219084,173.60420517509112,170.9743746870552,158.61780484424796
2,430,13.819461493930678,19.001836534838116,37.41141491175165,173.90864525596328,173.30951887562978,172.523850126686,163.3235267913129
2,431,14.19157353563848,20.389473416999135,35.619759188552635,174.04175978302737,174.6081437316788,176.34219509540213,165.78670339529563
2,432,15.038102833285086,24.9862695734585,34.9238646498449,174.83687247318156,174.80470427721275,176.39106494932898,161.60118556506663
2,433,15.741928399468552,26.5504475304644,34.2641588743823,174.2314612359352,175.742092252842,176.61333287927442,162.103031380084
20,0,176.10088223655825,160.3180254657387,27.20315655287753,,,172.82007244583863,160.84917302958385
20,1,176.17954570929194,159.92845872967953,26.77500400648332,,,172.34775974665746,160.50949669635318
20,2,177.0404137559478,159.02878512362406,26.69337671422132,,,173.2896580008296,159.53125014299084
20,3,175.8759629223312,158.58157455068698,26.98223885977815,,,172.623160163049,159.45219070885094
20,4,173.96254530729178,159.12310438546405,26.808563529073343,,,171.21405219816273,159.75695167737996
20,5,174.50809145182365,158.63691069397328,26.59446586536304,,,171.32000834245528,159.563129380162
20,6,174.87700475278018,159.62164888578408,25.7116807193522,,,172.05682129733208,160.70876167129495
20,7,174.68581091312956,159.64724369987397,26.07487401004169,,,172.01166419785434,161.22951607464947
20,8,174.54670379826598,159.66797997337687,25.442646227890908,,,172.99568266612434,161.04436673374371
20,9,174.99358058523313,160.08172946249204,25.137269282180604,,,174.0637146528705,161.36798212710403
20,10,173.01903088314867,160.2141101418251,24.667680707818892,,,172.3370790983305,161.52797770700855
20,11,171.77179818827352,160.1018475484086,24.393111061087975,,,170.93330747208432,161.36043589792942
20,12,169.31143311511067,159.43624040021498,25.03024548341576,,,167.83978809134612,160.42205925439973
20,13,168.61021792626866,157.9227227273515,25.799086066419637,,,165.42335734874746,158.2154940096031
20,14,167.24320968080272,156.64932898544953,24.731302926775705,,,162.6148288205433,156.9413810487561
20,15,167.1585451052697,154.34477362011668,24.08482610465683,,,162.06099731714696,153.638055505194
20,16,167.0306719111153,152.96903346340625,23.318253547571217,,,160.9855942227844,150.39820271262587
20,17,165.21659166156206,150.87425230543224,23.03694693158954,,,158.35092202204186,145.31998380409902
20,18,165.91058230344487,146.5193933222027,21.769260694416847,,,156.9221617073615,138.82572071094782
20,19,163.1273088681997,143.020729605856,19.8792785595645,,,153.3912563159295,132.74151486607542
20,20,161.23721497719137,138.1584475085577,18.784606992579732,,,150.40606115101247,127.09357017166256
20,21,161.97503297988408,134.7687525524097,17.990895759876647,,,149.106264058952,122.41025562568424
20,22,158.09631575085987,128.18296252278964,18.596115357997956,,,143.10931319444623,114.95323704579302
20,23,156.67295086643955,124.4794964254272,18.55071273777986,,,138.5024923918511,110.47288607087134
20,24,153.980273583067,119.87705905710652,18.857159513015684,,,134.2365643818468,103.34859328526866
20,25,144.32745075843573,113.2781849848175,18.811079757623947,,,120.68969418772215,94.8974949428444
20,26,142.4729459909668,106.94551795959106,20.76116036738578,,,111.69855984980636,86.6317091385413
20,27,122.78938155030843,101.75069007022542,20.556472892472108,,,91.07503591610023,79.87527348459102
20,28,97.16439392886952,96.06515565984044,20.369305885313103,,,65.21321897301125,73.4137524793809
20,29,83.08551629561634,92.08481418885628,20.473786692503243,,,48.0913908207169,67.86622027957601
20,30,68.62472974969316,84.22245297961265,20.349963842262163,175.2037868657331,178.6240265235735,32.177767634832364,60.33045522948135
20,31,61.04081802354208,80.09361534698611,22.360991085103613,173.59395636992147,178.9687399906871,23.611361815094902,56.22927572646092
20,32,55.44004723007902,75.17565034348225,22.01182488747912,175.6686360853525,179.48626038257964,18.175124982408544,51.55036199672402
20,33,54.70009350226501,70.59525824171324,21.94645614775889,174.94030608510104,179.9464835822992,16.180544928428848,48.24309379757363
20,34,52.17227249038813,67.23027957920114,21.77497646752733,174.59928214286882,179.95570372514214,154.15442642264006,45.36443499463618
20,35,51.91551958192527,64.01207760938486,20.74279956222638,174.51100681057562,179.35584908604162,155.19499994431695,42.71927178294204
20,36,49.96977010256424,58.78464371739473,20.242334810761772,173.59021462651518,178.97700101270084,155.94310687921947,41.52768807538351
20,37,48.1041243037346,55.47191889574779,20.4232903169007,174.7478484793154,178.8086295299835,159.6441864395151,41.520673357460346
20,38,47.966600433133344,51.769305880959166,21.543935202922302,172.9759647697433,178.47311931195267,,42.5274594933012
20,39,46.89780690433314,49.66235249052893,21.641225319082174,172.91299141325362,179.08734045682806,,43.25295023323393
20,40,46.21802379218797,48.60113565308718,21.276878038901053,174.19190596710118,179.01994179428806,,44.67347757965668
20,41,46.26082766376789,45.75164430732764,20.797346439816895,173.7326916408422,179.53842496764082,,45.934839861571426
20,42,45.77912519659644,44.93891711364413,20.88045567698898,174.11023172160205,179.75528887185513,,46.93897912556896
20,43,46.08186676183918,44.84187472683296,20.5138259623801,174.57740613242956,179.93448852038813,,47.01089267724653
20,44,46.077444732638114,45.67614504797131,20.32224830435304,174.59704603617234,179.61779894852694,,47.16730206588717
20,45,45.870974757332746,46.90220299561077,20.480144526484843,174.24227733360155,179.83529138636422,,46.68498715103168
20,46,45.194938981287635,50.65991627484466,20.845997334548866,174.31948669600268,178.86621651225502,,45.540235447343555
20,47,45.330682616087216,54.88060426427027,21.588850827558133,173.81564890671635,177.8029780574345,,44.52606635517297
20,48,44.7605017223839,56.28529681527888,20.870834846810897,174.14497183313156,177.14251776710125,,43.14394503802537
20,49,45.481433345752976,59.68386576157978,21.315329571173,174.08192879892547,178.96651162934498,163.82080140678622,40.5404751890119
20,50,47.70884594730039,65.0651685179398,22.891317342498,174.74710006526885,178.00875487657134,158.98983530022235,42.04191825096497
20,51,49.16250170151885,66.20791199141468,22.991606981306695,174.41210479905982,179.1973467798557,154.44187864937282,43.06700703114946
20,52,53.23269898149874,71.07774857697375,23.455914029956467,174.73564217372882,177.22868331925807,152.34623352402963,46.12310848653958
20,53,59.90424409360968,76.6924123564095,22.97291681508741,173.5967243297474,177.34437448428898,21.939686952542058,51.7554860782874
20,54,63.86349321900178,80.66487057298662,20.968351803083067,,,27.085144012141217,55.30855135988989
20,55,76.73128203468512,82.53880703951955,22.29820948203703,,,42.16943995539947,58.075396526751256
20,56,90.68113392954776,89.2965255640421,21.527684822518108,,,56.46298389710626,65.93478505466858
20,57,97.77571307591188,94.27964731495526,20.59951614035987,,,64.85760259914665,71.59926511077671
20,58,119.563055843703,98.90313868916505,20.941356581705985,,,86.78169402029677,78.60379064279411
20,59,140.8521109765863,105.05566546964042,20.74816475416705,,,108.4067486845645,85.30074001323707
20,60,146.64943830915033,109.38178645473889,20.255386360564135,,,115.00799428546055,93.79668524209688
20,61,151.72399748995196,111.45130629785815,20.38592723719395,,,120.39290662076824,97.46611893714216
20,62,152.35183708143865,117.03682707195917,20.8941025819453,,,123.75960822895811,105.7051880932922
20,63,157.5124381289609,119.5821589505482,20.722080025560498,,,133.68639284294397,110.1851125537588
20,64,160.80317900727346,124.45426321687458,18.85860773258893,,,140.67588692805822,116.50767340240397
20,65,162.74433813424284,126.81099847054114,18.519666235544864,,,145.37010312680397,121.86073385310264
20,66,165.51628792594832,132.26206862714187,19.218988465570547,,,149.06431394474052,129.7900808602364
20,67,167.5858579349225,136.16106148459355,20.251457717337352,,,152.64167116257704,135.61016064212507
20,68,169.62869400120468,138.6110536397848,20.453554192805857,,,156.80517391979933,140.3609875659316
20,69,172.7273474842275,138.99774824908755,20.710161440513986,,,159.99274862492092,142.41171448769325
20,70,173.0483914375538,142.3320392610797,21.244759772119416,,,161.74026859151604,146.874290956168
20,71,173.85905549782612,144.00222881350095,21.882597299093028,,,162.60324198248395,151.23991842218257
20,72,173.23123814700816,146.2244396930519,22.997660164417987,,,164.00063251341786,153.93184607433352
20,73,173.4866949334448,148.84465396442357,23.600336955751224,,,164.59276927719986,157.79276427141414
20,74,173.70334874092396,149.42507945543068,24.053148014495132,,,164.7641026121927,158.9401073192621
20,75,174.0924673864957,149.94006122486087,24.22164640258332,,,165.4069827524403,159.79077061741154
20,76,173.52054122928615,151.04870618055304,24.60981068013772,,,165.26329482711864,160.65069102624798
20,77,172.95582202093803,151.83103702122796,24.416973223396607,,,164.95507058508178,161.30161234592376
20,78,172.6791240464704,152.1954734096564,24.16379696252148,,,164.3547023107585,160.9309674225581
20,79,171.32462871544374,149.9340114251367,23.781176655534484,,,162.45742508910806,156.92709334288662
20,80,170.80842204192524,146.7815077753693,23.40070785503244,,,160.61197547017323,150.66753264993767
20,81,170.10509414980123,143.2898689411173,23.125084206053735,,,159.9577674364323,144.63213723433338
20,82,167.37278165366587,141.39889091445656,21.58004787368508,,,155.6071013667307,139.2898756202405
20,83,163.98825291107968,135.5762615853852,22.129733183473657,,,152.23994122339167,130.98547613598302
20,84,161.7009130815241,133.15693753596716,19.943621687776854,,,149.76106643234735,124.60336503329007
20,85,161.1465998978465,127.09648802250544,19.366749584270092,,,145.93127968030433,116.75883213772347
20,86,158.7332710284569,121.8596302236869,19.815317705478385,,,139.80897971678246,110.44768644202072
20,87,156.00986344761225,116.22436906208864,20.21384725805311,,,134.9736226840712,104.11638680739694
20,88,150.30608876451788,111.91484383802316,18.760975426839018,,,123.60857553474402,97.15627568456436
20,89,143.43270875898858,105.84622814070264,22.002762068033217,,,111.53065392920551,89.35439522741181
20,90,120.45389378338318,97.37246071214862,20.9946342571966,,,87.52499571478343,78.4656379684493
20,91,97.97133369690944,92.80522090423712,20.80054398306849,,,65.3510021467216,72.90816739323175
20,92,83.9183466429342,83.92802872389912,20.975258856821025,,,51.293718225437466,64.14905043302045
20,93,74.00590114465058,78.57305512515647,20.651932170259823,,,36.51707306113817,59.51601875491061
20,94,68.08738268012203,72.22261269616914,21.15237695977236,176.25500715350898,177.96784238555847,27.814507812712,55.399995748571385
20,95,56.81051917218112,66.18759730144659,21.483906146706737,176.49247159475215,178.96244275767572,17.310037935639606,51.38107174852919
20,96,53.137325345361646,63.712581177127184,21.469828016380593,176.93588810896708,178.5121732423811,154.8035389254562,50.527483498542104
20,97,51.38277131448467,60.414395014169685,20.933051171276688,176.62726282965167,179.8682567236514,157.47355417988882,50.1216066217173
20,98,48.785802469226745,54.56586294318503,20.596184136946924,174.87733810581503,179.69292256384296,162.34016709055578,46.731362125158014
20,99,45.61593044129264,51.31285610567842,20.082548316243567,175.48709293600191,178.1931786793703,166.2464829890289,46.41273874850155
20,100,44.54522350402176,48.720092612824786,20.82014706797778,176.0397196328554,178.15652165023226,167.32363210482956,47.104150352340305
20,101,43.44963157834904,46.23136932175026,20.729139387271022,176.53924495291818,179.29684851420276,175.45939525267212,46.669842179019895
20,102,42.99029319720295,44.820140138661046,20.983689666059348,176.7768442838168,178.8879511455,,46.77288264435495
20,103,42.57635852605124,44.00495856578727,20.70207072145633,177.2149443042152,179.46082515607628,,47.03792924583733
20,104,42.98650192615677,43.10049979771147,20.54786843848885,177.38357771591555,179.8175147935192,,46.38371900706987
20,105,42.576012308080955,43.26560298770243,20.885506121555768,176.71080226597957,179.56336380907902,,45.90545736083476
20,106,42.052148077720815,44.62885074153617,20.873308516913767,176.83698973826398,179.52209389817872,,44.930984175622314
20,107,41.70461063279647,47.14447797931409,21.307137820591574,177.01385559696337,178.8872005512228,,44.39599716751508
20,108,43.10339309510878,50.08776946743476,21.47825233859698,177.34053464388126,178.09101475696153,177.48813504841553,43.11757669612736
20,109,44.61972218986804,53.59009761570361,21.04598409110381,176.03516310744882,179.30497702722232,175.12687411938106,42.6991781230559
20,110,47.91930613511072,57.93445110321152,21.481555353576343,176.13472113784874,179.14398647747353,168.41792393928856,43.232545348077835
20,111,49.60416492604657,60.21007971346776,22.03670604453852,176.9234195535319,179.50372829282404,163.9397033369018,43.09853136798601
20,112,51.00265247567304,65.14242255998758,21.55497961402709,176.70465053238607,179.40443725342385,160.09640189770127,45.73199783822009
20,113,56.42500990438307,68.70594719928721,21.642795528669097,176.41198466349076,179.04635494354693,18.76497512795775,48.85216049194862
20,114,61.11364160796256,72.38281507074772,21.402071483207312,176.52689516573335,179.8722482781793,23.719889168110708,53.09655846354524
20,115,71.87285413582215,77.57172888295054,21.61366146480406,,,35.475795348489186,58.23526249525265
20,116,71.5753165487246,77.65009827832229,21.51942449970272,,,35.3816737526985,58.319992125390904
20,117,98.24120130448088,80.74148998519298,20.963788349727544,,,62.95134200609446,62.80106573858399
20,118,125.52767252390412,85.96145328765685,21.448035395495666,,,90.13966019351408,69.75630686376614
20,119,139.4810097522925,93.76861417277688,21.695388897324783,,,104.61646513033806,77.80963393802097
20,120,154.7059939471539,99.06617038999308,21.58114501138289,,,122.57244365274668,85.56093737859668
20,121,152.75561385047794,105.15516379481542,22.16074857637135,,,120.8723425144516,95.08624362816172
20,122,159.75969484268947,109.3555395248768,19.878088902100473,,,133.42286545389433,100.53237665343006
20,123,166.9139345186486,115.0058058682108,19.639769745376256,,,141.95375113001109,106.87382390999944
20,124,169.56041043789784,119.03903292435528,20.577488643808437,,,147.34308523561316,112.35349607418932
20,125,170.3977024238463,124.3087159162964,20.041754491034155,,,150.92293210698514,118.92508276241718
20,126,172.97337231343482,125.68265378713622,18.758771407910377,,,154.72701674977156,124.31397437770926
20,127,171.9686715423082,130.73822304109297,18.3500053130538,,,156.71032893186228,131.08228801714654
20,128,172.3397503602944,135.4199177134597,19.584335982412227,,,158.572655904077,137.37194554097894
20,129,173.55768780899967,137.1936318839359,19.270382665447244,,,161.68469814075488,140.59557067936865
20,130,175.21359375368058,140.00540193309067,19.281553174533805,,,163.5685243657914,145.10515264088542
20,131,176.15397370274923,142.19408124294333,19.316841035914692,,,164.11175963052483,149.4936253824858
20,132,176.32549566953634,144.82734353822377,20.362809336721877,,,165.9138048493742,153.9802872175829
20,133,174.55526291018293,150.3472950969244,20.67344555862016,,,164.9269375586805,160.07246238435485
20,134,174.28025381637772,152.05043812935247,20.57737537693078,,,166.9804855253812,162.66705662117215
20,135,175.75016124016105,153.03754042691344,21.229838939861516,,,170.37682918691064,163.81763931335584
20,136,178.38126559451538,152.83079024836766,21.961760938963216,,,174.95250844934176,164.61379863657737
20,137,178.52050305471445,153.73341518912628,21.86177146144248,,,175.63564079902008,165.21981212681192
20,138,177.80153813938043,153.82777144747627,22.033821184266813,,,174.60630893461655,164.47482314737593
20,139,176.66292483506598,153.63788432004324,22.350352035431023,,,172.15644823882977,164.46056532711924
20,140,173.70654593720477,153.06662798070312,22.069439969760605,,,166.60266791436894,161.77382191358203
20,141,171.31919631169873,148.36376798501496,21.635847025111463,,,163.10815808340877,153.83051865188563
20,142,170.09813666651291,143.97116055594898,20.500893964931933,,,160.65634065778798,146.80158878406195
20,143,170.38413999110992,140.26452634434446,20.67367547591041,,,160.22665098167582,140.88374847266545
20,144,169.1105015409614,138.83360627556524,20.23093798749419,,,159.1262243087533,134.27145288074956
20,145,163.7982946552408,134.2285892207047,18.80935024421083,,,152.64854133533314,126.29174246151734
20,146,163.21272256221764,130.1316714552473,18.929126327475863,,,149.54914065278257,119.84402811939434
20,147,163.00197954956857,122.04729197012182,20.673140314615043,,,144.29854627193788,111.46570153487836
20,148,157.75516147490478,120.71476750552252,21.690511253516608,,,135.66713641470415,107.47135434114972
20,149,153.4615823194243,115.6830608721922,19.636686014757053,,,128.48356386175604,100.9072396039849
20,150,141.33552877353353,110.58707093275686,19.810105558919656,,,111.1468310494514,91.59808726200606
20,151,127.54328885920012,101.11700161006196,19.60574100962027,,,95.0152957567488,81.01874926958651
20,152,115.59803516227134,97.27787158723407,19.59722502269976,,,80.04954401037827,76.398892907728
20,153,102.28103256731175,92.01186212700372,20.50295459869373,,,64.13268607035374,70.39809308756503
20,154,82.5904143775746,84.06925213598036,21.547431389754717,,,42.346121813417085,60.901744617743695
20,155,65.48252652693738,82.6666313519617,21.02880654355445,178.97561918659298,,27.45841589937165,59.54170459916963
20,156,62.7418145376173,78.32085999019239,22.772721279188236,177.5936606234559,179.00869553939793,23.11141206402434,55.5169110762567
20,157,54.039137078933265,72.96051685966741,22.350596089913545,178.46501884966057,177.62229463080678,15.481197788375454,50.036352381769696
20,158,51.68125815376393,68.47104933836475,22.289817193177942,178.21070929623934,179.33708748814433,149.27714788339577,48.621316934350006
20,159,49.78519495311599,61.39804570327415,21.869350525137673,177.7730236953275,179.0101259651815,151.10908592264778,46.15787261671439
20,160,46.93096013193832,58.343442733653184,21.966203550961175,177.23786293426403,177.43186363179385,155.2590372546227,47.38655695286267
20,161,46.45797816970099,54.934418220792416,22.200935472499303,177.1157018927957,175.06052771457584,154.666340473041,45.42463482994714
20,162,46.515389861290856,53.735455962949466,21.23102991537692,178.17798312068544,175.87654621727566,161.246976757946,45.85812793676313
20,163,45.41724054005946,52.46278851776399,20.76948657835517,179.24104667143868,176.8588447969354,160.38873837446053,46.40236555954793
20,164,44.36681762719286,51.01578731648256,21.23058341622277,178.58597627846692,176.9176309336353,,45.73855319609597
20,165,44.56370873956201,48.99404648834108,20.800717986826765,177.64439246592195,178.03663435543595,,45.861245384204025
20,166,44.43399004986468,48.381948854525035,21.10529830480263,177.17656228447447,178.61040809682848,,45.35217153415355
20,167,44.30662694343685,49.294660630841015,21.71374256627794,176.62020695293268,178.54974361580662,,43.911403226262344
20,168,43.60836433056955,50.91494400335527,21.823276995259196,176.99575274370278,177.46774916005015,,42.84398219264251
20,169,43.24493151188628,52.68923663077637,21.835047912544635,176.3153970702425,177.19882127963237,,41.848713983752326
20,170,43.884286616769835,55.36916122565495,22.78101014136005,174.49020514743873,177.24192875596333,169.6261012579373,41.41751550280809
20,171,47.17307195007933,59.81882077018432,22.765271317871807,175.08872926692834,179.0235898916585,165.36143617903247,42.03085771912392
20,172,48.72879475613677,63.96305467219224,23.514086648024907,175.3865397780456,179.71548428307307,162.71080582204783,42.11838238559511
20,173,49.57175032424632,67.91216259151048,23.308303053706556,176.76751488552785,178.51733457889472,158.97979086172677,45.714225650029064
20,174,54.2339369740529,72.33146763321781,22.121423191767065,178.68839657489812,178.05625978093803,16.693809392647367,48.302037422275106
20,175,64.15595322276198,76.63704095320908,21.07452529198033,179.79098542389346,,26.546834722222236,52.87014943843518
20,176,68.09042273002811,81.86314062967526,20.47109463830371,,,33.465944036196376,57.49193558749512
20,177,87.17018656454381,85.51452757206673,20.31212886561127,,,54.02826135632406,63.542551808821734
20,178,101.2476644519824,91.67413279216564,20.06153299580689,,,68.44035914476746,71.87953291783113
20,179,113.97821788407482,96.95395098506376,21.6416423465526,,,81.25204245553805,78.7352220957851
20,180,134.55707254785645,100.53624280379556,21.48937848078565,,,102.665072509468,85.11450285618339
20,181,147.66212076728627,107.65992470047613,23.14363363449403,,,115.75689394485374,95.43983535824596
20,182,147.1609752210125,112.95206682764076,21.63539534067983,,,119.61416597089833,101.82000006413855
20,183,160.7690511877489,115.7464288645146,20.798480390219673,,,134.79200118994416,106.51047046723828
20,184,166.16921532446912,121.6706553658981,21.287330760469796,,,144.36390643952683,113.2931602857166
20,185,167.9562267073306,125.6737403313867,19.161391521025816,,,147.21367904231005,120.39065837457296
20,186,168.63050338491902,129.72074431484316,19.256799427063346,,,149.23110145165484,126.9477529938842
20,187,170.66619774026088,132.90025277976102,20.137607561521975,,,153.12612087118262,132.7547901594444
20,188,170.9018996271295,137.78653445820316,19.77977289973022,,,156.11573538221552,140.0754688348765
20,189,175.03577879529655,140.3388747623928,20.31705270426312,,,161.5407547360798,144.51271228249513
20,190,178.22698290317717,142.97039788977946,20.820888632499376,,,164.0018309191554,150.22828874323665
20,191,176.34824800535958,147.3339329362983,20.9650946665984,,,163.03348504893964,155.36344294561235
20,192,175.77056585683428,149.7712678499993,22.435176079544437,,,164.28171580886425,159.7724040358582
20,193,175.86904320869763,151.0712334459121,23.58000850232448,,,165.9178418209403,162.2263230664538
20,194,177.46844231111172,151.46388124374602,23.835045012304313,,,169.7491517316843,162.489045945503
20,195,179.2985583373712,152.76591473042865,24.6434586590042,,,174.2062600102808,164.21476906300572
20,196,179.01179390855742,153.71721310934126,25.284459477253268,,,174.8689534662115,165.00711542865352
20,197,179.42483936197073,154.24439523832527,25.10118553900166,,,175.49375788511807,165.3372111410046
20,198,178.25627234741904,154.25892766630906,25.01720026044079,,,172.80632149655216,165.01363245266515
20,199,176.24360498393065,153.03292908325065,24.617608512552025,,,168.86808243700622,163.93764527978902
20,200,173.15032231290496,150.90592536176436,24.70922515463148,,,163.86112600926734,158.2663327969141
20,201,171.13192888962286,147.62684805524552,24.017456416189848,,,161.43285301109927,152.09765580912975
20,202,170.12772221598652,144.62086196256112,22.144136108346228,,,159.4562422112196,146.04314000762645
20,203,168.9713505292871,141.36162680704226,22.03877154618539,,,157.94276070433003,140.89626678990098
20,204,164.96952560964428,140.11396380453414,21.01937830543383,,,154.34447262619648,135.30203038063522
20,205,165.92361349578317,133.70536282223435,19.6349757617361,,,153.64797284948665,126.85393755118967
20,206,164.62348942502334,128.47948975023647,18.9757164724542,,,150.73456351044996,120.19789695978388
20,207,165.278226730367,122.37879508589036,19.848780974118153,,,147.8602287650789,113.32174670207095
20,208,156.15739194886638,118.07417099574585,20.663297042263377,,,136.37739151395365,106.71423744099786
20,209,156.67405485774856,113.34136234861695,19.785310062572123,,,133.52390848625808,101.81048172045386
20,210,150.08868204193192,106.4285002218462,20.83413271441347,,,124.88067638468374,93.66756864291877
20,211,139.93985279980572,101.88113444717642,20.68924031445925,,,109.23887993485312,86.03717820643074
20,212,125.91249254011151,95.68951587219944,20.237726506840403,,,93.1766736276174,78.34242836689765
20,213,101.05128498472388,90.6512102881187,20.907889085462063,,,64.95083507741359,72.75398208421196
20,214,78.39566070178623,82.37722120445468,21.753107532915553,,,39.530499619012886,63.359554192101896
20,215,65.41604022359533,78.90131482000501,21.255881791282967,176.00431059724252,178.7855623525767,26.20792447629483,59.66684254264725
20,216,57.39167024110627,75.14898387410616,21.94778594208136,177.4665611346906,177.3343759294849,19.020054815822306,55.57926599376141
20,217,50.27660762346886,71.98411905048125,21.18759864866345,179.68986285679057,176.12849606104567,148.49556862318116,50.41564293939717
20,218,48.75935124407475,69.68618967619616,21.231327271708064,179.47493041638302,177.60150562002653,151.5457487083547,49.16330466551327
20,219,49.98734352748074,67.71539964447851,21.616152622919035,178.09054158400457,177.80019398069808,147.03781071973927,46.150990506531336
20,220,49.742634902810515,65.01716143163992,21.2167228246247,176.73486637038164,178.4740643150965,,46.191191256497696
20,221,47.836354899200174,61.92390280496352,21.2176159593303,176.49422190229922,176.32755182491684,,44.81611917485847
20,222,49.79871650379515,60.61371985250863,21.17108320977776,177.13362022210148,175.61379680091193,0.7309425633648047,45.66758393783061
20,223,49.73710945436459,57.98513296914089,22.13603398477272,175.95518877872013,176.57995606065637,2.9105919556292705,46.53067894573466
20,224,48.96291075880152,56.279515050508216,21.45507560921577,176.1438755311886,177.87491113743104,2.3323792830612877,46.653794338442424
20,225,48.53239139970364,55.83177527632074,21.30571432469297,177.02096031134067,178.1498219587327,6.449067679850457,46.57964142839221
20,226,47.61544378615936,54.91408048514263,21.56643474399959,177.3991932890584,178.00591365164868,,46.221195578143586
20,227,47.56916349051978,53.58766258147923,21.990120019019315,176.71954684266723,177.5069965451161,5.529929519428486,45.94236779581142
20,228,48.55372957014352,53.52891116586901,22.08484062575088,176.39930713973106,178.39282917398043,0.6360483286783388,43.81955654362041
20,229,47.50467124609011,54.6355199983233,22.09056952636555,176.69310954210815,177.50373843153196,,42.788979495683506
20,230,46.986368261564095,57.53135444264676,22.675340108351055,176.29409651381505,176.4451508681132,,41.35991338822577
20,231,48.22274487587251,61.96548790885334,22.69148199254828,176.31002946752548,177.5980099434847,158.93891236081114,43.04602455765526
20,232,47.4213219831638,67.04879695290495,22.937398203226167,178.6398505827814,178.0433795896185,154.2276261737107,44.13229603913686
20,233,49.09140672887325,69.51975930096918,23.434692710280185,176.96178559517335,178.4793737283142,153.4768222784772,44.71270790619701
20,234,49.464824813064574,72.20619041007487,23.24280054760228,178.0711105899385,178.74359920784914,150.94675741872214,47.394566734410674
20,235,52.62512326870942,76.16754800494496,22.911813736349117,178.09547271821222,177.79447323085716,16.209806816451593,50.19278112973649
20,236,57.73653411580607,77.98769377918327,21.978012283046997,179.13001676822864,,21.55757270649341,53.893494365478034
20,237,64.50304511014924,81.44264856476399,21.382705655536753,,,28.710114025166305,57.51908574949545
20,238,77.296766542502,83.47103200792698,21.55346344356212,,,41.36466332634621,61.04129596053871
20,239,100.89898518795324,89.60177021364703,20.44857892723025,,,66.28341968471479,69.58835773016861
20,240,119.93013684250391,94.47444864597516,21.572282337253025,,,87.22141506767488,75.34572597503656
20,241,145.09166344525076,98.01404625103862,21.808406659551775,,,113.47593310192774,80.95364488859006
20,242,152.71409840267395,104.16352074170123,22.07954927907306,,,121.72695971528204,89.3483714444696
21,0,,158.75766364335902,30.13438333158748,,,,172.4244090164651
21,1,166.78911359508862,158.91836158307098,30.925820079928144,,,174.81400111500085,169.00553446750405
21,2,170.86557570406197,159.780474279183,30.406290298165537,,,173.0054055976412,171.57146686743738
21,3,175.7513260214131,158.05040478177514,30.21769787520188,,,168.47950569439422,170.142947183634
21,4,175.38684652348567,161.55873640899804,29.159346658385825,,,169.73184051361125,173.53917501220732
21,5,175.83942631662754,162.23948485509413,29.52249276531417,,,169.43522452090096,175.50395352054642
21,6,176.46057254672758,163.38728831064032,30.400862743871677,,,168.24052628056222,177.87893293772694
21,7,173.69800250761304,162.73879476771822,27.368894727347985,,,171.45731346051988,179.51431235668238
21,8,173.02487925257014,162.32188019621597,26.883490082881867,,,171.92437899483068,179.59367335846784
21,9,174.023547481008,166.65418226714468,26.958433960479535,,,172.45550683072156,177.9001059156946
21,10,173.73186755037457,165.908404445052,27.40754882875251,,,171.66772606174385,176.77972817378873
21,11,172.8603188182043,163.69623825786474,26.148362459331267,,,171.32248889448684,175.68988325547355
21,12,175.10078341244048,168.08131311523303,25.95522041596686,,,171.49977669212083,175.89893065008297
21,13,175.04981107451232,167.3749295947497,27.122787815994588,,,172.1987087219159,176.9180363504192
21,14,173.82746942264333,164.57711914737592,27.473803724144577,,,172.64567599221851,178.34212845380566
21,15,173.0302865074491,165.60645949416397,27.62754053481796,,,173.06444852102285,177.82456654977287
21,16,160.92670235917538,159.63837124966545,25.674596489210696,,,172.5228107341778,177.6380292909506
21,17,173.21565925675196,162.39572237765094,23.89673952497336,,,172.27204958479706,177.89005721972916
21,18,173.0410135948996,163.35902571330504,22.775519316923017,,,171.87531991148177,176.7441634120176
21,19,174.45845765474527,167.01441678197685,27.392127507795564,,,173.3456540956161,177.57730672519162
21,20,175.49443073718535,168.6554362585192,29.43907928615678,,,173.55077765388896,178.15230501486127
21,21,175.6267427022705,168.27226813476014,30.342532829343707,,,173.96984130175022,178.72536764170624
21,22,176.4364484884044,167.76538300358996,30.171344505313815,,,173.68398843502408,179.0105216333879
21,23,176.45332894911763,167.65875485109422,31.521476186034615,,,173.72723819180578,179.4240629397241
21,24,176.37951501962905,167.64730767557236,32.32299526621103,,,173.7681342761545,179.4220648377606
21,25,175.73121938634876,168.25505806404996,31.25137488162943,,,174.2185794199201,178.07715237721655
21,26,175.7744041660926,169.66268317101645,31.661825745107546,,,173.52291355744688,175.9965272954506
21,27,176.4472868105291,170.9609105896563,29.906822216226736,,,169.91421515083013,173.19551537619182
21,28,176.18290718605996,172.20909339631555,27.709322666286752,,,165.67807782838028,169.9728223573694
21,29,179.16698913562547,172.26864370055827,26.62166628061218,,,159.63818339711423,170.19218906553846
21,30,179.38125150803128,173.08788745034704,25.72331299316415,,,158.7440918220161,166.561071667366
21,31,179.9290697898936,174.4319543542615,27.77089845269225,,,158.8641717122797,165.05143882810353
21,32,177.28009146625288,176.2232431153686,30.088269061046574,,,154.7680026922016,163.2267266752064
21,33,176.470273846497,175.49755524303404,29.222898026744215,148.30251815767818,161.07651872304916,153.03862071979324,162.79222468334908
21,34,178.95944979507794,177.18421697869354,30.157412971936186,150.87447460691456,166.16533553035623,152.3390587676342,157.77573229788104
21,35,178.34455508902664,177.9931934541388,28.92104882374314,152.06135561030334,167.14526442485035,148.8829832825735,151.68119394628354
21,36,175.70828153826596,166.71371205214507,26.824089309338145,153.40646698286898,168.32605383583203,144.7106812305851,158.4095478579631
21,37,173.81684067915666,176.28162085252077,26.76535407930332,152.59538329494515,171.21723403930264,143.340346654112,144.13713712818063
21,38,177.35589482036207,147.38594891949967,25.734441448134312,156.07823311594575,170.33465883054382,144.5077068568592,179.91480139244376
21,39,139.17402708195502,145.97937953709408,26.586867412290925,154.0711080678636,171.51364414893484,176.45522138692323,174.36385546455838
21,40,37.268995101234125,91.81808248297584,24.200839800432124,157.15363188445988,173.43683730005543,159.86577268078332,129.9461437315034
21,41,28.94828669011049,20.631805165487645,23.420080376449437,156.05619308969264,172.18962443796505,,
21,42,34.86512973617804,23.28522469787361,24.10533044744867,154.92388463563552,173.614639899602,1.81057516910384,17.437046964830287
21,43,31.37076606110178,24.99366607633342,23.698262848959583,153.00592056763531,169.33762012492633,0.1382938233353921,0.2915996067412192
21,44,27.837496314052533,23.603762168186073,25.16907283562327,151.81250358648103,171.21654214419692,9.822392428838915,8.313812270815298
21,45,29.612103903037795,25.352445292472108,25.7387186725436,151.25219599176222,173.84912029983195,36.53668480651448,8.004697277514731
21,46,31.30644455743833,25.608949280910565,24.832075267029623,147.76293319038118,172.3930419021449,24.8550501905464,8.521657628442926
21,47,31.295461453157923,27.05795902569128,26.136851142347556,147.33768302008204,176.9781203199907,22.135310630124405,9.473986141104255
21,48,31.38854592684473,26.855555194902028,26.627102350032743,147.74524901279491,174.9730417278716,159.07952628751897,3.791412432360396
21,49,31.639826764636297,28.78767139338816,26.64507754862943,146.25853419114188,179.66571905625898,18.782152706454458,13.388103931200217
21,50,31.44237966684762,29.099496361432543,26.395376468571293,144.71923275816675,177.8135300227481,16.16937748675629,12.309094776747951
21,51,31.192505848436127,27.95140162538738,26.184100047781655,142.66854658401834,177.4335182736166,18.838022936435745,8.721860733687832
21,52,29.373902110790382,26.31684047292243,26.06614480196304,144.69385316329294,177.05100451401697,9.359558963953935,1.2350938533260107
21,53,29.877836539611422,21.72349615629849,25.858481160245997,144.23842903159962,179.062988550721,164.4859550884863,
21,54,29.44932209160219,22.394749156157214,26.048134538380637,146.6232718555445,175.04409796491686,168.29816051538523,
21,55,31.58955743567068,20.142165370374435,25.182796831245984,148.8117411467572,178.689789267368,167.0481144840333,
21,56,30.27690163086719,14.527947598539074,24.555576046006102,152.49367200910666,175.40978429480137,8.118535207024767,
21,57,23.29914578474282,10.034536267063867,23.5161984576154,150.76025611796726,179.38574482218274,,
21,58,163.9158215846688,125.51105722033655,25.32370290245799,154.39964705073643,174.61350041706018,157.32079668825446,162.86541185113555
21,59,168.0158920823406,147.03484295550592,26.438761795135015,148.29202367130293,176.13103086662971,134.92791813795856,179.9860090047507
21,60,167.1954867207917,161.33464740769475,26.181554129898135,151.78589168163325,173.06797467809668,137.73325678688568,159.73957880240962
21,61,174.68195391184273,161.37908936241513,29.362694873148385,148.91390716251206,170.29168264477386,139.13671356045373,165.3888843952616
21,62,173.63413742828038,159.675183582581,30.76143314650858,146.8747837849336,169.592971613346,143.94990084431723,174.40170609210404
21,63,175.34714473870855,165.1575083441558,30.577302744607792,141.83083828109596,167.50637530081028,148.45100368076967,170.82952954923957
21,64,178.56623744641058,166.66027119266218,30.71411639410374,141.64232906612935,,155.58776310762065,176.5446000193726
21,65,178.3000089208417,168.67063258530266,29.06824222482502,133.33550381032794,166.05502777870484,155.4043159490589,173.02666868058697
21,66,177.64992821325075,173.40444419692997,29.481703763565985,,,159.82118233690545,166.24174817729826
21,67,177.05556695964947,174.15861107567582,28.217636757794377,,,162.48561061531706,166.28683645575975
21,68,174.03125440325095,174.37225229125193,29.646415713372573,,,164.834101627446,168.1586203241623
21,69,173.248097906069,176.08630192220178,28.7501292539588,,,164.85017880230467,168.4398090981665
21,70,173.18880772482623,176.3426162375043,28.21050523922654,,,167.20193200329362,170.3034129640347
21,71,172.42228042010717,174.98591414341615,27.426831866461857,,,169.5964140283497,173.27345214446063
21,72,171.92558910800145,174.81442646861663,29.947776259816347,,,171.75260883620157,175.55378446105732
21,73,172.50676933254877,174.33930838600227,30.07592163487188,,,172.84267274395634,177.03062151901625
21,74,172.58038280689428,174.66268208789492,30.305607797586273,,,173.32153705139956,176.66414815909548
21,75,151.17367867848506,159.85094745844555,30.66894618806645,,,152.64710680066457,159.22780964564592
21,76,148.2361376143858,154.96633293240214,30.17980465337027,,,148.67620033935793,152.5720091791918
21,77,144.1885674164041,151.50856030767412,29.867261210658913,,,143.68829924286192,146.43859641155734
21,78,140.69107415059466,146.74989431313224,33.28724091834366,,,137.1927701764823,140.16156909814163
21,79,135.22731813197296,143.43022020361084,31.90208782587526,,,129.39257797536754,134.25811126968725
21,80,130.56340310479428,134.70108439952406,30.529449540791912,136.49051125611211,,122.94718736217528,123.3690258868663
21,81,123.77480171506214,127.81148530141824,30.85473982488614,140.26398366304815,,114.26333603944931,114.95386529004098
21,82,118.20665698715572,121.06624851801556,31.146647880842835,141.07164976966905,,106.54351306739149,106.71621098358686
21,83,111.31966450931375,115.11029762873596,31.00886182694766,142.4343928274263,,99.62334003590344,98.99439192233288
21,84,103.47330160995904,112.03248637524888,30.907211963323057,140.2341843233692,,89.42935260205688,90.46407770986131
21,85,97.86178036105292,104.7882912579528,30.987839503701377,138.46284078570534,179.08150424419762,82.08319688800779,81.80071897283833
21,86,92.81219475100814,97.85526832021662,30.75543721110363,136.30630457635866,177.6728059334741,72.20799190803493,73.78200651972828
21,87,87.63587731669116,88.61899979726115,29.952871940116836,138.21642539878283,178.5713417166348,66.62205966324926,63.44239681075866
21,88,80.53961581847614,84.89334640860665,32.00587223530307,140.1618784764953,178.88899218776226,59.662270898414775,59.578295342815686
21,89,74.49276885727659,79.2836937591062,31.281104012697885,139.98224384494011,178.03783506392776,53.60777389528814,53.03654523806327
21,90,68.02688208988641,74.66171508862674,29.402400106784416,140.40146025114393,178.5335575124407,49.15308439857718,47.186645975828135
21,91,65.35928056309683,70.39652233048493,29.09582917471723,139.06086622483826,173.77882544203362,45.52830399827053,44.810151931505416
21,92,61.19881643158533,66.31111882245348,30.467770005537655,140.84445224707054,171.92958823931426,44.04353486392014,41.06081330574011
21,93,59.63923509043026,63.06637816593322,30.918860539195578,141.98656440288494,179.48642707292214,43.16928172251922,39.36910734964443
21,94,54.90374361577121,60.52558196990275,30.577669003820684,141.97090705692932,176.30960657200626,43.06333950473509,36.6050602217562
21,95,50.99594773876262,58.05352748524167,30.0085277644365,143.52511329243046,174.2077456138266,44.28699151952246,36.25775142687452
21,96,48.67820926493558,55.38432156633095,29.12528698425287,142.21780434240927,178.9700254478017,44.34413635579725,34.67165994552148
21,97,47.85239753364471,54.35437560684098,29.988702633879733,141.95186943250394,174.3662717335246,45.66157053913239,33.87909398131959
21,98,46.99647859912489,54.357317233658954,30.00643904789608,144.232025792915,171.14469567085908,46.473980909355,34.15919154007657
21,99,48.12461677820497,54.88416289070639,29.71117896442751,142.98463625509532,174.55400219518071,45.60720109431645,35.44708079020308
21,100,49.43077048062592,57.741677771913785,31.3881964927861,144.79495997327513,175.7316686944227,45.67350984378946,35.494295197454264
21,101,53.05551455498805,60.79677159392148,31.085176558640143,148.35995887506544,169.94321547993823,45.5995528195164,37.14542132818635
21,102,57.26469642762771,64.67891179867303,29.35421715958592,146.81946276515558,174.79824847914784,46.572602760246816,38.59151194615088
21,103,65.8596274809223,69.5228808432791,29.747524921975877,148.398389287104,175.77508456891474,48.44426002940367,41.52674621112064
21,104,70.80942168887603,76.48876208354477,28.42970554326584,153.20352814663912,178.5404275812688,52.35405982548572,48.07628568031575
21,105,75.78214652144842,83.24448344542841,29.042945102874786,153.82296211428076,169.36978606691667,58.121424986087675,54.16089766129501
21,106,84.81954766080966,90.58918813037543,27.745734749692097,151.56907555335908,170.27983780705225,68.73288892189451,62.9260761662309
21,107,93.31908637185416,100.85480592124588,27.335245276752524,153.686744997868,165.08449031945725,78.42506158886434,75.439141250688
21,108,100.95203186965544,110.25435255997073,28.472658333753103,153.72515200670514,164.8015007478523,88.96652489221871,87.3272434579825
21,109,108.62172614236678,118.85702212450836,28.66906761223703,148.21684440868052,167.50453431224577,97.59785693403416,97.96391259336094
21,110,115.7731669763095,125.47189179298432,28.900724949939615,144.98717423457455,166.1476235498046,108.05411399610747,107.22573553251816
21,111,125.55701272729816,130.55217726594026,28.66499080366996,,,117.9915782094348,115.78926779078974
21,112,136.22317029740478,137.73254937190526,27.331224949219703,,,128.95403711677693,125.15812911175723
21,113,138.8093149520088,143.58960515488542,29.430341749179796,,,134.086934382097,134.92728724313
21,114,144.68690550204968,146.82344410837683,29.312807624922012,,,143.99424440098724,140.6531288061327
21,115,147.79232296836665,150.92206823175022,28.336280362733717,,,147.1233257449259,147.07239731109615
21,116,152.4454086268005,156.41003249095593,30.229405563571216,,,152.99051487553635,157.2181949846159
21,117,154.83679164179748,161.1752857870272,28.80189234472201,,,158.27962478932747,163.89293448204754
21,118,157.7984114319078,164.1175356609866,30.617964695524194,,,164.08566396673294,169.79803212587117
21,119,159.70268137767138,165.48679247396308,31.05711593756347,,,167.0653656856135,171.37174673901853
21,120,160.1779376117444,166.4581492270686,30.740727645298374,,,168.09006967690763,172.01644233371434
21,121,148.05941640746747,152.87025281052652,28.30339322424259,,,162.0930629090822,165.03811188475345
21,122,143.38943633757376,146.916173485626,25.73104109638209,,,155.8222331963495,158.78134182631337
21,123,139.77100237702783,143.9380542768221,25.57752981944153,,,149.83683959622311,151.36671588637412
21,124,135.7525791665217,137.8075201658445,27.748553962240138,,,144.6165542465476,144.03175536939258
21,125,130.8241422287013,133.63492326074487,26.537038837506415,,,137.56982626235424,135.30802457708845
21,126,126.1994606038934,126.17737042692404,27.74951969962835,,,129.3478647562542,125.26269525465092
21,127,121.6123047007383,120.29207550342764,27.754764028631037,142.91602252829983,,122.6735503392184,117.0286660342176
21,128,116.70017861525778,115.69205395461351,28.487073271342854,141.30640208879933,173.03846639595176,117.58706203016423,111.94414125773535
21,129,110.17095008415052,112.0845165276985,27.854301091083244,143.44756365366607,,108.92332425756994,104.81326262430623
21,130,104.3153485860002,105.7698861284394,29.625842627336212,142.705008008781,178.90647618175322,99.80842331528564,96.88021055293216
21,131,100.0960658141736,99.87578257464604,28.803893007039505,140.41966416743963,,94.48909308368096,90.51387338310452
21,132,94.40031130330485,92.70361638928152,28.45746850385294,140.29373720086727,179.82584706898132,87.23177656330688,84.34554362273357
21,133,89.53798304713114,88.21749706447432,27.956612586601977,141.5520179792032,179.30384808695894,81.70424787793276,78.10981553227313
21,134,85.14046247910044,80.8992449590666,30.05632472151238,141.88721026808042,163.9651102747096,76.21992677167742,71.25884952492783
21,135,80.1842202238777,77.49160845926588,29.791703185431828,142.7646236207281,172.29642437144855,72.04265949061487,66.99053982154284
21,136,76.25855561632729,72.60232553066517,29.500265956711175,143.63790396490737,177.59132243768806,69.32428070021471,62.634327852443825
21,137,71.5485602751461,68.47041072467954,30.135093165962452,143.4419611096847,178.39224040888718,67.07335900188576,58.816366879439656
21,138,66.11888304646243,64.59244227604273,29.19395643190917,141.73501345809166,177.57212756859118,65.40282905837087,57.62851051488436
21,139,62.95317553176756,62.95249655121992,29.689857549115473,142.94843613139037,178.18589865501494,63.620419213696394,55.95640525386467
21,140,60.23904770752785,60.9657619767754,29.51748854975539,144.73431739666034,174.89794793510734,64.26709735051153,56.95414667536044
21,141,57.58272198730999,58.46585663906303,29.598590686115763,143.5536468508219,177.09326116134804,66.48062817802447,56.46136694249144
21,142,54.93619890704952,55.86092175735327,30.26464228539326,141.9070160777527,178.07595625541887,67.51636891669865,56.8945514984249
21,143,53.53873333261235,55.12730093325725,29.689947037149228,143.3612234621183,178.06960418044807,67.25785858121482,57.01050117505926
21,144,53.23831123586124,54.47934170705236,28.99863872914987,144.00128637366035,179.119671572066,67.03140567083615,56.84231650582464
21,145,53.55919198355411,54.60929430783875,29.600829740627873,143.47090661792762,178.42056982919888,66.93208001506368,56.86274086854823
21,146,54.59416723122625,54.19118585811316,29.423656124602168,141.08511739777737,178.6222607346003,66.29311104835854,56.169292341121135
21,147,57.19334706370573,55.05857477788214,28.373618017863237,139.04332796583182,176.59310803324797,65.5911976022354,55.52825728862831
21,148,60.10350475765955,56.43785676185835,28.797114386475418,143.70975235043375,170.94547282717758,63.5768129194412,55.08586046323733
21,149,63.57963937930769,60.32758276009127,28.86574090608455,143.97099499515036,176.3145776873938,63.83897538731743,54.982374882711504
21,150,68.48053755111127,62.824826303710886,28.26738163757445,139.188691929387,179.30787052203098,64.66172190072668,55.827874208252474
21,151,70.31927853336978,66.31532338783428,28.102804689237583,142.47186302816007,172.8547706570696,64.92052147731151,57.0045653558195
21,152,76.42823359712963,70.17272309187443,28.724693343238396,143.68960444483054,175.53975770949762,69.09010152321343,59.0289940569226
21,153,81.0978683900572,74.03062821651402,27.75661912265929,144.58119805846647,179.68685141098484,72.28123733470386,62.954387587989814
21,154,85.8050961954454,79.13512971587281,27.588196941023753,145.58601410207376,176.53760671822425,76.64906443207778,68.30464169029953
21,155,87.89097546756226,82.86115954394029,26.94172433068969,146.3319417735203,177.78428249992925,80.00370625576149,71.82717808822302
21,156,91.39255083494751,90.11616288012456,27.087400300052064,146.8438216825263,179.7009879686815,85.10099138267623,79.7657605176168
21,157,97.10947824989402,95.45804995956983,27.41505235353175,147.50956957445675,179.39709075323435,92.25052809572378,85.09384267614746
21,158,101.87159182897916,100.86843212639418,25.77953496960954,147.21947152969628,179.07712514083056,97.8577156245477,91.7580622511384
21,159,106.18544560967489,107.5167377369743,26.21230579226253,144.28346613377275,179.0614066125218,104.71366545172437,99.51204965165694
21,160,113.04937285599016,110.6907901155683,24.69988327671613,142.41850838740933,,113.33131367738076,104.7004416657158
21,161,118.47482477565508,115.58007581165548,24.38635330682018,142.44515382608964,,118.45412115912148,110.81791691201757
21,162,122.25215026554628,118.44723338146883,23.664050318672675,140.60100267094202,,124.3368322480268,116.4272242345056
21,163,127.31053339447938,122.54005917673896,24.146423063547303,,,130.81505057197714,122.58633747895009
21,164,132.01174011597058,130.043934794318,24.12074144966929,,,138.02462501237727,130.6918114081035
21,165,135.4462836547872,132.2992093568611,24.49256355971354,,,143.4740468236315,136.60228507562726
21,166,137.56037159763895,136.97637160871383,23.706712662687274,,,147.04365339370497,143.18516119833785
21,167,139.52364152769135,140.89670966427354,23.610191938194287,,,149.64678753641712,148.93627021690125
21,168,140.9555729177025,143.8398881971221,24.4058239862177,,,152.73043204320106,154.6532938694419
21,169,142.53581192979448,147.5520342283425,25.11181931889861,,,155.99257628798273,160.1929269654787
21,170,178.84204746345534,179.8599953042098,28.728965292150644,,,167.09758803778195,171.82918919888158
21,171,178.97570978380568,179.88244640029225,29.681867371294036,,,167.5658102017218,171.9813767882154
21,172,177.87067412014196,179.3139709989041,31.068759469784304,,,167.27979437808708,172.9478984041107
21,173,179.620636028994,179.8166657711847,30.36368181121936,,,169.4724724361702,173.2675260496161
21,174,178.84473871717913,179.03270373709574,31.676222571523933,,,172.0119029250409,174.86794217762548
21,175,176.13823939277447,179.87610509010355,32.46764690126852,,,174.81012290157798,175.5795615504002
21,176,176.78388577001496,178.33072593397262,30.978696722787404,,,174.71422715653375,177.01697473398218
21,177,175.90219876087733,177.20895129251682,32.38778937812563,,,174.48025289968854,177.41595745351285
21,178,178.45631085132783,177.92128236367998,31.893742635562464,,,170.95873644039992,175.24106591626236
21,179,178.99306498620652,178.69583630976268,32.67788944200604,,,165.55094888243232,172.43712321267242
21,180,175.0153758164897,179.31768071202097,30.98064504230766,,,158.92385681669592,171.06899486325798
21,181,172.85504572278884,179.32405048855466,30.182810895184655,,,157.18161874689753,167.87290630816133
21,182,171.31993826886125,177.68144853715935,31.87276097478035,,,154.17527143460364,165.3100977052132
21,183,166.22291415336872,179.11575015352545,32.92398377558752,145.616092232939,160.9638709904028,148.37751543708092,167.64388066026632
21,184,168.44817709756703,179.0945578576354,32.349400214340655,148.25485551746343,164.31575431950378,150.83517553355247,163.81010896749095
21,185,165.49384110719237,177.18068176620758,30.178167104123624,152.70138756210596,167.79525877328427,145.73444597039804,160.87931045053978
21,186,167.03965388332827,178.81362415742356,27.585235338633986,157.6163734036437,169.055075365603,146.32475656901184,159.4546556155876
21,187,168.3674727851872,179.17705178237358,30.312996409412925,156.83492846100333,167.21813833801065,145.8622015549846,156.8813665489968
21,188,155.76873110976626,176.87391410093394,29.784368190040755,157.6262195680247,170.03600665268948,133.49680509987337,163.73577113384323
21,189,154.795878814828,165.87720251038104,29.62907221465273,157.3399105693658,171.1766186730739,128.58565042013103,168.94753822533772
21,190,101.54854834681106,150.39997838486352,29.20471065428605,155.14656539888068,170.6349890632474,73.62336906939197,177.46234052820748
21,191,46.10979517969341,35.57540696796334,28.092637526878136,157.84209015728646,171.46758923807124,17.289824226198363,4.554121522671585
21,192,37.56243092590139,30.517425704412087,27.171771666417506,157.23536479722915,171.88833212742725,6.396272494233822,3.067570467964039
21,193,32.43635118668486,28.36150385581714,27.526362830850992,156.8095023314475,171.50572644604333,162.95568600421385,
21,194,29.289874452715814,25.771212584589517,26.441502943436536,157.95902768107865,170.669405279883,162.37585416923378,
21,195,28.907128707734024,24.61190467029078,27.536456549223335,155.1119266540996,171.5913505672142,163.76208592861272,2.3559615720846785
21,196,27.62951149358924,23.44944892934136,27.79267464755524,155.44345899713915,169.10434534385055,43.84742622676685,9.30715121316736
21,197,27.023945443774835,23.153743333579044,26.933909340626823,156.35146681792696,170.8079036851979,165.7620256238438,0.7968122961803097
21,198,26.06262448837636,24.855453723442107,27.42511426334112,155.91511861453145,168.9190447576362,44.42314051234427,13.779481870334587
21,199,25.45700018866816,25.99852469928748,27.233421132026844,153.58048166339972,170.1328431525422,43.69867616869887,13.060385022613213
21,200,24.919232254447937,26.501144489854056,27.71994658823819,153.25093807578824,170.70024849993294,47.82003736896603,2.844788680034721
21,201,23.88926414204143,27.07837719892032,28.160906320273032,153.1656134862533,170.0186373020926,51.799890023799094,10.394705495359386
21,202,24.134349526044936,27.14836524074093,28.275338124670657,152.15008073019607,170.30822304073152,51.47538759612047,9.073996800169674
21,203,24.398732572745303,27.433618327813516,29.040344452338186,150.8003205131688,171.92795919559055,52.76704291840866,11.629872408331469
21,204,24.73105529241943,26.44850995974902,29.20943523662766,153.7544838098202,167.95379924020187,53.05885588184933,12.279360852088567
21,205,24.394225789524064,24.284442510082776,27.806196165992063,150.6783458921347,170.48081211025618,51.90917328652026,9.192555201889352
21,206,24.798267234749808,23.760241553718743,27.99713894253876,152.60675992986165,172.590171966211,,12.592492087936938
21,207,23.68333226029574,23.145835303671845,27.323291564596193,155.47071815558166,170.00364912883356,171.91528459662837,12.99527304989032
21,208,23.42095090429602,24.091473073947693,26.154822139681645,156.323708527803,173.64468012449495,172.06021924115305,10.214976855569237
21,209,25.216154839961337,27.91322936890309,26.283124775131732,158.0623046907073,171.0865969736684,169.8451545992554,9.791825365117122
21,210,28.01075411672801,29.010601542797257,27.00314436366715,158.5827786892974,171.59338337324263,,3.491898644993194
21,211,32.256024419459486,38.05696275134693,25.51034526948261,162.13423856457598,170.34418535465772,6.210095742162427,9.82070624607374
21,212,119.01464687567156,80.6457146278628,25.479648744773243,158.96047813379346,169.3563837924705,89.03281722014421,53.83256477709516
21,213,135.45219114351636,164.6928346933624,25.985676423365295,157.59992006245608,171.874302778631,105.94333875664466,169.14701692709704
21,214,136.76880349914558,156.9670467591284,25.881650599085617,156.4964273469295,172.40891534993585,112.2237149294818,121.91126323291503
21,215,153.68762261917414,160.59727568554194,25.413977935240325,155.3026025947847,173.0965382696758,126.10836820282964,133.65034199763653
21,216,158.8064155730479,169.38397149029464,28.337636761250067,149.1400576476764,170.14359274950326,136.7074530375069,144.413904795116
21,217,159.73182698695544,174.12402495498307,26.95346875118513,,,138.470981842468,154.81488844905795
21,218,163.39231788279358,173.7057716510609,28.569818301743673,,,141.84551228401523,154.08015168166972
21,219,164.20805603921727,174.21800122312203,29.30880546885764,,,145.37211460738664,153.4330017758584
21,220,167.95493468936388,177.80635560032968,29.674075980417673,,,150.06581798999002,161.63119750754444
21,221,171.3936852761058,178.92152588452345,30.444304249540053,,,153.18786129519418,165.4047369490372
21,222,170.58183678061786,177.92078678585747,30.256884209319487,,,153.30813496239324,164.14216901074778
21,223,171.30001886088192,177.61470442927714,30.032801177036017,,,154.90063141559665,165.18394569993316
21,224,173.04284881921166,179.56861537851435,31.169642089596422,,,156.49673531563874,168.9439693469245
21,225,174.3422102194885,178.74364357557528,31.661757623817824,,,158.63348762357214,170.41018129633588
21,226,175.57945899360595,179.36594764252163,32.0343166034937,,,159.32130338173312,172.35518588429045
21,227,176.52826016163522,179.207681008053,32.91813316687402,,,160.08112697758474,174.19450572149407
21,228,177.6909926597857,179.88478947344893,33.56729381973033,,,162.39152857580115,176.18359102609455
21,229,178.93947686114524,179.0703726882545,34.02227619644556,,,163.4148299398157,177.53116860199418
21,230,178.61329819206784,179.2395626070691,32.593420695517494,,,164.26041502849372,178.10280280356062
21,231,179.67808352606178,179.13016752952535,33.173012646367674,,,165.2700548866359,177.95531120298625
21,232,179.0039935787427,179.64486124853445,32.538235798662654,,,163.08694714743862,174.60376046456156
21,233,178.19678822002234,174.68883020382256,32.68020835496913,,,161.1992428342336,166.8113751590377
21,234,177.13549677264783,173.29983223407245,30.772631137858355,,,160.91794045226538,162.83848224483154
21,235,172.98710535836906,174.3504352352562,30.92251308522308,,,153.824717303644,162.3443177614188
21,236,170.51333844934408,174.4162586166204,30.968407035722425,,,149.4060053364199,161.89993503540484
21,237,167.59636965337276,175.20582480745637,31.60849694148344,,,146.36432839661006,160.72519106161252
21,238,165.14927625199311,173.67221195076428,32.11819158151092,135.08170293677563,165.48731350169834,144.02155708254534,157.5593872979547
21,239,166.2549339859717,169.07287486958904,32.7033341862912,135.72037792963982,,141.15968436793057,151.70040633862922
21,240,165.2108528118572,172.10042067966862,33.05727149316843,137.59272055163888,171.8520151335744,139.90752694253175,149.82816484422128
21,241,160.4717889185307,171.5614890325597,33.4054562575701,141.69565255260144,172.38498921004367,134.45572551958804,145.4365739931806
21,242,153.7784239941736,169.6567149781473,32.70196025055594,144.64801942771854,168.30675224204293,129.85326489293567,139.6120739999851
21,243,154.80548715731595,168.20117072396252,31.640436174198,149.81960156355797,173.10775896581566,133.75119850828793,141.2446781356152
21,244,145.34638580374866,179.38707567969422,31.991604915740623,148.08609498616238,174.63283098622634,121.60094914629424,150.87314170861063
21,245,125.02200742631244,111.66847037371018,30.513597087152935,149.1540433572112,176.71528975633987,99.54246957189534,80.23926230981033
21,246,51.88826494234912,41.227845496392824,29.866704357360753,148.36680910828233,178.46602947709533,21.013530479690104,12.972180659270482
21,247,39.88244269002493,32.49660973109951,27.81305073665852,153.4617099250733,177.98323815707192,9.43719161337464,2.20077851824112
21,248,38.04200269053958,32.56785981881001,27.70600269058981,155.26753635955885,175.9509954075382,2.034495222228345,4.46608629559403
21,249,35.27185988901825,29.229664526344337,26.43257317223657,156.34604609829168,174.07507093990122,157.91359647205024,3.413293985562602
21,250,33.272131777854085,25.938039392011813,25.54315375113624,161.69998086372811,172.4878087607176,157.25456376274823,1.4120900645070518
21,251,30.612903557215866,25.689615783227,26.449849224058095,161.789113840356,172.51858094390042,45.170348659669315,2.8828408433368367
21,252,29.049809332970128,25.8420889338685,25.43815195067737,160.5301111709994,174.64395250452188,163.03430839054863,13.702350278213478
21,253,29.523002762285746,23.287404612930867,26.09033423965016,160.82821026603744,174.05955056754004,40.57415546419772,10.874464083033942
21,254,27.284376226333784,23.43661695840217,25.285527236204107,160.0623500435302,172.7145098311412,165.19242490008506,11.318793264943697
22,0,,,,,,,
22,1,,,,,,,
22,2,,,,,,,
22,3,,,,,,,
22,4,,,,,,,
22,5,,,,,,,
22,6,,,,,,,
22,7,172.99746581104026,104.52344495425184,,,,145.71209146449647,123.42228816543924
22,8,171.15854505186277,99.1477498538831,,,,142.6563458454797,117.2408910001739
22,9,171.1310172550133,99.42973918489156,,,,142.66081695170408,117.3490347495629
22,10,,,,,,,
22,11,159.18997628222462,95.36045118472074,,,,129.79564459344803,110.5219391563887
22,12,152.65258469240302,89.68589402517148,,,,123.3805718446069,101.1926861380691
22,13,145.89999444590953,79.68726816278958,,,,116.64830241831706,91.58702399681108
22,14,137.78464110448016,66.27203520708707,,,,105.1689550752904,78.07524763704026
22,15,138.0373235602786,65.84185496882179,,,,105.3719723044032,78.18621683064384
22,16,123.55060412791144,54.00820796378704,,,,92.33460088047832,67.74448085549385
22,17,109.46122282236011,43.77437339055226,,,,78.98251991011688,56.84966233020463
22,18,101.87925959442872,36.15143210471,,,,72.53966011247932,49.21329583916211
22,19,95.87553127248331,33.16512301931322,,,,65.57475300081694,47.25747510873992
22,20,88.86989758900619,28.87767956870892,,,,58.629009814318835,42.989522206043645
22,21,88.65192268487978,28.752936726043796,,,,58.02028584906004,43.04245641081849
22,22,77.64382128255261,25.609251434668405,,,,46.798251876831706,39.48657492363802
22,23,73.42529701575717,18.776485952786835,,,,42.92488570085825,35.983443926512294
22,24,64.79306178782988,14.437670427959976,,,,31.33615189904558,32.69550426563287
22,25,62.70279055017966,14.312003044648618,,,,28.953425386302715,31.87810627581524
22,26,62.72851952499574,12.907624339205023,,,,28.14820613951418,31.931631365085412
22,27,62.826698293772715,12.852053002492426,,,,28.258892863736257,31.90826586456833
22,28,61.24468125250863,10.774152601974118,,,,27.686277569846737,30.145815329730127
22,29,65.61230074595551,12.07436220844943,,,,33.664903680361896,33.383770091836006
22,30,65.44366138507634,16.521059855188426,,,,33.38223840989485,35.222436249242335
22,31,70.37155167728316,22.099545603649883,,,,37.97500889486948,36.52501528226249
22,32,72.87085767978452,26.190776734614055,,,,41.12450218634377,39.61206328130399
22,33,72.97165780390863,26.27652668296064,,,,41.06937928789642,39.48496202884779
22,34,72.67331396127398,29.07618355408747,,,,42.62153443009857,42.35172544960828
22,35,79.20275698183814,31.361937648557536,,,,49.113088531241395,44.51117605336533
22,36,85.83536524570242,36.84742726447201,,,,57.06649287867659,50.38445748707296
22,37,93.0304488848668,41.41975191925359,,,,65.00061239847808,54.69839550417812
22,38,99.87750673022528,47.48801522461994,,,,72.29752327054777,58.045805425862426
22,39,99.8813079215228,47.54886900465601,,,,72.30030071115728,58.10095195030981
22,40,106.99282544881169,54.366300372391855,,,,79.21624439146245,62.476872986358075
22,41,118.64093889587193,59.955147434119056,,,,89.3500171569977,66.59470299956733
22,42,,,,,,,
22,43,,,,,,,
22,44,,,,,,,
22,45,,,,,,,
22,46,,,,,,,
22,47,,,,,,,
22,48,,,,,,,
22,49,,,,,,,
22,50,,,,,,,
22,51,,,,,,,
22,52,,,,,,,
22,53,,,,,,,
22,54,,,,,,,
22,55,,,,,,,
22,56,,,,,,,
22,57,,,,,,,
22,58,,,,,,,
22,59,,,,,,,
22,60,,,,,,,
22,61,,,,,,,
22,62,,,,,,,
22,63,,,,,,,
22,64,,,,,,,
22,65,,,,,,,
22,66,,,,,,,
22,67,,,,,,,
22,68,,,,,,,
22,69,,,,,,,
22,70,,,,,,,
22,71,,,,,,,
22,72,,,,,,,
22,73,,,,,,,
22,74,,,,,,,
22,75,,,,,,,
22,76,,,,,,,
22,77,,,,,,,
22,78,,,,,,,
22,79,,,,,,,
22,80,,,,,,,
22,81,,,,,,,
22,82,,,,,,,
22,83,,,,,,,
22,84,,,,,,,
22,85,,,,,,,
22,86,,,,,,,
22,87,,,,,,,
22,88,,,,,,,
22,89,,,,,,,
22,90,,,,,,,
22,91,,,,,,,
22,92,,,,,,,
22,93,,,,,,,
22,94,,,,,,,
22,95,,,,,,,
22,96,,,,,,,
22,97,,,,,,,
22,98,,,,,,,
22,99,,,,,,,
22,100,,,,,,,
22,101,67.63479505942388,28.10725218709055,,,,38.4389261269841,41.43468553476514
22,102,61.13846603776045,23.188449874644387,,,,31.887335951635844,37.483215583078454
22,103,59.25602416711531,19.608187141461222,,,,28.04138216950143,35.380255808591905
22,104,58.0922990265087,13.796675221618898,,,,27.935892330043437,29.81863950983392
22,105,60.0911172772954,13.107187093817949,,,,30.828770035056927,28.56774607396829
22,106,59.19712714735359,12.630214638991152,,,,29.814278225850728,28.65845282676256
22,107,56.70629623721346,11.491650613467474,,,,26.84446428175377,25.948778201890175
22,108,55.82518478558276,10.20089181595169,,,,24.48195486318024,24.8154613197408
22,109,58.81638773647472,9.962348139967306,,,,28.664550992310872,24.506178221978296
22,110,61.204835018992775,10.933740245084277,,,,30.953105610814244,25.212142312675947
22,111,60.72335754001119,11.159600078502589,,,,30.798598432210056,25.272091744079628
22,112,62.26593814902578,12.475826940232835,,,,29.49250371157518,29.51288193553645
22,113,58.05625943521762,15.453043535054656,,,,24.940578070527284,32.38093484769759
22,114,58.902444093599115,20.77864115030753,,,,27.23776639297373,35.276748950325505
22,115,57.20389112523655,24.85083246560756,,,,26.88694033765349,37.56068088316788
22,116,68.7617877989681,27.094990406511823,,,,40.824959519881865,39.97033215128785
22,117,67.03225822201152,27.17216580589986,,,,38.070030657573135,40.01066048340655
22,118,69.13705129059538,32.46019769969211,,,,39.46177834869951,44.70642449922853
22,119,73.67788610609755,36.78976249412962,,,,45.24133219867163,48.004097294871855
22,120,,,,,,,
22,121,,,,,,,
22,122,,,,,,,
22,123,,,,,,,
22,124,,,,,,,
22,125,,,,,,,
22,126,,,,,,,
22,127,,,,,,,
22,128,,,,,,,
22,129,,,,,,,
22,130,,,,,,,
22,131,,,,,,,
22,132,,,,,,,
22,133,,,,,,,
22,134,,,,,,,
22,135,,,,,,,
22,136,,,,,,,
22,137,,,,,,,
22,138,,,,,,,
22,139,,,,,,,
22,140,,,,,,,
22,141,,,,,,,
22,142,,,,,,,
22,143,,,,,,,
22,144,,,,,,,
22,145,,,,,,,
22,146,,,,,,,
22,147,,,,,,,
22,148,,,,,,,
22,149,,,,,,,
22,150,,,,,,,
22,151,,,,,,,
22,152,,,,,,,
22,153,,,,,,,
22,154,,,,,,,
22,155,,,,,,,
22,156,,,,,,,
22,157,,,,,,,
22,158,,,,,,,
22,159,,,,,,,
22,160,,,,,,,
22,161,,,,,,,
22,162,,,,,,,
22,163,,,,,,,
22,164,,,,,,,
22,165,,,,,,,
22,166,,,,,,,
22,167,,,,,,,
22,168,,,,,,,
22,169,,,,,,,
22,170,,,,,,,
22,171,,,,,,,
22,172,,,,,,,
22,173,,,,,,,
22,174,,,,,,,
22,175,,,,,,,
22,176,,,,,,,
22,177,,,,,,,
22,178,,,,,,,
22,179,,,,,,,
22,180,,,,,,,
22,181,,,,,,,
22,182,,,,,,,
22,183,,,,,,,
22,184,,,,,,,
22,185,,,,,,,
22,186,,,,,,,
22,187,,,,,,,
22,188,,,,,,,
22,189,,,,,,,
22,190,,,,,,,
22,191,63.03329891335998,14.45609235423923,,,,35.80890218650292,32.97878202967431
22,192,,,,,,,
22,193,,,,,,,
22,194,,,,,,,
22,195,,,,,,,
22,196,,,,,,,
22,197,,,,,,,
22,198,64.70204184734489,17.83788424436623,,,,35.48098857189866,35.73540773858377
22,199,,,,,,,
22,200,70.95917886075513,30.510520858793743,,,,41.823519975539426,41.6060703013644
22,201,73.19861850375207,30.80506096099346,,,,42.16361083783095,43.66807229807906
22,202,72.4389218400288,31.314787678696465,,,,41.55594726874693,44.13168974217881
22,203,,,,,,,
22,204,,,,,,,
22,205,,,,,,,
22,206,,,,,,,
22,207,,,,,,,
22,208,,,,,,,
22,209,,,,,,,
23,0,103.7115806336785,114.07892316716053,,,,85.44000062384116,90.28197174427704
23,1,103.66905505450748,114.09252275280532,,,,85.37799012458963,90.31693842643443
23,2,104.78824189244968,115.867738592151,,,,87.69927508411811,92.49288037365802
23,3,106.93786879357434,117.58907734480232,,,,90.2719117086914,94.60046464740633
23,4,108.45011911199649,121.06709346772608,,,,92.1688812965587,97.95949456720744
23,5,109.3824632145174,121.40677993549129,,,,93.49700358045042,99.6910782215351
23,6,111.1508743358216,124.1558621241736,,,,95.51221195869344,102.47800120033789
23,7,114.02030691336128,125.20858567723708,,,,97.75243752465651,103.67752168141531
23,8,122.27230318172802,127.3476782270358,,,,104.14230519509468,105.67101777010396
23,9,121.88747486731684,128.73733843565307,,,,105.8498814868479,107.06112857559776
23,10,126.19685437008036,131.1635085334487,,,,109.97397431882248,110.35617071951091
23,11,126.85599149108565,132.18913204964304,,,,111.97435645223464,111.62918629533957
23,12,129.2324829544309,133.2800442812668,,,,115.3748235048742,113.89908043767564
23,13,131.70445734644906,133.93937564413037,,,,116.83915014951494,116.56328507834908
23,14,132.9399907074199,135.34179846680462,,,,118.40344662660704,118.6269145499548
23,15,132.70716594708205,139.61956077614494,,,,120.80660880414916,123.37873149288896
23,16,136.25662153929903,139.198623993094,,,,124.50648213523084,124.83320112464042
23,17,138.0291155147097,139.05716076341534,,,,125.82548740637648,126.86326169298192
23,18,140.12528229118786,140.4682846947009,,,,129.0447874210454,128.8673673356709
23,19,139.23677246887115,142.44043358940286,,,,129.7471219407975,131.9416825449296
23,20,143.25317675345636,146.56922110077429,,,,134.09061216957426,135.46240542705343
23,21,143.70173986957556,147.09013419784253,,,,136.4615950665584,136.43633170577178
23,22,145.87153828029304,148.6037830239866,,,,138.26591702943833,138.7784489185674
23,23,147.8498167893372,149.73988984652053,,,,140.5049228003709,141.18993934087106
23,24,149.34790459586853,152.80143689022032,,,,141.83344800508587,145.37430753516887
23,25,149.14884362190958,153.94875472410757,,,,142.51938379670457,147.40033443753154
23,26,152.8666585702376,155.0639395303671,,,,145.95401218415086,149.74645809975345
23,27,153.0367524623991,155.32930581600112,,,,146.57782157393868,151.2324417842345
23,28,151.73968930046163,154.30532720904105,,,,144.941017105883,148.1523823794849
23,29,150.6037854235229,154.06335802885923,,,,142.2183827077011,146.11486974838283
23,30,149.1205654080937,150.5575299046912,,,,140.6592014309613,141.29674166166146
23,31,147.2517856075765,147.49315390496824,,,,137.20505584973546,136.93899886512568
23,32,138.70014374874614,143.18367296505,,,,129.58991826543098,131.31678394084906
23,33,135.99847342067827,141.45743192181928,,,,125.0021249115637,127.45322594281014
23,34,134.03679543818382,139.26148856817082,,,,123.16448665964428,121.17104089117149
23,35,129.54267321874494,135.8340876028834,,,,114.91839371836669,115.38131244174264
23,36,123.49933946298113,130.28390960700662,,,,107.68089281202204,109.46891775394172
23,37,119.84860738685128,126.15594772322784,,,,103.9046661005755,104.72625468914664
23,38,114.94108854483264,121.05569355588015,,,,97.88913914889436,99.1139833052328
23,39,111.63112906130576,117.54636470364392,,,,93.99317103616588,95.98314423339164
23,40,108.95847511973386,113.84849455193678,,,,90.02734039169712,91.840163019977
23,41,102.61541081651818,110.11385395480374,,,,82.6990000874928,87.18213659900694
23,42,98.7957239102259,104.656742450141,,,,77.73775471350667,81.49592672343344
23,43,94.21638844360118,101.19480368935746,,,,73.92949623230614,78.48354545172619
23,44,92.52705060673696,99.55160780924116,,,,71.55644601137556,79.15038671176787
23,45,88.99055183967916,95.60294205932703,,,,69.07087528134737,74.64711723692281
23,46,85.80295133642586,90.0454857806298,,,,67.97848642551165,69.49629593984771
23,47,81.07629088731059,84.96629582262143,,,,64.80959890671087,63.62806955972719
23,48,77.64212987816809,80.40569084041111,,,,61.76626581301289,61.35927482467458
23,49,72.80203533592368,78.77067423692982,,,,58.43042525894865,59.208989305985824
23,50,69.50221563046738,74.73147786147176,,,,55.619024539228604,55.880262580431506
23,51,68.04204948058587,71.44732718768287,,,,55.10143146508898,53.12898713187123
23,52,65.15191284730824,68.45988094769669,,,,53.05804580574247,51.34235085314915
23,53,60.86207125130005,65.20459232907957,,,,49.60291440899702,51.00467073010075
23,54,57.37182227481039,62.21760874314265,,,,47.87729734374176,48.69527277652977
23,55,56.06134803290094,60.47354669574808,,,,47.070214435792955,48.02643814510877
23,56,54.3442909759888,58.40595078249894,28.01034682527736,,,45.66807372359034,47.623312611294836
23,57,52.29433580161892,55.11613717360524,27.079910644702245,,,44.63381922048687,46.275724556678995
23,58,50.71652154593028,52.925952740045545,26.35019086852257,,,43.30595415279061,44.953861466523385
23,59,50.99832095617572,52.733076183931296,26.474495430830498,,,44.364381907027976,46.63662913548333
23,60,49.51921839591607,51.65446260410436,25.708811494064392,,,43.735275280970896,45.95645179334939
23,61,49.059342718157296,50.578830985878504,25.639540612314654,,,43.8750912013966,44.85627757819123
23,62,47.79085254748279,50.26861418873146,25.027869358130648,,,43.16246350159282,44.949851351493685
23,63,47.510224625433,49.71958206641266,24.90698442317515,,,43.36913688401974,45.28527780171291
23,64,47.36494515157511,49.74900515697125,24.624944549549287,,,43.62590779081336,45.24522257445858
23,65,47.16292184098188,49.929672006047014,24.81621644625532,,,43.29206256942392,45.27410659914334
23,66,47.6649210251762,50.857510778160766,24.97130234448848,,,43.25961890067839,45.35660777269157
23,67,49.39116941352922,51.44431647536129,25.33540638170563,,,44.086239821697504,45.347635368116215
23,68,51.02156322788591,52.6602245829148,25.650976258005524,,,44.404042547345966,46.10829449763311
23,69,52.16026569903163,54.60658465766254,26.022340751056568,,,45.15307929469226,46.214289534015315
23,70,53.04135441273163,56.55975349784937,28.142036934343356,,,46.15078862688798,47.174841520829474
23,71,54.058503928732385,59.38001628611898,29.294233741395654,,,45.99721987298702,48.314676335602336
23,72,56.3299464570708,61.43350008292564,,,,47.60408470340981,48.48450630245076
23,73,58.63526835325208,63.83070511273071,,,,48.24901562797849,49.53908459866851
23,74,61.08210908358747,67.03119268541259,,,,49.96853866492057,51.407129595950735
23,75,65.22413738795424,71.2062656632335,,,,52.27976410286503,52.97606668580564
23,76,67.83032278243091,73.73903173104445,,,,53.94700258470531,54.313740835714746
23,77,70.47312558285522,76.39436637315426,,,,55.201276971007125,56.63288568608953
23,78,73.87987225029474,77.69584211300922,,,,55.62556572678816,57.77851357784419
23,79,75.16528455551443,81.59044960622035,,,,54.73043015926008,60.55686394045242
23,80,77.85712659773827,82.08311365751267,,,,57.76547702680763,
23,81,81.33936946504498,83.72508757669269,,,,59.39142857278805,60.93744880476322
23,82,84.36323360041679,88.36849039893137,,,,62.273019052451275,66.02030348798667
23,83,86.47633118755816,91.71136631500868,,,,64.68331879235593,69.69350890052472
23,84,88.0240791026893,96.47000755952288,,,,65.95945201347116,73.07966816495632
23,85,89.23798279444779,98.20508493408065,,,,67.54988827672803,73.64660363379934
23,86,92.69568882492337,99.71754570931756,,,,71.14054248570945,74.30413347886325
23,87,94.85741189015027,101.03871242048366,,,,72.73811852908814,76.52454847042823
23,88,95.79654913672516,104.1187782527448,,,,73.34702667421631,79.69213970880301
23,89,97.42028205844062,106.0588880934404,,,,75.81891116319578,80.48156916785821
23,90,97.18102794017388,106.98164087620896,,,,74.90555478387078,81.63576576309009
23,91,103.43821775278096,110.26810181339708,,,,79.49554978874755,85.35341518707877
23,92,104.265928023405,112.25903734865166,,,,81.76200129185547,87.4268213041502
23,93,106.10455627568864,115.00370887158076,,,,83.68052529294857,90.75789556549694
23,94,110.28383348142954,116.15807413848847,,,,89.86367389325376,92.74143657904584
23,95,109.46244248203152,117.97399330419168,,,,89.45882295236969,94.58944935980044
23,96,115.29264795990902,121.40280533389956,,,,94.4027396124006,98.467249774699
23,97,116.22706982808052,124.36608354682738,,,,95.1999517051005,101.38089028699622
23,98,116.99060399724688,126.53421566252116,,,,95.93222279002458,104.63940553210632
23,99,130.095734814219,128.14415815171216,,,,111.77127779264848,106.9863622386032
23,100,131.02886524528986,132.63953297389023,,,,112.67769665701375,111.12305598470796
23,101,128.61951336836458,134.89140176088097,,,,111.09174284085378,113.18194623171068
23,102,127.37102433215412,134.21136089683617,,,,110.0004181635588,113.85303379517362
23,103,125.94514789042064,134.55973181376476,,,,110.50456661514188,117.1822165437249
23,104,138.28410541876548,138.70167508538873,,,,125.2072803334568,121.50853168364462
23,105,133.09790580711564,140.172806275564,,,,118.7442664601302,124.65141036604366
23,106,132.83167573503218,138.9403345606152,,,,120.57058408684588,125.06549345637886
23,107,134.72685528786326,138.66349125238054,,,,123.3188691395688,126.1855145065411
23,108,137.06745715815936,140.54690162595182,,,,126.3965918203186,128.472875946793
23,109,138.41706062288503,142.64057821968487,,,,129.86077785679944,132.41853868506126
23,110,138.6801629673742,143.84453049781143,,,,130.2683811023256,133.30473567131708
23,111,138.87298255301184,147.09711157808042,,,,131.15195476281426,137.4682329492159
23,112,143.2555715553649,147.68433150627126,,,,135.46004184540158,139.04755949481574
23,113,147.51519403812063,149.84804692659887,,,,140.72952319784477,142.64688999669116
23,114,148.38698088944255,153.13225057543033,,,,142.3012528924841,146.7639027726227
23,115,151.12254225905184,156.99774888475594,,,,144.72070653247877,153.26035151112828
23,116,152.07029613737294,158.73889476611689,,,,148.44987252853832,157.09409108702033
23,117,156.270980559591,159.218757269386,,,,152.6025539887055,159.01431101840686
23,118,160.35127457216947,159.89993562846902,,,,159.5363440932125,162.09616465373404
23,119,157.16596540897814,160.99452549372967,,,,157.12548710826522,163.61971959886853
23,120,158.25223187066658,160.2804535101574,,,,157.95848703559193,163.6543258409291
23,121,158.87708657200247,160.03905557871852,,,,159.002081895623,163.3550954136788
23,122,158.6773450703992,160.39849636909395,,,,158.78762283171264,163.77637327574058
23,123,158.3637816080667,160.4451470112772,,,,158.8190690443867,163.48724636188942
23,124,158.12776580061802,160.275909550376,,,,158.74102318212883,163.42677535225607
23,125,157.82253361332522,159.74845122736457,,,,158.83622505388536,163.07891467377385
24,0,,,,,,,
24,1,,,,,,,
24,2,,,,,,,
24,3,,,,,,,
24,4,,,,,,,
24,5,,,,,,,
24,6,,,,,,,
24,7,,,,,,,
24,8,,,,,,,
24,9,,,,,,,
24,10,,,,,,,
24,11,,,,,,,
24,12,,,,,,,
24,13,,,,,,,
24,14,,,,,,,
24,15,,,,,,,
24,16,,,,,,,
24,17,,,,,,,
24,18,,,,,,,
24,19,,,,,,,
24,20,,,,,,,
24,21,,,,,,,
24,22,,,,,,,
24,23,,,,,,,
24,24,,,,,,,
24,25,,,,,,,
24,26,,,,,,,
24,27,,,,,,,
24,28,,,,,,,
24,29,,,,,,,
24,30,,,,,,,
24,31,,,,,,,
24,32,66.97448353755782,45.3540760216528,,,,61.94605346224637,18.944638342728396
24,33,60.78658337028477,41.90124966162853,,,,61.65605653208769,15.021861622793857
24,34,57.25541339444814,43.08501625563803,,,,58.982781031886205,14.8019648353179
24,35,56.586186880173415,41.23573712800776,,,,58.72485565224775,14.76827022650189
24,36,54.01390176344561,41.21662718770056,,,,57.40537659941051,
24,37,51.89137891711834,38.73884723495841,,,,58.69800846000959,10.983556747753132
24,38,51.00502191860111,37.08575175252883,,,,59.09318942592808,3.644044439633859
24,39,50.311892024887584,37.33110938046045,,,,58.62227670990212,5.201460780725435
24,40,48.75787519500357,37.10538799442687,,,,59.98437105931567,5.3526530198190825
24,41,45.77601823003338,37.25533785997646,,,,60.52785028819507,6.182801052984293
24,42,44.481521434039635,36.125567027332714,,,,59.3489874675554,5.620545520557292
24,43,43.065953957115894,35.68484914032212,,,,59.033798397416525,5.891284674542867
24,44,42.67698708038882,36.70332309966995,,,,58.74298853054485,6.310708317418577
24,45,41.654192395315654,36.01272723629021,,,,57.637694503515945,4.4794686309266565
24,46,41.37685189968586,38.43271300414652,,,,58.40225067130237,5.579548938235521
24,47,41.13161118769133,36.9407559291139,,,,58.11932001585498,5.426337612837782
24,48,40.98646472089224,35.73483357509323,,,,57.4659386266747,4.890830029653582
24,49,40.47525472134731,35.89492582813329,,,,56.07806116408334,4.426284883203932
24,50,39.98136174760789,36.33567716359665,,,,56.04844853957812,4.346778074354228
24,51,41.406317025026475,37.869767991236,,,,56.506001341880115,4.646495447468517
24,52,43.35725042991366,37.78535903254427,,,,57.1979671392967,4.089358468538611
24,53,44.53586960385473,38.65838653300991,,,,56.06058871098118,3.5340824091582452
24,54,45.34188912770859,39.35244008564499,,,,56.61894125199937,5.673097930179906
24,55,47.949120039467,40.69577789243059,,,,57.17516585144925,4.29859239877221
24,56,49.579539944339025,42.539611214659985,,,,56.81471028456814,8.432756075761635
24,57,51.888520176487255,41.23976569849444,,,,58.70639923146222,10.277435791171245
24,58,53.9275271124144,41.528041856463744,,,,58.13186153771617,12.130455176073596
24,59,55.84235573459546,42.6487046435071,,,,58.40576015365198,12.830070754414937
24,60,60.4369837573092,43.96184364647537,,,,59.98047358752867,13.867182366774854
24,61,64.1390994284026,43.673953046840175,,,,61.66346578851,14.476079874320142
24,62,,,,,,,
24,63,,,,,,,
24,64,,,,,,,
24,65,,,,,,,
24,66,,,,,,,
24,67,,,,,,,
24,68,,,,,,,
24,69,,,,,,,
24,70,,,,,,,
24,71,,,,,,,
24,72,,,,,,,
24,73,,,,,,,
24,74,,,,,,,
24,75,,,,,,,
24,76,,,,,,,
24,77,,,,,,,
24,78,,,,,,,
24,79,,,,,,,
24,80,,,,,,,
24,81,,,,,,,
24,82,,,,,,,
24,83,,,,,,,
24,84,,,,,,,
24,85,,,,,,,
24,86,,,,,,,
24,87,,,,,,,
24,88,,,,,,,
24,89,,,,,,,
24,90,,,,,,,
24,91,,,,,,,
24,92,,,,,,,
25,0,,,,,,,
25,1,,,,,,,
25,2,,,,,,,
25,3,,,,,,,
25,4,,,,,,,
25,5,,,,,,,
25,6,,,,,,,
25,7,,,,,,,
25,8,,,,,,,
25,9,,,,,,,
25,10,,,,,,,
25,11,,,,,,,
25,12,,,,,,,
25,13,,,,,,,
25,14,,,,,,,
25,15,,,,,,,
25,16,,,,,,,
25,17,,,,,,,
25,18,,,,,,,
25,19,57.866285338823126,62.36838544421454,,,,25.326119169064913,63.66619708411086
25,20,56.68519806119128,58.96683097443004,,,,23.485250650190434,60.20941482182675
25,21,,,,,,,
25,22,60.5629997957928,49.97807559850369,,,,61.199432834317726,19.12059819604714
25,23,57.35081858106722,47.99491849062824,,,,58.4072406926071,16.31776648145548
25,24,56.92648983487789,46.01961811942651,,,,59.38924678355992,15.558899477733451
25,25,,,,,,,
25,26,53.56710320347937,43.89609726609303,,,,58.503991334053914,11.541540637012112
25,27,51.11853738986335,41.62551822915712,,,,58.81978303291968,3.942618363097411
25,28,,,,,,,
25,29,48.389155871663235,39.86363644480621,,,,58.907398789506054,4.422731321920655
25,30,46.98527232786226,38.612200257135775,,,,60.7741459186213,7.1668455865589396
25,31,44.32613439977609,37.395203879001045,,,,58.69670978361894,5.4880060636361785
25,32,45.300690552503674,36.1958428793566,,,,58.69027255074742,6.711344208385913
25,33,43.872055326617335,37.05973973398792,,,,59.148275536569976,7.386333646401167
25,34,42.36175803064766,36.98740023677265,,,,58.415249131289514,6.192129546323335
25,35,42.42918436326757,36.00351922931276,,,,58.17048022877964,7.040935327357464
25,36,42.828395593715214,35.87510642131805,,,,58.177958840685754,
25,37,42.21306417846099,34.137590436804174,,,,59.285594634730074,6.488458044308278
25,38,,,,,,,
25,39,,,,,,,
25,40,,,,,,,
25,41,,,,,,,
25,42,,,,,,,
25,43,,,,,,,
25,44,,,,,,,
25,45,,,,,,,
25,46,,,,,,,
25,47,55.846163272426,43.155387111037435,,,,59.06171643908009,8.511068106781993
25,48,56.48976816189087,48.5706854681738,,,,59.28702479119038,14.035119650078345
25,49,59.54314343723665,52.44844346726232,,,,60.59426547795568,16.442703672337533
25,50,,,,,,,
25,51,,,,,,,
25,52,,,,,,,
25,53,,,,,,,
25,54,,,,,,,
25,55,,,,,,,
25,56,,,,,,,
25,57,,,,,,,
25,58,,,,,,,
25,59,,,,,,,
25,60,,,,,,,
25,61,,,,,,,
25,62,,,,,,,
25,63,,,,,,,
25,64,,,,,,,
25,65,,,,,,,
25,66,,,,,,,
25,67,,,,,,,
25,68,,,,,,,
25,69,,,,,,,
25,70,,,,,,,
25,71,,,,,,,
25,72,,,,,,,
25,73,,,,,,,
25,74,,,,,,,
25,75,,,,,,,
25,76,,,,,,,
25,77,,,,,,,
25,78,,,,,,,
25,79,,,,,,,
25,80,,,,,,,
26,0,141.1714846568538,146.38218960386695,30.094675255936338,,,151.66873770163463,151.4133340725557
26,1,141.46387748654035,146.31302887085369,30.087526649598097,,,151.81454229603096,151.34125101648485
26,2,141.37289748869287,142.48217988503436,29.8667110932228,,,150.9221782276691,147.94652070878436
26,3,141.28405255101407,138.2082906058802,29.308011289304535,,,149.60348618671873,141.47437070226013
26,4,137.75049944872038,139.95452034363956,31.639335191265964,,,159.60460712626843,145.8294285520058
26,5,136.5835417952582,140.76711230190026,30.5271831698812,,,144.8262224586861,145.55271471220937
26,6,134.18112020563964,138.39297003497484,30.671094608748497,,,161.79565328648775,143.21398584619791
26,7,133.03830653868118,140.49094422492138,30.6065056741581,,,157.69720506968355,70.39420273450934
26,8,128.67366940510635,144.29880664321925,30.16591337424834,,,153.94574700516662,
26,9,126.96718471916716,145.9989811513023,29.38786617727038,,,149.59060245330633,
26,10,120.10788112717036,68.00985215893009,28.60765564651382,,,151.09580193294053,133.5125928877328
26,11,122.60690672371484,62.591415073928275,28.084480140519194,,,127.81831618861116,30.94425125284528
26,12,119.036653192525,158.24310730036223,27.740025432149935,,,124.4917972824222,147.45573710515075
26,13,116.41281833667745,64.24354632108944,29.30781320015453,,,119.07004796805904,35.51900941213527
26,14,113.93724658430575,66.94684807614414,28.08227538682934,,,116.59659763782668,51.45151820974042
26,15,108.4713698353596,66.82214799430749,26.306197568150072,,,109.01555396417136,143.31187553262285
26,16,105.745962204783,62.352655933650034,26.546150691280804,,,104.98812353635188,142.1642381790831
26,17,98.39175851945164,57.278898579489706,26.41365068428164,,,98.81569914418444,37.587878941760835
26,18,98.39160877248352,61.87308491435682,27.0503422324404,,,95.42663667598528,37.294717222730085
26,19,97.37800767687114,63.510987396840456,26.905992726021076,,,94.3205238180655,45.21414268173396
26,20,93.7930218226107,33.05164797085846,26.935024106228987,,,90.796248315338,11.132225007029453
26,21,91.83517288299632,71.99039570008449,26.6504731660675,,,89.38693280901809,34.3605043131584
26,22,88.99504354397375,68.07797250262239,26.008897235420232,,,86.89281100153694,155.82774530953995
26,23,81.71619340999516,68.28814686145454,27.44350016235556,168.04046799254974,178.8586355210218,84.32033626986286,155.63940735681325
26,24,77.05476705578285,62.63948397383845,30.191479675157073,167.76708802897966,177.7439087677663,78.58050350701875,37.88227702433176
26,25,72.62070142259628,59.69866616879882,27.580073358309043,170.03530202046448,179.4870132645556,77.14195042236234,143.69131056543046
26,26,69.69347063584658,62.616662550018845,27.30753021004447,169.13214891815753,178.76457954522215,76.76289715429742,135.86141674948448
26,27,65.74040220847067,59.9197170220675,26.889126448059628,168.48575456189923,178.71399412583938,61.85992293749676,130.30841992470494
26,28,65.64194141553263,40.29612347681184,16.699261727459273,,,65.57341882753737,22.40337123867965
26,29,63.43956640836988,39.054617222027474,18.796900239247776,,,63.18733072815056,20.876572159436808
26,30,59.49124306089582,37.09203562162321,18.813087076292355,,,60.85736157639427,18.67306173998163
26,31,56.82273343877136,37.79455119373452,19.441886684203,,,60.36031744924363,18.172652666819666
26,32,59.311459077243654,56.7898014582125,10.350104140853452,161.94559519380803,155.40287200045097,,53.1610328474255
26,33,50.447673087520435,63.26998965893094,24.394248061366316,169.24725978316567,175.8343277339747,6.03138329033436,8.832114540975656
26,34,51.8068683618884,68.76664576439775,23.19847642269101,167.82544700150214,173.35948941659362,5.364614907694596,4.7342908954964695
26,35,50.64266218927106,29.787570646304115,24.50536897004942,169.49532362566342,176.21793157280382,12.77190839436392,47.017147784300214
26,36,46.94958557630445,25.040982932054263,26.056903572230222,171.20676724266346,176.90737673376822,5.086037142176153,35.496404759381775
26,37,45.75887238004153,26.17303825938533,25.94256964961776,172.26255690409064,175.93059098351335,4.810858581303664,21.351795585983925
26,38,45.497275676671904,25.836139011828536,26.153018458898337,171.95589369004867,177.9221579592769,3.031438652051979,16.435253296681864
26,39,44.614236244333426,26.96454616625334,26.07987603337527,171.67158554920138,177.43465530357204,6.602030597016887,14.146028734199248
26,40,43.87351182446941,27.652112122364677,26.080293310088816,172.7633701193718,176.49057797101378,7.069705172539556,12.385954117193268
26,41,44.0965872060334,26.61966401889056,26.481477134782093,171.85449165910578,175.71838022353748,6.154396096273016,15.17515643134054
26,42,44.60059079238161,26.657663805391625,26.58773628037605,171.93061605813804,175.36082999694176,4.182511430721013,15.25283416523304
26,43,45.69228829850299,26.232401209989316,26.434281739390777,172.0874177104709,175.1408563892386,4.373856490861363,18.444084527930865
26,44,46.524977970738654,26.27286881331414,26.632542628652644,171.56029258063455,176.50213160012856,10.352899824299325,26.98338444387289
26,45,45.2275572749534,25.777547683600865,26.106986486080903,173.23347954514824,176.3772837325211,6.058724881386906,35.0158255933196
26,46,51.42674357169958,66.58407521387285,23.08123956448131,170.7702128669685,170.8402251444666,3.954507656385389,3.1375152663650345
26,47,61.205279263903385,53.369876725003365,19.26199719511883,178.59902252121682,170.81789817292304,,8.729839649423234
26,48,46.71071333332754,37.717360268596565,24.310746265812373,173.9364204118348,179.19385204734016,56.97324283329281,20.483763843883196
26,49,30.922218206790355,55.0011975749697,18.64161703948854,176.1625700186261,172.35274425663266,,4.433841663803896
26,50,51.3644230495566,39.64358925117322,22.94088111227414,174.01951398715605,178.414670841273,56.202279109021255,18.89225351193012
26,51,54.43368392140293,43.16170530180299,21.889517610062168,174.38626782174342,177.4819655353619,57.71525781355232,21.677360505333876
26,52,59.50054691206615,44.92104255739914,20.647731543642017,171.36775704921266,173.98162610691003,60.740469812742134,22.767714406795648
26,53,61.84761518463208,44.9522598177446,20.39226758080913,,172.90161424751065,60.495652927779005,25.027638142725607
26,54,62.96265786894601,55.792444448354296,26.82614711510923,169.7702400398993,174.87860622720092,62.153176759194274,135.330602086991
26,55,65.47925713673239,54.06995084313011,25.86411870233679,168.71570541687896,178.26912960023373,68.97514503556015,126.04991059812896
26,56,72.98168539636039,60.75063685103185,26.54919693434959,167.3599997886096,178.8504992868655,74.89435993220542,146.7561863281155
26,57,76.3550673248927,59.68491407342595,25.518587872226615,167.2330122448532,179.72651013459168,75.67973361634462,148.6677326117326
26,58,79.2573779227304,47.70511063409462,26.599572321423384,166.5926050051185,176.22872424294607,77.28092724677335,60.66365972879905
26,59,82.2670995317957,78.29780722073205,26.28744036954632,166.05813531140765,171.39030193996123,81.50113891350296,0.2469762227403202
26,60,84.89554775877455,81.16170084605675,25.091419515065457,166.61068387807154,,85.47474295476063,88.68113831835676
26,61,91.55327236954824,40.50404145871854,26.18801426432537,,,89.54482333773849,81.51285957614856
26,62,92.26312708609493,33.82647153816794,24.51752905036983,,,89.56443768048726,2.8466868751223937
26,63,92.66121680713506,83.51348850091603,25.874291318269407,,,89.25992190410636,0.2481822783236517
26,64,95.52306041713074,129.04148659074883,26.78722229829552,,,91.96255179507853,62.24721759789882
26,65,98.58512162296547,40.546595902742006,26.877580833891123,,,94.7275626468049,53.99716797357782
26,66,100.46381709022327,96.1622881087112,25.96133656800233,,,96.34576084522293,83.76807553635065
26,67,102.33388706010932,134.71621072397443,25.44361725224315,,,98.7900149695088,132.67380587670365
26,68,105.2720449958644,157.0092337860827,25.890519993804116,,,100.91821941394218,126.81108232570432
26,69,105.77927003312932,154.86547439063568,26.67130120385673,,,102.61188818615138,131.66577463843683
26,70,107.24244407022098,161.9046549286416,27.005442603791725,,,106.54902275740224,159.79111326471636
26,71,109.03328458757368,151.5412861237681,27.490735004404513,,,108.3247288930465,146.15404363007698
26,72,111.2206728612526,143.2078782671392,27.82176506969792,,,110.20521004413872,70.36310594349409
26,73,113.29590802947531,143.22390617508887,28.275858304543576,,,114.93555691268809,70.22864758144473
26,74,115.6786082740322,157.13183508937414,28.391759534367107,,,120.09045189016,104.329023995564
26,75,117.02311119525564,161.17067376617112,27.524350203418404,,,124.11743165593197,112.49975072891898
26,76,120.02445873659995,145.35833882293292,27.935388289957164,,,125.3966746277684,110.30223334689217
26,77,121.17462422211764,150.3100776136359,27.9022495358979,,,126.91539310350473,137.08351254891878
26,78,122.25448724678483,151.51700742663883,28.19912935632609,,,128.72472819242483,131.6540593886919
26,79,124.86464112642376,143.61563389079396,29.06028766767227,,,131.5720589331491,154.31447003012622
26,80,126.46404895588736,140.82049713569197,28.72392164475576,,,134.21142904172612,148.9780963920715
26,81,127.485891524894,143.6141838024005,28.16005071354522,,,136.9624295789879,163.22562544398028
26,82,128.7687600107224,138.14568515159897,29.011200299311525,,,136.85693075687652,156.02356459958804
26,83,130.40824681058382,136.7607245108953,28.86321090367552,,,138.93365860934802,149.43085463827916
26,84,132.30648177104396,138.77328143502913,30.180268835105128,,,158.32730267250463,148.81821223988769
26,85,133.40541694012435,141.5096065683767,30.475004044020903,,,162.00260762279905,150.96042599830997
26,86,134.29396917951829,138.94794018090138,30.350406984743294,,,163.64504918329402,145.78254513842575
26,87,137.0252960247233,140.9068564879727,31.43448423778028,,,160.12234121585684,154.09188750444946
26,88,137.62972440062578,141.95948351946575,32.056760268631415,,,145.411126311668,152.7731550645415
26,89,137.77238903462026,142.30574933830192,32.13059846193584,,,147.51015737571694,154.03158362839957
3,0,165.84502378708706,161.34730019195626,18.25932404836002,,145.28066533052407,153.7302542014099,167.5117633439639
3,1,165.33011049290735,161.9081572460439,17.237521999387635,156.14712620792778,155.36569045664402,151.43287371848294,169.33960693819114
3,2,166.93301889576392,162.35087660419745,18.29013916850912,165.58411636573695,164.34523970062935,156.07944922002343,167.7605614421989
3,3,167.06511241170494,160.27089723060206,18.380124622445553,169.7895087421344,169.52185317922522,155.5990565164187,164.773233160363
3,4,166.35133998618574,161.7523694247535,18.536378256030744,177.58037263581548,176.80735625521385,157.8911386753589,163.0241755298451
3,5,167.23457632136913,162.4235824620531,17.157659924830476,179.26063251950092,176.24219960656458,158.74298200169815,165.28060875062627
3,6,168.32827074137862,161.00576356092185,15.087018794648406,176.72570755162573,165.78544544133254,160.9543895005733,164.92357613015048
3,7,165.85461188193588,161.52245116521516,14.50492264252866,175.99648637398747,165.1991856528677,156.77807745476366,163.9505230947727
3,8,167.11853288217154,160.23572068664382,14.605805604274504,175.64799608591846,166.1088944047215,157.48250472644568,164.25236484206837
3,9,165.05353642351955,161.68054338664237,14.449510723823307,176.1381200947225,168.25983111327943,155.18121454241967,164.69896654257323
3,10,164.0557548079433,161.56405878790667,14.372214857648256,177.772799343458,171.41354560020778,152.98000479403717,162.87286652412848
3,11,161.3208025290701,159.40347480886825,13.866319921456768,179.19907865766373,172.61924381908688,147.57083910404805,162.91356712937957
3,12,157.59330922217225,157.65190351934598,13.020521706702374,178.12068721691858,173.58040870703732,142.49771959241812,163.15148337842805
3,13,156.66432339496322,156.93977307336502,13.027841280598986,178.3228595750844,174.29869524797894,140.95941129678613,164.79508443804923
3,14,156.2156345023595,153.6054278409477,12.338487591981176,176.99941846818086,176.34497305180474,139.85733279288422,162.35761356775126
3,15,155.92052806138202,150.29607715501834,12.772603246905977,176.9163716617055,177.81505610345576,139.26368704601293,157.93276924791775
3,16,153.29202935293702,148.006726421631,12.982731166563992,176.59168884384954,178.63976512616586,132.77533402755162,155.97367726198468
3,17,153.34526492039674,146.64101963241438,12.839995444476276,176.23092065331306,178.96644500013062,128.38857414313378,153.6827753879296
3,18,154.29922821233086,143.29136175647858,12.524472522353571,175.48054674543948,179.28703898037412,127.4100356340205,148.13840306824565
3,19,157.53174573794908,142.59900390475622,11.929814839955174,175.08651127827326,179.06758901101256,126.96894900020293,147.57983000426648
3,20,160.48980270430783,142.07495635785614,11.527524585007903,173.790578576412,179.3519342912632,130.78758826633086,148.5565225448428
3,21,163.1402205928947,141.20925238485913,12.052261715708132,174.1262551660971,179.96141511654892,133.9684169616491,149.4985413298808
3,22,165.2676237265185,142.283197875233,11.928982376926369,173.1956308466781,178.80254051871566,137.98574054802006,151.88160110857422
3,23,168.16467336771169,143.18060694917193,12.43572399619302,172.8719641750203,177.84079150389869,140.3587180477948,154.09801551275848
3,24,171.56599124787792,144.99315691952177,12.597235630437,172.83848335287414,177.4816257903148,144.0205016427294,155.53539203012673
3,25,172.67203214038705,143.15087627551597,12.863373992654887,172.80360760764566,175.61609201493278,144.8512856286833,155.13800946395196
3,26,174.35290179248057,143.0286621963378,12.85004561870326,172.688465180528,174.76115392789472,145.43388768615802,155.6880507952223
3,27,174.13844630424725,142.21263735572626,13.530940643971368,173.3978673457248,173.29977014816305,145.07242425953862,155.96011139568876
3,28,174.66273484202586,143.9199751997373,12.745490071873904,174.52674638307474,175.3451287853999,146.644693349547,157.25927991208206
3,29,175.34412429089917,144.5602768775907,12.65572395063275,174.76613711272995,175.9696271010874,147.89224511199222,158.0358209439152
3,30,177.77095490219355,145.0375565244614,12.574966643375069,174.28007457775635,176.0022723139925,150.2260762142735,158.31917062622736
3,31,177.85020146722806,146.20421576506655,11.657779041817331,173.88331412577978,178.18932868437236,151.36047782681703,159.21972020133413
3,32,178.0983278579063,146.53622932029057,11.560796296309205,174.46974954501005,178.37487819050838,154.37762526261878,159.69458858155102
3,33,177.35934540580948,147.2966720737944,11.942427023423567,174.53569479937178,178.43181715163146,154.5237345451475,160.43249606897146
3,34,179.51386224093892,149.41987399485248,13.019771190329363,174.9031422162228,177.32995509000605,157.764711261379,161.07111184450034
3,35,178.15552573356555,150.30164440288945,13.479581748358656,174.34282466247956,175.43436953148714,158.04171550551632,161.67120219771607
3,36,174.85748571727245,151.90140653058478,13.021422735228809,173.8329396590954,175.46698700710436,157.11074072614662,162.13442028629433
3,37,174.59067130961907,153.78490575910635,12.997340758499082,174.08432378717768,176.32898922243987,158.10299152347062,163.8299414569599
3,38,173.66131479352222,153.38784988823778,12.732955938474074,173.8824881284727,176.3952832560628,157.67526923714811,163.32604498556245
3,39,172.26437421699976,153.9549351046326,12.829192232468724,173.77747287170038,175.69694087696166,157.09929106223478,163.78670538398842
3,40,173.64423535354769,154.19906449755763,13.17262369981038,173.94090265817422,174.81448431661872,158.74071726109057,162.90727530594464
3,41,173.43338239745665,152.8264206411588,13.080426018593696,174.5162086597745,175.66224610858583,158.1184491437245,160.73778706796244
3,42,171.59653191874884,153.10964462215907,13.441205024150763,175.43990305415213,175.21459872100198,156.98901542756337,160.67456614044275
3,43,170.75164697860126,154.16180413883967,13.310329897098049,175.0097096243583,175.035115154751,156.74025287077683,161.66771038672152
3,44,170.56760592813637,154.64051931579843,13.230028716237468,175.96736077590467,175.2700678198773,157.28018063760166,161.08710916396998
3,45,171.01600664013907,155.9767224850292,13.142687126164528,176.5773116530354,175.54402112340856,157.5935910707142,161.78790930239214
3,46,170.45902763212325,157.48408401349576,13.357654639899296,175.8633879070566,174.89533899222394,157.4655252843399,161.9384166220651
3,47,169.4974809502113,157.36898137969231,13.078972440903676,175.73398681308348,175.92577836329446,157.51874198536137,161.71288404977722
3,48,168.99339826039716,158.86071352582923,12.660852190387445,176.00904957958429,176.55596786271022,158.4708497553629,163.66638870977056
3,49,168.47214925350727,160.60971600997516,12.658753059525337,177.9107063211012,176.22257671965457,158.7081551635401,164.97778208166858
3,50,168.952216773034,162.20121341108248,12.362793111799872,178.30119414727713,176.11273933165188,160.59469411017042,165.4021888331226
3,51,167.8828159676991,163.06955405028827,12.171697585628406,179.53096847435043,176.1197655774553,161.07241874681122,166.01461511079066
3,52,167.84703769777963,164.43838028491572,11.891675574432336,178.58631914794523,176.66836773860214,162.257506004859,166.45395610503667
3,53,166.37061942773371,166.52133389939448,12.321793491480424,179.353507470031,177.46329048655565,163.1281919438037,167.2980157125971
3,54,166.9288447415047,166.390863152122,11.960833395946889,178.65744437809133,178.25538912690624,164.1071570308521,167.0732641207573
3,55,167.37080937299817,166.04866859479665,11.5449930453179,177.99996440065863,178.65145536973887,166.0375374523956,166.12490640263138
3,56,167.39628137924802,165.3258460809796,10.946526100908232,175.59112914644726,178.08418134146712,167.4675234695606,165.79912456035072
3,57,167.70060355334056,166.32580611379538,11.136091389059333,174.1911923720322,177.43884241283894,168.33671408128302,166.60352014218756
3,58,167.9533793501176,165.80973028007278,11.507343433912784,174.81831254009953,177.57920926521786,167.72125173399604,167.18821996878322
3,59,168.47655213450213,166.39337165512364,11.577303521715429,174.6060357948137,177.9087631147711,167.82512374760014,167.51334372658275
3,60,168.7791564891995,166.65997156293935,11.87822352970356,173.64625454818827,177.5931049068579,168.51347114409484,167.89137643590811
3,61,168.44135343299138,168.00363700607318,11.661372341333951,173.0890839408664,176.93938890795198,167.7055236382953,168.47351246515012
3,62,168.74166676919413,168.19365892514736,11.970940527792722,173.20587472760707,177.80523057037317,167.6054436944461,168.7335851698855
3,63,168.76990514524027,167.90101257544197,12.25066599344569,173.97272900905205,177.19710579820145,167.2967719167596,168.3694404150017
3,64,169.27906099102356,168.4027002156176,12.501253219423694,174.74641722251937,176.22730963395284,167.63232358808938,168.84868753390566
3,65,170.80018485840762,167.67983138213776,12.05938730018804,174.19984183465928,175.7737970649892,168.3671726341092,168.96906947837914
3,66,170.74107627922655,166.72496719235193,12.250287718250346,175.2449992141162,175.45172816749437,168.1092780532201,168.26344582258065
3,67,170.55216792620365,169.285603513233,12.060762138164764,174.94202228107838,175.76291218698253,168.0969863785725,170.3263595112625
3,68,170.32526811648702,166.85582867297018,11.585893165221709,173.88227349226202,175.9395370195714,167.74320447479212,167.9618468747665
3,69,169.70592920317748,166.11468011085518,11.239772092413569,175.3173895800923,176.15169915982136,167.17606118898888,167.8556089315348
3,70,168.8612730684059,166.57527051987617,11.229003298526898,176.80908680293928,176.26719449158264,166.58017080469375,168.2126702547447
3,71,168.69956792501117,167.9230177709996,10.821894848914653,,176.37587181330383,166.15069988212392,169.1969825159795
3,72,167.8060221189208,168.83473230775016,10.791358610037769,,176.59500466639668,165.77764973344765,169.66679460519777
3,73,169.19339910636356,171.13774267606615,10.122251502321364,,176.27618021731325,167.64117335362562,171.54162331711032
3,74,170.1879344686441,170.2820374973262,9.880494252930252,,178.17779246665555,168.85072682593375,170.66452619148268
3,75,170.67329398963292,169.9321570636169,9.750875125233089,,179.70346614309048,169.17364109856976,170.60434023144816
3,76,171.40012724788195,169.08063302979264,9.893502792916422,,179.0270678733281,170.76497241619757,169.93554953844884
3,77,171.3068537183163,169.28480977182943,9.685641605179022,,178.80653193830244,171.33015745951326,170.12746485408667
3,78,171.61136313312656,169.82464307661675,9.360284090452597,,,172.3468189325045,170.93631581938956
3,79,172.37431022048466,170.19485379201737,9.29450255895598,,,172.83874572575462,171.60930308662392
3,80,172.8930384689464,170.8759169719363,9.306566812922595,,,172.69785434090554,172.31168853989024
3,81,172.9268559616424,171.45810000519114,9.161155616683722,,,173.53472402729903,173.4668198814989
3,82,171.98601332606822,172.83578900565547,8.95190876141025,,,173.29297528885405,174.227673947999
3,83,172.83328875676472,174.11069030832144,8.9818585858126,,,173.97131263252956,174.82937478621207
3,84,173.33001997317362,175.04916552942493,8.93035513203376,,,174.7260976309688,175.42293508992233
3,85,173.27027509864973,176.12089806031128,9.234656893539029,,,174.50612789919683,176.47072307623688
3,86,173.6063235647032,177.8446723280476,9.177309256506565,,,175.01902433806532,177.63044235784676
3,87,173.91941855245176,178.83870451157003,9.510686555696196,,,175.47229583890518,178.43501951431196
3,88,173.91042672377304,178.53328930450758,9.734742587942966,,,176.10549433550915,178.0588831784276
3,89,173.59482408014551,178.76578539886495,9.473295661422842,,,175.6168873341249,178.65498423264688
3,90,174.73346108200928,178.72317242092885,9.843401667421524,,,176.78643487274212,178.4904174451262
3,91,174.4109657986468,176.25334485888462,9.510489706570302,,,176.6945213885615,177.13157128053328
3,92,174.06127499850368,177.92187608416336,9.7040192198108,,,176.22976514138614,179.95266687764936
3,93,173.36899016438994,175.83434908468055,9.09014831983661,,,175.26036956008625,178.41420973574617
3,94,172.4861281650102,174.89478700163892,9.259260678431094,,,175.27749200659673,176.69337655322553
3,95,172.2374929931153,175.12105796021382,9.496407288165525,,,174.98067030839914,176.60914868727593
3,96,125.4006883725704,132.60983063848926,9.235745271693975,,,139.6352200324113,146.30411700483992
3,97,124.23886817891218,132.61224249407888,9.086126434144097,,,76.56801998272012,69.67786559977415
3,98,170.18546732509913,173.66402095658523,9.206720515098054,,,173.57006233852533,176.97335884981706
3,99,131.2181076949479,178.09241027469182,9.669213101080787,,,142.42390030071465,173.19432176620356
3,100,179.1891209972061,177.70832592420896,9.064729908971016,,,170.3220809564024,173.9284416433544
3,101,177.6277118380512,177.56860350184053,6.4150157628555515,,,175.82668434536157,175.23186126850692
3,102,175.09726253229826,178.89895746756486,6.177214860697646,,,178.84220489548807,175.4813016776984
3,103,176.49344319245876,178.61237503355352,5.644617810008592,,,179.58993245602042,176.0951695148541
3,104,179.26277169421047,175.70508243872388,3.823204708895545,,,179.51364604135563,176.88969941455127
3,105,176.40059275138373,174.64556901258467,1.36253399780228,,,178.6460745475847,177.54283268313782
3,106,175.76974183358536,174.27480573787992,6.10657585253571,,,179.7812492108792,178.311478821423
3,107,175.06703585598245,173.5573336277984,8.060161267969397,,,179.26276273432782,177.75923228408234
3,108,175.60132096808198,174.87873701358586,4.501341323032854,,,178.89781678816905,176.86253020077885
3,109,177.86559952800437,177.64486058757026,8.012549744910771,,,177.79912387767607,175.98269921792524
3,110,179.87665061097275,179.16975262603574,4.1950807204323795,,,178.8013156607803,176.6157151031256
3,111,176.30619061891707,178.0148132808113,7.144643832061018,,,177.56326188274534,176.41503881008825
3,112,162.28215774088315,177.38527145169994,11.273209966242367,,,167.0804454433051,174.25972003638887
3,113,167.28825821395154,175.60625604368667,5.940332932144608,,,171.8479076188139,177.48802093830216
3,114,171.75846541550052,179.31533392045714,0.2797596654161174,,,175.74141579513824,178.04017818123015
3,115,171.8133557842202,172.4142500587626,8.087367285951787,,,172.12435904385535,178.65712070970037
3,116,175.55595680458353,175.5336045153008,0.7076046633629356,,,176.82461962695749,178.86741635926992
3,117,172.75164718657498,178.19506010706928,6.184982914256524,,,178.96582575236755,179.21354538308168
3,118,173.50905193380677,179.38640455328982,3.1960710185158874,,,177.79523857234304,179.6133073414763
3,119,174.5297901930426,179.54345107617115,1.3476778399751268,,,177.05149914664045,179.62792081648462
3,120,174.96098664422584,179.08458217779216,1.1491784572913195,,,178.84488992564408,179.6219132111514
3,121,177.65514215644373,179.70656320121236,0.1438916998007008,,178.47113010215895,179.45806451449192,179.3438411001304
3,122,178.9207093391295,175.6305531537057,5.0364892892213415,,178.9875886151188,179.48027008936054,179.05023405917885
3,123,179.2175838958809,173.17457439434202,6.5813462948709915,,178.9913758319669,179.88136935777484,178.97384146004558
3,124,179.44674289849456,172.24678826868802,7.405445433282098,177.55788043038476,179.25655152897912,178.29208436392906,178.70315124559073
3,125,179.07253309812822,172.99617159087222,5.890116357313098,,179.56064064687538,178.16745748568454,178.8151805419139
3,126,179.3419291072813,175.35127867515982,2.8462306901036705,,,179.15258611268956,178.43485415267313
3,127,179.58479168058224,175.85344287819504,1.2031389356722408,,,179.73635967021374,178.2781446553955
3,128,179.88424798192236,178.07868981462642,0.0754472417631225,,,179.12508413173992,178.3982320388342
3,129,178.13922363200487,179.41692392700486,2.268851805170101,,,179.81014835346775,178.5788035624302
3,130,179.5403939613888,178.97111709752207,2.0861619149828585,,,178.8864106216795,178.35495337541926
3,131,178.36251625009862,177.64056621519893,2.1223814199948383,,,179.04402679506128,177.9992439516186
3,132,179.72466819352655,178.87234652582154,2.665499806442051,,,178.64312377234384,177.75867998037126
3,133,176.7999967867788,175.36962609604402,0.99516567479836,,,177.98893481403724,177.66297742056034
3,134,178.71657989793758,170.72465767816456,8.554061038285404,,,175.90304447581133,178.3428439933113
3,135,136.41068437859562,170.7894397426313,9.271013814479783,,,149.34204715478847,179.41895915590936
3,136,177.41514928740935,172.00756147988224,9.123828964545176,,176.03076385076932,174.36759902130572,179.56961768583642
3,137,139.4138442687227,172.0778473097293,9.693019920804598,,175.71371485269285,150.2099358249458,178.8906721330299
3,138,139.3138198543248,172.65135479848064,9.939229639847811,176.80099330099517,175.85600420272195,149.87478089152603,178.23869760837923
3,139,176.51351768830878,172.28163136351267,9.830526376084933,178.96712260770707,176.96538661397855,178.22717951722936,179.67177067158005
3,140,173.36716057433338,173.17395852839098,8.675849023118987,176.65315503703886,177.77339086774745,179.41099345619753,179.80607040309096
3,141,177.98162113037472,179.1347129052494,2.8055129585027188,,179.25169806105214,179.35060087940136,179.3838548148642
3,142,172.52227508381145,171.9516854372727,10.103259520115788,,176.94938883446713,178.96866595723208,179.88803371300162
3,143,170.50806102092693,171.6530263283551,9.896314555685455,,176.5335314596213,179.24532804364063,179.92851008268642
3,144,170.3136594397917,169.1728557571369,9.805539472399918,,175.26495610406934,173.53395414630393,175.84197693070047
3,145,177.77693540230118,175.2878653806728,9.74233010613182,,175.61224091566794,175.23652207585943,176.6472506238976
3,146,177.7728046104868,172.2107082232658,10.57634156879699,,175.83483240988107,178.64564670323418,177.28561833561423
3,147,177.70178390931935,171.53046434365172,10.620403594161088,,175.68183362710135,179.19102736343504,175.30910025704722
3,148,176.32961977967773,170.12716310201978,10.6049815427628,,176.20782364341613,179.4540617442614,173.74030689098953
3,149,176.47399634989495,171.30412155715211,10.53023796173592,,176.75768626133882,179.74320093580627,173.03797089767707
3,150,174.97195828236042,171.0347663446465,10.340523129081486,,176.9082359049631,178.4726673624347,173.46727395310324
3,151,174.1550841206329,171.2837837301152,10.635615675523816,,178.33241668126524,177.94635365022424,172.7628832058589
3,152,174.0035127975933,170.12229145966205,10.539159812143128,,178.5395021282627,177.70583509854302,170.8841657210479
3,153,173.78603763214738,170.98913611736458,10.733411032573205,,179.28816475762395,176.9355262400421,170.9255700239476
3,154,173.4620988857225,168.74464935749134,10.590752656321245,,178.28126598543582,175.07224524742156,169.7842432653116
3,155,174.04212638827116,169.03455651846508,10.411998188811296,,179.07148265807922,174.7350080413721,170.27244977157372
3,156,174.85967545704736,168.33158025297826,10.148879269104029,,179.7559716074391,173.9516679693613,170.20571981204628
3,157,176.74642088489813,168.46820174668224,10.069071884967707,,179.10796434474852,176.42578664423493,170.98254240413343
3,158,177.66101720624215,169.1662324636606,10.31410899221733,,179.7316034467272,177.87449350797414,173.27858087163693
3,159,177.07919428566382,169.41035713081294,10.422261909996411,,179.9623050849817,176.52198021457835,174.5659104570564
3,160,177.6235457016344,169.34439789567625,10.317959412718404,,179.80639213317662,178.38485237907224,175.47527293764662
3,161,177.76028193913794,169.17642343766417,10.04925075993065,,,178.59070176994732,175.08380858429612
3,162,178.13035349044375,167.89726453218483,10.178254533708175,,,179.81414991994038,173.5524972349623
3,163,177.7232863705896,166.8433401127529,10.01403364753459,,,179.78340153063854,171.96930500983098
3,164,179.067269646111,167.1236481668034,9.443708439255149,,,178.62576291037377,172.08415715798026
3,165,179.50039641090507,167.42602322206233,9.319735709277492,,,177.93619626371938,173.3467074319888
3,166,179.2172972977471,168.0828166340083,9.187682612603696,,,177.47371731687142,174.34824825564425
3,167,178.10252593066122,168.82353587902878,9.310159384623354,,,178.51781580953622,175.7735113747768
3,168,176.08789171381764,168.9633503298903,9.34856384975722,,,179.8716045370474,175.9954039864039
3,169,173.98593820767567,169.41045824275838,9.503680838870167,,,178.70044190346388,176.55604480050965
3,170,174.7728354295403,169.8481849346948,9.502595916533071,,,179.50545725857063,176.99453823088987
3,171,173.93511484065755,170.36556989446987,9.783961011995194,,,178.65587874969668,177.7890144108139
3,172,173.4737370980885,170.59924426610382,9.851927772158772,,,178.62365316854516,178.54458087252752
3,173,172.03505554015848,170.45429554431905,10.22733527109476,,,177.4305250615281,179.02450525486043
3,174,172.01107747728446,169.77420959499838,9.852988640702277,,,176.75718424484606,179.11027973776305
3,175,172.47389393094335,169.32701295517876,9.558603831404035,,,177.18222218739493,178.34602246662251
3,176,171.98017027217782,168.64698030389337,10.066433188546537,,,175.48959381991654,177.47420403807143
3,177,172.7239157149065,168.38687362807926,10.50526776362782,,,176.43372354524067,176.99389558160723
3,178,173.09714721992404,168.63388570470997,10.409695261821684,,,176.34293317161115,177.49131137227567
3,179,173.22337941934202,168.0519673823366,11.037376067337831,,,176.5028548382259,176.62497072809364
3,180,171.83702025242124,168.08492353795708,11.355531318525587,,,175.16255236047036,177.74775487989618
3,181,171.41621793568814,168.81883269824382,11.613678361223377,,,173.83476681198687,178.185640599034
3,182,171.21302548385935,168.40528981506603,11.43200504179048,,,173.72043509636484,177.0673444418071
3,183,172.59976441696975,167.41035163451437,11.259992990049067,,,175.48036812106994,174.71656580575302
3,184,173.2716815063434,166.99026383965167,11.352340725053985,,,175.55061140138784,173.25801530130028
3,185,173.54469788395133,167.40995418047982,11.123443531122744,,,174.73425245268896,172.76766485917298
3,186,172.87603153753562,166.9094916446333,10.993330081021176,,,173.64213349605726,170.59182808023755
3,187,171.6135926585443,166.48077470942744,11.195646522282685,,,171.93382984634923,169.75918927916
3,188,169.9699839220574,165.987293562515,10.456703323245558,,,170.38084525847873,170.88512634800665
3,189,170.25013492339704,168.03096435112997,10.466196360211171,,,169.94703396087158,171.31933096243074
3,190,171.4970997024374,166.1766963408673,10.603676482180528,,,169.4140613848989,170.32574479454976
3,191,174.16109609123848,163.37605069287005,10.444602018844863,,,169.93058479887927,168.90473301586505
3,192,173.92417979035346,161.28574661659275,10.033503587935089,,,168.44387287493277,167.45160981691947
3,193,177.02328162489684,158.97620978240045,9.024928183228562,,,170.40378738356156,165.36688922008057
3,194,179.04772091645555,157.83971658938745,10.049680009048462,,,173.12512042676863,165.39512276309495
3,195,178.90291182178737,155.2599253551961,10.456926307962878,,,171.70935529633476,164.42196863308305
3,196,179.22223351511929,153.4087241154775,10.957890261871162,,,172.62420385669395,163.2185542319168
3,197,179.30694599651204,152.95568450085457,10.778149534037398,,176.58854630194918,171.7944962701069,162.69961762513012
3,198,175.38222001678625,151.68250207901565,10.857465402575816,,177.20393252818798,173.8906527827212,161.14759467562226
3,199,174.06970375458283,150.86155374128262,11.717102337560409,,175.48888464414836,174.71182259627687,160.67579377620356
3,200,173.68963265592052,149.5421288239466,12.123538420306184,172.44293390780544,173.08836074622985,174.45772826508124,159.30631147504977
3,201,170.76633076519832,146.99389196363452,11.37028929223328,172.53973810556306,174.37255092664583,175.735137240781,156.72253455368082
3,202,169.171923793524,145.2455612722504,12.789716227751285,170.4550513874465,171.96641640156142,176.70452147010016,155.18318354255737
3,203,166.4305663451187,143.87510677940128,13.066086476234236,171.05320784300486,171.9725157597801,177.91063101108332,153.1287754057784
3,204,166.16878638961384,142.28349154169229,13.425720683391193,171.0172714531673,171.87009652303786,178.38764736304222,150.22783576074772
3,205,165.7328730785317,140.8367463691224,13.9718017242245,171.4726293761113,172.3311052934945,178.11761361462993,149.13349197853185
3,206,166.54052188721823,137.97645870442753,14.141028883716944,170.97476780750802,172.0744893127866,177.54506150343482,145.98730885680015
3,207,165.21340701706035,134.562792017336,14.990931111416412,171.59147467888454,171.41112146688715,177.7333692010515,142.89067917562355
3,208,164.03430275404014,132.08818553407224,14.731521187943416,172.24159220382467,171.5884783364058,177.5457455426482,141.22972653308858
3,209,166.41434370316475,128.42249004460388,14.585440669147683,174.19556991157,171.99704639991043,173.80642267748152,137.98569544112868
3,210,165.47337073492545,125.80868469612014,14.62585551656358,174.67992284529907,172.77944711489158,172.8219600859111,136.50042816249882
3,211,164.58659327627484,124.26833420040528,14.473646559323743,175.38543741642388,172.28224668458256,172.6137013280489,134.40453381704842
3,212,165.33449173512142,120.13189660564925,14.129294139122663,175.3664161512905,171.68147486354798,170.8410691627981,130.9329085339771
3,213,165.9911278096405,117.99978815972574,13.786977153910936,175.24239227054733,173.32018482250768,169.54941791909712,129.52426415072347
3,214,165.58458907987543,111.38491842828238,12.94982399921065,174.3059070010388,174.50178721527263,168.34815303428778,125.04176022350012
3,215,165.71202183783282,105.48983152207482,12.81992160015199,173.44556924551944,174.9860517942606,167.90845269238577,119.4131008860029
3,216,167.33985208982318,99.81137056825658,14.251315143845469,173.1074495875898,172.76694292894376,165.988364281261,112.9489620300608
3,217,163.45517088199455,97.71328797660468,14.707203100587948,174.18585370858176,173.13341642473603,168.37367663937528,110.70550574475996
3,218,163.26862176436467,91.14417560160396,14.137923086691028,173.66713275908543,174.13852134273046,168.0736903232472,103.54636925041994
3,219,160.57548584058742,85.50492862960644,14.49440954140159,174.31370087028654,173.27538136204493,168.93118043394253,98.33830365867227
3,220,166.79408360984155,83.12320165869433,16.120440265946435,173.0923241766716,171.17388030590712,164.81976201234644,93.72324562845348
3,221,164.48011436990683,79.84352605730322,16.069433934780555,172.9420543936383,171.0010812328755,166.0874285611047,89.79744702049061
3,222,173.29700094407872,75.87082385128336,16.529800944641774,173.28629218074653,172.13400569080164,159.10622454934355,86.47537812496824
3,223,173.60978274113646,71.01070184861105,17.648716157429856,173.5236640003222,170.51315961030485,146.07564645137367,81.95579312167067
3,224,171.2112046673374,69.14224601991565,16.83673486797785,173.8700383046094,172.5929911055215,143.1164365397637,79.8431283677269
3,225,168.67814730537864,65.12189465148738,15.972714853048602,172.82454274748906,173.69678710591745,140.91254549302622,76.37227833589003
3,226,154.38237456854722,63.06061639481786,16.328360249022868,172.0519709606047,173.59643792331002,126.59222384693663,72.73002897984829
3,227,156.29270918513205,59.328342478978094,16.867737500443585,172.49803592667644,174.3171833816223,128.65427880742854,69.41942957574598
3,228,149.11348883564244,54.72331513248868,17.462780441538147,173.54407058569635,173.4309964193822,120.77525465004976,64.46160754025951
3,229,164.8883584190537,51.42463314345099,17.409190694257667,173.85088968455028,174.0234086759493,135.77906256072595,62.631006916794966
3,230,135.79725857008518,54.19262463327512,13.031829958742277,178.1837108685184,175.0953807666506,108.03433361060834,62.35092019594438
3,231,91.99674062710297,46.98014955111605,17.384982786222007,175.47864516007942,174.78508379056498,64.57762260466156,56.56116061682177
3,232,72.7062186311717,44.01524236823554,18.07710682868896,175.07489494321356,174.3965049151936,46.04985080133488,52.52243308597165
3,233,65.82879058921031,40.46981303030821,16.9723396115369,174.54585285763343,176.53758396183488,37.65503025197513,51.64446996828335
3,234,59.5393563346629,35.5186389154428,17.239152007345258,174.7592222722379,177.33393087054077,30.1338237859932,50.81705791694136
3,235,56.00824551635877,32.79622712398,17.02931315923659,174.6066860297227,177.0091848071871,26.823743526895953,47.685697178191965
3,236,54.99052407598016,31.154381265697427,16.377456253747113,173.7326245217422,178.0788605544981,25.53593463331973,47.0538893766664
3,237,55.26472966697342,28.51983390008094,16.008267784460067,173.82912719764295,177.52220167656785,25.19562106608613,44.93020068522476
3,238,50.46591735922166,24.06437312327713,16.87199020569836,173.2869444970055,177.02934343268709,20.202494284049617,41.511641939567824
3,239,49.55679478753274,21.196630852512907,17.041576766168994,172.41989103184633,176.75914797054224,18.497765797095948,37.96047566208374
3,240,49.39042736955633,20.488697069942024,17.283811497203956,171.46390026305806,175.57868284777706,18.043199970066887,36.77727132712292
3,241,49.21129381325012,19.144019218566346,16.795321131089082,172.22277301683698,176.70363904324913,19.21088136819044,34.73434811182377
3,242,48.8161444193044,18.12265022859174,17.20077768600996,172.85804620713898,175.91386371758514,19.422084126232395,33.58392863305098
3,243,52.10605202888119,18.92314354082315,15.947637216940944,174.57583284679984,176.3117615859674,22.992243140564582,34.25107752334141
3,244,48.21227367072063,16.723459691823113,15.994730928077129,173.83057541132945,177.67600074703557,21.004113223237063,31.62103852431381
3,245,51.15959693433927,20.169163349968866,14.888907620574404,177.39035447744445,177.52865258557694,26.461249149661903,34.74313035684669
3,246,48.51204039138967,18.5001683631703,15.61689700113697,176.20081156120764,178.3548211741536,24.565538257155687,34.47895452775257
3,247,29.80380178817127,51.95109590012745,12.216785195458057,177.4334542657689,175.94938324117632,32.70282153055442,17.326116536846612
3,248,44.199966972561,18.042958861910048,15.939908167499494,176.79917868875583,179.8189535208972,20.77906584906034,33.17854054744909
3,249,31.625431701800057,46.97864469556683,10.332904830257178,175.22091250382863,169.96723096448358,34.53530830134809,18.1791836008153
3,250,40.691751169445595,28.451119123852177,12.342965962337086,178.0235546988989,179.65688663250998,25.15937136043043,67.13132675300342
3,251,41.06956404006976,23.84187025168996,17.941224983143105,177.47706336828657,179.35826507044112,20.21904531663117,35.049738579953164
3,252,42.032414965707865,27.118114271204966,18.364126779917257,176.98693257231875,179.3918990209401,21.042312955191218,35.338858333149076
3,253,42.52879680821094,28.4504433901658,18.55536857708042,177.75402743365586,178.29389202145518,20.364272053333764,35.336827347000025
3,254,43.21402865566336,31.992552179579572,18.670206322213524,177.9862834812441,177.9273995489313,21.46471123029554,36.690883005586734
3,255,43.61903188992003,35.75761447599384,17.93930066769847,178.45024857989085,178.82878116717436,21.897261772009156,40.81445024689699
3,256,47.180343032460755,39.797889945709635,17.53110099449014,178.70588068130849,176.98859243641382,24.35376823516331,46.28332200576707
3,257,46.46845298739263,41.10234656244875,18.26034892706723,177.70740337251465,176.87214133426127,23.49576978128198,47.11711115172139
3,258,52.16851151702341,45.70468126268948,18.16097096791572,176.86919958025155,176.39906776215528,28.642520624835523,51.287815038331175
3,259,60.6246619075628,50.80403974811872,18.229473092709625,177.01079458707702,176.31896219803684,35.9310272897294,56.83738265502392
3,260,65.66895620058324,53.33010542922089,17.953775980548293,176.71413287473513,176.22332673850988,40.91611246225153,60.84304975484486
3,261,91.56434075480249,54.37788809151884,18.115801635597865,175.63992953255823,175.5835208571627,67.39676562166544,63.47733867161877
3,262,151.12678396574628,61.145968475120505,17.143566848382395,176.117402230007,176.69488630577345,125.20692439917,69.54384306681995
3,263,178.8684644421056,64.7394673378994,17.69388483209375,176.51951094264345,176.2224079394626,153.27686560292926,72.49808319770365
3,264,158.62489315655338,67.57801424481288,17.47965275607463,176.8211544888733,176.86998840732235,133.52649539287202,75.05190815897305
3,265,162.62108444176613,69.11423990510899,16.93991152445977,176.77573024606346,178.20840556353667,138.28828089486555,77.01288574217307
3,266,164.7362373136456,74.42969666243971,16.855116913307185,177.06346632261466,178.25649251254742,140.9625482262322,83.4072367269603
3,267,156.750988476752,77.94894195769004,16.23835880520826,176.26244055534363,177.96050787231965,133.22244190954822,86.64335652221745
3,268,167.2794607149254,79.85395613415103,16.454308859751514,176.2651383235908,177.11918195885534,143.8137672373779,88.36079865716339
3,269,171.87176198726598,81.82190303197181,16.522514607354687,176.25475052244687,176.8821551120103,148.43016310187588,90.15525648179266
3,270,176.10509009935276,84.48692650354033,16.878854323898835,176.30222107127466,174.4555732449679,152.48390116329662,93.16106551297884
3,271,179.84854069930955,87.60472965573261,16.726224922165848,176.30534585754515,174.47877582803414,156.806857777347,96.46346754802252
3,272,178.94936542003512,92.96258187841372,15.13315277934927,175.58500926808546,175.92726353635575,157.9308578236567,103.11857474295866
3,273,176.26265851244457,98.5266387426578,15.469939227801111,175.24154326637503,175.5424021863117,161.6744465534157,108.346645580136
3,274,171.31358863537898,101.99915980872868,15.341165471780176,174.43286847633732,175.1979292749519,166.72770245775263,111.37759481159506
3,275,170.99106068876708,105.68160462327543,15.1981780148385,175.25562160572431,175.74021003391337,166.88801686387157,117.35383700763882
3,276,172.7320102909651,107.842468683964,14.788006643171764,175.116511744822,175.99627642686934,164.19445231401787,122.33440977920424
3,277,171.21999845055078,110.18488093560153,15.377739545266444,174.91093496207418,175.6929355247594,166.64454243215562,125.44115408353528
3,278,170.8531041645427,113.97157474154592,15.724394593439737,175.7112946608753,175.66985318180957,167.69823825769546,128.5550040706553
3,279,170.3309260948012,115.79983963278715,14.858071640464182,175.59556261700297,176.6632118888813,168.56519700368605,130.63805410439272
3,280,170.48895053038456,120.45916005944704,13.726114034177638,174.03768400462454,178.47453295989044,168.41026282833167,134.00055737153212
3,281,172.68286242149034,124.68317240089688,14.34457024459016,174.50322321688557,177.29583121939172,165.4276571532137,137.0730938114622
3,282,172.70257834275827,126.9472458225502,14.161380896563491,174.8993542285931,177.3510078692672,165.72131528373606,139.57150839886145
3,283,171.87744053661137,129.65447420564777,13.765939942436257,176.15201204805982,177.27823581269314,167.0317124187138,143.21279118279196
3,284,170.5207402961,131.9506850794348,13.622495756548537,177.71745524011902,176.4589110831477,168.28704858212564,145.4458804005069
3,285,170.51260663789864,132.00050409658235,13.176119449064103,177.59356009403564,176.31550395884437,168.07899215868426,146.2378766691087
3,286,173.03304445921614,134.51441813579515,13.645281442665198,177.62881629943234,176.42927668746282,167.37193512024058,147.53704059474612
3,287,174.5169540706923,136.30686008224836,14.03240393307789,175.2096785718477,175.0249253136397,166.99932983520287,149.086341712955
3,288,175.39024497450956,139.18168876940038,13.015178144646816,173.68229310055017,175.99581174446217,166.44706708996762,152.17370731234308
3,289,176.73933192429877,140.39498708802873,12.55891842719082,,,166.26462687457845,153.65713638871927
3,290,177.58831392970097,141.68551936309387,12.498243955300024,,,166.18157866223504,154.4650864461248
3,291,178.33479419614548,142.6398723914666,12.39527604223808,,,166.08745197825914,155.4130386132884
3,292,178.6746375792596,143.92699559739023,12.809942592400857,,,166.19966046217988,157.2333138541899
3,293,178.3828327472442,145.86846843686533,13.166704461282846,,,163.89844326808702,157.69510472861325
3,294,178.5767921944384,147.6366600417812,13.494534224401844,,,164.92288576783793,158.7423693090211
3,295,176.5845977961262,149.48541594638644,13.573900445603591,,,163.68354706249954,159.776873858223
3,296,174.10357642053918,152.6467002529241,13.390233136996356,,,161.99532990552706,161.27937230105974
3,297,173.04966987003723,155.6764937806456,13.75013066377073,,,163.02771452558022,162.1357289659755
3,298,172.16008607616212,158.4722239260354,13.391694142337672,,,163.62665046203452,163.7778515318261
3,299,171.7360775918391,160.1515114761103,13.41561480574361,,,164.7974215275935,165.19799072843867
3,300,171.78660416560592,163.4815508152409,13.153615070797414,,,167.2453218856282,167.75552281847098
3,301,170.01059565176692,163.68287805134443,13.00952957803358,,,167.6718623873323,168.0782503997774
3,302,168.22019155969713,164.32814595485846,13.034183471921114,,,168.03720500585538,168.2884988718986
3,303,168.53287112881193,165.45975076053682,13.173940899980323,,,169.13723317240175,167.53472805526644
3,304,167.75683442386742,167.22330526196328,13.2137679368321,,,170.11697029975917,168.73183477466284
3,305,166.79163399232823,168.23206720771614,13.362067946168642,,,170.3969705202122,169.4687972645934
3,306,167.06532293672836,169.402317863669,13.306593136717735,,,171.67071653506375,169.74801869111775
3,307,168.09448897743889,170.68414473676614,13.425778368645757,,,173.05372318750148,170.9317663474616
3,308,167.23661398025837,171.0970183941709,13.516891224641643,,,172.46151558120863,170.2422094638167
3,309,166.6217046549047,171.3152117750063,13.59961470932205,,,172.4417149664164,169.9909217031566
3,310,165.91633961440232,171.89888813439518,13.387887296938189,,,171.9591749527546,170.32830106670087
3,311,165.61741098987227,172.58596772731715,13.068604232128688,,,171.97311910570474,170.58472373568
3,312,165.20457557395324,172.6648768024257,12.849470350930115,,,171.45544047919918,170.1963303300073
3,313,165.08827097395528,172.51888568192194,12.543522435614769,,,171.03544498057803,169.91462302426947
3,314,165.8231796824019,171.80275263634857,12.677527683646789,,,170.80896742416726,170.1753470211301
3,315,166.74798404933046,170.66249670875524,13.030287799533436,,,170.5453875154841,169.9159891451971
3,316,166.67619572797736,171.0333735418107,13.163303733979232,,,169.9287201219076,170.4828798536683
3,317,163.87975221220893,170.00661337865742,11.627983799365705,,,166.9641559973059,169.45433917407152
3,318,167.32691870043325,168.92252480864073,12.194346011060428,,,169.404765562792,168.9166654311857
3,319,170.9096617256636,167.1450670961682,13.104659081576216,,,171.65211692156376,168.42630281931926
3,320,171.99716622407084,165.28659725645002,12.8759387794943,,,171.9363547876555,166.78716015834706
3,321,173.74590184005717,163.67303233389302,12.946033694122216,,,172.5861877953918,165.96282163397532
3,322,175.22471961645928,162.7242447542158,12.53062631449539,,,172.47416699554535,165.60796018041574
3,323,175.32436331308315,161.2607362731285,12.126212944212016,,,171.0195163354741,165.32620539728103
3,324,176.78477547064276,157.0508100689692,12.178886427362936,,,172.05122211481395,163.00541749022088
3,325,179.31244713534105,154.78662316419553,13.0561086950674,,,173.12237755410138,161.60292446702556
3,326,178.98337307143427,153.14160100687357,12.84575011591918,,,174.30796585296088,161.12149342908378
3,327,176.74979895773427,150.42654797986242,13.278752007307078,,,174.83794507431173,159.35899586542925
3,328,174.51079630865175,148.30779691905894,14.06614793141967,,,175.1584854816644,157.95732656514463
3,329,170.8720474800645,145.4642575126433,14.329494612583456,,170.72704883786997,175.85906677886038,156.4945459419429
3,330,170.89777498264613,141.87408509439916,15.114878237381356,174.39288455309742,171.0272652722404,173.61453871363815,154.28409413379478
3,331,170.622483982355,138.2188635181517,15.941946677464887,173.09518526720046,169.31228257438036,171.58036543452144,152.3770757659732
3,332,167.07996759422412,136.97048502604213,15.424974961630246,174.5080713049878,171.76600078674284,173.94769055553652,151.34789820556304
3,333,166.48753216351523,136.40760671003656,15.967221220898251,174.21350767946657,172.1880456159827,172.93028907113984,151.36337655606206
3,334,167.59115722511416,134.89332239463502,16.216050295472485,173.15557732080873,171.1470583304571,171.30660265687231,150.05365996360464
3,335,166.90340322043846,133.39529664528663,16.398705509805605,171.93283175686892,170.78350507821352,171.59400538530988,150.61249295562794
3,336,166.62828279295033,131.41151522761726,16.873602015988837,170.5075070515184,170.1721842431511,172.61170464697636,148.96538803125114
3,337,164.77494543069054,127.06263049132563,17.210846800168994,171.05199639555957,169.36571359811467,174.59944121263817,146.1120811292417
3,338,162.73760384909846,124.94834529891854,16.789362203826812,170.24631925000003,168.87035403692704,177.64331522652662,143.50326857711335
3,339,161.44900767379167,125.37529448357388,16.305233962881907,170.39731586610566,170.6763916172651,178.76668695112565,144.14118892038078
3,340,160.37109528687114,125.34450387133144,15.669822930351,170.46583906655854,171.13694615471843,179.08858420661238,142.3711969572102
3,341,159.5386215306148,121.6931442974308,16.761236019393742,169.88835061537446,170.7950033535034,178.7020936956363,138.87895556720767
3,342,160.35465036643384,117.09583111536504,16.909988599664093,169.2741811200753,168.8741737972861,178.3486061100136,132.86289987231376
3,343,159.55669922348497,115.82928595940838,17.406424569457144,169.31275693691404,167.7875372029279,178.2878129535688,130.1397816919202
3,344,158.06996398884937,112.2510504629265,17.69173781824812,169.72606786185744,167.88752176811818,176.54635533797065,125.58352573724326
3,345,154.05479752367052,107.52585445153584,17.55518515151261,169.2986949629427,168.0797264385947,173.7222041866501,121.62629301554608
3,346,155.54026726551388,102.38261705282684,17.60606131107146,169.26472924520212,167.53644217629778,174.57742667039238,117.3417673814202
3,347,154.38605242092527,94.56276507603658,18.745001713324676,169.20348639463785,165.0833005251054,174.63962479090395,110.18997302200582
3,348,161.10582669171183,89.74918378863079,19.33660647852184,169.69735070831902,164.7466583843277,176.98704420131062,104.97724046554288
3,349,162.89929871989773,85.07563571885257,19.149667686876345,168.67912768451342,164.6662623423801,174.4090486562406,101.4947908765306
3,350,166.02560656437063,79.06265733982664,19.775991884797833,168.7232789274759,163.90416279527855,171.6313122071473,96.11999613912624
3,351,173.12483820292934,79.53076901252827,19.723475559278167,169.25710164629464,164.37944967321795,162.53531040412548,95.12418663872052
3,352,179.97810269672132,76.32872519601393,20.064990033055302,170.29769833134782,163.52575901200925,156.3973160774769,91.25844679730976
3,353,178.6123313222573,73.06561179587167,20.201983967050964,170.12489344115866,163.6011349087244,157.57513481460808,88.27944554838592
3,354,163.07764498881386,68.17386483455843,19.660793842399,169.64336628891718,164.46221908739076,140.59013696753348,84.25319113584942
3,355,135.45528337053238,65.21520874319754,19.52982765132066,169.9571524720459,165.4599246498302,115.08985485893945,80.28762935614621
3,356,117.9863729201263,62.79388480988421,20.63384703199822,169.6357125122801,164.90136786935395,96.08140813603384,78.24189087619496
3,357,109.52033013614488,59.69624671687998,21.92306782858615,169.3263114186983,163.55487121178936,88.01823858209943,74.52888771970363
3,358,103.8735554505036,54.244126711753886,21.34395046282489,168.9990476300564,164.57426155371135,82.94407811575734,69.17620523370533
3,359,96.43827759968956,50.540828103492125,21.115051869117295,170.35001054738257,166.60757297340444,73.42684384851172,66.72913659177605
3,360,77.8161454734343,49.12611380150701,20.29888663175733,169.4365446127328,167.46507888417855,54.621064364324624,64.24722791651097
3,361,72.1874810703146,47.37029738511507,20.692024285150545,170.404049434061,167.8615552696316,48.73246933253909,62.478049786877285
3,362,62.20025995022723,42.77561679220458,20.79541243025052,169.36319860163718,167.29095493216374,39.50862385028336,56.01476648266537
3,363,57.99458144057698,38.95315267143555,20.895815050757392,170.57499972808978,168.67825904024562,34.85192894009015,51.898517178617
3,364,57.74633660366292,37.76236577259075,21.00985229661084,170.46635389882096,168.76508102455486,35.10573836412218,48.05742168960315
3,365,56.45552934027809,34.05405482978308,20.780014461855195,170.8124555680962,170.26960165156203,33.25098586289068,44.98019472428667
3,366,51.4724510248648,29.496584249153702,22.002674786730825,172.28652130182982,170.30740854701511,28.56482587751206,41.77780676107213
3,367,50.18314779055583,26.061102636240506,22.28724623892599,170.29743811803718,169.61893634129288,26.43940114686517,38.72322761838355
3,368,49.099545046243875,23.777969023043923,22.41236367969368,170.32513833336878,170.06385608060614,25.357091416893784,36.0360129676009
3,369,45.964255093743134,23.42303560460991,22.638649341544063,169.81638541006134,169.82513793841784,22.065627459945667,33.966291807999305
3,370,44.74510899673535,22.6219948418732,22.510707937900097,170.168989117345,171.37038475649004,20.322049600875783,33.33927903856891
3,371,46.04298208466451,21.85445087110578,22.031734709749607,172.45495953095394,172.40988135838387,20.89923272333355,31.717912011065735
3,372,50.256669386826296,22.922712330435893,14.665317723409157,171.16174827865817,176.73132468762023,24.689726821215658,31.97544996069524
3,373,47.76636891135381,18.638080613214125,19.28784640280093,172.7120480542674,175.51729750766216,23.153455684726772,29.948417469987135
3,374,45.1122361633906,15.905312966607038,20.636229500828996,173.17752334438484,176.27671960880966,21.592031103249496,28.276663242004947
3,375,44.33023011976624,15.328056987173644,20.72769849546084,173.16748879288173,176.05473547741147,21.153156523823387,28.34931583338541
3,376,43.60669419546806,16.580948898264072,18.690393348424713,173.3521136552174,178.25664847442062,21.952868892108345,29.83510594416617
3,377,46.83163978015381,21.122207736365848,9.926257034554888,173.54200432731096,178.66061321389034,23.713730279059902,30.665611386276392
3,378,49.68175549439888,27.87434322076486,6.049296551613293,173.92261615015238,177.73695804568365,55.57326889486079,65.82043128704943
3,379,48.55680949231326,24.271111764653355,7.17270741720422,174.05767438870245,176.96898975516726,22.881524396765812,28.820565966153016
3,380,41.910122698766095,20.56324111114089,18.484090977261395,174.88617622597272,179.94095640725553,20.048916053157743,31.658312890243288
3,381,42.30653761445706,23.36887020232179,19.978361088132036,174.15739782666662,178.27339192321196,21.39226064190644,33.64793137347728
3,382,44.32188753301026,27.31829527435438,19.783305643511824,173.55714742980683,177.5078725624332,23.75117652324481,35.17101504612303
3,383,42.581765499301625,29.610139973957327,19.737889537042552,174.4662128689718,177.16923735490883,21.97120344498872,36.75933393294762
3,384,46.591781119499544,33.480702538427174,19.020377989915357,176.24674841110345,177.64935341835167,26.166214943256843,39.823919672317054
3,385,49.024350150500034,35.3226103622091,19.048133809588165,175.864298534737,178.69521152629102,28.809868247283337,41.493137645413825
3,386,51.954350295261776,38.38260888314068,19.38350474315671,175.75213226267462,177.02584653231708,31.882229653659415,44.39593343429579
3,387,56.55556097251724,40.49624656858528,19.810853996290646,176.10270097377656,177.3582113294107,36.886689892598056,47.49680841086427
3,388,64.94782127603895,42.882509917426184,19.455360856253677,176.94418352439507,176.79133793932712,43.64107809699575,50.01369751789371
3,389,76.54863991925708,49.47797473180955,20.28985527649006,176.56561530679846,175.12224174435156,54.26641994233725,56.22273385898984
3,390,97.75429206070751,52.31871436074433,20.763035001013897,176.63083167510732,173.25410264128809,75.20068693490393,59.45159129080797
3,391,152.8794520766764,52.64038860924181,20.609304136573545,174.32529550524742,172.19416809001436,129.36629062113514,62.67704821769531
3,392,160.56888284984595,54.433529698318225,21.023487910233072,173.51779012697486,171.82475542218958,138.11090421620662,65.7127770385344
3,393,169.28303862309843,60.09336396157167,21.247222962611428,174.03887265897637,172.06005964871775,145.6686912175499,70.501018032594
3,394,177.80371025829834,65.2384737067514,21.656411391114332,175.52067801188568,173.2428658325147,153.0047730306239,75.02153112604068
3,395,179.0332044182068,67.33895427820023,21.46927772122468,174.77949133375915,173.66880836383447,153.38270261280036,78.04543917669109
3,396,179.80013837866488,72.27512857445396,21.406542175442592,174.4569483583303,174.77338641058532,153.01279600238584,84.30410570956296
3,397,179.7196660753307,76.25123465106071,21.769460985175197,173.74728170176067,174.77953444256227,152.3408182052031,90.02505591375592
3,398,170.41833351902227,79.07384119702334,21.205887693316736,174.2312390811098,175.2774973215741,161.89294559426196,92.95631777656573
3,399,164.13797716855643,81.764537932745,22.930247025734317,174.49006257565776,172.27643594067322,168.15165382609166,96.59059992872788
3,400,163.8061163178345,85.6824385601042,22.932520155845985,174.59166388358264,172.05573326940208,168.8638148094923,99.25053321233725
3,401,163.9360746176494,89.83064981678767,21.920759972545248,173.47387239327358,171.92191416079362,168.1828152060151,103.51754334283538
3,402,158.25456929305764,93.81368900300818,21.58285072649386,173.93779377662233,171.88729333603823,174.47105973901407,106.29076716504773
3,403,157.75305040908393,95.197833363012,20.775916106877716,174.44446186960872,174.01974012092563,174.89892164382877,108.66280726075144
3,404,155.59732011314605,97.76381589078991,20.640774473655547,174.634308461349,173.56484341661496,177.07811375969703,112.62402433659408
3,405,158.2372319964838,103.02795277082312,20.173485728712627,174.77628527208034,174.99673135092638,174.64373049182893,118.47506769412664
3,406,161.96468218257064,105.65345461559278,20.642486674947616,174.82860575295595,173.79257624003162,172.3375996501894,120.0641687437287
3,407,163.9241631311701,111.51898469688976,17.993500243832106,175.72219381460636,174.08154499075354,169.41097129959962,122.26834489680908
3,408,164.21963990255875,112.0460132234557,21.02361527186202,176.63318263279766,173.3979396211514,169.41756535261808,125.0334200464632
3,409,163.3072826329142,116.20619794370688,19.87136018039356,176.63394121597273,175.1123720591965,171.9907537670572,127.93912042882508
3,410,165.58943435669437,120.38393197047644,9.72426086533338,174.5204549224949,177.269730465856,168.572114551441,132.89711977736394
3,411,165.1182176616878,120.93801733900852,20.530720195961013,176.44987622382632,173.0040652179525,174.84778630003368,136.20956867952427
3,412,164.01786481303026,120.99603474188808,19.745089157448607,176.94252218395886,173.68785218087095,177.00458030349387,137.4384826185868
3,413,167.78024681650106,123.14687078711712,19.048658723273793,176.67453552125284,174.29653188485304,171.68746704548852,139.90719641066391
3,414,169.93597034598284,127.60026856810455,18.511230375166456,175.9038416050611,175.11182536714776,169.98272658908508,143.52279051466942
3,415,171.0391410957428,131.23339214961482,18.142863610444017,175.8597933050079,176.30138220155914,169.41742682044023,147.50379816892146
3,416,170.936919695965,135.7341751859203,17.53417714145772,173.3609231877715,175.2345846442834,170.27629613914215,150.0368818546989
3,417,172.54051030570744,136.67189881331424,17.695534224102225,175.38903993336106,173.67068728647197,167.9987871949927,151.7297497105985
3,418,173.76494473693984,138.70879988303298,18.06653249678589,176.7114909843009,173.85640628677456,167.35005760252548,151.56249347776892
3,419,174.0915570595468,139.32005975572915,18.51884205796009,176.9070095156289,172.80812948990726,167.55373524578565,149.91550896345333
3,420,175.98879263943834,140.93537908591986,17.816716571131234,177.04135127035093,175.4879763151784,166.5901013245918,150.51181506918624
3,421,177.66932195385155,142.63947530519775,15.251132136236036,178.79076591205683,179.97630568547987,164.65709371832398,151.70363050462825
3,422,178.52000929787982,144.11450433208736,15.13508782085951,177.3003988120157,178.99670863277024,164.42063838113648,151.88663265969464
3,423,179.25109972605875,147.56133788433058,15.03909136739014,175.37868706652182,175.18686465215703,167.01272620511193,155.30810771250643
3,424,179.2586085533726,148.57262311966892,15.491866914432364,175.16825438685106,173.1924099066733,169.48820923983038,156.76157233164486
3,425,178.68140885552685,148.8969776160335,16.07621969480841,173.8542689375594,174.25498043643594,169.84790055593234,157.89944233781586
3,426,176.56993900626995,151.7794027542689,16.26199330072669,,175.93930836146131,168.91859405339747,160.71162020038688
3,427,174.81840544875553,154.0881371515159,15.045833211762222,,178.84807146771152,167.601970960505,162.6342897263846
3,428,173.51488396626033,156.11021282032203,14.828378344855658,,,166.48025641714577,165.85220740726848
3,429,172.08664297379838,158.49459437938285,14.796659378052402,,179.72306516506922,164.62199322476908,168.21494009044451
3,430,170.50106871953412,159.34713117043955,14.753327626758525,174.42889884875126,,163.60132416748505,167.08787651849923
3,431,168.58383235004845,163.1644548677484,15.209192816581853,173.90317794578448,,161.96027938443967,166.0272852415974
3,432,167.525268770515,162.73869907483453,15.8437081608964,,,161.05507273044043,164.72429897807152
3,433,166.7419262033958,163.70156663540803,16.49263333659731,,,162.42024414803117,165.61765282125273
3,434,165.81051748237834,164.49651360457742,14.995164395875866,,,163.2042664943315,167.13877051345446
3,435,164.98548935470012,164.64711863587976,14.74730480476778,,,164.0455071614553,166.85660686890415
3,436,165.07128085075112,165.7248865678556,14.691771895278242,,,167.4477723033972,167.4851071697575
3,437,165.14874871915848,167.40459212174068,14.5978796215015,176.07709244166057,,168.43810621729094,167.479764287799
3,438,165.6076772377799,169.01986903666136,14.832520799547002,,,169.6140745363072,169.61664395943072
3,439,166.76316461050504,169.1417879230182,14.626059310673062,,,171.16183083884786,170.00525014005777
3,440,167.49306506056226,168.99535982432403,15.285206526685428,,,171.41909538726105,169.4246208270769
3,441,168.0122880684234,169.494055219654,15.59141601018552,,,172.71444638961106,168.774237949122
3,442,166.96953943737677,168.41047124719665,15.4233684134973,,,172.34521342111637,165.31099746969238
3,443,166.0320557859087,169.52523418037634,14.938606930396528,,,171.80738942259887,165.00098344004957
3,444,166.5751128130421,170.15854289279045,14.742887746900765,,,172.18587573125268,168.02605483005502
3,445,166.5635833308068,168.00487163545932,14.677043467788476,176.40320042688134,,171.74555333472208,167.45356856391035
3,446,166.64987382773162,169.81057252584716,14.53851602027486,175.2852631583293,,171.72638135919536,169.95453006798436
3,447,165.99028458517753,169.4888617614295,14.26938496901085,173.3750404224614,,171.27216297341812,170.9558534744815
3,448,165.5683437682621,167.78528412263358,14.145526393300006,173.43681935769962,178.21526411033807,172.01746175094303,170.65260430913446
3,449,166.26234198994507,167.07110464826349,14.233857707509422,173.55311296318183,178.15766856233355,172.76977436880847,170.504718234667
3,450,167.3290724661501,164.14142131650829,14.329505517061271,174.6085447969668,179.77568431672333,171.36246129078827,168.53443115955895
3,451,170.51638919545056,161.71298673498794,14.403667766657666,175.4476074610258,179.7569604315544,172.2306275830645,167.7617759989459
3,452,171.12583607226307,160.19662511756437,14.284368972948728,175.54986642031326,179.7402109492306,172.16413269981442,167.78876966912944
3,453,173.123030342983,160.13400394544442,14.560008256023838,175.61832578023066,179.3937961631801,172.51145663470712,169.53080929444434
3,454,175.55833837587798,157.79989585189904,14.63819178572523,175.98449842405452,179.9248218618872,173.01983340606589,170.05146034031932
3,455,176.10515901898913,156.77314919555133,14.258483387383569,176.39353149371362,178.7604985194708,171.69013683628083,167.36640470544506
3,456,176.51916050854334,154.97432696922877,14.32011098946615,176.40904558101502,178.8891963112203,170.27451441689243,163.89869106188075
3,457,177.38575403176372,154.42851792410124,14.299634376454671,176.33896075683904,179.41558538189187,169.12249184914236,162.42091857498338
3,458,178.2034543965108,151.2713031437735,14.2127192490905,174.64255886648405,178.52389181427088,167.34608325669151,159.2496315677229
3,459,175.90904644463075,149.77084327732874,9.061648856920025,175.74442734136647,177.06756846685812,162.14542634632224,157.33909097446244
3,460,179.36082718061414,149.28251843698476,13.898719425694695,175.0606613152384,178.39534987855546,164.12160966955489,158.14090084102412
3,461,179.1419868988815,145.9327448615181,14.467340149769196,173.96889955852686,177.89634813892508,164.63829893321395,156.76746716055098
3,462,176.88832295189167,144.80551600850262,14.73471911229261,174.79835933624693,177.1980172130863,165.45206785724648,155.56840392312378
3,463,176.11011103364368,140.21683819526095,14.64275459418367,174.35422377951994,177.1352262310606,165.35053722130124,153.53573907967052
3,464,174.61888943050783,138.9861943873911,15.176400601550789,173.65930892418595,176.72293510242136,165.69929636782777,152.4235327882318
3,465,174.2883090415807,136.95645928866418,15.461537651131488,173.51794466248404,175.8239700040264,166.1683369962544,150.15337598665403
3,466,172.60014046635845,133.45982841622669,15.331122014207104,173.6483781190898,177.5311464416384,167.8165999021212,148.136677629344
3,467,170.71802109649764,131.5185125402482,15.40509421623033,173.09159923354025,175.85523414369467,169.2209468413123,146.62261633729022
3,468,171.09543404315687,127.7843327276261,15.761047941000736,173.10003580956197,175.9497994434778,169.42599166302375,142.7880622345872
3,469,172.66667326477904,126.40497881796152,16.0186546798107,172.9645746257126,175.6832544862817,167.41968318674267,141.59206674212487
3,470,175.27798378952397,126.08473818294844,15.376736442946523,172.9009705196482,175.2446471804012,164.94859854979654,140.19616403148413
3,471,175.07423494292303,124.5158465656084,15.428891819300278,174.28552151216095,176.39260683720042,165.24800911638724,138.01738064011377
3,472,173.6328124878891,122.1472227637282,16.206902987078102,175.79197176861206,177.00019717370023,166.8356598038002,135.5910283967538
3,473,172.4165178646459,116.93102425941476,17.026640496081114,176.03400113149627,175.4438059578285,169.35397596184055,131.0292662147425
3,474,172.05297187915903,114.87836310513148,16.872131861800657,174.67327234633953,174.77708171816914,169.69116636222188,128.8484646899124
3,475,170.45241427758756,111.59981151224872,16.777501795404028,174.24399464854437,173.98163660076108,170.77539706682785,125.23014833750148
3,476,168.1914311927201,109.67155852881714,17.2563453057777,174.75355498926595,172.41571794785415,173.2398619507443,122.96625721932207
3,477,168.84266520961646,103.94766522433412,16.656851696480786,174.626694559733,172.91393160755416,173.5864500055359,118.04362167922808
3,478,168.66646984915997,103.38596433374197,18.28364816275456,175.1248980116831,170.61759429082824,173.4295455475173,115.9308148321511
3,479,170.51604712536258,102.56095415588072,18.436717421865247,177.07479644136757,172.0241222342386,170.6177921659453,114.07515341390408
3,480,175.65435820927507,98.02473496403827,18.42831697106229,175.2795424629902,171.58690190817725,165.9356108933029,109.9877907504157
3,481,173.0425220027352,94.16851516824724,18.68891164526829,175.80414694727702,171.70677220457725,168.47691754215742,106.2271948394397
3,482,176.32154010466783,89.14696218249023,18.717026346592544,175.21676510522116,170.104238944028,165.30903367900507,100.938274046541
3,483,177.84313083507496,85.49487999392477,18.466452813337614,175.42798541034134,171.3568282970229,163.32097049095853,96.81116521440394
3,484,174.85128304108113,84.87175069141861,18.68253106139581,174.78460825842842,170.92094860032128,155.51448898694807,95.98533060520654
3,485,171.79235633281408,83.69823403658273,17.456406174414916,174.17970943580647,172.32337872693194,151.80623379938393,93.77777521048571
3,486,171.11770162279913,77.76921283940268,18.08792531795544,173.08668347904938,170.546560831921,152.02748169110777,88.05277715084172
3,487,167.70423704003014,77.06922115014574,18.468892434282967,173.17130355514854,169.31194337046475,147.86453494686262,86.41838411101713
3,488,161.0743650623214,75.65869157688307,19.660675271335837,172.9372680627626,167.89658967981984,141.90158518856902,84.75175895948732
3,489,154.8670268118319,73.40422043688802,19.131786629606093,170.59325036838388,168.7570133225514,136.02717769026327,82.49793643301145
3,490,163.56745359122598,70.58687808240227,19.63726080981801,170.80845317942206,169.09759226272993,143.69160193832286,79.65677786381649
3,491,152.86027994946895,65.81300997174269,20.228585934425613,170.66735942127397,168.1726452944075,131.48359565436886,74.94317739856545
3,492,144.72382307276993,65.55678406511174,21.45542448634403,170.66190145857138,166.24658804470891,122.06874709121968,74.04131663634237
3,493,120.666451744698,63.283563159775966,21.768763027143947,169.18721416209564,164.88935895464604,99.27101022940072,72.37624517909305
3,494,104.4982793666751,58.73909526658237,22.042873381321503,168.27082721348802,164.27291185498362,83.42612271293407,67.1735632324718
3,495,77.83543640642813,56.8952832161519,22.176667443291155,167.96836333313604,164.6638789963592,57.50890729817809,64.20364235082134
3,496,69.64712557954175,54.26312258476479,21.93617680210983,166.65725465806187,164.3773415897928,48.04284143016971,62.05827418033502
3,497,64.18426614534359,54.24194408174632,21.600410938176033,166.8479117120366,166.28921022176868,42.95418258378551,61.84426709274804
3,498,59.93177937922636,53.77666369082364,21.83952279900337,168.1710681752977,167.32159024881997,37.091471692783195,61.3534490033711
3,499,54.089550808813385,50.65923403251466,20.997423013275405,168.1119016149612,169.17828793658978,30.5474677114112,59.57383842963101
3,500,53.24698930176398,46.44185309729434,21.25056265601941,169.45653622567664,170.66620669942176,29.65427704161784,57.18755285409079
3,501,52.67424481203082,42.76876779446298,21.618116241609528,168.66055448216557,170.68226092993444,29.466952561513107,53.17210323000809
3,502,51.07923416086345,39.64034187665355,22.238123563149344,169.3355398733981,169.53703332560644,27.08311672036403,48.76129947992182
3,503,50.00058125406647,35.72478452320465,23.198580511663913,170.31491627143689,169.97971841956723,25.93939835780032,45.78670227796829
3,504,51.75446357232304,33.54833371871464,22.733514778623626,170.37639098259348,169.59651192236782,26.05514411718416,42.96895422339853
3,505,50.75925174607702,31.598789212825043,22.45423677654589,170.51146036415548,169.5232922307198,24.65296946203001,41.223314142728206
3,506,50.11879497299714,29.82246717916428,22.71264107852243,169.84116392471955,169.2106802397909,24.622524157951645,37.79875739319701
3,507,50.55778199284561,28.27813436954396,23.685114016036547,170.44243655606428,168.5415175170778,24.469524270615736,36.587262028372926
3,508,51.00809170442299,27.23447913145,24.265114139026156,171.9907166913404,169.15185124276115,23.59274354653331,34.59323523213749
3,509,48.90968930992624,25.747416285466,24.298080687917643,172.47536874284697,169.31656624148263,21.88706251384309,33.6696869868331
3,510,48.93578092348908,24.680785189701737,24.613968812596013,172.93233511243068,169.18006301114394,21.774517249688422,33.58636253824567
3,511,48.55367295457881,22.33748332636282,24.41744230669092,173.94536323164513,170.13495520689938,21.75604138069241,32.72653725533435
3,512,47.99516172421079,20.77757528255416,23.74755908433261,173.97188389244408,170.95462829355282,21.939407730209336,30.955830900666665
3,513,48.18155783168763,20.73508154215687,23.59404408815325,175.04106636229065,171.1548434657451,22.901761622901788,28.66092779865244
3,514,47.878896241656264,20.910875181286805,23.408145495205098,175.59974046321244,171.17743506104134,23.64691426440623,27.739660236737876
3,515,48.686950926004045,20.844315896675447,22.08203103542329,174.77862868903395,172.5745847568911,24.55303718858934,27.71690187918003
3,516,51.86467672707487,23.341586865424755,17.611130244731168,175.49345662602192,173.79521125411577,25.10176999313436,27.77252951080807
3,517,46.476242003956024,20.7300592112988,23.06044171284788,174.07093685150286,171.5414108910206,22.892191213434337,28.776925239805543
3,518,46.911158713679235,21.411534334879867,22.872800304404624,173.77347877941403,170.9062657687328,22.6228137666898,29.507916305706303
3,519,47.30251118565715,24.34609414556388,23.19929459063941,173.33198639219913,169.7642541051767,22.209187212893617,31.68796457348431
3,520,49.087777249467706,26.49029298209832,22.941480193902144,172.90772194731773,168.778919332166,23.490078011468185,34.126645634130526
3,521,49.44901402493334,27.46432204989134,22.463235453090384,172.77475454853936,169.60705107775917,22.7493625974956,35.10712155295833
3,522,52.786591572367946,29.64885947285994,22.922836475688293,173.6429525345162,168.54502883844592,24.579649381600824,37.1504611874545
3,523,55.05156811830928,33.529625854079654,21.700492076604096,172.51581730058768,168.3467978983222,25.377282790548872,39.730449034820765
3,524,53.02568948962496,35.416369098842964,21.614845619932797,171.0479866772,168.10020308028552,23.598235203618728,41.016293607388995
3,525,57.225005307145835,38.46110556812162,22.160510793711225,171.74385073712247,168.29953901349293,27.170719917012168,44.58845054360924
3,526,63.60659532990374,42.06442215066882,22.56541083351304,171.2236398370272,168.999832097932,32.60481784868294,47.76691886576686
3,527,70.54456046809213,45.54437816182838,23.1051278452566,171.1916561164141,167.94066911594484,37.3549050197053,51.264540674211766
3,528,78.36520900124779,47.82739948481032,23.39748403052522,172.00324822723016,168.43513826100192,45.67761979610052,53.70999154434165
3,529,84.89450337880055,50.89887077069264,23.91207289635363,171.4072451015375,167.63136060332886,52.465814108754806,56.59322248481849
3,530,101.3655490739554,53.518851398826754,24.58491168604095,171.05488565804373,167.3675409487296,68.70638942613003,61.61305959191535
3,531,117.69757997515516,58.86582078254687,24.50582464174746,170.4259457775208,167.52747592534726,86.14327261012001,66.65493178699182
3,532,116.82172808758864,61.227619274333016,25.25066916482024,170.62394409480748,166.93484569454515,86.05471987972574,70.29679428725278
3,533,123.22068324034323,62.70037060403623,26.138339604656807,172.1191949126181,166.65759992672128,90.95593605527726,72.86524167116653
3,534,131.56759362595602,71.07079330903377,24.998465370448137,170.3313811666902,166.6837116353357,101.44965516721612,81.37095569244241
3,535,146.19780469835433,72.63700335083668,25.29164716665503,171.03792472033453,166.3754161905017,116.06199119553332,83.92849390845504
3,536,153.19302061720634,75.17333782157033,25.90139675900191,171.50709745309888,165.85544170740997,123.95740960336528,85.86885178149537
3,537,162.8667259329996,76.07327369133745,25.73842182654179,172.0761213461607,166.24962050154113,135.76358394822938,86.6442626488999
3,538,166.71647921417815,82.29904769536871,24.724601782640978,170.5254275854421,167.07382512961442,140.31716268660668,92.79616817709882
3,539,167.8468279609719,87.52931298610399,24.79995140765646,170.08478251006343,166.70509898469095,142.2281782423129,96.84313713937924
3,540,167.3728778278753,88.98293162482092,24.128198926117435,169.74544013543857,166.6338329102696,141.29723335963362,98.577025832458
3,541,167.22786048888258,92.10576539751274,24.841147712102433,169.23875272953012,165.37076564553817,143.93023540247412,101.07251430400844
3,542,168.22905939331903,96.05327057891118,26.69162130699,171.25130126241012,164.47663952182393,146.27307523641923,104.03163842594464
3,543,169.2548278681679,100.7856602988434,26.3187157947437,171.23988988392526,164.8520955949924,146.4509127220865,108.95723562782638
3,544,171.1061185456176,104.33477898030814,25.89059001925104,172.38698058062613,166.4324756584925,149.4594651852341,111.79731780960915
3,545,169.44278834636992,106.60244912163802,26.219650736830328,172.43079156667187,166.0492155761325,149.16083525379187,113.4873600250695
3,546,172.38304349501652,110.7480817763994,25.85577360874948,172.86457636492372,166.56072649518683,152.49175463782782,117.80510595309995
3,547,173.19464327024068,115.93716634441913,24.841925951140503,174.5932882811007,168.4230038474955,153.4457297132765,124.10710299545303
3,548,173.1140669550577,120.48529543263857,24.603246095743724,174.66479174463151,168.67970826010824,153.7491678145703,128.22211612274697
3,549,172.66534787258888,123.67587662716215,22.660709507511584,175.54226917842269,171.19161731206628,153.58040059890516,130.55578003013872
3,550,172.4098408941787,126.79094534810685,22.276473461492127,175.48133635265776,171.7733661232972,154.6601850458717,134.8849687076329
3,551,172.9365411693728,130.19935814015804,21.67654981816503,173.62233399387554,170.22402093438194,156.2015173168732,137.8021657615079
3,552,173.35111917480342,133.56393358578688,20.32627160002427,174.33298951272909,171.7936513656407,157.24598323323968,141.89458653339992
3,553,171.75089857261946,136.66691248679837,20.74800759175214,172.538258432475,171.1926029845888,157.01576254796996,144.6032147482689
3,554,171.55246798662904,138.31190180514471,20.20212281539724,171.5928931775424,170.99849713144744,156.88425085439508,146.35209931456163
3,555,171.83499809929813,141.33578703559968,19.81183205641902,172.17271046410607,172.24701226315057,157.7191050033688,148.67887401492095
3,556,170.7927529936083,144.55510757651336,19.59699356907503,172.78459685677691,172.79141684115163,158.72327404507666,152.82155261822174
3,557,170.88539536517504,147.25421058739013,18.94513377926446,173.56742988600388,174.31744835529292,160.9221834053522,154.7100767419833
3,558,170.0990591522356,150.45546505869936,17.867077817386694,174.44295884971763,175.00079392346012,162.69390089740816,157.67221270191433
3,559,169.39244888299106,152.61766122692725,17.994537161145622,175.74188882408524,175.26694184170455,164.1767600202988,159.39392593162282
3,560,169.23801966046625,154.35262012107978,18.149628367801583,178.0470413758656,176.16862086765445,165.94349068739223,160.39669415525535
3,561,169.584911573621,155.91517224306136,17.621859164641965,178.963352923766,177.73925435024572,167.91339075377525,161.6219970269842
3,562,169.80991701490422,157.7351220131335,17.767003712832906,178.9162709289686,177.89190781691426,169.9980585888787,161.53867351786766
3,563,170.5329860822364,158.40261758386305,17.14488596938221,179.2031004980149,179.98002708696885,171.70939216530687,161.64043622451808
3,564,169.2931033209218,159.20281616815535,15.907434158949508,179.16897326240192,176.94459033964625,171.6668503343248,161.85574710348254
3,565,168.14555853300013,159.87390488607997,15.173471840010428,178.48351860740422,175.52247752365352,171.1057408584385,162.02994528957885
3,566,167.32838787704517,161.32079338225302,14.94313894772631,177.18795338067667,175.9348197012177,171.34869186427116,163.10987715576525
3,567,166.76387361071457,161.45936648688482,14.9988609827596,177.0231298122261,176.73053873788828,172.10238715150595,163.72043340134158
3,568,166.59805680127425,162.01392282349175,15.03392334319867,176.65191200560542,177.71639922845682,172.31915265801527,165.27785406139603
3,569,167.46931522313764,162.2557556392119,14.960379322120028,176.75847814813343,177.52522494416428,173.30419879580947,166.17648466045028
3,570,167.57865194180633,162.20249063898177,15.342653428655916,178.20614627835693,177.19251510986,173.22011760927427,165.17443400558386
3,571,167.5853697925447,162.3781317354572,15.195708152042316,177.85795509009444,177.3470069237756,173.3704111296575,165.49169035212276
3,572,167.3545003383218,163.09997657715616,15.322885873552709,178.0813817804752,177.7483299339307,173.38670038162437,165.76823408948843
3,573,167.73490096919926,164.01860901335206,14.922630889265731,178.07499864788426,177.28531843365818,173.67085478186226,167.07914109661428
3,574,167.4646850461088,165.63065761789693,14.352540968073692,178.30780482466886,177.02266519109776,172.9765512055557,169.9796133278246
3,575,167.72863355915808,165.22703684936943,13.910916803625453,178.23801292149946,176.82892888884467,172.86038840200897,169.99887416388748
3,576,168.1335838718357,165.18621992284946,13.869653327713635,178.17316354769108,176.67585443781493,173.15170449807155,170.79417964555358
3,577,168.7990921058011,164.3290524769033,13.99504434171862,178.52179361763623,176.5206835954015,173.25155166017225,170.3580774299328
3,578,169.9423824237161,164.0995481501263,14.16272826372755,178.4740939248614,176.59780687368422,173.93732765387526,169.46369715105095
3,579,170.54023857397553,164.06976939327882,14.174824212102772,178.9493692938638,176.02168222922683,174.68811479275175,168.5777444365177
3,580,171.2980013084548,164.4464399095847,14.514179412261743,179.85715274516127,176.52285427966953,175.50416975754032,169.46299881005467
3,581,172.00507570014526,162.843338189046,14.621632981183357,179.47001669050647,176.18393490370914,176.0710580992039,168.87169692051168
3,582,171.90643305938033,162.9176294756463,14.381647133861556,179.96302402151716,176.05490704866244,175.47990995827678,169.7991458430092
3,583,171.6727850243651,162.78103243729987,14.306876271364926,179.56385047142874,176.7927083300849,174.54593794565716,170.10435855209505
3,584,171.90027017057923,161.16990516809005,14.491817753459124,179.38502796224495,177.0064416918716,174.13862246525846,168.29921685908064
3,585,174.8067318993045,160.32712543374936,15.14959894516482,179.9482090435982,176.73029345928148,175.37471804147856,166.80860177596517
3,586,175.16090503927796,159.20683784141184,15.1253368786214,179.95706587702483,176.57280331940146,173.59487503722545,164.87050097913215
3,587,174.9050605152318,158.2195739151154,14.799639490060889,179.6436753428371,176.94297199430378,171.63143248921708,163.87781552988685
3,588,173.47893879583037,156.03576557730963,14.597156830131263,179.87847989341736,176.01639974389727,167.59932810768242,162.09078841520952
3,589,173.35285268236274,154.0135937787466,15.026802276417852,179.4315452146093,176.83322718441167,165.4264486241925,161.146937862169
3,590,173.66777916314314,152.27344439493405,15.12709142204376,179.27335230577987,177.45259939707864,164.74175436643884,160.13172306784622
3,591,173.6770613656171,150.65556175155032,14.73459738185222,179.47495778554537,176.29057314842368,164.71736968308696,158.73359487323705
3,592,174.6205519461163,149.92620928426652,14.392220942808766,179.87993293700703,175.97466910918104,164.30334369661375,158.66509426865383
3,593,174.60563346094597,148.8606115398175,14.4512186806621,179.24662531493553,175.30935266146292,163.92213725658618,158.10935781965082
3,594,176.62423543657764,147.0025524559463,14.134238883067376,179.07969848144404,174.97065991142998,164.95101914944564,157.02121865724243
3,595,177.8372826423698,146.0968814299723,14.348267416777588,178.94220822883418,175.4521754664552,165.3762980600739,157.38265979067478
3,596,178.00888957074434,143.38914721825702,14.35812670603444,178.7918413861627,176.56864048169845,165.14617476511762,155.6563298215275
3,597,177.92188962325332,142.26122613213633,14.49559679617786,178.44914477665037,178.03378888090646,164.84228787885195,153.91932172977403
3,598,179.3192517291546,139.77773026087027,14.410173627954574,177.77156372869695,177.72406283256765,165.5870022206532,151.57553754885075
3,599,179.01769301321383,137.6114401428209,14.553584263394685,178.58991302179294,178.48399772285373,164.60175206915187,150.12411147896327
3,600,178.24014510406545,134.19016005085285,13.951217573901518,177.37327433497177,179.32489770247122,163.41007078415888,146.41648757278372
3,601,178.7459065064626,131.36761910482028,14.831138664100123,176.1438243283991,177.13252166519726,163.47500506643138,143.53401277705785
3,602,179.46350602126907,129.80494123563446,15.870660856776292,174.3771533282167,175.28385007331127,164.5459271537284,140.61102351306369
3,603,178.77122696192237,128.67770077560857,17.373133158351198,173.9209952498431,171.5790345099799,164.94086399268886,136.5708479186841
3,604,178.35378388502724,125.3062617067844,16.817261959288214,172.74813907406886,171.26739887373165,164.46043982898567,134.17271304850917
3,605,179.93228388620363,123.88148274186052,17.77919357101061,173.56498690383202,170.07761689767258,164.97776313439826,131.63727109848978
3,606,178.95355633575002,119.98955331581551,17.826421860798376,173.78296441447145,169.67302528458214,164.0397845294892,127.8910205594626
3,607,177.73361911037287,115.60349682132905,18.146805976427977,173.4319212165397,169.27823943686462,162.8800583611832,124.63283680891251
3,608,175.34595645876473,113.51165307195322,17.919564402126948,173.50386237450664,169.61279382756473,160.19425496192554,121.90718289084484
3,609,174.93564784206134,111.05498739872752,17.51123564116986,171.3560555604742,167.622273711662,159.27882732020737,118.06314345899176
3,610,174.77142778795456,107.81814600774374,17.54192305902867,170.48653990250966,166.98617482454918,159.65260147116086,113.89457734304382
3,611,173.10607107593017,106.5319569254761,18.369541680868284,171.27380682091436,166.06000400726774,158.3029316336762,111.67899110288724
3,612,175.54643226140416,102.94173348910638,19.364033200751813,173.15133512733138,167.58016407441394,160.16533594363867,109.19097490436596
3,613,172.57525845520573,98.910841129059,20.472398595225332,172.88662730759734,165.1276879354428,156.9913496147647,103.36567719833582
3,614,168.7433186710805,96.66493622258416,20.34495298070351,173.61969498866557,166.22682107115932,154.223080442086,101.42426210385707
3,615,172.11592505753728,96.0331702685065,20.26520187064919,172.52706501428315,167.4103739782941,157.20308888466275,100.20220445019312
3,616,171.3036277920886,94.42335377570684,20.486190618888138,171.63866110010065,165.69578073988697,155.7361090140836,97.59065773748578
3,617,174.9496950206537,91.7248781735375,21.991587333072474,171.67856770873846,165.01917083071427,159.28393563315976,95.98996564349297
3,618,173.87568612082583,86.4383350978908,22.39353523398777,170.44107133474964,165.232514420971,157.81694120975635,92.02578483705912
3,619,171.65115116384837,83.1682857192672,23.67028976380465,170.17545327384906,163.0271491149013,155.22423215133654,89.55462944331826
3,620,175.18782748916567,80.4771829771968,24.04058964591373,169.17815646761818,162.5533505555062,157.89150392046676,88.96987946239076
3,621,175.21411564460027,77.11539267313003,24.411014508327774,167.88867578672892,162.1431886164844,157.82679692616327,86.05241515772647
3,622,172.73085517547642,74.73939701997517,23.59023179251195,165.87995744886027,162.87387297952492,155.702371340745,83.44835381439479
3,623,168.86603489856302,73.35401206014257,25.44761251948103,166.5569794208174,160.43995389220515,151.82615107480123,81.99689910057748
3,624,159.4777561829155,70.64743855825894,26.841231322640592,166.48642544418078,157.2252188561758,141.60594817273156,78.62433981517869
3,625,157.46568789223883,68.01474278538143,27.01070904793966,166.7981532409033,156.3459436138404,138.5451184170076,75.44036771541523
3,626,145.84521838928677,65.71886739954729,27.66855341102045,166.03360999222423,156.86377766680155,127.24640245301792,73.52887550157322
3,627,137.82263986223282,65.03713755444758,27.507234059485192,165.5708352252126,155.8285240620574,117.58378331805012,70.6130741985426
3,628,104.594598059726,62.71185395507251,27.06394227895297,165.02653980690067,156.70598961227608,84.30747649771114,70.07973154464786
3,629,91.5254049622626,59.83412938787277,26.588404485339193,165.0073570374377,158.37645365307142,72.2503922225221,67.69954878504512
3,630,78.08074894481346,58.927315619657946,25.989183429582756,166.52448964538283,160.708640346332,58.26714494913376,67.37260534198583
3,631,72.79955077157044,55.868809909251496,26.032774324643785,165.55685867139263,160.69036587655444,52.48031738640896,64.96732378860995
3,632,70.89083376007872,55.42335443993968,26.777353732520226,166.34845945846192,160.20939906932537,50.01003911923427,65.04385387117225
3,633,59.89796298288481,54.656030244916586,27.16452188884564,165.54348034814936,158.79025093043242,39.35451846944844,63.86983423702437
3,634,52.44318347994316,51.16699957151771,27.782137414253494,166.41669044261576,160.09737986035762,31.74815225761402,60.151821919067174
3,635,54.01775070192659,51.335801742213505,26.42562267022449,166.98195337097178,161.66452873187288,33.55721815730002,59.039679478726015
3,636,47.69283552623739,50.018132189840145,25.633872503035036,166.312501182036,161.72585963996647,28.024586496409277,56.79623486360333
3,637,49.88178829412394,47.760950817294834,24.792220558196828,165.78129017641106,163.1616727306262,30.487689013296674,54.99521460369076
3,638,48.93311981140006,43.4267188089958,26.57409870911711,167.08102492589376,164.42957195739118,29.78331001460339,51.20148434454281
3,639,48.044870545603466,42.11121732848738,26.93073318044733,167.19564499167487,162.60954481053028,27.056230650150862,48.77401398302088
3,640,48.87729409793168,40.59538827702676,26.261721835090977,166.21389002197745,162.1343525264455,23.70112019824817,46.46067618117751
3,641,47.690797747568645,41.02931615502452,24.682369985073503,164.02918108765203,164.6898032120993,20.25042093336045,43.52690638783702
3,642,46.13731025638184,40.54333479167556,24.66426250117069,164.9411625972108,165.8850433282484,21.0416782492851,42.62912675887065
3,643,45.488369130688575,39.3788291131635,26.778153339568448,166.5830247891905,162.35791390624846,20.285611344321644,41.77249930626869
3,644,46.745864813093846,38.23476527927314,25.867559639507505,167.3619764938082,164.47380375236233,21.821352735418365,43.15366341055046
3,645,45.43608500319747,36.611031934855134,24.409318992582463,164.19432890370948,166.9581217447222,21.665177188518054,42.31841035114819
3,646,46.96936189588776,34.66546661471701,24.08733439232866,163.87274579933904,167.75009115456498,23.80675879972184,40.11127542889317
3,647,48.04550777296608,33.8185238561647,23.707475483440167,165.63855875666653,168.21539328000543,23.80911463143483,37.51815218086916
3,648,48.880598723678915,30.7561284027818,24.32693329383332,166.7480010086908,167.6359327766648,24.3574857027119,34.291629416267654
3,649,48.932394042861645,27.470986055510235,24.23285088881264,165.50466203684385,171.39739128531977,23.322601275354664,32.55895580683252
3,650,50.48527019466917,25.396622116042955,24.9056008401446,163.591758156007,169.55046172919324,22.93027213387669,30.21631719384418
3,651,48.75014872118285,26.89399872984518,24.09466099663505,163.42079178135546,169.66363149096864,22.019620028416767,31.701378600738103
3,652,47.658477001501616,26.442904274741178,24.77283025232424,167.7471269584843,170.96372055230168,22.349671560755812,32.93639227603305
3,653,46.53752243302766,28.813505618352703,24.329965620655923,168.11310323815394,173.21045182093627,23.52052053381733,34.96772159427097
3,654,46.44576689912931,28.421114161308783,23.948459097840825,164.6255084419499,171.05460175582058,24.409548677396195,34.556435394439305
3,655,46.53392004881746,28.70161253559277,23.29104376168383,163.26159901455765,169.64633476535158,25.526195983466867,34.335150838819736
3,656,46.3835523666989,28.09188868234914,22.25075042460762,163.5374589465426,169.5882823515184,22.680824044005167,34.11963158454144
3,657,48.445150699348254,29.980900531304357,23.326203725670062,165.9507956957067,169.0078205805845,19.54343002132839,33.842776829595564
3,658,51.38955377946223,31.040327056865472,23.381385342804364,166.93022627289974,170.7923629226962,19.460141428247866,34.34801862344895
3,659,50.74873160155125,32.11894647998347,24.138317534712655,167.177442963668,171.09124301776887,18.828211049815454,34.412063290089414
3,660,50.42697254577766,32.93141214561614,24.08220328711985,167.56336644982326,171.2741351576112,20.24915067509735,35.57078585678874
3,661,54.16888907789158,35.56230527591747,23.491866234767976,166.57562913366073,167.8032642151587,24.98276796837501,38.879948620100826
3,662,56.267336472595176,38.37925991621162,22.528390716563973,165.32494381591684,167.5301241219948,27.01111322077851,44.040334763891586
3,663,55.63528320701777,39.93316223120456,23.306050791656943,164.91975536560642,166.78495149077025,27.13653207876493,48.55021165052366
3,664,54.95566069841572,42.247617785021305,23.307743207054465,164.84860867925363,166.8756206851147,25.729682154785664,50.57680551879862
3,665,61.69597278566936,43.9465237031874,23.830606446030103,164.74884813589776,166.29027671481668,32.15426416059985,53.068795695517814
3,666,70.26887216885619,46.07866444069242,25.35072169334496,165.46900368185717,167.19051804693464,40.16190026631891,57.31301471096501
3,667,76.28455830841429,47.59830857426613,25.42061633699605,165.53289448205228,167.24013299791395,46.89718911608364,59.33022927768984
3,668,79.43609292726154,49.725805468065666,25.943124724712085,167.12773025785268,166.58365766593636,50.534826214740875,59.87494276295922
3,669,89.02366657245709,50.613798982597864,26.262511082439712,168.03179844405946,165.39931372240432,61.01699580568312,59.92020710317208
3,670,94.43650724882644,52.42235114666623,27.201470830440847,168.85339306294603,164.16685636610006,65.94449057065668,62.03517898616427
3,671,104.61673425411848,55.67654207783006,27.006350578488252,169.24150075144445,163.87575880124416,76.00028850675146,65.24789104325137
3,672,109.7218595905535,60.17305036444215,26.992057601917697,168.60942688070296,164.03816655993313,81.86696249534394,69.16523210778328
3,673,118.19581203414889,61.214213817093885,26.10325137401907,167.39655216328666,162.96769413518138,90.35132939113004,68.99310295811337
3,674,123.55080065819055,65.217078774022,27.200928658700217,167.1433006150488,162.5617859351122,95.74091098428362,72.08788196856342
3,675,137.20642058886298,69.56795674902922,27.143380025688753,167.613871881491,163.50529641565262,109.18500888019156,76.22977810058485
3,676,141.76916838920596,71.39404806661264,26.315577032578215,166.82225493832823,163.58351861688922,113.74852835575336,77.63872099986187
3,677,142.991061448425,75.32847262711743,25.10391863036687,167.04979221336987,164.0766716424398,114.2024591234921,80.96223108031526
3,678,148.68707382429756,77.04220248567485,25.609710670094763,167.397745742135,164.19264769883463,119.43041346826163,82.9426680637792
3,679,155.70982160522985,82.20679624747369,24.75155486350308,166.48094587581912,164.48492688082115,128.05879257985146,89.59977706801195
3,680,158.35893150771196,83.91433783711113,24.534436171319474,167.26739506097337,164.0821409483694,132.17886364822863,91.44364197134804
3,681,159.8697009229955,85.1167865555288,25.027345060525096,167.41873204305088,163.15543405351576,134.6574874125509,94.50371975500326
3,682,162.8499199494404,85.90008756015315,24.623765477890025,167.17437195439044,164.53516062999188,138.36026511256293,95.6807376010008
3,683,170.46068761189125,89.61547032563536,23.398453360646165,167.6504011006297,166.57290743826098,146.3873213500049,100.4896924069048
3,684,172.8251804285214,95.00586685588677,23.101966933810584,167.81982765451912,166.82824710454162,148.53782733071282,106.69181873426066
3,685,170.9572917398601,97.90851187447508,21.98927553870178,167.5196486293259,167.95234485660603,147.99623930027363,109.75916984400996
3,686,171.87385746652348,99.92982223168444,21.539462928223205,167.98052920611974,167.71522407225862,148.0357814668873,112.54898758160088
3,687,173.49022767546177,102.00145613135594,22.38728108674618,168.61059022290576,166.85479586294178,149.33907008430995,115.81172938033345
3,688,174.3455442956457,106.34762367656282,22.83327730387317,168.91405577686436,165.96342679311746,151.64097234272225,120.46727582996336
3,689,175.99773774514836,110.80070612188038,22.463442306530435,168.91737715860108,167.9508851593986,153.9861455418557,125.51383459495582
3,690,176.24920022685842,113.25632706883702,22.10015283362447,169.55224505552613,168.29952848947852,153.61373429629143,129.0542538956727
3,691,176.91309901867723,116.95465089192632,20.980647136978543,167.91851206475022,167.90470520210357,154.47495569216605,130.99623642256205
3,692,176.04262146020028,118.78363534080316,20.35660566128344,166.8304484401205,170.01736830682069,154.21370258837058,134.78683763500848
3,693,175.84234262880858,123.88800845453584,19.27568667269811,166.0713139813461,170.77001230096698,155.02098596217647,139.8459795788303
3,694,175.37210167940134,127.84135309672104,17.754654023586617,167.01573256008723,170.2392905630057,154.84235924985362,142.04962962885568
3,695,176.33768911651248,129.37270416139464,17.55457218861929,168.41084045861513,171.51752957655978,156.29596693275826,143.1389378559042
3,696,177.0232474397391,131.25067841322235,16.827005317121166,168.38324077050723,172.232644854773,157.52572637397785,143.09695132089203
3,697,175.31837826423146,135.4757897275098,16.913063391607878,168.13979207545594,170.53451411880684,157.45207809588015,145.52598965138483
3,698,174.05978785933868,137.55105220634022,17.147399562336286,169.8825508739123,170.42293611967207,157.47139040931066,147.29351782404584
3,699,174.26822409334713,139.26932976600608,17.95599993155651,171.24468087509027,171.23735508054148,158.25660993287602,148.6034019101078
3,700,172.94519408861402,142.61715217370931,17.41640093328598,170.5951602079783,171.4041768814978,158.0811976554521,150.7960744958083
3,701,171.8147220980388,143.970214570349,17.62650258364215,169.94116222076764,170.33597278906888,157.7842076762624,151.53724022887548
3,702,171.2197142256497,145.44427370353517,15.919787956187074,170.0706995776731,174.34873374328598,158.23770339911752,153.0891611733681
3,703,171.7093539084476,146.7475906533124,15.259778739722517,170.78423654156325,175.8961182219504,159.22892108311245,154.47460828547332
3,704,170.0097806232325,149.18963573534526,15.590461214564694,171.9251818758322,175.46414076286342,158.58786602018998,156.61416356559772
3,705,169.01544159217073,151.5629526300419,15.796233519412231,172.37569975638692,174.5936158912308,158.64710765952518,159.28483920245662
3,706,169.9503302413258,152.6147783529604,16.864133298542143,174.43449683157107,176.21898115817666,160.13996275674836,160.65343917095043
3,707,170.85151378683042,157.03621633538833,17.42645336275955,174.36193779196788,174.890682955795,162.8048442032078,164.75491177071743
3,708,172.03863065407455,158.2069609007694,17.82160858253894,175.87658428798994,175.16154776979687,166.6113683336331,166.61729059555705
3,709,172.50414681892488,159.31845640158855,16.387240020051607,177.11248228190345,177.5457180951856,169.31454239148965,168.3629950670635
3,710,172.225682803966,160.8895189256082,16.302313753800576,177.93477758852515,177.1257079160175,170.25518023108967,169.32556673266438
3,711,171.74012397777048,161.6976187452483,16.951059621611346,175.61754399259823,177.58405177137118,171.08904483175314,169.08956119514318
3,712,171.60112387485273,161.78339736010705,17.71894495627034,176.23331923025145,177.28123518729495,171.51094788427756,168.4705790121426
3,713,171.60314075849612,162.0610990453108,18.466994820355936,179.69274143734597,176.36255814426613,171.50970896907322,167.87938113879676
3,714,171.4340895805894,162.61729622493706,18.03018536990334,177.9622463790014,176.47266469152058,171.5043784070006,167.57968868043048
3,715,171.21260503404355,163.4970851110615,18.10775975918276,179.07802573664858,177.34037994499047,171.8735490785266,167.75955945460473
3,716,170.6003132766833,163.65506971285674,17.385992453256318,175.46293736133327,177.7859509677232,171.72644500451773,166.84343800743085
3,717,169.9780430367484,163.6910015420614,16.908008030901378,174.62819001263367,177.9372459111323,171.49737420937032,166.85603263228467
3,718,169.81541176230488,164.79768527427868,16.69795421443008,175.09089396905614,178.66535233021077,171.63029940598202,167.6447892589204
3,719,169.56112189434552,165.2596607985879,17.77127532156217,177.61634981204543,177.69317070093896,171.84241272226362,168.31547926595616
3,720,170.12171369628382,165.45553702381176,17.43545803129538,177.11619091434414,177.23239496468076,172.56019169645884,168.79735891711215
3,721,170.66274393173867,166.24408548983962,17.313282283980502,174.38298616396773,175.96949288444927,172.7785759449994,169.95232870589064
3,722,171.43918576946706,166.66296145555444,17.75966743462774,173.23624438402987,175.17175496536925,173.09303453762715,170.91667086068665
3,723,171.5397499485902,166.99810307757133,19.00053062545507,174.83059609660663,175.90932065087034,173.57289015696009,170.91328690376304
3,724,171.78221098277507,168.45014151889464,19.13887474860207,174.038932660065,175.5474159238555,173.75758785625908,173.0187357928256
3,725,171.96946552424842,168.88108718036304,19.16734109987423,174.03422380382284,175.938387772553,173.93418079981558,173.79550365150527
3,726,172.79908683288554,168.84395921089495,19.379265775032064,174.886940785277,175.6726075891374,174.51953728567963,174.3220024008731
3,727,172.88449411553725,168.3384292667492,19.585383842780864,174.43541926697654,175.76440837728018,174.7666483135465,174.35550292677698
3,728,172.38516873200754,168.51371675198078,19.2894985474586,173.90347284344915,176.3589368052883,174.52731611519707,174.60200680524238
3,729,172.94837979893407,168.83744080162484,18.72642747020903,173.69091271336222,176.90938141221122,175.02408262691606,174.93752249732285
3,730,173.25032757286107,169.36569089574863,18.606820869750425,173.46242170338243,176.5085901082772,174.92273794791797,174.74662888046922
3,731,173.9396434434467,169.41178561565653,17.9983625865565,173.07803765491352,177.8252049760157,175.43987651194996,174.6164946179777
3,732,174.46361247200826,168.79015782883337,18.195247273158124,173.78128200234045,177.09193229455198,175.20309665312436,174.28521216320962
3,733,174.1995653360528,167.32807040240675,18.288394542519487,173.8779705632341,176.62448909246277,174.521970204328,173.09422744417012
3,734,174.4330683329281,167.49200876190466,18.430218480428017,174.71203519217997,177.3366892383455,174.96799651452233,173.0044148882963
3,735,174.30735720942124,167.18574546446777,18.010428254006623,174.0327498930024,178.2839798340598,174.74873242240534,172.63444881800294
3,736,174.380239399085,166.25717720738766,18.127824393224664,174.59117678734995,178.22435383677498,174.0978893741622,171.88752775748313
3,737,174.00219880624635,166.5556546364335,18.59450500973857,174.97092430544225,178.09294740618554,174.2337754679514,171.5781462511858
3,738,173.48632815120834,166.77898999763931,18.952593833346764,175.57667661563522,177.74110466710286,174.33528956338898,171.38347049920625
3,739,173.44281169936204,166.41193198319476,18.93259991555459,175.94044668584337,177.95131550010595,174.49577749506594,170.31320307941303
3,740,172.97057091389095,166.62106557553648,19.278562589118952,176.8839620374948,177.3430190534039,174.2453154378574,169.75077826436214
3,741,172.48105663673533,166.74842857116647,19.239076251868553,176.6609385861796,177.70982771154198,174.93121210907822,170.00572574025423
3,742,172.09986836422812,167.36489103948298,19.315735847871498,176.70416885490354,177.8815206449211,175.3664579157103,170.59224922285574
3,743,171.02943955126324,167.85733505781977,19.46556542690351,176.09026231887688,177.04635769714463,175.28861025217049,171.41478644688544
3,744,171.5320113934465,168.2862765798987,19.65057042525745,175.64977230364588,175.9864966780499,175.73900038193096,172.23112629628076
3,745,171.3460022048195,168.81601408818608,19.68860160468202,175.21208305940968,175.32035226364033,175.77324015613112,172.05080517859457
3,746,170.9808819762472,169.26815308097133,19.69143779149788,175.41199190519507,175.30276235384113,175.12708928360846,172.16367555800275
3,747,171.35862526878375,168.7184861032372,19.495103646277816,175.26668175125113,175.84518158315709,175.12577856977364,172.45869418929522
3,748,171.29859884176767,168.7119611649015,19.47608807258352,175.03139129888845,175.74104436770278,174.8992076593304,172.65490625682605
3,749,172.0267115401128,168.78928562979812,19.263966604376016,174.8277555909287,176.15418939889875,175.40858775749453,172.81827977487052
3,750,172.78762448423265,168.30792406342653,18.802532504142988,175.14317204287516,176.40444954129873,175.1642556787359,172.86006804291517
3,751,173.07885581615534,167.43301106366883,18.263408094358585,175.2132922395184,176.35433010100246,175.51867547023065,172.10577672038488
3,752,172.11911878763604,167.5799636837214,17.657743685401606,175.10319109781955,177.04861326815825,174.7058974022943,173.30724534922908
3,753,171.37073907253455,167.99015103099416,16.747369769504207,174.6448095339638,177.95090656583952,174.26066797649617,173.81501057526216
3,754,171.1400824187224,168.807809605146,16.803433939310302,174.36592577168796,177.05691773760162,174.25143286742875,175.27335219543747
3,755,171.97579907297657,168.39117650323124,16.61939721509977,174.44016837230149,177.01859731725838,175.0450918342296,174.7313805494586
3,756,171.97701130178757,168.11629404301587,16.645610616170043,174.487293977291,176.56150163977412,174.8136821287287,174.56310991804173
3,757,171.94427797899434,168.13106363070978,16.688888434664268,174.56720118280165,176.29620002054727,174.4378353434185,174.46667901982923
3,758,172.13408276522662,167.97451936883323,16.562768579703516,174.40538091627644,176.02852828667807,174.37956857563398,174.28460876974071
3,759,172.39734974019092,168.18301874313877,16.514820173312096,174.2886891241266,175.42037787084806,174.35117277872988,175.2335676460098
3,760,172.58298592160193,168.0818118904264,16.648078919482906,174.40172466416,175.25288164718725,174.57212794636263,175.27105147994155
3,761,172.96804622744136,168.12202962260108,16.746782950540506,174.36735792644305,174.92096247957284,175.06845712692407,175.49207407521993
3,762,172.65073383653333,168.60335132107906,16.678706930864173,174.47279439405415,174.66902556919746,174.64395553343283,175.76541183463408
3,763,173.5568704682659,168.83718969637988,16.274601408714013,174.54297124484256,174.69136334922914,175.23033075475544,176.02541283592228
3,764,173.83839971348968,168.85729621595934,16.300690231930055,174.43003375919253,174.48032232866194,175.67186994417628,175.96305590510153
3,765,174.10790098810455,169.11294877719652,16.384896377168335,174.3700765245528,174.37219500565124,176.48880947515502,175.98732365606674
3,766,174.24626543778453,169.06455423785695,16.334510957303024,174.3218916805372,174.419332123818,177.08785692523446,175.3810285315186
3,767,174.4203574015815,168.82489689408865,16.115513704818905,174.24388159899337,174.58989490188733,177.6797383665321,174.76739775656108
3,768,173.63051753379438,168.8067209002281,16.02826642946083,174.1172895890129,174.78227101667107,177.22219654293565,174.50077112650348
3,769,173.21593797313156,168.3231947766034,15.996972865621746,174.31594828816517,175.0554557538666,176.99566902020973,174.21589729172027
3,770,172.20014874311062,168.2454358349767,16.209497103030465,174.29464382148817,175.0318325904768,175.32843357884295,173.07376752589923
3,771,170.796395555571,168.62784703700024,16.25579846816907,173.97172572636362,175.10287885127332,173.77254241435233,172.93625707749467
3,772,170.07571394161835,168.28709637277416,16.43330527140943,173.84601334772108,174.9750912644644,174.25331262991693,171.31172543599482
3,773,169.6610274321866,168.1279114526025,16.349447918001644,173.8534719164948,175.18762720207997,173.60412587639186,170.6763032712419
3,774,169.52661556354565,167.90196227708154,16.217428704102506,173.93702899725946,175.10532940103414,173.4164873088537,169.57017701191606
3,775,169.88395376819912,167.4464978432972,16.251219944093535,173.66734446994465,175.0346065673409,174.07876706430469,169.30543562911436
3,776,169.00647542678595,167.4815131236066,16.339335437502832,173.66225886076182,174.6213068647768,172.96120223284177,168.8710813743223
3,777,169.12641982635557,167.13646638313585,15.66733328370897,173.68360110993407,175.42786417913473,172.51674062209673,169.61597020336202
3,778,170.0567482225726,166.00001959678858,15.72479079724175,173.99986811098157,175.36872471974308,173.04785014830924,169.57160983445434
3,779,170.54811392240762,164.94627140674447,15.513542662101155,174.0602176720094,175.6598228562588,174.0244906582434,168.26441434808308
3,780,170.0645614132283,164.09179518546807,15.194849809495809,173.88221759537728,176.33930621838593,174.31503989866337,167.14247402443985
3,781,172.17613579383715,163.64298153180044,15.20496708977148,173.86296601425258,176.20023964208505,175.12444555592745,167.06338083472758
3,782,173.6299498972369,162.2249834673738,15.713832170885563,173.71195012606665,175.58427779443718,174.6681242337646,165.28095447693562
3,783,176.12905826682018,159.65912508950072,15.827145738940652,174.64688045586095,175.406570143492,174.98088286411985,163.42530984589646
3,784,175.55966945846876,157.99615761572875,14.66391204086723,175.1204601180584,176.96202450434933,173.86217626324478,162.11055122504035
3,785,175.28650173308327,157.2188442873309,14.853637750937182,174.35985287352702,175.8935618618532,173.64058290799008,162.10902191609037
3,786,177.69498165903445,155.84962940343593,15.336218799060356,174.49385985362883,175.35867435606812,174.50551522830403,162.62300919670793
3,787,179.9424067367032,154.94580600602325,15.04649771896707,174.5951066386988,175.085785534219,174.71943485170522,162.93499133957508
3,788,179.32841143394702,153.93793608394748,15.531055408982027,174.80296325112104,173.56047430825873,172.18145528993298,162.7781848763303
3,789,177.78898241505118,152.93894271274604,15.818731165819722,174.99369753643134,172.4903419611222,168.2281106716101,162.3405805143492
3,790,178.65784035976912,151.94220819568605,15.949746552920768,175.6116383072481,171.78166026362183,169.2628615652807,161.82694315788646
3,791,179.5645436323998,150.74542864290905,15.89170120309212,177.34354665771465,171.38636129692097,166.34220812215543,161.39768573826674
3,792,179.69309404518728,149.9910661545381,17.13316725528657,177.86823561193026,169.6107232999708,165.9610112785909,160.4496445466055
3,793,179.1336576228767,147.4388551181463,17.40921245768025,175.47285800636837,169.45382237093395,164.96828491737068,159.0391402547479
3,794,179.86366070410324,146.72122494401984,17.731656576997235,176.37688576605692,168.272471570124,165.1396861145735,159.2387383627937
3,795,178.33542403973192,145.51454559779626,18.294995997577622,176.0469067715176,166.91001980202927,164.41931218616233,157.65842195849365
3,796,178.8428789213568,142.94590587232966,17.906870111183423,176.26213995976622,166.9823540554659,165.30649761294845,155.8826393027269
3,797,179.2647361668568,141.48908840949517,17.45520832197836,175.90835744052356,166.8569220006851,167.31958316250677,154.77659190211264
3,798,178.66530949972014,140.04513157648873,13.45813820955992,176.27703445269935,165.33945305172426,167.21190992929888,151.83302374939748
3,799,175.27659365922824,137.85649382158547,18.614962198237546,175.78082004213132,164.60121394713477,170.45896497471642,151.22069511443692
3,800,173.8544213344353,143.23231484301508,14.632326420027873,165.2282951857923,178.6524447501262,164.47282398695745,145.02052799539152
3,801,168.97973808450584,141.71930292984,12.722820513642075,164.0581363690351,174.56961888793083,168.99237893636155,147.08872982825145
3,802,176.99150208439684,131.84319478401406,21.063109488139347,174.55309827059588,163.4148885020251,171.56315897295826,145.4547959227123
3,803,174.79645960319976,130.77025214779454,18.3662076461026,174.31936977037137,165.6173719286867,172.09131616799408,143.6325992050353
3,804,177.69764247357205,128.5657541640296,20.055579632241443,173.11203902760388,164.4105978955024,170.27227289530012,141.90035560471645
3,805,177.4344855816045,126.05599428502056,15.885768218621063,172.56840776989722,166.33227665017716,168.1642563956333,139.01124576021795
3,806,175.71270932719722,122.3352936443586,17.086408313179824,171.6383944842463,164.7529348437606,168.4586764467508,136.61928324247594
3,807,176.86641567686897,119.47257421990744,17.753491861916526,171.0473712155779,164.7133350748085,166.2415225416687,133.89934814909952
3,808,179.05653859908136,116.75905601156444,15.837729111568317,168.39187833985324,164.84737359935718,161.6868364486488,131.24234562534178
3,809,175.76111182425774,115.23048055085596,18.48936604056146,170.7569100272026,164.07138088945743,163.75045301048004,129.0340790316049
3,810,175.8825464044187,111.2871521590932,23.068048303208307,170.56699174244318,160.6783663968911,164.94240418175653,125.3187939104888
3,811,178.5012356077468,107.78017364221084,23.154542498301232,169.6262643638984,159.70698398434428,158.0280366963429,121.23330692086918
3,812,179.9952761174003,104.9254992375392,23.591438455211573,168.08135852337836,158.72053863202328,158.51355133856543,117.64928951147472
3,813,176.72314215616674,101.75999698333251,23.360751427003635,167.36586523393817,159.0541254691136,154.21088336111416,114.11768133488756
3,814,174.11833064922254,99.0235742539826,24.5172931367034,166.3574045382343,157.0425118175987,150.4723758800338,109.61022129705565
3,815,177.19828557540978,94.91585946360264,25.041805288074933,167.03204929128302,156.4777946369203,151.82573672859596,104.72958034431386
3,816,174.35039897968085,91.4764305839568,25.823533151436788,165.77162527432324,155.58429525411222,148.30279957756107,100.80665030605948
3,817,174.25714845384155,87.83935938203585,25.43928828458756,166.23953541193734,156.35405048151682,148.47759466146206,98.3157950113072
3,818,172.4333107980674,85.60744118428734,26.701660056872942,166.64729917658568,157.24559018743474,145.78770695629944,95.3781804732174
3,819,165.86197904551645,80.89561441834164,26.437509447453127,164.8001595639331,156.25901837908518,139.30556555839885,90.35620555166334
3,820,165.83939291590752,79.87730254252054,26.913386447516263,165.34252518570878,156.63050070328632,138.19093517606638,88.9867807254537
3,821,165.9350382456609,78.10162631791239,29.047879979039173,167.19161461157609,155.5311639442399,137.83871558997623,86.75604891159934
3,822,158.77200500733326,76.80892181601317,27.930085676100703,165.03289423369122,155.47927607382684,130.6642140846197,84.47513959351828
3,823,144.75705966111465,74.05083872222252,27.289590606490517,164.31483466240005,156.22155436554905,117.56996062546467,81.80707880217469
3,824,131.78690223029605,70.19944935751097,28.552150498156777,164.9890008396843,157.0650614021207,105.229599295371,77.19655911001303
3,825,119.28619736894298,65.37644484783355,28.006234162620327,163.76379271744642,156.1575126966776,92.90896720357604,73.98726212786099
3,826,107.84445036624804,64.25712652262939,29.066293511229908,164.39623947857731,156.41125737626416,84.02750464649009,71.5543920455789
3,827,101.50846815146406,61.7456446686035,29.87278996813712,165.42338760531487,156.46380625150505,75.79508486929124,68.35880537780002
3,828,94.4422209899309,58.87418937210537,29.99789773638747,164.13628143556934,156.79934530520072,69.11388834586819,62.79910072231247
3,829,85.08571763492715,56.20655229595032,30.623711757712925,164.47172566431257,157.6722281444202,59.74499085779427,60.71732660762543
3,830,77.49818720767064,53.9103852617512,31.27186466758925,164.4460174816072,158.01309737390244,52.38800448237678,58.4168199037064
3,831,71.07526484783565,51.93228613440198,32.14224301633243,165.02987844713468,158.09277512645204,45.89106116041608,56.106201129504214
3,832,67.63835199939953,48.78762307102047,31.685775781789133,165.74643144824802,158.37702825234567,41.59285054088611,52.71332552457839
3,833,64.66338246406747,44.69865238687304,31.532214530394196,165.8767446379659,159.4006650298323,38.17341345719908,48.270338678217264
3,834,61.1792417805922,41.45384499333977,30.16696917444936,165.04800352545712,161.4606853253805,34.201434234362964,46.70051060887242
3,835,59.01963636036523,39.48229547516846,30.44421855936028,164.96269365360894,161.61434456531575,32.79497924259302,43.839208381872616
3,836,57.56306262268962,37.90483001886346,30.41962954399785,166.03132271191043,162.9869931578018,30.80388199071564,42.81781256938787
3,837,55.83838898475373,36.253618845971765,29.80123494077041,166.30453193804595,164.0268699682892,30.250900734640556,41.2358863748453
3,838,53.59305874246818,34.073243278753715,29.12201823709055,167.18764288030093,164.84657267098208,28.04198657024048,39.06200183801927
3,839,51.89335159468658,33.084768248075896,28.23461512576647,167.44293267268554,167.28152250804132,26.43014997985857,37.858462401870064
3,840,49.93624128038806,31.706289426547244,27.827821754083644,167.61314835626348,169.47063027223135,25.123701504585647,37.515609216931345
3,841,48.65354327337797,30.290863581962892,27.511067892895564,167.5812414070757,170.34978102415437,24.81115602617488,36.08875375860805
3,842,46.712613468179086,29.325301591173485,27.723510026933923,168.36190941187962,170.84774934002553,23.7924365197792,35.03472367074127
3,843,44.99968015211043,28.687313244891865,27.546898833450673,169.07428574548433,171.4809769420812,22.634362046183956,34.65240337376639
3,844,44.24930843777599,28.16143752593028,27.02090352270075,168.98812995681462,171.61406361745568,22.71031757771351,33.39143598244317
3,845,43.49303027423908,28.071685476583863,26.12482754293095,167.67398415475682,171.5794356427846,22.853409672573253,33.42152284407074
3,846,43.041660994174265,28.625935869432613,24.93751194952791,167.60756498649002,172.74669565940673,22.90526737970679,34.39038103493083
3,847,43.515262505456064,29.14784248257874,23.573526518493384,168.5976570482,174.2912441200993,23.201373997737143,35.16401025716498
3,848,44.545084133617046,30.785577459742587,22.575612267989083,169.3244921705729,175.4509564784389,24.117304384388753,35.718894322286175
3,849,44.56565758191136,31.999138949057095,21.593043544596465,168.53840390581732,176.10449669048813,23.82494255664003,36.65939981508188
3,850,46.05290257413795,33.355810624299345,21.103798966449347,168.63211533902157,176.584366865034,25.368446178545565,38.24868482126998
3,851,47.23539777161151,35.571505060405286,20.39013104300284,168.74908682217466,177.28174462126069,24.512679552176547,39.3040014543722
3,852,47.89274408028784,37.0456882871057,19.74086715891775,168.98403854409557,178.62280425526237,25.770055920807344,39.89468350627957
3,853,48.48221772993541,39.376911424974345,18.95676128885093,168.3318078580056,179.06448080497358,26.113593029841574,41.74754989395396
3,854,49.83817581598215,40.996506595593495,19.211466989801135,168.48664236998016,177.8635549099622,27.84777570069272,42.51607055125278
3,855,53.29146481902155,43.748048412853976,19.32227962347336,168.77803643247077,177.01278180149234,30.72869237583265,46.41165864154715
3,856,54.494431928702355,46.78483706627331,18.832139594949233,168.246617442304,176.25890539865478,32.75968206800004,50.00999893520036
3,857,62.63750780166006,50.197691004021,18.4302103919177,168.66427911530366,176.87753728134538,38.183145905767965,54.19261938165838
3,858,67.38886849150359,54.16607913717099,18.46516976892652,169.21736753561325,176.26349731959203,43.22417331339053,59.55017610140548
3,859,69.70968233216307,56.74843930075119,18.11520207867038,168.80995524242363,175.77639054542294,46.35693406176294,62.05160041545235
3,860,78.3141534107117,58.89981062672686,17.825063663015282,168.22019964525705,175.7593169023978,55.869316851298095,63.95359160891365
3,861,91.4818956762114,62.288387518545626,18.33228119143182,169.3646314756628,175.4918882509512,69.38028372304149,66.18075770210291
3,862,97.57175572581744,64.59624156499656,17.432919126576703,168.950094017355,175.545283694855,75.34789426351176,69.10856544190986
3,863,103.83111024187878,70.35839749542362,17.28291236815052,169.08328111678176,175.3978831595689,81.1309973485963,74.47064796884564
3,864,109.9603000708965,69.531049492241,17.367850601155638,170.7924879953815,176.07190632779233,86.08876746083097,74.56587302903412
3,865,119.34641545385844,76.58684689000576,16.95045736069786,170.1973108776308,175.09535686199206,96.5189126039534,81.56297350691025
3,866,123.97725122999124,80.63478585122436,18.20096863229884,172.42307638953787,174.95889433692832,101.81939726850908,85.46399974495417
3,867,128.44546971680876,82.52330056315517,17.831167004150963,173.02784475608613,174.46920596172347,106.11721774883344,88.608195567752
3,868,139.08470554326135,89.22061795340082,18.023191295601965,174.10262662245333,175.389735640781,118.18850556453306,95.427385945315
3,869,144.88301821172377,91.2269592290858,19.13197318345764,176.1718318207941,175.97122739884972,122.8031618319598,97.98149547163632
3,870,152.02346536466436,92.40470893759282,18.240585956621672,176.0146244793037,175.7732335992942,129.96291132233253,99.1580519074356
3,871,158.878808617839,94.64165935429776,17.889604932563778,176.03995584829997,175.908216967203,137.5355004300665,101.86145646155433
3,872,162.06580695334657,100.90398511749784,16.583535804018247,174.8029354124246,177.75764311215622,142.47757796328213,107.78267767637648
3,873,161.74365233664702,107.4764951699231,16.310903654725518,176.1823323761036,176.67418806961402,141.31564312067755,114.77387162935727
3,874,165.43636898231446,109.73233017416504,14.691529764192628,176.14828379690246,179.81264032365834,144.6034232693262,117.59512865633992
3,875,167.59088839317656,114.15089674817943,15.797696389697917,177.64580712381587,178.14201725307106,147.1450755527845,122.38472790223068
3,876,166.4744049282131,116.63605328050129,15.619703587795293,177.4536177005334,177.87516861110777,146.76478839548773,124.57254946398392
3,877,168.48420007639743,121.3766875831751,14.650067160597258,176.2090864804204,178.49199722671253,148.1854410031285,128.88466198218535
3,878,172.14152811969447,123.7231470810977,15.60730185384014,175.78783730640885,176.78286566191883,151.4626816060048,132.60050151732392
3,879,172.9047066610924,127.70418145929982,14.86539144994257,176.62728343224714,178.67678306594067,152.15955840276882,137.65276852512017
3,880,173.95763428841957,131.71055834103095,14.85515331583702,177.43538693243,179.7500375168474,154.71084360697503,141.67559416651162
3,881,172.65577296545698,135.0831850829684,14.879845118503928,176.83198520499158,179.40299697379874,153.22239635962515,145.99847025764174
3,882,172.6940742037582,136.91211361464744,14.207863470449846,176.72521417635377,179.66120188848555,153.48733002607494,148.60861279830985
3,883,172.84079701914376,141.48067403397317,13.90351386657121,177.33069161564168,178.37858388268128,155.0191445831,154.47364973077774
3,884,173.58869429402884,143.86593121247498,14.215782339390834,177.6679910446092,178.8730034768884,156.58690062490282,157.95692823637663
3,885,173.97787326047873,145.5287232276128,14.116436352134368,177.92949319282954,178.38423251844392,157.7471706880878,160.02887460629614
3,886,172.81780132146432,149.71711404770895,13.929794729488217,178.20698273613124,178.32725728729685,157.85243891227046,163.07670453303666
3,887,171.63350021178442,152.95524502598855,14.013977381838254,178.42073582094508,178.09441239680328,158.106995801469,165.11959194963157
3,888,168.84853113115105,155.5838687280697,14.11296097518832,178.1525151026777,178.014543426414,156.79081369866134,166.72991726484835
3,889,167.56035212643562,157.92894079513633,14.126087753502397,177.92939107581378,178.17321580354027,156.62742360990924,167.86551210851576
3,890,167.60887971222462,159.79710374953802,13.90436181472514,,178.97851354412174,157.94362907026945,169.51884839617838
3,891,169.36083885932504,159.16297237377648,13.923645910708483,,178.3814471665879,161.87781368316936,167.92338995091475
3,892,170.37111816223057,158.85890244161877,14.347560497130718,,177.8091390161657,165.19547182917023,167.06623354126756
3,893,168.663085050924,160.5696797772694,14.099673549877531,,,163.8114227300886,167.43719447729012
3,894,167.10292474431878,161.9840083085093,14.103438352451557,,,160.8983521146995,168.33598671372448
3,895,166.07491221044586,162.69232683634738,13.777793334685056,,,161.65178116472848,169.97138605319387
3,896,165.727121551803,163.91919993261243,13.9356699536466,,,159.82075717227363,170.65283861643195
3,897,164.31342323794178,166.14458918192574,14.078038665948528,,,160.0481964405157,171.61135957797774
3,898,164.66699629545053,166.11054015378062,14.344987410916188,,,164.45837727963143,170.27812948170222
3,899,166.08473075884032,166.9133318463249,14.06906866370571,,,169.11214079471026,170.47883029064425
3,900,165.95302781251775,166.90012312116264,13.611649768335376,,,170.32749336382642,168.85670146631364
3,901,164.49039607160833,168.89926809857386,13.605636282107898,,,170.23013781229298,169.40597538200896
3,902,164.18319944097095,168.96352848326913,13.294498535303022,,,170.50124320647598,168.9328921849294
3,903,163.83790495002464,170.05054861729536,13.143310450892058,,,169.23655421752622,168.37009299219423
3,904,164.1452919173709,169.37296588120498,12.59782043571754,,,168.4068275212341,166.9917694120721
3,905,163.61438243833612,169.13489815483294,12.369178631508468,,,168.01149114192714,167.54792470219647
3,906,164.0311601727869,169.61656642955458,12.42893040885938,,,167.46793738635338,169.1037078557055
3,907,163.12040705463852,169.9120567455848,12.447405457237592,,,165.8734441812953,171.56787292891576
3,908,162.34144389746706,170.9658806881445,12.464509588498112,,,164.7203912137364,172.65216714442164
3,909,163.95153425976474,169.82475034430178,12.60511312247542,,,166.9942125351122,173.13787132021477
3,910,163.43940295554694,169.63011061495806,12.553691087336036,,,167.2820441416271,172.57395958522378
3,911,163.8657523457528,168.30539822933176,13.09553277112573,,,169.41355206999737,170.6207427711518
3,912,164.63136089436125,167.62163862491818,13.268264013717973,,,171.1348746644392,169.47047494589148
3,913,165.3414610071616,167.20335824321305,13.019473543476652,,,172.0096352815414,169.11468511528685
3,914,165.4729163769858,166.85079917909687,13.255345301172564,,,172.46890507030582,168.3985154484201
3,915,166.80783114065213,166.88238055951015,13.198379926234788,,,172.8474429309561,169.21110885535282
3,916,167.38979627607273,167.13647286535166,13.148384170420476,,,172.52681226424906,169.88786054587237
3,917,168.10836027367688,165.26531841529507,12.810503512679484,,,172.06743734518238,168.76720863744896
3,918,168.5308907251037,164.204653855324,13.163259581700425,,,172.29876462020405,168.87098246925024
3,919,168.52196078158426,162.7636869109743,13.715313456924004,,,169.86422117562998,168.5895671008012
3,920,168.03181013555044,161.48228446841463,13.642579862638389,,,167.57438251869036,167.259112140404
3,921,168.6542215475997,159.195454958364,14.23088804521302,,,165.28814711454834,167.6722525217143
3,922,168.43562548377147,158.61972857958412,14.537347109345967,,,164.95074675407488,167.2045514335835
3,923,170.2022565808978,156.53362381012352,13.993215036478755,,,164.16252672686343,166.60600351593052
3,924,171.84625025029638,155.74539538920754,13.842954050303016,,,163.4585881988358,166.33416617960805
3,925,173.78242784500648,154.65121501272787,13.509556110489273,,,161.92467874323776,165.89183264036015
3,926,175.1886759447639,153.3586104820654,13.250306865072448,,,162.45981226906335,165.07108741584054
3,927,175.4912754353217,152.2308496240083,13.11504688979691,,,162.06529034574453,164.28690805253495
3,928,177.0827387430685,150.12175788674654,13.000931591300509,,,162.34540229274617,162.54725569509262
3,929,177.04469124235155,148.91713487007323,13.730997728741585,,,161.81767732890486,160.9960136767843
3,930,177.88753908389054,147.71569103672053,13.930162831370836,,,162.30565411340433,159.48935588376958
3,931,178.68498057015543,145.32624238177624,14.53522380462095,,174.7399260079728,162.45492688043893,157.16431815943758
3,932,179.45960151763148,142.15781853214128,15.371734204342976,,173.84033636397567,163.0708252869749,155.82090340501628
3,933,177.2572963062736,139.73257396018522,14.951119528022115,,172.80275860085916,163.93184141561585,153.9712680073706
3,934,177.1478602510443,137.8911040954763,15.154524751905692,177.28191196768577,173.5951038868509,163.96459259513054,152.17613386014844
3,935,176.41642513720515,137.05952164395552,15.084542067159369,175.72082127452015,172.36484396880084,164.7369170324572,151.1294499715943
3,936,178.29976050952095,135.42761824103653,15.285063218119694,175.78620854421476,173.19165382521356,163.13196082075962,149.635396081452
3,937,178.02217472999217,134.044974468295,15.48048805667982,175.90018955998633,173.8497378593159,163.00154324888575,148.49830150595116
3,938,177.18349476333375,131.9641729141243,15.756531785233063,174.9250794558213,172.81129519419875,163.5470821295848,146.14922756949588
3,939,176.93869570671194,129.46719421262418,15.739934620266435,174.16650394824904,172.91970819403082,165.32144343842185,142.96527068603885
3,940,177.66737980918992,126.8250670542024,16.153941927937925,173.71219560614728,172.10183512604593,165.84150093422306,141.05723935220473
3,941,176.31979552097442,125.6286588470977,17.887423789734626,174.50558013941898,170.33972863514234,167.06699938832267,140.29525691234792
3,942,174.94333932953495,124.4526141932982,18.290299854006253,174.49086145337867,169.21495638876164,168.68095424516747,139.76195477606367
3,943,173.3442416577643,122.88861258810876,19.41930222244628,174.01517643906132,167.8676641810701,170.88627076870105,138.90866638187822
3,944,173.48236638458576,120.406165929972,19.425024411227724,172.4747455752842,166.98791347739876,171.51041812987629,136.96098007481552
3,945,170.4080640743041,118.83947287308584,19.9433449531075,171.97089254450214,166.67017325619452,175.13473511601848,135.3347821884803
3,946,170.40134614998937,116.87129653825052,20.05100915024014,172.64636755636266,166.81753323389148,174.6763198993732,132.98312549939146
3,947,172.78326650294972,115.14703170327368,20.585591698834147,171.89040469087402,165.8970818392489,171.94900577334352,131.2780079455951
3,948,174.73816256260082,114.12819362694282,20.706830774756337,171.4378364021408,166.30884235123452,169.3076398401993,130.51257298505487
3,949,176.48737849694555,112.62782149466643,21.12251673664432,171.49732860380567,165.5462736071016,168.8085461808697,128.00915406519155
3,950,176.6337210569437,109.43802554469984,22.22527389804701,172.29192903888622,164.02545163427763,167.38478806719831,125.0043461283276
3,951,176.14847903097862,103.73068779326452,22.166139877513885,172.05004753986455,163.91348168790384,167.15346704125693,119.98150636141922
3,952,177.74044790865233,102.61299241349488,22.983085652064577,171.37190176993664,162.7151278179,166.9588135169147,117.42840408544184
3,953,178.826102731057,99.23987587600186,23.95887571490684,170.76346674543333,161.4686679146755,163.42265694760468,114.3706418264766
3,954,173.8617810182338,97.27810325989888,24.77374829263224,170.5102635809209,160.34500287246385,157.382238734497,112.38555931451764
3,955,168.80314585778834,95.3613461869624,25.51184066817032,168.89939136253142,158.89287761495382,153.27570160140183,109.3991449554146
3,956,168.57621914331088,93.45484141364813,26.183844568489427,168.8628074288442,158.10943475333377,152.22855529313938,107.42190214822766
3,957,168.98896313865953,89.80742050972702,26.136477515930142,168.43926292116166,158.50590514469758,152.00365170508564,104.177685336473
3,958,170.00374433882698,86.41904542817146,26.586215397196938,168.353590645671,158.44864176233412,152.26460102752856,99.90895377797705
3,959,166.30884542993834,83.54151835466983,27.33016655132207,168.37703451227569,157.87262205024638,147.61725221239578,95.36484635299666
3,960,164.83539389910862,82.74458268260628,27.996034620509512,169.67448364175664,158.46869161392723,145.1918667844885,93.05981956816076
3,961,162.6622540053079,81.84211478692053,28.33386968537505,169.02814351822352,158.07456963594777,142.44454326950566,90.95348754835454
3,962,151.94109714079815,79.79613318658988,28.92497753574709,169.17418712603,157.86489287765542,131.28999934595677,88.45747758749621
3,963,152.93911341638116,76.77441857506247,29.118802157360403,170.40088560974732,158.33138752198462,130.88824647669264,84.8646808177806
3,964,144.48969935329183,73.77997185191636,29.798777085323113,170.7820929213794,157.95490669674442,121.33844232110845,81.13349691159543
3,965,138.51752921846358,71.26685133985596,30.30291343388746,170.49044983501528,157.44232011816987,115.97319898505413,77.4502733585527
3,966,134.97615669446716,68.16578990902761,31.137699773351542,170.62744294815798,157.5403796970148,112.58883624640715,74.07389532455589
3,967,121.10533871035784,66.82612522691905,32.27663467189513,171.58375014318935,157.84659326522993,99.14320383231367,71.31267409768475
3,968,114.45224252993674,67.16788587318402,32.69219813530767,170.67417565988376,157.1780528436598,93.49768831920132,69.53214206460547
3,969,109.55885313148224,65.84202158492876,32.98596798092782,169.76602389805723,157.90023970658584,87.59729534557152,67.4955813241554
3,970,103.51691151657404,65.37843974943881,32.66503487828277,168.30059059138196,158.56540515617968,81.19864674475606,64.94480146243497
3,971,97.94619674442696,63.5500367178358,32.78585067185844,168.39302519912806,158.17822445095865,74.879488290333,62.61647303769011
3,972,91.0291669033875,61.12343489112939,32.52934394689211,166.9091327616272,158.5722491264729,67.29201591682934,61.08908546228444
3,973,89.01998681968894,60.12187593585478,32.309125035773334,166.2180684227221,158.9933560183592,63.319705381226825,60.19469884631265
3,974,84.64893946849729,58.05079524409082,32.24303503138636,165.18507840239775,158.7133200623213,60.02750353775884,57.20153773074403
3,975,81.70973568726775,56.43572451889094,32.15270216238723,164.90050144930512,159.83121921974566,56.34055682333013,56.27398328223157
3,976,75.4303768756183,56.0675506404869,32.695551099709505,164.87785179620656,160.46414092997264,51.98696857770283,56.03806578566604
3,977,70.57151594445403,54.92809292253333,32.187640505856095,164.50190605854283,162.82154280677742,48.21155546340261,55.67538951495616
3,978,66.1500218462872,53.34106098350982,30.97544294977998,163.95583751924647,163.21450764019238,45.45743478965056,53.957679078847235
3,979,65.49185935702651,51.337374423571625,30.6286366235882,164.94156712187598,164.82496922407117,43.91124232516737,51.6380989652129
3,980,62.592444492701695,49.544381359631195,29.54592660264585,164.70972213830407,166.18345645167696,42.24470152923524,51.21952518185927
3,981,62.33254345476339,48.72064674448136,28.792989946274187,164.16885475121427,167.1947884335882,41.2998614898841,49.384032248104475
3,982,58.324060113827215,47.17947851876503,27.122814721942824,162.71117267019858,169.57770141221218,37.24450994145863,48.24182798991247
3,983,55.82242824034762,45.55275193504374,26.25352717765696,163.4271811017233,171.293523865559,35.06917664380664,46.59710227970777
3,984,58.36203423680601,44.90099235993432,26.725498512165057,165.1221881198261,171.63448591633153,36.42524417630107,45.60561231571032
3,985,60.52138934047383,44.611593027845714,26.5238672706558,166.53333566621788,172.22556837333758,36.674229689550096,45.90183265577561
3,986,60.64934533924342,42.775180286556534,25.82491497811725,166.47847077562884,172.14093374646308,34.417180754386685,44.27989877396523
3,987,58.795788939598246,40.5314740621112,25.49019954488605,166.13892800610628,171.9494219717648,31.67106202637675,41.98148747377327
3,988,57.37660670732088,40.28680042801377,25.061553268960974,166.22550208435135,172.63941330161407,31.26764939992202,40.969049242326136
3,989,55.914255909351134,39.78701410269329,24.425011977614457,165.74252787842212,172.26166552098798,30.341984767738087,40.569543340672666
3,990,56.54256621053637,39.16979223004526,24.407650223691235,166.61100981168167,172.6488378589429,30.00867379672672,40.1866053496923
3,991,55.992034720416434,38.66321789370111,24.13368156307891,167.30685871599633,173.55965786614615,29.77685694263723,40.54230733902299
3,992,55.257128695537055,38.053096762646575,23.866595044071683,168.1202186831011,174.80350460366816,29.91420623028499,40.30675286262674
3,993,54.17164002435212,37.17153456788627,23.85359114377316,168.74218023444604,174.85069049309598,30.04050737988508,38.669318430089184
3,994,54.21943676128739,36.15811278153898,23.21117515969176,169.18074540977892,175.6486339309846,30.05243816249182,37.69232885444539
3,995,54.05909394432454,36.714764952420126,22.35862604536639,170.56735234986525,177.4582703379121,30.148865254285976,36.85038725911771
3,996,54.046046606220486,37.15569255526926,20.802406240016207,172.81573238789647,179.5593625152099,30.05056268003929,36.47654633962109
3,997,53.60141370995868,37.61733286023578,19.78416080637856,174.68293326382008,177.78171201855133,31.50857220516642,36.19074463201706
3,998,53.76859173627894,37.325988084382175,18.186402592908355,175.16577742066772,175.7316532684002,33.00429113799317,35.93949792728892
3,999,53.911168582858,39.01174430474837,17.507472098290496,175.2392780438893,176.07342505367703,34.71993762321041,36.211216071788904
3,1000,54.04187243180741,39.36642815568808,16.937754046024867,174.98786292130467,175.8834033566925,33.64156795341915,34.42352787749852
3,1001,54.93879086476954,41.02594034763304,16.81979867877678,175.65385602007635,174.81900148899868,34.585104028421554,36.45836019644571
3,1002,56.21604632937196,43.46645091958725,16.150037844013223,175.13322149560034,175.06666542933195,35.62409248079923,38.94964755072123
3,1003,57.860897482679384,45.618859891846554,15.441223268022105,174.0905010338607,174.9317982868987,37.118156880628,41.78502858997211
3,1004,60.11636898855585,49.47645162975852,14.852834652667497,173.48282293034745,175.56581976593392,38.622624181117544,44.16934975069879
3,1005,62.997867205521985,51.581308831201085,13.82090479308533,173.44158607938292,174.3455592858596,42.41038756012384,47.313452140486355
3,1006,66.70577428446263,54.62225162677558,13.204905142235752,173.52157871594554,174.89417688879703,46.69383355257764,49.34459279859468
3,1007,71.20939738341906,57.14051062744562,13.80227222641994,174.43535536248615,176.04276975436284,52.62549637630579,52.548793230841504
3,1008,77.41113311819868,60.35097213489174,13.525793085288347,174.4564314559617,176.42045392416756,58.2751600086751,55.74901425084529
3,1009,82.74841747219135,64.09143655901644,12.45779738950736,175.0616286930201,175.47370892809042,62.51211283394469,60.23049131466631
3,1010,88.35732820445996,66.53529491827382,12.232854545357512,173.92470044872064,176.1281994959744,69.0902024060886,62.91539566836891
3,1011,101.79219169724824,68.61590619177349,12.371740274039295,174.38404860685333,176.7405838826721,81.48675406242978,66.49821102825514
3,1012,112.53834315926352,72.65576228939175,12.528460315612344,173.72981046161016,178.45191505497567,91.32910291566029,70.06925337762956
3,1013,119.60209421990692,76.27963334561973,12.78008195807989,173.93917860287505,178.2287794178004,99.0375159984437,76.70393656279288
3,1014,128.23420838695972,81.06399494053217,12.40659090939844,174.58363924488987,177.16693163698238,106.95048776337852,82.64931907232857
3,1015,141.0871406228194,83.29242229782817,11.89655389211316,174.64629910117037,176.4078193141963,119.97937911174073,86.36591441108318
3,1016,151.6628226652471,86.75307188937273,12.49859193201014,173.3634172134537,176.96458701585226,131.10894812096254,92.38598423299658
3,1017,154.3411818980989,93.43781754504668,12.836299768973678,173.79874490264183,177.82140621845517,133.8884794348811,99.49978770313136
3,1018,156.48622546538496,96.0038269159716,12.68760516668649,174.24204181489768,177.4122302001888,136.37028330367914,103.85257763711148
3,1019,162.65591177451688,97.89680741542269,11.284139533447355,173.72839202161282,176.5897644931046,143.19080001093894,105.9328737664797
3,1020,165.1416122373214,105.12887441291504,10.80851175009503,175.04194112303594,176.1034573629361,146.75358187046078,113.32742333718376
3,1021,170.13121967792452,111.5679770400948,10.151483042078448,175.512379553155,176.5945551474945,150.6585930465251,121.74004703907336
3,1022,170.48637913549484,115.02005307562304,10.35426790598231,175.3930840671353,177.08557561531592,151.65532956496932,126.77606387145973
3,1023,169.9687690155016,121.52305930104896,9.8766958020103,174.1669058711994,176.11244317310266,152.34917936440004,133.84977823012656
3,1024,169.50720431131995,124.9670941046579,11.271901799328132,173.25763009561172,178.6405559955907,153.22179229099,135.11457963200746
3,1025,168.91825029292525,128.1688009944596,11.162252732286724,174.73215925253385,176.31542984053644,153.91926084138458,136.5663740818026
3,1026,168.9961690793366,131.34619382890537,12.392874703816329,175.42435634050165,177.2054563863542,154.8963671003604,139.2980514959041
3,1027,167.92766268933607,135.23725173533543,12.988666284668238,177.5645378967286,175.93653734716185,154.36707569773145,141.7837084195058
3,1028,167.7198531814217,138.57401534202756,13.48323016936165,176.36693906562058,176.04022519547442,155.67150794930825,144.7877637350407
3,1029,166.4686520795997,141.0150556071266,13.601373545740673,177.97069951779395,175.66755087487482,153.7030494039158,146.2696089521563
3,1030,167.25373830567332,143.8989838115474,13.77225969978978,178.725668196354,175.29404634632684,155.08760007795703,149.35517678250412
3,1031,168.85153642511182,146.00939201919647,13.864728698050811,178.83507429905356,176.3798409157615,157.50222540985382,150.59848318385315
3,1032,169.1638284831172,149.46596177890527,14.034736592992685,176.73014524923343,177.80898027265224,158.29825716508046,154.76953109762678
3,1033,169.53705089260268,152.87610700552966,13.546633414045688,176.29830025418562,178.38829578604182,158.3384345374723,157.22539409681988
3,1034,169.85316096345383,155.74458662285062,13.095712154170926,176.81637128864608,177.89666525898986,159.51434543326258,159.93663252325277
3,1035,170.0139824927577,159.2490241245099,13.83268360890738,,173.84636919811658,160.2069363029886,163.31264529375176
3,1036,167.97147683940372,161.96409056404138,13.650065494437666,179.85714521682544,,160.11554103594392,166.01048710589072
3,1037,169.9659137992857,163.23073334991955,13.27340154005771,,,162.5784306558176,167.12259261599493
3,1038,168.29342312208124,164.3342238992037,13.239444084337467,,,162.18426229531838,167.7143077215203
3,1039,167.27489865879286,165.97882938284894,13.22483591239796,,,162.0012763385402,168.16944069671254
3,1040,165.1189876438905,167.58508314048458,12.99050214912251,,,161.3502424069765,168.02226248592063
3,1041,165.34413350480992,169.39959178041516,12.909703133225385,,,162.7748442034868,170.2380072880618
3,1042,164.28926297592392,169.73028818388923,12.395740765158632,,,163.57649691569048,169.5047204480344
3,1043,165.4696905613361,171.03629409491737,13.254570497450596,,,166.06186761300307,170.39841865307048
3,1044,163.05779004759043,172.01379509643482,13.39810195174567,179.40117900260455,176.40646852418556,163.8950166269523,170.67118503453736
3,1045,163.29906382501298,172.17177298728757,13.8982440170134,177.7921189479007,179.57292014153794,164.55797628353852,169.34731768355002
3,1046,162.55148727158758,172.74352398487778,14.103963191527676,176.50084415805753,179.17488592269257,165.0683924146372,170.3797059946287
3,1047,160.9987862071719,173.112791591038,14.146333934946812,176.40406490332765,179.55859829371582,163.98462045035546,170.98675919427637
3,1048,161.37377412682886,172.3619945082795,13.276317441641238,177.86125496289256,176.59085948384845,164.3288603657554,171.17192088633297
3,1049,161.72111513437412,172.52770013862474,13.749632994341932,179.64707897795256,177.1346009637471,164.90888893847657,170.93757791400714
3,1050,162.3764899025872,172.0655242920398,13.45342988847464,179.4670274387542,177.21505429387992,165.33251149008268,168.18195255914043
3,1051,162.8620715324735,172.05892418292032,13.431910557337988,179.82977174894702,178.7316111497192,165.6878837769239,167.4007761979826
3,1052,163.88910565943354,172.29517085219285,13.14950883505013,177.7114860362076,178.59682805941034,166.2293761276482,168.08001555104264
3,1053,163.44463585253274,173.31543349720454,13.127968567935625,175.46653068625096,178.42650177450645,166.25056369474927,168.94036858275064
3,1054,162.7507214205713,173.16433963580363,13.2789100374269,175.14234050423565,179.23397797874782,165.3987762351476,168.7910656098325
3,1055,163.50981547193285,172.25243932012182,13.10170017282296,175.36720847455825,179.79560173158134,165.29333844269192,169.3706583837015
3,1056,164.83925412320292,173.7207851303837,13.644913324592862,175.37187420825728,178.36525154698415,164.82085887923645,170.95621330677608
3,1057,164.7408206573806,172.17083836967782,13.599012360614037,175.68828475514783,178.10190688839813,163.7934917938095,170.38033082706892
3,1058,160.68450038049662,171.27837951456695,13.941964923268785,176.98474602491538,177.85383892829157,160.0759036022724,170.68127027338326
3,1059,162.16672891555092,169.7434611557095,13.28065162980455,176.95945429167898,178.39144388597728,160.8039872963349,171.9309100650619
3,1060,166.38743354101103,169.3595778263851,13.72337060112292,177.39734506214307,178.44031407482422,164.03334106024244,173.08422235259133
3,1061,164.86878695311188,169.8345113564012,13.802143962222258,179.13253222806998,178.80173924393418,164.12471670088658,175.10227419362334
3,1062,166.7749323591252,169.8134026829467,12.947939632986788,179.6264381756329,178.18996466448291,165.49274196469474,175.1576493800067
3,1063,134.01793174926718,179.82881553690234,12.00150336355784,178.88016554905386,178.9204835357585,147.21976426440983,168.10895761496445
3,1064,170.4344106431185,176.8889742069995,7.684694238755268,176.0949112099874,178.15663404889477,169.06601608711915,168.96004890878783
3,1065,165.020397294074,175.5401558850306,6.643740655169333,174.7898682669552,174.8491204652507,166.90777771953967,170.35147456570346
3,1066,175.64234922527916,172.50302382605972,5.145769276086942,171.58707947833432,172.24082605562094,172.06917163697548,169.6361448527406
3,1067,131.90528923972036,179.24773540698354,10.454385935355472,178.30513294081268,175.89256415169484,141.35323192037643,170.96464593987244
3,1068,168.50791716832438,167.58422630412852,11.093222825969006,179.78407146402978,174.757404724911,168.8203171446707,168.19343836393617
3,1069,171.40934947050903,169.76938467758504,11.95007923239163,179.59145675490277,173.852528165516,170.79804451631378,169.30343435584336
3,1070,174.00901825718196,168.1073161039705,12.437065066432734,178.2275279263927,173.32196002043852,174.08727814832142,169.77074155287428
3,1071,173.8555010160229,168.44120371263776,12.51715367975716,177.34631062550264,174.46930710161448,173.37891376613618,170.19612475125874
3,1072,170.42499859040717,165.44639002122793,11.0108075252464,178.55118884171745,174.20198186929852,169.00738248347017,166.5966551326309
3,1073,175.73924151478235,177.13941366063318,1.522663370770115,174.09411516806546,178.77869747810266,171.25379739171638,170.97655779464404
3,1074,171.1790255185693,173.24043189261164,12.337168661854516,175.11769245960087,179.95463990901408,172.97514323311844,170.97705517268096
3,1075,170.76996008392513,174.30942838440947,6.195875889256168,172.55022202225757,177.5845493489351,173.24143448725448,170.5994563845435
3,1076,173.82365199981982,165.08326068885304,11.898373470060262,178.85065412057276,173.56338601317077,169.3680773667001,171.20525744389477
3,1077,170.45194045948162,176.54114964676342,7.212986897296464,172.79737091725812,176.57587970235008,173.87764557734312,172.61779220270577
3,1078,174.0249260021892,176.19055181087356,5.278205411188299,174.710740717071,179.67777663978015,172.9245212430899,171.7533817490478
3,1079,121.58536544002138,134.70091061334378,10.88443703430803,176.72523061759043,175.77073930453818,140.72825172452534,140.86010435938087
3,1080,171.8252684780808,175.45790399261162,11.36192088148924,176.0443056528949,178.28946076004965,166.6592433188062,170.45415955324347
3,1081,174.53601334198703,173.6134880951966,9.93407534357815,177.32510362957314,178.96335738407203,168.56557128000128,171.11788681988222
3,1082,161.34168248671148,177.76979441106894,4.837142847625577,176.39492155357564,171.88489921668645,166.48288828619914,175.01274329578445
3,1083,158.69886393041148,178.3533027626533,9.565518852139244,179.80173271520056,173.90525664521508,164.60121549611773,175.5081511386837
3,1084,168.6645310503781,168.26680944366976,11.502598833446424,178.06329841791705,178.39229297965076,161.30522628308415,172.40715049506952
3,1085,155.97598197581104,176.85264522920411,10.917001735941463,177.86584465728475,173.7140567113943,161.7853628976242,170.55568766060358
3,1086,172.67557750721542,152.7839452071711,11.55905905527003,176.45834088521457,179.30478370102918,160.55186214447014,160.50546801545153
3,1087,155.2975806347107,173.0867505669604,5.288197361420293,175.1938723036203,171.04585088344632,159.10217754447038,160.8170509854281
3,1088,172.2819102489201,152.24079521002645,12.435933369320717,175.78292679163206,179.63750418453634,155.10001641877352,157.19120962016373
3,1089,170.67925150818536,148.55842231038378,12.513413221104216,176.06922965535898,179.6939493419105,153.81832487068027,153.63888738470604
3,1090,168.65075184688936,146.76168957931606,13.337457979921318,175.8472899089704,179.1401005142104,150.62458578374762,151.76772732674868
3,1091,165.56554211619144,144.7991762855731,13.276591176809198,174.96128593872757,179.141586505827,144.58760537410507,148.71990152104505
3,1092,162.48939296975206,145.06624508951433,13.574945036267192,174.7072989955488,178.80741563691035,140.8440758384503,147.65164710922824
3,1093,161.6206224889994,144.73983688485666,13.286389877315289,174.83763426594984,179.2341915097356,141.30934428943598,146.30776498418712
3,1094,160.03233393366526,144.700182967737,13.576637736188246,175.07658201349068,179.20596766480867,143.33806735809327,147.04675894611483
3,1095,158.49919846693516,144.63070122448926,13.763993317812147,175.9685625773559,179.32734083743352,143.51167805282867,147.21655720792458
3,1096,158.15468552943247,144.39734932683746,13.531953144001177,175.87712621947608,179.82663474490758,144.81808841771584,145.70884231300565
3,1097,160.23740078109452,146.7475452203165,13.602401916705736,175.66799297115543,179.47623749053278,146.341749802492,144.75108676228894
3,1098,159.55013257325012,147.82325055793018,13.3309132435843,175.72274683717367,178.80488653374294,147.20326331329773,145.2276136609812
3,1099,160.96040239996404,145.53034980653783,13.055743456344644,175.65285938136776,177.9488123225278,148.51998759110563,143.98966758370716
3,1100,160.37894228210962,147.5291041857134,13.746467009214646,176.6728368671323,179.1290221507872,147.68615188649358,144.93059515118534
3,1101,159.94929620513324,146.6168551682097,13.749353746073057,176.69313707929803,179.31012475815933,147.02012269249454,143.93157791646934
3,1102,160.28223753613202,146.0859094793045,14.445594244582349,176.99598328268038,179.7138914819174,148.5303726839899,144.1438879328033
3,1103,158.09556702893883,146.68113098337298,15.173179677174945,176.53532010972208,179.99971473353924,146.7775571833931,143.9824179691707
3,1104,159.88465725032776,145.88457536151944,15.863120675935916,177.1419231981477,179.21586336697325,147.7595603043305,142.50143144884518
3,1105,157.98665762562302,147.65408352367905,15.845924423177568,175.51744893075596,178.55748117578534,145.95288588578384,142.5301324027702
3,1106,155.09969362289505,148.196951955054,16.065864489295723,172.84104867653838,175.84923936882078,142.48863289217567,142.73831787378532
3,1107,154.86006971418723,147.03418906566793,15.959961262676734,168.36223820366223,173.69245987242925,141.69265723934075,140.4347736848965
3,1108,151.32658718129622,143.2637549916942,16.885028285132243,165.29805801865916,167.8948353600873,138.63212383676478,133.505383091477
3,1109,147.85069146254966,141.0900647900812,19.10557531628102,159.84530333292054,159.62419813886183,135.77400698179028,127.46779250641846
3,1110,145.0299774991127,142.2006828937714,20.0345352515284,,154.1358990180718,132.683289298963,126.47081925643909
3,1111,139.4017290881435,140.5509897110214,18.749190160323913,,150.61184187029093,124.5594559169071,121.8205930742561
3,1112,133.78736928152665,135.83676692356457,17.16548621723979,,146.0496897338925,114.21060447842488,114.68892857199776
3,1113,124.70474265774098,127.2528484991894,14.731912582556568,,,98.22411654586492,101.31811442751824
3,1114,117.01054444170506,120.60099651585676,14.249627459244644,,136.41446609402254,85.32447347122893,90.64189724573436
3,1115,105.99584514858672,113.44635884935968,14.83987359111344,,129.271141083318,73.4824208194119,80.38250044922584
3,1116,92.38562387769764,102.61536644033605,15.918944518066358,,127.79152955185026,58.120875368422425,72.4860541329079
3,1117,78.85965094058899,93.17203668692396,15.609263137381497,,127.9526334696421,46.930384297371106,65.32473732542701
3,1118,64.47185639624247,79.43959183675204,16.020283361117922,,127.13135828691836,38.434856436885426,60.40944530541452
3,1119,53.375734709951615,64.33181954667005,17.670236812810835,,126.08335088287456,33.9934502962571,56.3587192181816
3,1120,45.84891885438178,55.56351456296853,18.595844976216977,,125.7148817429552,34.59382740904139,63.25862129070444
3,1121,35.74866546122336,39.148796634708816,19.952374642209087,,125.15212187360136,63.95545771182734,79.13136435234848
3,1122,31.978596028494675,26.61985297457046,20.75074169466655,,128.1417823994356,148.1326141268779,106.17718085562964
3,1123,28.668268184413567,20.166236622476905,21.4471977366169,,128.88375148270177,169.63189428111542,125.111113977866
3,1124,29.47777783240611,17.155623174425592,21.271193718658317,,129.32569720270288,178.91516322624366,139.30695445248648
3,1125,30.590835998031793,14.347941316434236,20.812753858686904,,131.47867146788406,175.11154992177487,155.45346387390333
3,1126,30.595433030055172,12.465237030118706,21.8234376858247,,132.58381768716657,171.4282823198438,167.76054069928787
3,1127,29.48736312872401,10.816837423754476,20.497562945174344,,140.23259833284283,173.20346434671472,178.80620323011954
3,1128,29.016254925584775,9.011338402969436,21.877609462959068,,142.68441367422605,173.63023198912882,171.89851090145345
3,1129,28.75252736429132,3.1074364511398014,21.75008330968635,,145.1912162536584,174.00013488315307,169.89575972174103
3,1130,28.456907259740987,1.8705324725216423,20.625304388719535,,149.01302634168425,175.72315700207312,171.6142828444904
3,1131,29.127871877841155,4.644123834421979,21.102117485614286,,153.04517536041226,173.50166271985552,175.59354505733336
4,0,169.09222423236898,157.74681930692813,14.801748161728778,171.41315310369586,179.40835067672697,170.4514994248116,161.19557910303027
4,1,169.6608431245514,158.29601426133522,14.59161126108454,171.30704770616111,178.6303235616607,171.29247387590183,162.33420087193085
4,2,170.28939478500422,158.45644021161644,14.446075360177472,171.5001293731717,178.68856572449093,172.4802782300662,162.30289331954876
4,3,170.733275362527,158.5883804871294,14.364128930344078,171.57293282571206,178.54410401343304,172.8753121536427,161.7936486567838
4,4,170.4573557501006,158.77884303728536,14.284880745231476,171.22552364751735,179.21383449655497,172.45492357051052,161.62530925380435
4,5,170.88617070085192,159.0120444594684,14.55912608381936,172.50219442805954,179.8154586267813,172.00757679597768,161.91163715104622
4,6,170.5196764061036,159.15187033439358,14.649293968169326,172.62087831029945,179.71460845130875,170.48498067742992,161.2490324642617
4,7,170.5731817409444,159.0795785396562,14.419151456564526,172.7884673447715,179.5037482751653,171.04048389910014,160.29658345481016
4,8,170.36665458809628,158.8717813935925,14.129882726061911,173.33415085975437,179.5719609674474,170.25820343188727,159.49136179852692
4,9,170.2171695265147,158.25081887484805,13.850527753545013,174.08150130627337,179.3087935995271,169.90865475472694,157.79304542834814
4,10,170.30773893013375,155.83815999819296,14.213779887390244,173.2667033198046,177.6288946646579,170.3893931783436,154.87790961401424
4,11,172.99414079022816,154.2528266107615,14.743338075195492,174.36569014259052,177.32842305886575,171.33211753530497,153.6391657289235
4,12,174.99216481015912,153.5824965784079,14.571745519562713,174.33371720067606,177.7186965731634,171.3834505509511,152.69510193324334
4,13,177.18153298201872,150.31999502473582,14.661874751225426,176.25989810956585,175.58040624994734,171.08576314607834,158.4065150948128
4,14,177.98267101452282,149.69802736720416,17.3396079779577,178.27812980812777,175.02807883226424,171.31649332649278,160.88321147437907
4,15,179.68414783433133,148.2770373068181,16.45586749001154,178.70015013626994,170.61042717668286,172.52803206630776,160.20179184573573
4,16,179.60463921673283,147.12697912156932,17.551414490342555,178.39126093654878,172.54443227534418,173.0594126927698,159.24005402510386
4,17,178.30974706286082,146.33991460899512,19.46690977475824,175.9579366478416,177.56085087261542,173.96258296219327,156.83704147562275
4,18,177.46791418865578,147.4667618559681,21.88421147004696,178.62713664695485,179.04424301520578,173.8789199651944,157.0445230490624
4,19,179.26724545573026,149.11853142703345,20.856780371213244,175.82991266062675,178.106966789214,174.8788741644097,159.8967070271287
4,20,179.02731912841708,150.29661583912338,20.114285167138338,174.99310821012742,177.90457575163677,173.947444208455,160.6906910668529
4,21,175.7421753851747,151.97199904049242,23.06013570577589,177.49827207055708,178.27183115355328,170.59228880687192,162.31832307692574
4,22,176.65009548888895,152.81482131108513,22.81882121613698,175.92652361291695,179.75286078495276,171.08518980861433,163.57792825043236
4,23,174.811407033517,153.71704419070682,21.440521683770378,175.56251762620337,178.4406572220424,169.2161340109729,164.07404083370324
4,24,173.0900517960673,154.23616827442157,22.267762903927405,174.5252206429695,174.62176918573385,167.08353893975635,163.8528667967722
4,25,171.73611398567343,154.4875206369285,22.29283259421449,174.12865977093784,175.2529919347325,166.14227474383785,162.95218387543102
4,26,171.86602699583378,154.81753902797857,19.19844434036118,171.81765944656152,175.9088338906385,165.516217242282,162.71593485298456
4,27,172.41878568773376,155.3189461359206,16.165045064960108,171.18342100190537,175.2727055108783,165.76120654317458,162.169999702568
4,28,172.67511878956685,156.5495355772442,11.842162810926848,171.1520163970348,178.6052946030015,166.49592266737602,162.99041325082888
4,29,173.52158122841251,155.5987241697035,12.742299571865225,178.05057600872237,174.52145165127104,166.33232692438978,163.34950780683715
4,30,174.58209293644757,155.9904297567933,13.571259127044486,179.8846658881675,173.88283544975087,168.1252083283187,163.75594668369558
4,31,175.03210316117224,156.84936178525308,18.525016715156507,179.58465594458352,179.6158060617989,170.32898296659286,164.58651975555563
4,32,174.7297794079145,158.49085488707672,19.718493945630605,179.10465254469725,179.01611194549525,170.47797336669586,166.35647446033818
4,33,174.8439704482661,158.56148251378204,20.352279970095815,177.93771036486189,178.8344498394528,170.78769729690725,167.28669103334136
4,34,173.17485388331082,159.34521926488458,20.67813501681791,178.9420608675954,177.12756775987202,169.7533450071861,168.2565693698451
4,35,171.4702814632892,161.20056364184518,21.103343306882017,179.16960435292424,176.0299864023501,169.2108322803467,168.70821602889953
4,36,169.52328519605445,161.05001943518494,23.08832255694705,177.40333418223003,176.67081887899872,167.79069689882138,168.83258691860934
4,37,167.4074104983478,163.92745857961663,23.996658018797252,177.39226470256557,177.57011965404158,166.45165954529668,170.59665076996131
4,38,166.9933095330952,164.01440810206296,26.684133325902906,176.0594345007599,177.8641002162011,166.78494359064888,171.19782612518992
4,39,167.2913072869312,163.4430522307783,32.06478525504247,175.63825128017805,172.12076659322568,167.44523489028046,170.07979066152296
4,40,166.90761001287885,165.0881683950357,35.035785362300196,174.50286787278085,171.86539746314978,167.94401667644712,171.50956991074906
4,41,166.73994328185694,163.96436484180094,39.61065529098127,173.52260535412643,171.52502046875344,169.13625037740584,167.57028802784637
4,42,166.34747305999528,163.56781934899945,42.74756108645213,175.03787765166592,170.11954103120723,171.75432298716584,165.24578933331117
4,43,166.05620757106522,163.9874394428444,45.56152014991585,177.82938596362243,169.40657683479773,173.4414241785227,166.0386807044268
4,44,166.07138189119632,163.64089777930582,47.34172756214196,179.34033918751578,169.4125219181936,174.5818985805005,165.8415628565119
4,45,167.1074338323536,163.66664764389662,47.14670723220424,178.2763747008046,169.97402126987265,176.45613713685387,165.85825877609875
4,46,167.50161969060096,163.35241030511438,47.867138069930206,176.77645228729483,171.09255486587332,176.8770645276051,166.1602767381308
4,47,168.19271160394,162.56418512672238,47.07679956059263,174.4600568729969,172.20981005331944,176.85894075266128,166.61436086749177
4,48,167.64993076822802,162.37541233287467,46.60720638661616,170.68166602984286,172.00541580340655,177.05760337468516,166.4282473115192
4,49,167.5240228459996,162.59743084349952,45.91693629652104,168.2825672792388,170.9692008122298,177.40166607495976,166.48829746356083
4,50,168.66571854149325,163.5013414344238,46.50096471445634,168.67070314838182,169.64540224979697,177.65670332919694,168.0727263576658
4,51,168.52812343579666,164.0523609067149,46.61270590401599,168.69697501103252,168.6651186605303,177.2223647577846,168.67967131693078
4,52,168.23301193959674,164.3637007330941,45.98222230101893,166.38793771501028,169.63900834677236,176.87347151437666,168.69726694884392
4,53,168.1488682433947,164.31977967864165,46.06555800126316,165.97231779431684,169.4906315036337,176.9011507038665,168.40377785427202
4,54,169.83590914045695,164.11041276063176,45.643937772228675,165.7881161321086,170.5963134173074,177.23029817404085,168.50078979813696
4,55,170.8478313658198,163.11954744580214,44.777423416046894,163.66069967233895,172.16133539668726,177.13338873645714,167.83395781779362
4,56,170.6374296746596,162.49459633326754,43.2510096092641,161.3283199224717,172.23953752935964,175.76048035912626,167.62192300599844
4,57,170.9009192263324,161.40901704115882,43.319645674079794,161.9394746901998,172.27940623495468,173.9126685058091,167.4617226666493
4,58,172.34596564535477,160.70539145190995,43.06228303788336,161.52570694403835,171.50031671076442,174.29704039116228,167.16230923666214
4,59,171.45197712962576,160.86703436985192,42.396816236938314,160.1842820582581,168.61107931985873,173.44508849305413,167.2687998060774
4,60,170.8019531261374,160.25734770749173,42.3115639432508,160.22050525606338,166.00282827592346,170.9284037131139,167.11910463823335
4,61,169.39706986617597,160.17895013877416,41.855845227615625,160.35884365558175,163.2232946205007,170.12863927460856,166.4091794503751
4,62,167.66538004437302,160.10704246918917,40.99618989760923,160.27669471063305,160.85083917848604,168.85406605803982,166.30308113004477
4,63,166.74840917490351,161.37841164421698,39.00327125520205,160.69527589534763,158.68374916113046,167.7519896820521,166.60642103740042
4,64,166.47245338213034,161.96455613869722,38.1936330054453,160.55143334444728,156.53000608439953,167.83340878025734,166.91334609782044
4,65,168.00993904860397,161.5779191217439,36.71806946157173,162.22220989026795,157.1353696527759,168.7956782731797,166.24910015099158
4,66,167.44275482781785,161.106214787762,36.63073897603356,163.41312611389608,158.65685224280074,168.22882524796512,165.390000712788
4,67,167.0605191963561,160.19778999298006,36.77914151208286,164.61326144152451,161.36396408798,167.64161730294958,165.6463016902878
4,68,168.1753125921318,158.20129338547918,36.10571992105857,164.3363731781153,162.33739535369995,167.61745068625166,165.93847655858855
4,69,169.11865153949313,156.81645823757793,36.175828385707625,165.6164801210422,162.61837510596118,166.88539335913197,166.85645926737342
4,70,170.00514311949274,156.37846890990292,36.01687887256863,165.75431974373117,162.63944096328714,167.09166748058072,168.21844515255927
4,71,170.03438978237068,157.11955081514972,35.02412605377185,165.4900565792571,163.31717268327847,167.62262159215086,169.21741539563027
4,72,170.4927016815146,154.98785462218834,34.674445093213436,166.0249894154603,164.61324221705976,167.61131820161455,165.93222984819977
4,73,171.4397505789829,154.45480789396314,33.63305213904586,166.18959926342643,165.32261797309593,168.68693906920188,166.23800935292496
4,74,172.126394524626,154.68522292462964,32.57329172770315,165.08245050599507,165.7232371435172,170.2298272280415,166.45899130572937
4,75,171.95650600660446,156.02797754670988,32.29321382770169,164.49689372455688,165.9066482453588,171.051565390459,168.87094429594663
4,76,172.53752923380935,156.1596808782898,32.396066461662485,164.52400545992074,165.7687269091342,173.23120457884067,167.98155880379068
4,77,172.1219015506223,156.45388869637512,32.79216580810357,164.72290110930066,166.04796297036253,172.61105435504228,168.77950290810878
4,78,171.3983776827509,156.29614601765704,32.94657559181842,164.39044874200093,165.87029103012952,172.35459972897252,168.5400430162667
4,79,171.11265770971102,156.38968140101542,32.75918943459557,164.3932619667445,165.8944398462803,172.01507006164184,167.9029391659947
4,80,171.67549438587469,156.8751590032632,32.43277069710926,163.79684105854727,165.63583268553558,173.0519077668101,167.3875821855437
4,81,171.3234005513001,156.8550626754728,32.48223363716612,164.36018587450388,165.88490150400062,172.2988298451718,166.17993198582934
4,82,170.99846119410245,157.8441593895344,33.05609872276503,165.09459990295386,165.79704873653867,172.50923631055508,166.69359252500902
4,83,170.90877042896565,157.4151594463283,33.04359773597294,165.60483636791145,166.0242622393839,171.61514869181195,165.83758572673722
4,84,170.88846487182136,157.71276747967104,33.453554689374926,166.10794919849238,165.99333153262512,171.7885032313694,165.740829799736
4,85,170.60519944556444,158.2486614236776,33.133277417240365,165.28834337234102,165.62876496776735,172.35368013406884,166.2018847261637
4,86,170.16040997037868,158.10204441323194,33.145697795477666,165.00799115521752,165.33965945865617,171.3959743134365,165.4587875189673
4,87,169.45298818428665,156.71648973075904,33.03899416304855,164.40680305606946,164.74815736577034,170.61238617987524,163.97953783674694
4,88,169.69125978724932,155.54004131160397,32.6855567149931,163.2672088907334,164.3952950318715,170.89074091604544,161.2435576897348
4,89,170.05108158715234,152.93295065541326,33.054960693299506,163.2343937774036,164.3915757644423,171.27178928719033,156.46458709890678
4,90,169.0678807567866,153.1239129788901,32.428272211487744,162.7344914537779,163.91356110657705,169.6522449394661,153.83836646194547
4,91,169.1368959285659,153.21431542997823,32.52554786152846,162.5703142098071,163.96088887501787,169.68169711093435,152.92191733617835
4,92,168.44472797958153,154.03714849257102,32.51892840996783,162.8096385887939,164.1765916089785,169.23155171014,153.37533535333654
4,93,168.6331251663593,154.11385093559963,32.63965887030372,163.26371166512055,163.82746433062533,169.51760373208114,153.30605334377802
4,94,168.7037529160916,154.68089318952562,32.516468576180124,163.33098851634605,164.24417739103015,169.94354781643872,154.3302877900113
4,95,168.88996688959955,153.9842206145161,32.654301472402274,163.78637363477645,164.56839180643283,170.49965592059743,153.97989303401263
4,96,168.66867975689743,155.15473773905103,32.86544453352759,164.562088535535,164.9126752517273,170.08104704153394,156.63464809399795
4,97,167.65415809091752,156.15043454262602,32.72837027744359,164.59021000197444,165.2561319031474,168.8378353421697,157.78537727134582
4,98,167.25066158088015,155.9342029775844,32.34621084662675,164.25170936401958,165.52558285056725,169.38339956625933,157.4848015034964
4,99,166.9993156646755,155.9828751731274,32.018493808840454,164.09211953592495,165.7280717791665,169.6329039717329,156.91216971192307
4,100,166.8241393821875,157.22745853139517,31.858160484829337,163.87923877089565,165.76977460475908,170.05710963742743,157.3267199565791
4,101,166.2985906674572,157.81211258168597,31.94364334021823,163.82632208672916,165.42237736042833,169.7762471093536,157.76643189467754
4,102,166.0119731511878,157.36144353947546,31.8664814934303,163.92904165954042,165.2152030897813,170.00277484347535,157.33245045881316
4,103,166.26140591231984,157.16768280250804,31.982367011618877,164.00931803160816,165.0645982330048,170.3082479308501,157.2275827835993
4,104,165.80006658256548,156.29721651258902,31.42906474349695,162.7383113208734,164.62437682774458,169.57066489226867,156.68743936508687
4,105,165.71061647065187,156.48461505420968,30.818223193792292,161.22920038762922,164.8938929396472,169.61760435727535,157.06488147240103
4,106,166.6640239669083,156.771272821083,30.384716284619017,160.66115477974975,165.28743333602466,170.72555995402632,158.18936085077095
4,107,166.90675115192096,156.990203998728,30.165719077084635,160.26871884316515,165.62639183852,171.10239956373547,158.89633466747983
4,108,167.02078821313694,157.30968377501745,30.184199899695983,159.8492652455124,165.5984663131233,171.7446281842886,159.44305148569518
4,109,167.17722816642657,157.61873242264895,29.44136340343796,159.4307785299919,166.00835558806884,172.2706100714295,159.6407927276191
4,110,167.170967623769,158.1048158902667,28.754327572632857,158.82561641119824,166.64136463038636,173.0208823383665,160.78605574739385
4,111,167.84146407564836,157.35145917950658,28.34054929483697,158.6804897533247,166.95335938908175,173.37038387822014,162.15107645973404
4,112,168.18275442177915,156.6498704216499,27.73607779937956,157.9011355268002,166.6596899745725,174.29388545238615,161.4148401160537
4,113,167.93019736031613,157.1330075135409,27.503469911469782,157.4853704475165,165.73095756888182,174.5013531305724,161.73704459800427
4,114,168.74234531620306,157.11995629633492,27.417326417425947,157.4911661009483,165.1664874141423,175.26556499651278,162.2688859619465
4,115,169.44155870525557,156.9357399373012,27.27942691771795,157.25676185658568,165.35712618992014,175.7286830415677,162.76863278592026
4,116,170.18525128016975,157.27989145520633,27.03934214948347,157.0983140671396,165.8719120248261,176.42272889124928,163.44972678712358
4,117,170.39019084196053,158.1108126655315,26.76765848852403,156.7366945914099,165.5222592400237,176.878915476416,164.1818894668544
4,118,170.55903907549128,158.70963138638407,26.485352950976957,156.38087270809646,165.5760767698932,177.85577578766066,164.61906417393052
4,119,170.889232703234,159.02425180646972,26.748960322867088,156.248881481688,165.61530800284933,178.15854438235365,165.00416633984477
4,120,169.69704844636695,160.0592533160256,26.177031424969833,155.71016395251633,165.76419945730487,177.465818254222,165.4646101974833
4,121,169.25661545862246,160.39193110893237,26.22570753299921,155.75585536265336,165.96453670602048,177.80703993794694,165.63892387593975
4,122,167.71320398041965,161.44202325397694,26.35208165003987,155.7245374882448,165.75067830775606,176.84823177097218,165.9624846675132
4,123,166.56075213517093,163.98625203533703,26.689988604969436,156.60345498371572,166.76833610443728,175.93426982537167,167.63059092522144
4,124,165.9909770207302,164.75403855520082,26.49926631055026,156.2387488208427,166.95205811121662,175.5418083178402,167.81349461177072
4,125,165.20863533704073,164.54191834780175,26.390157862836215,157.27582347463562,167.50822902736562,175.18744549051496,167.01466464064643
4,126,163.35747644949848,166.86917101757837,26.34946037327688,157.59515204132111,167.85798993846757,174.32342951467936,168.5194892429241
4,127,161.5063180833534,168.70837184786268,26.454021435420856,157.830255930728,167.69218156673367,173.50888707406992,168.51379834173815
4,128,158.71493492940482,169.12844394985464,26.230320798942543,157.5375616874785,168.13948323494947,171.49722322592916,167.78612871365723
4,129,158.26587247585246,170.22176392639065,26.650964400017283,158.52065858545424,168.29332009195875,170.4308362372377,167.97311968265137
4,130,151.13397131229902,169.56703544125273,26.88604692325208,158.5909076218851,168.80945493567944,165.08241007407565,167.32689356660168
4,131,143.53116753257595,173.2575881742575,25.910002929695622,157.2987602989176,170.18108341158316,158.65363812797045,167.45751930017738
4,132,137.1178066040158,176.21343591060744,26.32789375940556,156.10080165791007,171.4729606136203,152.77598464771668,168.93981443437718
4,133,136.19524310711012,178.99946796389216,25.62550879474128,154.66019604486513,173.70423305761167,149.5537725597354,170.40302566642737
4,134,134.8158600541399,179.23219537678708,27.621100388819197,154.89889832674524,175.8521606135957,150.39728777937412,169.97429353041957
4,135,134.23931142038083,179.95557833513934,30.791256489158982,157.7258919410991,176.24712813768477,148.9316568994215,170.88414656443496
4,136,132.62987673686064,178.68440466511805,32.16145010772821,159.40990768615595,179.75891537679993,146.94536593026655,173.47761179066197
4,137,133.1843135362891,179.1593012025429,34.3471440841865,160.38302023889224,178.70508137479885,146.50063641218213,174.1257363730307
4,138,134.82220843771807,178.1358672783763,37.3865729654095,159.7017934835128,179.63670719119582,148.15744485002807,173.36847301025702
4,139,138.05557759101427,176.6839300332542,37.99692609291338,157.14399751319957,177.75239611195272,152.25885804350088,172.89851914771094
4,140,140.29349868111018,174.691032731975,42.25068557847851,157.55802461227472,178.8734618782733,155.53663699850108,172.08618488723934
4,141,141.9667857414456,172.7701883371871,45.63071605010307,158.88440527074485,177.97759475068676,156.55286842961354,170.74892998838752
4,142,143.86968481101627,171.1518872459122,46.76060663503206,160.0505832141634,179.5926145373939,156.7872430280269,169.53837247430067
4,143,145.39917832408196,170.61381111293906,48.4421891715449,159.455184943899,177.26756529929887,156.634390954873,169.62725138694023
4,144,146.5756655777888,167.86165201177232,52.21506053108138,161.993423460566,176.78926757544045,157.6353445457781,168.76707567493182
4,145,148.27742597798405,167.10847069342103,54.268157994784,164.52358148380424,177.78148573550067,157.35085825228103,168.84863610764157
4,146,150.29878668011926,166.71230863750742,53.859947078779285,166.91206910950925,177.4341532539313,158.9222334424855,169.52133740200966
4,147,152.25423521756218,165.6017803004689,53.20841295976725,169.95908360106498,177.89782931024587,159.74928782127384,169.14743785933652
4,148,153.74350517985633,164.24726070036053,50.67634616903985,173.44865840800696,177.6348147072012,160.7423973264709,168.20860450184156
4,149,154.4893793367375,163.44165097022147,48.101115216630696,176.53787274712778,178.50938773369015,161.5561200762265,168.2084497682918
4,150,155.27524311651325,163.1145588833837,42.9019875651956,176.48073096876715,178.1683664206727,162.09614320576668,168.4138915162143
4,151,156.457008227813,163.03158681229115,40.61116102098005,177.11365323347604,177.3974205982502,163.0808830077205,168.7708406558888
4,152,157.75154665289693,163.25746006048112,36.587667796911646,175.2344051476691,177.6976155133558,163.98915963225494,169.2918190201884
4,153,158.89439270329746,162.74879850448423,33.22126024051088,177.2279109958577,178.51596516555836,164.97460916665472,169.7450772527032
4,154,159.9337816480107,162.52259567555967,30.180430720465974,177.459341959556,179.7777962260158,166.0627234554437,170.69043909333635
4,155,160.8227018685226,161.06671316905673,26.960439969954457,179.7521215801006,179.78164881890123,166.8861237990591,169.99506069485616
4,156,161.4927176504966,160.76854620717978,22.475157220680835,174.78006302652142,179.80883985996053,167.83445642617568,169.47451970877515
4,157,162.3651251195096,160.26810606337395,20.8082810912332,175.28460757024112,179.47691452343494,168.49793492017992,168.09219541952478
4,158,163.17830570903766,159.83499158822443,19.66277852988144,174.58258164846018,179.0219545449266,169.57301906973655,166.45754669911338
4,159,162.85902779483305,159.70381274122184,19.385092180932286,174.2003148849379,178.08001887667697,169.28516191022277,165.6632401827665
4,160,162.6042006963068,160.52881999648696,18.367843277977116,173.14265748454113,177.5466972956079,169.5183174921564,166.29727301767755
4,161,162.1528431084753,160.48115963829375,17.507261913484854,173.37609603164327,177.5361986036175,169.66286367946597,166.23168656710388
4,162,161.69235895973063,161.38280506532595,16.203368526156954,173.73192026891982,178.33347720329687,169.06774906701824,167.5886076573446
4,163,161.3830338228411,162.28930346096362,15.921016487881248,175.08096301582196,178.966239155929,168.63905431914156,169.1205437745716
4,164,160.85328249105532,162.29162280046765,15.436080408188037,174.46126205102394,179.48128010610196,168.33316315411798,169.11774910862937
4,165,160.67982721249206,162.857933793593,14.927424314893528,174.6640402622041,179.4012486146461,168.0120126896133,169.3935216483379
4,166,160.274268152455,163.13195966864313,15.027161900130968,174.66350067280922,179.40888527463125,168.1130402080225,170.08336311651854
4,167,160.00703853057396,163.12632841900924,15.255167620285029,174.42780444214625,179.1251812950665,167.9809736321295,169.98390161186762
4,168,160.23293239746178,162.7461175761385,15.14166085126398,174.78559966330616,179.23231007228935,168.29210691592843,169.20176924099087
4,169,160.84874553061775,162.21206004439702,15.433165756324858,175.25579355716863,179.39686928712757,168.79523111906977,168.83858820595316
4,170,160.91212827515048,162.12029392141991,15.050613682369478,174.62512803543856,179.73436673922131,169.35503980636426,168.89725022985093
4,171,160.9817158901884,161.87146764046022,14.813939887497266,174.29278377160264,179.99912729673403,169.96913407816402,168.76152213589708
4,172,160.77764242384615,161.45352969899164,15.138980541785054,174.59239205350383,179.00998636181134,170.54388053735755,168.8543443984283
4,173,160.5989036165986,161.2047076868741,14.379329358454145,174.62436317728628,179.36130957221786,170.66231431746107,169.0581651998617
4,174,160.58630458689927,161.97479924003747,14.0096228765614,174.79824576649904,178.68137507471556,170.96621261671442,169.92675189466306
4,175,160.62600135250247,162.23845505785334,14.050314504279832,174.4187955868151,178.4324684950779,171.37559043070502,170.54629767996062
4,176,160.72333653277903,161.707663518957,14.02322391480468,174.42009831321084,178.11222418310692,171.5826605297425,169.9253899656522
4,177,160.5347048614225,161.90544870464245,13.75114774362433,174.27825447627754,177.70866141884636,171.81172489242925,169.73691512587007
4,178,160.91429616559378,162.17458963807357,13.399116908255728,173.9159567371035,177.2205034840713,172.5518733940453,169.80544955778865
4,179,160.79864578862657,162.373390262827,13.535515670159512,174.34151266294887,177.73547543139497,172.13538887800965,169.82122691044646
4,180,160.6100699834726,162.55577906316344,13.67450765486354,174.15659661475618,177.6415484849159,172.19895125582403,170.28525438342731
4,181,160.297872093789,162.69109413912437,13.704649721301935,174.20153200223757,177.64446837993023,171.37813884094484,170.3330945136311
4,182,160.29769728538815,162.72273437359306,13.753529908774349,174.16395002924884,178.0828522403453,171.28777499573994,170.58125266827787
4,183,160.09586766987528,162.91294035244266,13.201597459752625,174.11500548790275,177.99417556598473,170.47398338759933,170.2244360251596
4,184,160.14329344925815,163.14055631952138,13.164300402459792,173.73131999103177,178.022533068211,170.20880263540067,170.0506701855289
4,185,160.1180462972983,164.24052863403824,13.11212305291544,173.89551425562624,177.81461976981583,170.1061359141498,170.77180564360182
4,186,160.5495990505053,163.4846502980563,13.368782953624049,173.68865736029758,177.98987624295427,170.25288528134462,170.55242268691174
4,187,160.26620882159563,165.24420530366135,13.276738158277144,173.5203129506632,177.38853990454135,169.89108058446365,171.28319515606935
4,188,160.76572236468758,165.3746604594969,13.25926714771081,173.3057999640811,177.28748864572836,171.02815265406733,171.5774104568086
4,189,161.8715311614238,166.23066116803844,13.400457202438872,173.84413703099978,176.8051380947151,171.624533279757,172.1281160451421
4,190,162.39268525021984,165.98097649109903,12.92131562032891,173.5860969157752,177.96551088734253,172.01858609525672,170.7630878095293
4,191,164.16123804074294,166.23714507040089,12.893773054359867,173.0797832193423,177.4131691396252,173.66369840837342,172.00931880960286
4,192,163.9525645119164,165.3922810621819,12.965397576814375,173.78412663637204,177.42863843237942,172.9879448682105,171.23450765196293
4,193,164.99559921239538,165.81805627760647,13.423422189987154,174.12458703796744,177.6551578270573,174.49029145513407,172.04983026093743
4,194,163.71562178149676,167.0907813129208,13.326169899778112,173.67029174997427,177.775829378386,173.57210454030968,172.91493201040666
4,195,165.3584153099378,166.39492528492084,13.245717705328394,174.0514980829017,178.10519679302587,175.29378127454632,172.48191444265677
4,196,167.83020094897967,166.0393777810315,13.517643859013951,174.80195779947456,178.13517530305387,176.3280877446566,172.3238883081469
4,197,166.772790701178,165.76182550788636,13.507987611849892,174.42940652466837,177.9025794118772,176.12875532852567,172.91344276839808
4,198,168.74754262513292,166.0522745318866,13.635512201156292,174.58612777839298,177.02188621337783,177.83337608614505,173.8191741603459
4,199,168.43496114061742,166.11348827741705,13.626543012061276,174.1604610963182,177.29553504976602,177.22216927865458,173.8988877077022
4,200,168.674709655331,167.01717680177873,13.406987461028738,173.93852810590286,177.21337163846383,177.3828993648187,175.11983824846735
4,201,168.94991847016144,166.56585061955124,13.281804898283758,173.7710366768121,177.33143307125422,177.5800054080616,174.87716795793406
4,202,168.86787653898486,165.727168407197,13.304620033600155,173.923865091326,177.2600564898529,177.1883743642068,174.44953862297356
4,203,169.42485753479542,165.39915912420943,13.41285582425492,173.9057039465248,177.15112813721043,177.68933055121053,174.55405316141128
4,204,168.98203152878853,165.3250339271991,13.388342572325843,173.5949763807714,177.45673960753967,177.9987398535191,174.78350439946934
4,205,169.26771982049192,164.83836340922628,14.07266112298633,174.5421196198802,179.49273858078217,178.9456079627634,174.42063653544275
4,206,169.9076079429457,165.47598870082282,14.141242892662124,174.5576290670453,179.64620707924007,179.31264538580086,175.9917287906343
4,207,170.09828481537878,166.13551385233507,14.042953580330702,173.01371273966075,179.67558855232517,179.86242054041412,176.73068039873536
4,208,170.57638833669168,165.96037958818894,14.459757307774977,173.4897549531088,179.50670269055828,178.01929097701105,176.65974864768708
4,209,169.93184198762128,166.89385286407173,14.353152059191858,173.84189994008753,179.3796781168583,177.18486363148642,177.77328986577638
4,210,169.68240404610404,166.68771807728217,13.403466407414266,174.4090775298985,176.65027965851166,176.39459960440442,178.48093876727322
4,211,169.2857861230855,167.34794116407707,12.600944351479416,173.7444981794929,174.2970838276638,176.79458563804738,177.0813012064951
4,212,168.8715347834177,167.07719526865864,13.179508687491778,175.48581770425227,174.01956712968814,179.68480429024507,175.8889899142806
4,213,167.63695046419093,166.12149521930078,13.333850579655593,176.3954753859426,175.28345479099656,177.85444514771265,174.47013016606334
4,214,167.79655011114895,166.3748164872357,13.045793449384458,175.56644550587902,176.8116993020033,177.40682780581838,174.33787624489446
4,215,168.32788848421586,166.8665354263854,13.228885505060797,174.8126841797163,179.29079944102443,177.59334204996327,173.78922472748795
4,216,168.023168795433,166.93575798637974,13.542482479520308,174.52727043016463,179.0167983570114,177.21238514675755,174.00880039393445
4,217,168.66070658279392,165.56056166218963,14.181995378413244,175.34395801654563,178.73426268216602,176.7969200891393,174.16290453749295
4,218,169.79389202279728,163.61976728223758,14.076868491244028,176.5123714896299,179.5528095684407,177.16375112619338,174.15987580789658
4,219,171.4986156485012,160.60720719364775,14.122655764995596,176.63360392949414,178.05321437318287,178.23111438150036,173.0221171120607
4,220,171.5942260665199,159.53175146788362,13.40322770878061,175.71377520544365,178.03698841153243,176.9305534679227,171.64817525478944
4,221,171.37705335849728,159.062965438152,14.810727996818224,177.51346161919312,179.75773563398786,174.971615084604,171.0510709960166
4,222,169.4678449209543,158.05615714763954,14.400679514411118,178.09289624689063,177.33588662743082,171.62603733068067,168.9968668242294
4,223,165.68232493687083,157.25096826998313,15.365743292459356,177.43274330105655,177.8909591841279,164.84002899190654,167.03010809416625
4,224,163.80888189827724,156.38133844078064,17.886889688231427,178.0915220500432,179.118720505084,160.94570414857162,165.28587783656602
4,225,161.67429047807008,155.254316449763,20.49710314414424,178.4949382589333,178.61774922393525,159.30390241059794,163.10931320059535
4,226,159.69602510098443,151.07348091193157,22.482648595009493,177.8767753622239,175.7945937195607,157.5198614213971,158.5621520203944
4,227,156.01259046852192,149.31893794738016,24.113197869959855,178.6260009625351,174.292499497016,154.97159265770384,156.66365111515066
4,228,155.44758604123192,148.4753968739839,27.48088994309693,175.6803312989112,174.1148376161468,154.60583117989898,154.94028577273966
4,229,156.0466259376303,145.33755016468234,28.747505976907455,175.30635607149338,171.19871366642698,155.99144148662418,149.80925787289635
4,230,152.56612551006498,141.4324072054796,29.570128463961236,175.41607403988354,170.3052193907914,152.95107028328118,145.72308902029496
4,231,143.02497659659397,135.8854616989203,31.4051435694266,174.58146084199925,168.58465437748956,144.61450420278032,138.8761868354
4,232,134.61406156028798,131.9456008463625,31.75675208290955,175.45255314235715,169.16814759182267,135.98080005376292,132.11831285464
4,233,130.90464151382568,118.06753299470866,32.43571354562122,175.50259377606963,170.31102645549208,133.65909096623744,118.10105942381756
4,234,119.26341491254684,110.2286091764986,31.220916843257335,177.90795440969833,169.64021770679284,119.96200131095117,104.8153085866858
4,235,110.05679730011092,98.85533897348547,31.73238632164443,177.70103464499175,170.48033810532124,106.32519314862436,91.79070629767033
4,236,97.54056841828636,90.71883971740438,31.025549451867604,178.65949004853607,171.9169376058205,90.3699298305552,82.20407415097439
4,237,89.23117823587906,80.04055384712463,30.11661573121771,179.81729231998352,172.34153644204713,81.51695732357113,70.41297564826972
4,238,78.42436597672223,74.50156307144081,28.331724495904957,177.8850174073895,172.7226847533724,69.61823638254975,65.10475732822313
4,239,67.15487143623807,67.98387345564123,29.41598247936461,179.69871754281257,172.23057154874792,57.4687921861125,58.49872149667022
4,240,57.24998311149972,62.481303371031224,27.78881911470612,178.8861443842209,173.4917360847018,46.35589504585823,51.49276523544188
4,241,51.03673697262958,57.72867203784005,27.865688352754763,179.89851415041636,176.20411814511965,39.70157218977755,46.16725452454382
4,242,44.29725731955109,51.03239516796659,27.66606996981306,178.8949291022119,177.70023018902077,30.251848580079773,39.81859668031881
4,243,42.099483313673296,49.74543754980742,27.97470675916086,179.03741020086093,177.48986591508594,28.76191731934069,39.343220293433205
4,244,38.506932719886414,47.110636287908186,29.304121597446706,179.04656441725308,177.56536264079153,29.054427947617963,36.9389804921728
4,245,36.740619437868965,45.11489122404857,28.25582968011368,178.16935592795912,177.77871966457215,26.94526719823676,35.864537186950955
4,246,35.472359545801424,43.096850688778105,27.18152830827742,178.63337357072209,178.90212409573573,27.514154668944624,36.591458295824765
4,247,35.3204548772206,42.25686517566994,24.415179595649743,178.07721023827818,178.8877257831724,27.59257749286981,36.3728017165604
4,248,35.953613571217225,42.40256033087458,23.70113301621742,178.65968045527907,179.05251962072057,28.594212875029363,37.86386255174109
4,249,37.58487032379018,42.89792214492509,22.267126137906395,178.38604621150458,177.31034928216465,29.59889274063932,39.55210613187079
4,250,38.95328444119545,44.19892750626641,21.04392444383878,177.48697091135253,176.3584573011048,30.60336094891648,40.71765555862882
4,251,40.567790496166566,47.40811613952948,20.971585835615553,177.4535943869469,177.41657743679067,31.567175057506866,42.29367224267557
4,252,43.53189796360997,50.791658179253176,20.21965215135439,177.2132523687507,176.3112897721498,34.067557080425416,43.8304491024291
4,253,49.06726446339126,55.876588247117255,20.198863012291017,178.48838201488962,175.73131837141813,38.04489907602028,46.78461755615615
4,254,55.2518060060948,60.45377093697905,20.987696768782985,178.10361791509746,178.41039648831728,45.06612099240625,49.99704913584938
4,255,59.45486081876215,65.90748570683023,20.887699120258997,178.2428598429938,177.8573593702125,51.06186126285028,54.92312919691605
4,256,64.88701848587422,68.76501714536745,21.02315489941578,177.8125228210766,178.36041756626187,56.52314741345279,59.09156851134435
4,257,71.47052814499766,76.96875128108273,21.15814930002535,177.81066580784062,178.25727053382877,62.377372635625065,67.92705851849016
4,258,81.49851325710137,83.27455393070353,21.813445496635232,177.51785066362655,178.41018129172497,73.42314780260061,74.577460947882
4,259,84.81721481364607,89.29726795733959,20.29209573308202,177.04223043307775,178.83010378471627,77.23480194639775,80.18412939498407
4,260,94.09234399779923,95.87295041702292,17.145234902605015,173.2395844738524,179.83364486884358,86.8280866424528,86.40909125559372
4,261,102.3877254926436,100.44559311203425,15.117514066726857,172.0175867013731,178.1866207602756,94.06361093303964,91.32754466770234
4,262,114.2693629899063,109.248056673372,16.028882960927895,174.05754082065124,178.66542557540893,107.3943684768936,100.1510769696349
4,263,124.71133430141668,115.9917891591206,16.372182144982776,173.5028453419055,178.83824514424944,117.09771906435718,107.24211447030018
4,264,127.39762342403532,119.66328977429684,14.926761798858704,172.62525117598295,179.16012033135698,123.3948344601442,111.53121732531244
4,265,131.4449882773916,123.55946532914872,14.185716796449103,172.27617419170514,178.532500986152,127.42959403291376,117.88933915903212
4,266,136.6208251231607,128.26609742867618,15.297676619073222,173.53267740272867,179.2761885220011,133.08219055750857,125.2560680468426
4,267,140.83937289357695,133.64774360766123,14.082492143120868,173.62800914945382,178.79024327379452,137.63254106242798,130.9962225074233
4,268,144.1467525285292,140.83374983795667,13.23847435874621,174.0154606810978,177.1581043382569,141.86523170431346,139.826363566903
4,269,149.11725268968908,142.39686687027336,14.113309580977504,173.60315372942742,179.0616782749831,147.70829868310943,143.2860192449864
4,270,152.63813104525778,143.231505120389,14.019122457139098,173.2676642234346,178.77235816769934,153.38571345654066,145.71554805896886
4,271,155.03223799278692,146.49610088661603,15.386951109668184,175.29373706867864,179.79801719092217,156.8670735878691,149.03011520730809
4,272,155.90367110585746,148.98508265499055,14.112933120276798,174.24533388451755,179.02724269564882,158.9864481290885,152.01998166444318
4,273,157.95628071249354,150.6457835452302,13.322633635820711,174.32648700805535,176.5508081259009,160.34157389482095,153.74385789024743
4,274,159.38052334437072,152.46827782786383,13.761422375150987,176.20398111768384,176.35862053131083,160.00016009160774,156.03520333579596
4,275,158.22431611899063,152.40501749091615,12.920550483420298,173.1821263231375,178.54044112330922,157.27972729733307,156.05636511987268
4,276,158.35544516102027,153.62236187648952,13.72019585463416,174.45738918522494,179.57744299774578,157.3002709753282,157.24961686395156
4,277,158.86146688484223,153.99125557443296,13.891601541889967,173.73891778036327,179.60621885691168,158.37252651598064,157.5761237431115
4,278,158.64976738844837,154.70560051089245,13.80445604314522,172.67679164754912,179.93118993099836,161.892027231731,158.23807878186236
4,279,159.52004753821407,155.13398846819643,13.593597785996478,172.34742727790817,179.32751702465788,165.64847785842608,159.2151203081317
4,280,159.15829859940706,155.54601324997532,14.244163851701371,173.55228798934004,179.45867032004526,167.96244179959763,158.84173735787053
4,281,159.53562767052784,158.2225223264322,13.717346871895437,172.55638590969377,179.73167517334917,169.32471693970402,161.1611541778217
4,282,159.02181591899696,159.9701342798408,13.754213366722574,172.91516965815563,179.78406736664633,169.0852874518417,161.9733280678619
4,283,159.72296100092106,159.64077772651478,13.556078380896912,172.06874985826076,179.31749369856857,170.7232449623105,162.2710032361278
4,284,160.31586249206967,159.98079328680362,13.60242832990282,173.59665376872718,179.13750475166952,170.91387301028513,163.39784202943412
4,285,160.8686343350373,159.0558764623712,13.975694365438525,176.12707589650526,177.16636589511486,170.90016265721843,164.43830792675357
4,286,161.21297139709094,158.55443640171453,14.156128949208714,176.377920108251,177.22243617833263,171.0554355087567,163.55174421241972
4,287,161.04566956647136,157.6636505092617,14.645519156793627,174.85379684390674,177.99788995166932,170.8206089061404,162.63698357558872
4,288,161.42821745704393,157.4142103147384,15.076998636070549,174.4503690914972,179.50513971293867,170.34643313074693,162.53927227157487
4,289,160.58278573563797,155.65219664724188,14.326855983712424,172.2043989591759,179.69441420584573,169.11041457963358,161.28131259550184
4,290,163.3170194745053,156.88010053940147,13.625164503214265,173.08966543425572,179.43667521689582,169.9662683370896,160.51814986723443
4,291,163.74152410277384,154.0786543184395,13.43736605049531,173.44559164051887,178.72726668978856,169.29543847490268,157.73584331461947
4,292,164.9036919327336,152.55976184709243,13.803261118811411,175.27147662307522,177.00629952219526,167.73878505003944,155.8804127517236
4,293,166.0411521251134,150.53611567547404,13.487664893661162,174.68457359327573,176.0176420288696,170.57662229621937,153.1234109477137
4,294,166.34521662524068,149.13442425164638,13.675772858102796,176.10557848087572,176.94834500863408,169.19505619836377,155.57467519368
4,295,166.99648117968417,149.49440610462378,15.101784186111578,174.355823220451,179.23124700339324,167.37434814808958,156.38681271166976
4,296,165.44388246864216,148.9572889536812,15.675459259591152,175.76615683844707,178.6855527747672,163.25032977802277,155.03819980284285
4,297,166.17926298617058,147.06878472776197,15.088894751355072,173.21529573675613,178.3451391425616,161.61582328814904,152.0391415313026
4,298,165.85504282062553,144.65603654809465,15.66324404668276,172.933712466642,177.1900776859773,159.64749830655805,148.51086217710247
4,299,163.92629196082515,143.0929161877465,17.018517198658063,174.5871458702009,179.03570036637507,156.92265058542134,144.9418151923348
4,300,161.6149417716433,141.39366227860836,17.695066037665416,174.6909620451267,178.52016433366376,154.19376393433012,140.78674494381923
4,301,162.1052424242039,137.5952280535775,20.55066339040588,174.25069046924526,176.7652112151086,154.1598150887171,137.19041219777725
4,302,158.06635280602154,133.03222213109166,22.33191587338489,175.64130136771084,175.81478692018248,151.28214049404485,133.4207665963548
4,303,154.31930291235432,128.60676658746073,24.53962063158839,175.21954716208785,171.859501055777,148.16724313862463,128.16113350011886
4,304,152.16658741731084,124.2087488850924,25.599882644293952,174.66199655418254,171.7016587913916,144.94032132227804,124.07325025553118
4,305,145.52929639173448,120.3991041441032,26.694154360466957,174.33083004307926,169.72883736452388,136.8009997973633,120.43573460078689
4,306,135.25298078972315,107.58330605676024,26.654003516991533,174.9540076269575,171.189756441224,125.57394283264748,107.34106776147765
4,307,121.61347581558138,103.75167564013051,26.567171328087777,174.03398762077984,171.51431067442056,111.11107327951076,100.8312014388212
4,308,106.76853817168794,95.21837911391096,26.8936185446972,174.0924638490786,172.11356534774862,95.99266347344692,89.99653087656706
4,309,84.71266732878364,89.28907309073519,26.06416666623081,172.17059178123117,172.4628760064253,72.3707576960974,80.82283291564592
4,310,75.74986494255178,84.03631979830058,27.42765127199623,173.29110307523112,173.16702362774433,63.15947981392863,74.24254543350484
4,311,63.27695969360307,77.26404584411684,28.21024043912297,174.19880793040124,171.7591211765059,50.88633820689337,66.01919114493496
4,312,54.802670771055304,73.43092402434989,27.86968875383891,172.077712597746,171.77339587673438,40.99918978659511,62.87767484901098
4,313,54.129224984779256,68.84096824579613,28.118943337517283,171.35496898185195,171.77418684985253,38.23685557591199,57.23298694961775
4,314,53.128722254061906,64.86229978918,25.926135253545233,170.45752011816148,177.832041561425,38.217868437397534,52.35942269153828
4,315,47.99548309677405,61.78403750217921,24.18258987335101,169.40312931374078,179.9405326852119,34.874122299127734,48.60986732074873
4,316,44.230016539460514,57.96094640588539,24.95394974932414,171.95923031806072,179.3543842465364,32.519804575251335,45.69191379002914
4,317,43.34042958102461,53.73467670331642,25.97969810940172,173.55246999427598,179.52822242399307,32.4677425156628,43.82817590376895
4,318,43.221500415826505,51.00115415456988,26.29391638730677,175.0844338908514,179.4064552062413,32.71456317738456,41.45297681925735
4,319,41.11873501757014,49.47514830107947,25.93660538651677,174.25685848325654,179.81957933917272,33.228878173102466,41.64960633939098
4,320,40.109291107969945,48.273051423945915,25.428786101512223,173.75594487975368,178.75168620564196,31.99861139695632,40.421705469045165
4,321,40.84924045960242,49.85303590967909,24.8996387599682,173.54820395966848,179.5389474326623,32.82672318596241,41.72745873311346
4,322,40.19609636477426,50.60055763252249,25.02099571595976,172.79739887371016,179.25698654078352,32.95213385920698,41.91818881637154
4,323,41.12920755818496,51.19816973557244,23.82291582194564,171.3001224197944,179.79814318100722,33.483942416727196,42.47172049666843
4,324,41.61238084147752,51.700047520321725,24.50460585974567,172.718494001389,178.1709923947505,33.32758782391821,44.45839682372816
4,325,44.61812435684723,53.22065247918202,25.42981793741183,173.23743641503788,178.8463034971043,34.39030946406764,47.57281301020895
4,326,48.710291358479274,56.228292211601705,25.778735024942755,174.26965847002518,178.54518914875985,34.825422571306554,50.58022899175991
4,327,50.34940369907385,60.586822973459405,26.85490451575764,175.2033769960684,176.5975934809952,36.97244300469924,53.76931677429175
4,328,54.44839994010507,64.79687475017668,26.597074465957206,172.6816186016278,175.89983902090046,42.95156839766643,58.21787690753175
4,329,56.935526986421,68.41934775822271,26.09875394839162,175.0332412141902,177.81772342198107,46.150487630557954,61.18609303191968
4,330,60.67094655156096,72.79078202148669,26.019374804420025,173.3630627639033,177.01255448982906,50.84479533845611,64.46997120549081
4,331,68.35754863943453,77.90340987298417,25.645862978702908,174.6740296069164,178.18363185561137,58.50832959488865,67.35594738812974
4,332,71.4346334480024,80.57279910928659,24.887201699418338,175.13050547885354,177.31534179999204,62.53591422418165,70.46975523742779
4,333,76.98426145051316,83.21875449372342,23.516734043024307,173.5778304315562,179.622802798401,69.12466781848964,71.76877667750246
4,334,83.51405941274597,89.22481597206927,22.885921686450462,172.63575575679633,179.6113688791052,75.94022026246397,76.97915912320109
4,335,92.37336725849973,93.54941358116936,23.84399894461325,174.070537612537,179.66285272001275,84.46706026902868,80.0227486008403
4,336,99.71382093257763,99.31885463251616,22.014421975056237,173.55735035988346,178.7058539907654,90.16806428502248,84.46783469830515
4,337,105.32053367936444,105.98601665318016,20.59381597509282,173.62249132146704,178.23374339223054,94.71573221306724,93.80719854240051
4,338,112.91357149377154,110.99737900815424,21.47777734292555,174.95685102112665,179.04264889411064,102.88697059535365,99.47951610629022
4,339,125.0399295631804,117.5834476179359,20.79589986789237,176.5584170312307,176.5394623346274,115.70614744049574,109.13173317916733
4,340,131.5344211020436,122.01110885400048,21.89819723305676,177.03933361334563,178.89497889381008,123.1654360257107,114.76828642464912
4,341,137.51888337169453,125.72349294550185,21.327067673393547,176.84102446227752,179.20408137395012,129.22135366567568,120.20798085398032
4,342,142.87686391549465,130.47955842693963,21.48603417433492,176.6068739340004,179.2577703638365,135.4463700050091,127.95358228612534
4,343,147.66510133068627,136.77651380242062,21.22997840242571,175.6470039811045,177.87433079985482,140.63332088231914,137.86502954433354
4,344,151.89371203842543,139.89514441095037,19.560895335095232,175.90160262318648,178.78704230844482,144.85315555792985,141.3875177967314
4,345,155.63856418032103,143.1922117004261,19.35621628736206,174.94168992568248,179.28288680361635,150.20761620033267,142.82258166710375
4,346,157.41107462919584,147.25831699259868,16.234962765339098,175.16965801762626,176.2813991980926,152.8029418656518,147.2007734748265
4,347,158.55470830601158,150.05291225733632,15.836466505590822,174.93398109531108,176.88005605555028,155.81637421511888,149.88338339711066
4,348,160.17013343743542,153.23452429187836,15.285037373923595,175.16641795207352,177.32286765825333,159.74453350093296,150.5256330653315
4,349,161.95756109483332,154.7126032640491,14.583430760275975,,177.38064163824183,163.65017930189262,154.64816147929815
4,350,163.16127890729817,156.76644239978478,14.433067663755256,,,165.9087534751424,159.98427911383985
4,351,165.09248361580725,159.1286601421149,15.34777297755938,,,169.20873682122212,162.97112077237085
4,352,166.06691663893636,161.89155056762414,13.619642042824465,,,171.87477096979222,165.41395382184555
4,353,166.45745402125343,161.8956268470753,14.064623954240314,,,172.79884200110732,166.74109583721574
4,354,165.6890938438468,163.13456984870277,13.451423302193303,,,173.17834405707367,167.8371760972012
4,355,165.48747595944812,161.71101585655484,13.887656982340296,,,173.69043004871278,165.91485294850315
4,356,165.17294914977666,160.92801395759392,13.245607675803464,,,172.95542790722874,166.45953497393091
4,357,164.28647422450408,161.88553501582598,13.393165708750088,,,173.42631178517905,166.70480623218398
4,358,164.0290302135599,162.57466557918283,13.473571548723966,,,173.03883228872098,166.92615219933126
4,359,163.88198875237543,162.25286986819796,13.585888599919617,,,173.0267463715676,167.0827549085816
4,360,164.72636405223636,161.4641295924652,13.574502851026237,,,173.9295931671646,166.241289639541
4,361,163.07213832595215,161.6932067962011,13.431413612399863,,,173.99088419687757,166.7006274097873
4,362,164.7451284177561,163.37585174586474,13.540548808525612,,,174.74897481953963,168.2300673578761
4,363,165.86902023077084,161.64601320487031,13.603305098289775,,,175.4771937284619,167.37234860339126
4,364,166.2318579204443,160.82508194315517,13.81639059588102,,,175.61856212846405,166.43461849922411
4,365,163.5581987242703,159.44033332354388,13.95591375392655,,,169.89494140143202,164.34611096004463
4,366,163.58740379526964,158.35398434468345,13.507771550030617,,,170.09278223506445,162.5842855667059
4,367,164.49737817403664,156.97526026234482,13.665625674963598,,,170.2461386838146,160.76194215361843
4,368,165.34602777538282,155.54900157071842,14.146478154435473,,,169.52021433843584,159.78562446656642
4,369,163.91123798291684,155.01394643845185,14.041360787808316,,174.62241997164372,168.62543920117386,158.85980470043634
4,370,160.69960076873633,153.75547814904036,13.339073008335095,169.54270881859597,176.50490023535582,166.66484126838765,156.69142220040467
4,371,160.44895916025425,150.7906568342875,12.833497780962276,169.794255809535,176.80282582666575,166.11587626204434,152.50324560819476
4,372,159.23929611238916,148.84569677402922,14.383615376704956,169.5518571465487,,164.79853434010812,150.39503125916724
4,373,160.2383475878144,147.88778517521416,14.84515804875529,171.30059264730195,179.64675122044002,165.95492074041192,148.82390111400136
4,374,161.79603536691047,147.12296815431435,15.899994500966676,172.0204001187234,177.90242918541685,167.2168780451048,147.28573247381223
4,375,159.4806772148143,146.01982833259152,16.60687170736129,174.4824595701191,178.5859065185471,164.23250131737495,145.597697464143
4,376,160.00118213012203,144.43574774021408,16.74045546142946,174.16861457910773,178.4226414865785,164.27077933382242,143.75693421246655
4,377,158.62910315749133,142.2527646435333,17.607403912188907,175.53632418496224,177.38361514438628,162.51811310029956,140.961811167953
4,378,155.88922731699603,138.152418897916,18.477664319252227,175.70384833302924,175.6617043882225,160.41139859082892,136.6197366114805
4,379,155.65162009833088,134.31438481997716,19.28637875307859,176.31968248751286,176.099331144592,160.61929841824542,132.51515719649856
4,380,155.14464375101423,131.3467418117664,20.490444062606144,177.96522998808103,175.95153411220727,158.45203773112607,128.1754371788147
4,381,153.11419918545937,128.35945332554078,21.853228533527773,175.81873476274444,172.85811606366786,152.48919103244037,124.63220681839368
4,382,150.80560362906903,124.43598243934257,24.541647711845687,177.6325403508239,170.70479024670735,147.16994840426855,121.93009883062196
4,383,146.788264249921,122.36335948771658,27.517960562853485,178.07020964738197,168.77289938857103,142.3446753526858,119.15002493238494
4,384,143.0479002361346,118.44102237812248,27.288343385608187,175.15857606714445,168.21816411172207,137.15889374750034,113.83366409364923
4,385,135.61802745984326,116.43935711224798,27.527855464477817,175.57697236025277,168.68988758503733,128.87468487192615,110.78938937791972
4,386,127.5520143819909,111.2894083722991,28.26107505087091,175.56737923697233,167.33650969429905,118.58193174310183,105.86769096247782
4,387,118.60438343251448,106.27478495700848,30.49660148434861,174.76616300379615,163.97396971403728,107.42815813269378,100.30765300768796
4,388,112.54391267357688,103.37490267969456,30.33469439691053,175.8667382845457,164.64994529824693,100.64263163331796,95.95532907867454
4,389,110.43385832159476,99.2500509967447,30.774348004804107,176.3371791251643,163.57074934083715,97.77492041811873,89.91339707370528
4,390,106.38763745344345,95.77302417415125,31.23881512215337,177.11486207029904,163.00532302281417,96.12697618220768,84.63713517023395
4,391,96.01339635316997,94.00206005129397,30.769312716886112,174.76731016449074,162.50539640679543,84.92557133321944,81.59163026726269
4,392,90.44672688454894,90.25589068041954,30.066770633411924,173.6370557038702,165.16916040478085,77.69619930350089,78.74673637326438
4,393,83.93562784186076,85.75900483546901,29.56875894330727,173.83462489713347,167.66510485885718,70.60405526453515,75.0714531168817
4,394,75.89039274767282,83.67585866887858,27.044135205752823,169.60613467206076,167.4720860876329,60.65836536981334,74.86180822744771
4,395,75.07361702343849,81.51133564461574,27.390990276955147,170.73996721822246,168.645647677801,59.8036084468912,73.10488134988317
4,396,72.22543432250679,80.40946633470244,27.48996667253988,171.16425085426278,168.45426979808013,56.92082154325367,71.23417886324754
4,397,68.0841664054705,75.8122861956487,28.39316547630442,172.2112461279631,167.15747940761705,50.587378343825414,67.30961768910508
4,398,59.85891230128437,71.55943098027221,28.836512689460378,172.80735643402684,168.61164109055292,42.09492016202103,64.47569728905196
4,399,51.78418711679689,67.43203321526201,29.307731069230833,174.4529915925918,171.27444665810825,35.99464751739483,61.95096316406037
4,400,48.078839852433575,65.22990342764649,30.021040921163397,174.37091477937545,172.81861820899996,33.49170017610624,59.11028752871306
4,401,48.76530856148955,63.22721153166269,29.127619650732463,174.98698984654956,175.31864227544213,30.032441168292905,58.19615409915289
4,402,46.28383142875386,60.348738733723685,28.329522860232274,174.91778832294617,176.25992223766792,26.83413481235276,55.2056787359644
4,403,43.70670330432748,56.756166728917265,27.375986633618812,174.80022257610128,178.21875455580266,24.253401415871856,51.629199361959294
4,404,42.35786166082322,54.91533562943098,27.595711889444903,175.20027540911434,178.94266433902925,22.618022707012617,50.07205779726541
4,405,41.28345070934378,53.69607328739371,28.26271695618809,176.5743977938234,179.21488165782574,19.941261576320127,47.81122430662563
4,406,39.43001394660977,52.32485477972334,27.060811201236756,176.57340787531578,179.26145011461176,19.645406928985977,46.03455735435467
4,407,38.6751647173095,49.83008674819298,26.74464529852787,178.03402860234942,178.95956511705262,21.155961430352775,44.59533436244765
4,408,37.526283703794306,47.951854799782566,26.42497440929572,179.08774706233612,178.10073485548028,23.51775092585268,44.06438469249163
4,409,37.214342919160515,44.91738407380171,25.582268077444738,179.56272288667972,178.2495527192626,24.40007245535265,43.74755737009986
4,410,36.39623636252878,42.9518657519017,25.12309988733173,179.8491818789631,178.79229946560645,25.015756111284063,40.832046910099905
4,411,35.43925232424848,43.04665897775847,24.58307859464622,179.42975166713842,179.27551515538454,20.503210995418176,39.426682892110094
4,412,35.729393253628864,44.176844931178955,23.563060379360977,178.84573631174695,179.77493671281823,28.489148189492713,36.961172303698575
4,413,36.5985775664296,46.379014064790965,22.09784947736002,177.13639420602456,179.34166543234943,33.69011587084427,37.289587288838945
4,414,37.787364586160294,50.35565615298912,21.027994151787613,175.52245614924885,176.0188940114052,30.802311457199757,39.04709866410673
4,415,38.42685132199152,53.6992035791552,18.848230983780812,174.81202926058054,178.9839195945382,30.062834588159298,41.277162623955434
4,416,37.558874301091585,57.05681390350799,17.92814557874662,171.94324769830692,178.91259010814346,28.971885713648987,43.29525558538271
4,417,41.35565134357992,61.98331145372381,15.721798545209108,169.93482376702983,179.98812661150396,30.83266357049297,48.31918534694927
4,418,46.48291297394323,66.33603661957997,15.390850591073514,167.87499494775636,178.92445533674302,35.86912788841068,53.38376935184965
4,419,53.917177491183736,75.32149089987983,13.59797213261095,167.60611669533017,177.84175189405818,43.67510799988562,62.35258148469904
4,420,65.47794937276782,81.1874069470058,14.338308784558247,166.64872184575708,178.17782547555584,54.05545192198591,68.37071416873374
4,421,85.01879851712256,87.9521161939971,15.260930840194504,167.77830426158957,179.13285854687246,74.98687936030865,78.3182450719014
4,422,110.66136877053064,98.03487469322194,14.957086590139632,168.4009555283065,176.64008838522673,98.57628613595264,89.00417522167876
4,423,125.00365804945022,105.65709679323044,14.718042792482471,168.0633688208929,178.45778182068273,114.21059888802152,97.0145002342193
4,424,139.2855531844,115.14819151333572,13.38088652622828,166.8959042105586,177.8200474858093,129.73363183887503,107.18554848513648
4,425,152.4175888339641,123.63039777233516,13.67535766030704,167.20817097128585,177.19023885225198,144.35309456089357,117.83958167319268
4,426,157.94832132204974,134.10940289330205,13.96259729981423,166.2010987305095,179.74795735383304,151.36092591405043,130.28361051464591
4,427,159.23711006217326,144.26759313079813,13.891043376667112,166.90041172389118,179.6408368315405,154.71457287620478,144.0068648019452
4,428,163.48598010121069,147.77756164233594,14.898587826072164,169.6507115388032,178.92485635864344,159.85867125321855,152.38782978762347
4,429,169.92200002253716,152.9612060087401,12.16481591662384,167.91310219388174,178.21285347336155,168.27165476156569,159.10198552295952
4,430,173.47791359308212,156.6283854399893,10.84725825573618,168.53532737600048,176.74164310015843,175.95456176465512,164.99272165773692
4,431,171.22116382426475,159.2728643478717,12.680725578258317,169.36358607331766,177.24859807639496,174.6234614505868,168.55027439575525
4,432,169.04092956430466,159.7573344306717,13.845417111589546,171.32921287893384,179.65378116230815,172.80132740491348,166.40880402402985
4,433,168.50835157536653,160.10440531304113,15.309390414808565,,179.41580588070576,172.6025217098866,167.60860333021628
4,434,167.9357166355094,162.84964948020186,15.681844000013347,,,174.30184137455672,173.07261263550262
4,435,168.82252714884513,164.47345391058997,13.694754872270526,,,178.47940952073716,174.04414530209095
4,436,167.94798954119852,165.2514244311408,11.8908778901949,,,178.31142561171373,174.51062037336237
4,437,166.41609368576155,165.68949511951357,10.94081942988178,,,177.44853653286893,173.97814727838147
4,438,166.66006927145665,163.98240404308194,12.592789687235635,,,176.51769783342007,173.43934376492257
4,439,165.24282537521893,164.11908694708052,12.437499694493573,,,174.5600775532227,173.0983469865948
4,440,165.00220983501256,162.7111301745319,12.178757821440277,,,174.16435643992088,171.57627738470532
4,441,164.68355773077724,161.34750345719542,12.59199586115544,,,173.25144919982304,170.22438233518395
4,442,164.5647604702802,161.35039479857582,13.487282499688586,,,175.096717985084,171.07191336361112
4,443,164.87760491809246,161.23850793237094,14.200903047236665,,,176.53437316073698,171.4931199919163
4,444,165.32179347669762,160.96275986092505,14.600909088081504,,,176.37348144340564,171.09803910193176
4,445,165.33891524043244,161.06665352694532,14.510134236741424,,,175.97722808293378,170.36988596592175
4,446,165.0356865221515,161.55936839547286,14.81136734277886,,,175.1089533216683,170.52213657646948
4,447,164.980579011664,162.26866510340056,14.462120820714938,,,175.0264823257055,170.6564821309898
4,448,164.3091108405267,161.85885890757618,14.125522562957295,,,173.67785626678284,169.80701701951125
4,449,165.06912777852014,161.8274170729319,14.13550224458772,,,172.92933403013558,169.17628011769472
4,450,165.2314449911469,162.12994181625942,13.86435913435069,,,172.8023840473868,169.13492732318105
4,451,166.23181317237254,162.0902774707605,12.872924391073647,,,173.72834794376124,168.26684733011317
4,452,167.83686678064112,162.30578427350522,12.940794173306385,,,175.91951752675885,168.40342754858142
4,453,168.8970182446849,161.30394722996493,12.78911126641711,,,177.0161267180458,167.8570298223648
4,454,170.69788131607018,158.31438685084288,13.013864185430558,,,178.16836328497482,165.5412032124975
4,455,173.28508420506435,157.4007341720939,12.883522339430032,,,179.2697881517513,164.3820582706582
4,456,172.14912293138923,156.5819595662366,13.195090003258557,169.07180802570682,,177.24517330867275,163.41164178273536
4,457,173.4590764086018,152.24217644887017,14.028843575603087,171.59470240957452,176.1919692260238,175.71524777935105,160.72230568323187
4,458,174.50791244895535,148.4085605645674,14.166472157418562,172.18716737718898,176.5597033128098,173.0308795339152,157.5452055994053
4,459,174.22970422929018,145.92316917590563,14.024963946884249,171.03073029863756,176.35788905555063,169.1886864785845,154.5926194438076
4,460,171.88385849834228,141.34919213722642,13.646140865931976,170.91402703790394,177.28772900133757,165.32156357396372,149.9348572452936
4,461,171.66473809366624,139.22060080939983,13.588994297008751,171.07571750400604,176.99928791452925,165.40636727048633,147.1478469312886
4,462,174.09500472433217,137.24495005963743,14.602479479934251,173.1392378609939,178.861945163709,166.4565051599243,144.5403112677077
4,463,175.0899214255919,134.70121510517586,15.803131062746504,174.20274521427123,179.6236995129151,167.73933188191464,143.29184702871302
4,464,173.7143154386363,131.6555714517378,17.219838738134296,175.2753352949178,179.0937437177222,165.10565059071118,140.1908261089739
4,465,174.76616514137748,128.20940760514938,18.250021586311835,175.46922555918178,178.99455979633726,165.47141995212107,135.3139143458406
4,466,170.00427107089183,122.62802708424182,18.975487729271787,175.81580907795976,178.14366882803603,162.50654892956572,127.02061166939188
4,467,174.73870978419305,120.16102937233047,20.615102391246857,174.34089496576408,175.18840805859156,168.4224035073816,122.06776576123262
4,468,166.12219357287825,117.39320713882918,23.231202085666585,175.26392944001415,174.51795258890428,157.60558979336395,118.27656571437971
4,469,161.49716789782556,110.81505940864145,24.109022220959226,175.91822889278816,174.50117041337248,153.43893775201522,110.94589417077702
4,470,149.12257730592373,106.162906026792,26.150680823907994,175.21628753754536,172.22526555646849,137.30371616270986,106.4275860113884
4,471,145.31076642212653,99.68217499712152,28.30083854289276,176.04009883500865,171.52052838325508,133.47550032172137,100.9805410151836
4,472,133.0894025728845,96.0181686523533,29.320004286256935,176.39179728188668,170.6297532653937,116.61661729919592,97.22867104733004
4,473,131.20785658348723,90.24990249332468,30.058997114489692,178.0056922854628,170.79897592641308,115.86688447613568,91.55674679151936
4,474,128.3621855817835,83.87432061448379,30.61281714482385,177.2969961443196,167.40176321338188,110.82844367700416,85.80196535636205
4,475,127.714233298184,80.11902542906451,31.47441429490608,177.9141685620582,166.75022081228175,111.65848298882342,80.79851962082635
4,476,117.94319984527291,78.06923783617044,31.82341759537975,175.43463580648535,164.98815334400007,103.33585232566296,76.08865838516205
4,477,104.63287258003496,74.35961320048675,33.737796465897645,175.6591151381239,162.71542807185637,92.08285739665288,72.85375263717364
4,478,92.11773976280844,71.5497597862556,33.6981937618367,174.2445815290964,160.28222575942473,78.64840949322824,70.50940175677194
4,479,59.089829773435035,69.05164831520025,35.469839298785494,174.52562778013782,157.6871179735546,55.46684471368238,67.51750713009196
4,480,38.974963269966736,68.00242110369938,34.612812729194076,173.14865457850416,157.14666508522458,23.494025282984296,64.83629036843173
4,481,37.70897289442189,65.77431161105508,33.90921997177205,171.49104608750204,156.9907721112544,22.65608622416428,61.99244679021882
4,482,34.598579982438785,63.72609396271799,33.649520328269936,171.57298991245392,156.68724953364676,19.55694738681901,59.01741235804476
4,483,32.90664471987901,61.01910880582029,34.13759113647288,171.35266549372892,158.15519333462944,31.891710980106065,57.40679182035407
4,484,34.98657169822778,59.12443638005285,34.66582133653667,172.2418333024399,159.1970538591422,32.151910431673095,55.40468276413846
4,485,35.88143977262659,57.28931026701191,34.01263101529023,174.20700455205622,160.67537499864122,33.54004096050149,53.47285503499675
4,486,38.32551202292163,55.41456301507693,33.74899984265766,174.2730500052053,161.92479627656283,35.209283424890224,52.18207831122174
4,487,40.13499253183357,54.206523143048805,33.725336301828136,174.04815995154595,163.08344131539008,31.605559671625052,51.284235180911416
4,488,43.435506864334265,54.3835693149324,32.53618905704721,171.6740850226538,165.80325343288547,44.604650678392936,51.75214984356619
4,489,41.799518327324215,53.708983269876114,30.499810187239145,168.60388475126354,168.50804754126824,32.477003978739,51.27838579283808
4,490,41.878344328406016,55.649480726314174,28.092376842732815,168.16545294932246,170.04782161709122,25.08715295647102,51.86949733658026
4,491,41.02741549667912,55.45903011396744,26.53230361752493,170.15507969836293,172.2212652165608,27.77443144570704,49.71219265578114
4,492,41.66223789972312,54.60251023275875,26.165453629138742,169.89083903802427,174.14214395124955,29.509249161173692,50.55519851791321
4,493,41.019274709442975,55.24825828025307,26.018840297046875,170.00815932926702,176.1963930014357,30.09679911702028,51.24367141724403
4,494,42.55460581913075,54.22217653794608,24.914744543511357,172.14400859553714,175.86868225441097,32.55845766782547,49.20878483252198
4,495,42.32750055773898,53.04331833896901,24.996648752857126,174.58984272481658,177.80328574325975,29.692618293125232,48.292571921053614
4,496,41.551104744152696,51.91278973858518,24.821603568957208,175.33478373193543,177.87440404712876,29.93256515651431,49.134180001057736
4,497,40.73437677105367,53.620682605830105,23.46539271276252,174.741409224783,178.38146461025426,29.555956442955196,50.97295396917092
4,498,39.99409581091588,55.09979885291904,22.05983366613143,172.10412638180264,178.85059837533555,34.516919264054366,51.271606317374506
4,499,40.17984870276093,57.01137272259041,20.10285957366266,169.70407382442968,178.95664033543255,30.54499355692581,52.191659089025926
4,500,40.912943827171794,60.436246151253094,18.994531330130336,169.0802671043626,179.22354593664684,27.99961062105161,55.900811386464845
4,501,40.629897986823224,62.88714976064084,18.244593452755915,167.8044881023095,177.49352306979873,26.385584653464058,59.02624678122894
4,502,43.87575077181373,64.36647285083829,18.540490219051357,167.59815665225207,176.57929265651126,34.444421826442635,61.45465479802182
4,503,49.21025151645545,68.76529776780576,17.594248003590256,165.9955969310618,176.85040468693265,36.29191129566377,66.21464502118442
4,504,65.25635291674274,73.97808648731619,17.959221327902835,166.66067278453403,176.42407108337412,49.71831071356189,72.6851449484281
4,505,96.38919549595128,78.55055895340958,17.521711567880804,167.53381937698202,177.3207877589143,81.36616960178306,77.6875108677704
4,506,122.06057745147396,84.80615074331045,16.662306323666087,167.16614939027073,177.50453914215092,108.83346872198032,83.71060027099409
4,507,136.31264656782136,93.16892195434512,15.438970054642068,166.4000798609064,177.94369767022306,121.18913217454828,91.6711638601956
4,508,141.19662740317716,98.08143056207084,13.824050239216708,167.601443724662,179.03176486637804,125.46684571150752,96.8278545341074
4,509,150.06918081898849,107.73425565056864,14.503872099901743,167.69335113593127,178.7541617417494,140.00762803929425,109.22370742816688
4,510,151.158634629579,113.51314468073215,15.026880043321112,168.17708092191634,177.5925958190321,145.89537110147864,115.85721012143595
4,511,153.10086597515684,118.48582179731216,14.921336957601868,167.961641208157,175.51629201544668,148.67792370193575,120.2606471522374
4,512,159.07255529616762,121.52161548012496,15.232002718292442,169.44115984160712,177.65472049285117,152.83388511926938,124.48358962614446
4,513,159.9651177282309,124.91275042166092,13.559478484793004,168.43249721216085,178.67528195864324,152.2613945650096,128.86616166612836
4,514,162.026912269252,130.058234228369,14.71734253384114,170.25656142922952,179.87459590655902,154.0388109378104,135.20020841022372
4,515,165.04476368195228,135.09255007046866,14.005336683493182,169.33198709551522,178.85861818042395,157.1893497323264,139.24794374389114
4,516,164.1990562165956,137.71253798132838,13.38826769038268,170.44717369913496,179.63291217596677,158.2405912577241,143.33247299483185
4,517,163.26653045144977,140.03741575991734,14.107140312746944,171.8403673990105,179.184801327107,158.1986222492086,146.25118646237874
4,518,161.3530985576112,144.5528568582349,12.4623467843746,171.5539664649128,178.97509534619675,157.84523020387766,150.81798291131565
4,519,164.0033262384538,148.02837659946994,4.315203502559183,163.91782471254606,173.72333567306495,161.07243798346886,153.18971057717343
4,520,162.9321078498718,153.4593720804811,12.86578938290155,171.48992679894968,178.258645120638,162.80385881141257,158.28739194827114
4,521,160.68510148743613,156.7683685809142,13.670653594060758,170.24923022553,177.23723513627797,163.4820235485119,161.6123447231332
4,522,161.384442024849,158.8510940368846,14.1742476739419,170.66769325794837,177.6233442357002,166.96347334685086,164.6707021577005
4,523,160.8552387265084,161.1613638801518,14.240944490401615,169.76593878690585,177.63442539402968,166.43575978421904,166.83534798773147
4,524,161.45104738044267,161.0531324899041,14.676675510298567,168.9285819103741,178.51108333755568,168.07896681100328,166.0940360663381
4,525,159.7241459296728,161.27147330412586,15.833064021883713,170.7903173183605,178.24347625902212,167.71166974433262,165.5364224077413
4,526,160.65221816790068,159.40638668110077,15.723928010178048,170.61625802686416,177.68354653989385,169.65043331397436,164.2964151207746
4,527,160.68778171383565,161.7365293799251,15.578865764912848,171.24415474639343,179.29554012649012,170.200115494318,168.31785175267757
4,528,160.61333813896616,161.97518192671504,15.33115574428304,165.09909198281608,175.86181251982666,171.54722457535885,168.236916964547
4,529,162.2121052711637,161.70900096809018,15.606034973491102,167.74762207765102,,172.829330711536,169.59952749078153
4,530,162.66276122475463,161.3499604422195,16.337630259970283,,,172.9876806731038,169.77486214045732
4,531,164.33461532941772,160.41984724428443,16.025705679597205,,,174.85067706905946,169.12993094789243
4,532,165.26994980942075,160.21576473149807,15.44951558401499,,,175.0590929100303,168.3646003018647
4,533,164.42745117740293,161.96565696692244,15.48800973672394,,,173.9803613049238,169.33405604769885
4,534,164.2408091499365,161.38591774920403,16.05263592117453,,,172.73618015781304,169.6456930417724
4,535,164.51369792960588,161.13575266100767,16.538753116332426,,,172.1620519089111,168.57850386342173
4,536,164.1531830074862,162.16235802444638,17.34224777176946,,,172.25148706512954,168.1701982355212
4,537,165.40197299357826,162.56372670183032,18.143188784495432,,,173.8187216783481,168.35784078889253
4,538,166.20556281045012,161.40263250405422,18.40381640133868,,,173.45932904825042,167.88039769499204
4,539,166.71942082837296,160.01272906815788,19.118004295534565,,,173.50243453158885,167.11729095530794
4,540,168.76944020887424,156.6501452700314,19.90123612019242,,,174.16767276325547,164.50367208772656
4,541,168.33468950022765,155.48970728238197,20.931801151342583,,,171.04026164795934,163.14578937229518
4,542,166.9887570616053,152.99133688961905,21.80101380887941,,,166.76270112370764,160.0445453740577
4,543,168.6062604071585,149.98070820361386,22.27867874932782,,,162.5633069151854,155.39556444311677
4,544,164.87831796988698,144.73949914440715,22.735447447642596,,,158.22650272049688,150.48360306234633
4,545,161.63564003139933,143.69652102292036,22.23130867842064,,,154.0282302962465,146.90339879950545
4,546,157.3800886036144,142.3900090264837,22.28231977456961,,,150.20087081606033,146.65351379491665
4,547,157.07406303897324,143.74035241015227,21.69611302608938,,,153.03546107896523,148.57685508058125
4,548,157.07106669971466,145.51018560699973,22.23199982057423,,,155.5655473671675,149.79549476499068
4,549,158.08155862628936,148.0541704570155,21.848216079061395,,,160.01492379510597,149.0385113290289
4,550,159.07773474461106,150.76822599140914,22.196623661857544,,,155.51649119212556,152.0449304723187
4,551,162.49966024150498,152.3430732722666,22.041144411821517,,,159.4289266134411,156.56437640006806
4,552,164.53466251673632,157.42622189371696,23.398083844563576,,,163.1530911361354,155.88819444259818
4,553,162.48921821764114,158.37423374148509,31.52457446125299,,,158.54963183466762,155.02228009343452
4,554,165.17422793184411,161.28674280339297,41.08129028371872,,,153.36995313821026,153.17795899638722
4,555,165.339430879422,163.57861503742672,,,,158.87059573245546,148.6423837600427
4,556,166.27227380397207,163.56936953963117,,,,153.07885242965494,144.55814069212713
4,557,168.21108172246016,165.40867001141388,,,,150.0404640687354,142.87424654415804
4,558,164.37300062190096,159.5968801111546,,,,140.80852429366442,136.51076818924375
4,559,164.9952550238743,157.7210150000601,,,,136.2789156858674,129.1610643758767
4,560,171.96975162604485,150.83780138452892,,,,140.59428437299275,121.94562530818888
4,561,175.06368350961793,140.77476620888493,,,,139.2538574044595,114.9430324971355
4,562,179.81044473413976,116.76612160123558,,,,136.43925724635108,100.59361325849274
4,563,126.9887637773963,92.8741384382082,,,,175.75642712252224,79.55481830481428
4,564,103.25174939904508,63.40990233510413,,,,168.09809164203972,50.51019105007473
4,565,76.6720339015418,47.36042728872509,,,,140.4493438352808,12.645761786346146
4,566,47.29242678868424,35.653218798498735,,,,,173.8480287696848
4,567,44.459542082617574,29.28575819095444,,,,,175.5313346194445
4,568,6.689344851219745,22.7706846753994,,,,,179.0280267362634
4,569,6.6162553747272375,21.034108496546843,,,,,176.05939033165748
4,570,13.192701232446812,18.078108482903986,,,,143.67536113256048,175.06194950334503
4,571,14.389609974386444,14.087911616205906,34.426853206977285,,,161.80239783951424,178.9829225561094
4,572,20.830123057067972,11.79103303249885,37.751391560738355,,,163.53574872827605,178.7942422984615
4,573,23.245442318899094,10.974748185517592,33.42510815597422,,,172.23904935086554,178.68207121932383
4,574,27.44521572664612,12.569178848879467,30.182392071094277,,,173.1422534581143,178.03857012417714
5,0,,,,,,,
5,1,,,,,,,
5,2,,,,,,,
5,3,,,,,,,
5,4,,,,,,,
5,5,,,,,,,
5,6,,,,,,,
5,7,,,,,,,
5,8,,,,,,,
5,9,,,,,,,
5,10,,,,,,,
5,11,,,,,,,
5,12,,,,,,,
5,13,,,,,,,
5,14,,,,,,,
5,15,,,,,,,
5,16,,,,,,,
5,17,,,,,,,
5,18,,,,,,,
5,19,,,,,,,
5,20,,,,,,,
5,21,,,,,,,
5,22,,,,,,,
5,23,,,,,,,
5,24,,,,,,,
5,25,,,,,,,
5,26,,,,,,,
5,27,,,,,,,
5,28,,,,,,,
5,29,,,,,,,
5,30,,,,,,,
5,31,,,,,,,
5,32,,,,,,,
5,33,,,,,,,
5,34,,,,,,,
5,35,,,,,,,
5,36,,,,,,,
5,37,,,,,,,
5,38,,,,,,,
5,39,,,,,,,
5,40,,,,,,,
5,41,,,,,,,
5,42,,,,,,,
5,43,,,,,,,
5,44,,,,,,,
5,45,,,,,,,
5,46,,,,,,,
5,47,,,,,,,
5,48,,,,,,,
5,49,,,,,,,
5,50,,,,,,,
5,51,,,,,,,
5,52,,,,,,,
5,53,,,,,,,
5,54,,,,,,,
5,55,,,,,,,
5,56,,,,,,,
5,57,,,,,,,
5,58,,,,,,,
5,59,,,,,,,
5,60,,,,,,,
5,61,,,,,,,
5,62,,,,,,,
5,63,,,,,,,
5,64,,,,,,,
5,65,,,,,,,
5,66,,,,,,,
5,67,,,,,,,
5,68,,,,,,,
5,69,,,,,,,
5,70,,,,,,,
5,71,,,,,,,
5,72,,,,,,,
5,73,,,,,,,
5,74,,,,,,,
5,75,,,,,,,
5,76,,,,,,,
5,77,,,,,,,
5,78,,,,,,,
5,79,,,,,,,
5,80,,,,,,,
5,81,,,,,,,
5,82,,,,,,,
5,83,,,,,,,
5,84,,,,,,,
5,85,,,,,,,
5,86,,,,,,,
5,87,,,,,,,
5,88,,,,,,,
5,89,,,,,,,
5,90,,,,,,,
5,91,,,,,,,
5,92,,,,,,,
5,93,,,,,,,
5,94,,,,,,,
5,95,,,,,,,
5,96,,,,,,,
5,97,,,,,,,
5,98,,,,,,,
5,99,,,,,,,
5,100,,,,,,,
5,101,,,,,,,
5,102,,,,,,,
5,103,,,,,,,
5,104,,,,,,,
5,105,,,,,,,
5,106,,,,,,,
5,107,,,,,,,
5,108,,,,,,,
5,109,,,,,,,
5,110,,,,,,,
5,111,,,,,,,
5,112,,,,,,,
5,113,,,,,,,
5,114,,,,,,,
5,115,,,,,,,
5,116,,,,,,,
5,117,,,,,,,
5,118,,,,,,,
5,119,,,,,,,
5,120,,,,,,,
5,121,,,,,,,
5,122,,,,,,,
5,123,,,,,,,
5,124,,,,,,,
5,125,,,,,,,
5,126,,,,,,,
5,127,,,,,,,
5,128,,,,,,,
5,129,,,,,,,
5,130,,,,,,,
5,131,,,,,,,
5,132,,,,,,,
5,133,,,,,,,
5,134,,,,,,,
5,135,,,,,,,
5,136,,,,,,,
5,137,,,,,,,
5,138,,,,,,,
5,139,,,,,,,
5,140,,,,,,,
5,141,,,,,,,
5,142,,,,,,,
5,143,,,,,,,
5,144,,,,,,,
6,0,,,,,,,
6,1,,,,,,,
6,2,,,,,,,
6,3,,,,,,,
6,4,,,,,,,
6,5,,,,,,,
6,6,,,,,,,
6,7,,,,,,,
6,8,,,,,,,
6,9,,,,,,,
6,10,,,,,,,
6,11,,,,,,,
6,12,,,,,,,
6,13,,,,,,,
6,14,,,,,,,
6,15,,,,,,,
6,16,,,,,,,
6,17,,,,,,,
6,18,,,,,,,
6,19,,,,,,,
6,20,,,,,,,
6,21,,,,,,,
6,22,,,,,,,
6,23,,,,,,,
6,24,,,,,,,
6,25,,,,,,,
6,26,,,,,,,
6,27,,,,,,,
6,28,,,,,,,
6,29,,,,,,,
6,30,,,,,,,
6,31,,,,,,,
6,32,,,,,,,
6,33,,,,,,,
6,34,,,,,,,
6,35,,,,,,,
6,36,,,,,,,
6,37,,,,,,,
6,38,,,,,,,
6,39,,,,,,,
6,40,,,,,,,
6,41,,,,,,,
6,42,,,,,,,
6,43,,,,,,,
6,44,,,,,,,
6,45,,,,,,,
6,46,,,,,,,
6,47,,,,,,,
6,48,,,,,,,
6,49,,,,,,,
6,50,,,,,,,
6,51,,,,,,,
6,52,,,,,,,
6,53,,,,,,,
6,54,,,,,,,
6,55,,,,,,,
6,56,,,,,,,
6,57,,,,,,,
6,58,,,,,,,
6,59,,,,,,,
6,60,,,,,,,
6,61,,,,,,,
6,62,,,,,,,
6,63,,,,,,,
6,64,,,,,,,
6,65,,,,,,,
6,66,,,,,,,
6,67,,,,,,,
6,68,,,,,,,
6,69,,,,,,,
6,70,,,,,,,
6,71,,,,,,,
6,72,,,,,,,
6,73,,,,,,,
6,74,,,,,,,
6,75,,,,,,,
6,76,,,,,,,
6,77,,,,,,,
6,78,,,,,,,
6,79,,,,,,,
6,80,,,,,,,
6,81,,,,,,,
6,82,,,,,,,
6,83,,,,,,,
6,84,,,,,,,
6,85,,,,,,,
6,86,,,,,,,
6,87,,,,,,,
6,88,,,,,,,
6,89,,,,,,,
6,90,,,,,,,
6,91,,,,,,,
6,92,,,,,,,
6,93,,,,,,,
6,94,,,,,,,
6,95,,,,,,,
6,96,,,,,,,
6,97,,,,,,,
6,98,,,,,,,
6,99,,,,,,,
6,100,,,,,,,
6,101,,,,,,,
6,102,,,,,,,
6,103,,,,,,,
6,104,,,,,,,
6,105,,,,,,,
6,106,,,,,,,
6,107,,,,,,,
6,108,,,,,,,
6,109,,,,,,,
6,110,,,,,,,
6,111,,,,,,,
6,112,,,,,,,
6,113,,,,,,,
6,114,,,,,,,
6,115,,,,,,,
6,116,,,,,,,
6,117,,,,,,,
6,118,,,,,,,
6,119,,,,,,,
6,120,,,,,,,
6,121,,,,,,,
6,122,,,,,,,
6,123,,,,,,,
6,124,,,,,,,
6,125,,,,,,,
6,126,,,,,,,
6,127,,,,,,,
6,128,,,,,,,
6,129,,,,,,,
6,130,,,,,,,
6,131,,,,,,,
6,132,,,,,,,
6,133,,,,,,,
6,134,,,,,,,
6,135,,,,,,,
6,136,,,,,,,
6,137,,,,,,,
6,138,,,,,,,
6,139,,,,,,,
6,140,,,,,,,
6,141,,,,,,,
6,142,,,,,,,
6,143,,,,,,,
6,144,,,,,,,
6,145,,,,,,,
6,146,,,,,,,
6,147,,,,,,,
6,148,,,,,,,
6,149,,,,,,,
6,150,,,,,,,
6,151,,,,,,,
6,152,,,,,,,
6,153,,,,,,,
6,154,,,,,,,
6,155,,,,,,,
6,156,,,,,,,
6,157,,,,,,,
6,158,,,,,,,
6,159,,,,,,,
6,160,,,,,,,
6,161,,,,,,,
6,162,,,,,,,
6,163,,,,,,,
6,164,,,,,,,
6,165,,,,,,,
6,166,,,,,,,
6,167,,,,,,,
6,168,,,,,,,
6,169,,,,,,,
6,170,,,,,,,
6,171,,,,,,,
6,172,,,,,,,
6,173,,,,,,,
6,174,,,,,,,
6,175,,,,,,,
6,176,,,,,,,
6,177,,,,,,,
6,178,,,,,,,
6,179,,,,,,,
6,180,,,,,,,
6,181,,,,,,,
6,182,,,,,,,
6,183,,,,,,,
6,184,,,,,,,
6,185,,,,,,,
6,186,,,,,,,
6,187,,,,,,,
6,188,,,,,,,
6,189,,,,,,,
6,190,,,,,,,
6,191,,,,,,,
6,192,,,,,,,
6,193,,,,,,,
6,194,,,,,,,
6,195,,,,,,,
6,196,,,,,,,
6,197,,,,,,,
6,198,,,,,,,
6,199,,,,,,,
6,200,,,,,,,
6,201,,,,,,,
6,202,,,,,,,
6,203,,,,,,,
6,204,,,,,,,
6,205,,,,,,,
6,206,,,,,,,
6,207,,,,,,,
6,208,,,,,,,
6,209,,,,,,,
6,210,,,,,,,
6,211,,,,,,,
6,212,,,,,,,
6,213,,,,,,,
6,214,,,,,,,
6,215,,,,,,,
6,216,,,,,,,
6,217,,,,,,,
6,218,,,,,,,
6,219,,,,,,,
6,220,,,,,,,
6,221,,,,,,,
6,222,,,,,,,
6,223,,,,,,,
6,224,,,,,,,
6,225,,,,,,,
6,226,,,,,,,
6,227,,,,,,,
6,228,,,,,,,
6,229,,,,,,,
6,230,,,,,,,
6,231,,,,,,,
6,232,,,,,,,
6,233,,,,,,,
6,234,,,,,,,
6,235,,,,,,,
6,236,,,,,,,
6,237,,,,,,,
6,238,,,,,,,
6,239,,,,,,,
6,240,,,,,,,
6,241,,,,,,,
6,242,,,,,,,
6,243,,,,,,,
6,244,,,,,,,
6,245,,,,,,,
6,246,,,,,,,
6,247,,,,,,,
6,248,,,,,,,
6,249,,,,,,,
6,250,,,,,,,
6,251,,,,,,,
6,252,,,,,,,
6,253,,,,,,,
6,254,,,,,,,
6,255,,,,,,,
6,256,,,,,,,
6,257,,,,,,,
6,258,,,,,,,
6,259,,,,,,,
6,260,,,,,,,
6,261,,,,,,,
6,262,,,,,,,
6,263,,,,,,,
6,264,,,,,,,
6,265,,,,,,,
6,266,,,,,,,
6,267,,,,,,,
6,268,,,,,,,
6,269,,,,,,,
6,270,,,,,,,
6,271,,,,,,,
6,272,,,,,,,
6,273,,,,,,,
6,274,,,,,,,
6,275,,,,,,,
6,276,,,,,,,
6,277,,,,,,,
6,278,,,,,,,
6,279,,,,,,,
6,280,,,,,,,
6,281,,,,,,,
6,282,,,,,,,
6,283,,,,,,,
6,284,,,,,,,
6,285,,,,,,,
6,286,,,,,,,
6,287,,,,,,,
6,288,,,,,,,
6,289,,,,,,,
6,290,,,,,,,
6,291,,,,,,,
6,292,,,,,,,
6,293,,,,,,,
6,294,,,,,,,
6,295,,,,,,,
6,296,,,,,,,
6,297,,,,,,,
6,298,,,,,,,
6,299,,,,,,,
6,300,,,,,,,
6,301,,,,,,,
6,302,,,,,,,
6,303,,,,,,,
6,304,,,,,,,
6,305,,,,,,,
6,306,,,,,,,
6,307,,,,,,,
7,0,53.93432555156092,54.62731590414994,,,,27.42044280194185,25.48920726546632
7,1,56.95644454371,56.727026885686506,,,,29.156411491372488,24.355377984653245
7,2,60.31609095705441,59.24595360513458,,,,30.099965341399297,26.712873981862327
7,3,63.870646542222865,61.157607696673736,,,,33.409035105017075,27.68191742431244
7,4,68.22790796635975,67.02770417750538,,,,36.64632876578929,32.4869466998274
7,5,71.58503195729902,72.00498051919324,,,,40.4064317284077,36.838885117629495
7,6,77.06203513796818,79.12972907143465,,,,45.41976396879808,43.19977251001764
7,7,83.03459464971193,83.3562157355015,,,,51.74049818969754,48.66365632521389
7,8,90.54926470617232,92.02423522845336,,,,58.557236338460555,56.87901860701457
7,9,96.82911844182932,101.0853471221361,,,,66.38688275913992,67.20656138329787
7,10,101.08555700193126,110.00395675321636,,,,71.45433340899832,76.54782466864452
7,11,110.67183269144718,115.71843503845984,,,,80.53605742151844,82.9756630682816
7,12,117.58595078621346,122.2711637846302,,,,88.53662932578554,89.3724086666761
7,13,121.62414167139528,128.40129207254753,,,,93.5754319122928,96.50927644892342
7,14,,,,,,,
7,15,,,,,,,
7,16,,,,,,,
7,17,,,,,,,
7,18,,,,,,,
7,19,,,,,,,
7,20,,,,,,,
7,21,,,,,,,
7,22,,,,,,,
7,23,,,,,,,
7,24,,,,,,,
7,25,,,,,,,
7,26,,,,,,,
7,27,,,,,,,
7,28,,,,,,,
7,29,,,,,,,
7,30,,,,,,,
7,31,,,,,,,
7,32,,,,,,,
7,33,,,,,,,
7,34,,,,,,,
7,35,,,,,,,
7,36,,,,,,,
7,37,,,,,,,
7,38,,,,,,,
7,39,,,,,,,
7,40,,,,,,,
7,41,,,,,,,
7,42,,,,,,,
7,43,,,,,,,
7,44,,,,,,,
7,45,,,,,,,
7,46,,,,,,,
7,47,,,,,,,
7,48,,,,,,,
7,49,,,,,,,
7,50,,,,,,,
7,51,,,,,,,
7,52,,,,,,,
7,53,,,,,,,
7,54,,,,,,,
7,55,,,,,,,
7,56,,,,,,,
7,57,,,,,,,
7,58,,,,,,,
7,59,,,,,,,
7,60,,,,,,,
7,61,112.50453748245997,124.5660602328784,,,,87.17819439188654,92.77560903023613
7,62,105.10942081792096,113.28882824835866,,,,77.77726658358615,81.00703631966644
7,63,93.77716239866774,104.00784593191212,,,,66.96632514474065,69.5277278234021
7,64,87.02420786192259,94.42199593148084,,,,57.518151243103944,58.87760877937066
7,65,77.33398471348005,83.84580098116508,,,,47.780741176690505,47.549726672838865
7,66,71.90811373787561,75.26876761938742,,,,42.24187571053847,39.11214017534
7,67,67.4266145364221,69.11205681255419,,,,37.516655124842565,33.5018840602158
7,68,63.21116617118435,63.88172977880408,,,,32.545013286387295,28.252013912214963
7,69,60.69792422082573,61.33855642103484,,,,30.534325628729555,25.53459545684088
7,70,57.3750743875773,59.16260652423903,,,,27.1835754481272,24.51156458941123
7,71,54.40162876950019,54.135809972012765,,,,25.44823696566427,22.95987368604619
7,72,50.96813388624894,51.83564042147575,,,,23.30916988752132,20.895118933835167
7,73,49.55179573623524,49.89753409848074,,,,23.852812253558135,20.101266689831725
7,74,49.68399215992863,49.82679217328656,,,,24.23912062233145,20.133444892178737
7,75,49.979573175935386,49.77641742048445,,,,23.88408379089126,20.51262523300574
7,76,50.88498624337471,51.17714563991635,,,,24.390703986201014,22.015673151019843
7,77,54.44690277879828,53.21702616335902,,,,27.324865675927736,22.77123744391131
7,78,57.20285069300094,56.57360364817938,,,,28.520371839298186,23.397953500748105
7,79,60.13219297722001,59.87077781921572,,,,29.890504877598087,25.08867616984851
7,80,62.980740092997216,61.81504806741035,,,,32.41966802539826,26.36035435304741
7,81,65.76441215594502,67.67671023684568,,,,34.34460541534935,31.58926284948844
7,82,71.03636577306771,70.70570077469021,,,,39.52668622236867,34.01963132308832
7,83,74.45606725031557,76.58147257180767,,,,42.94807223874287,39.3923379162682
7,84,80.38637948503785,82.11669096241721,,,,48.408520943297496,44.9951660444538
7,85,87.51147830107385,87.56944409927141,,,,54.29973124073831,51.10941349128266
7,86,92.37788141969077,95.11458202886224,,,,58.94927901300388,58.8742949050208
7,87,98.03408757616565,104.0405000611605,,,,66.53339133951116,67.13951636326505
7,88,106.1603435050142,113.84440491276244,,,,73.2832880760156,77.29476881859935
7,89,113.91174389775205,116.12867635430904,,,,81.24071769363184,81.093207007512
7,90,117.7925197141066,123.00065472191991,,,,85.94098242636616,89.40720474622631
7,91,,,,,,,
7,92,,,,,,,
7,93,,,,,,,
7,94,,,,,,,
7,95,,,,,,,
7,96,,,,,,,
7,97,,,,,,,
7,98,,,,,,,
7,99,,,,,,,
7,100,,,,,,,
7,101,,,,,,,
7,102,,,,,,,
7,103,,,,,,,
7,104,,,,,,,
7,105,,,,,,,
7,106,,,,,,,
7,107,,,,,,,
7,108,,,,,,,
7,109,,,,,,,
7,110,,,,,,,
7,111,,,,,,,
7,112,,,,,,,
7,113,,,,,,,
7,114,,,,,,,
7,115,,,,,,,
7,116,,,,,,,
7,117,,,,,,,
7,118,,,,,,,
7,119,,,,,,,
7,120,,,,,,,
7,121,,,,,,,
7,122,,,,,,,
7,123,,,,,,,
7,124,,,,,,,
7,125,,,,,,,
7,126,,,,,,,
7,127,,,,,,,
7,128,,,,,,,
7,129,,,,,,,
7,130,,,,,,,
7,131,,,,,,,
7,132,,,,,,,
7,133,,,,,,,
7,134,,,,,,,
7,135,,,,,,,
7,136,,,,,,,
7,137,114.5758123999712,119.15086168248608,,,,86.6474815250116,89.34201722465879
7,138,104.93823046658926,109.2742268725932,,,,76.3406319462803,78.51736238879096
7,139,94.18163717718376,98.82931354662897,,,,64.24424262431651,67.0144332476755
7,140,85.70930274486328,90.86464435491244,,,,54.654520739660434,57.940596595383525
7,141,78.33694177899893,80.42786611515277,,,,46.74902950599873,45.47738762990362
7,142,74.31637621228455,73.16261676300822,,,,41.479956443030375,39.63359159588012
7,143,69.49736957784621,67.19098513824257,,,,36.07944569365387,32.68322560672284
7,144,65.58967107138363,62.98542130566211,,,,31.85690382031908,28.64279164865209
7,145,62.12650491458483,60.0489383607752,,,,28.500878383128462,26.029094082218464
7,146,58.356181309143054,57.45295721494067,,,,25.74208097985928,24.051290851740543
7,147,54.77280024824528,54.81846686087303,,,,24.227022302109855,23.52275999039232
7,148,52.34970241751357,49.9163912225676,,,,22.860923159005416,20.217798276950777
7,149,51.92324650088497,48.83703607215899,,,,23.423473321108187,19.687404733181275
7,150,51.52629163745685,48.63025814602894,,,,23.590791724039548,19.593359331974888
7,151,52.28915672032464,48.695838446032774,,,,23.458202732507605,20.10752730930451
7,152,51.93647839624551,50.192812564987136,,,,23.558410430969484,21.22547871863099
7,153,53.8537937945431,52.38271410185225,,,,26.4848194683779,22.82642103052347
7,154,56.79039632492984,55.41653333444656,,,,26.87225636774221,22.727410051672077
7,155,60.28344455984715,58.291294163478554,,,,28.225084875032803,25.819757180906112
7,156,62.7323010721853,60.7691611875954,,,,30.584445648155302,27.43119403363047
7,157,64.87680833976934,62.987031264597384,,,,32.31814187934229,28.587497011968743
7,158,69.63085688385755,68.4653396681229,,,,36.49799500607664,31.84942834825635
7,159,72.76059187888046,72.6489496291184,,,,39.292129960046566,35.60210174549054
7,160,78.82900509121939,78.7942881719962,,,,45.48273145802946,40.901094408831135
7,161,84.57371982971945,83.47175813574341,,,,50.52501261841834,45.898905142364605
7,162,90.53584866667023,90.1123152696904,,,,56.621109805122195,53.42633511414699
7,163,96.51488705471589,97.97567812012552,,,,62.98656924799364,61.51995217543983
7,164,105.12619411214558,105.5387474683703,,,,71.54166315866888,68.91808020427389
7,165,109.8973375909199,113.67935643477938,,,,77.17338878887452,77.21679439306405
7,166,118.40035060851775,120.00361821904588,,,,84.31472080418789,85.20804092581957
7,167,122.20809356265156,124.82005226505288,,,,89.39968847410124,91.5212703957686
7,168,,,,,,,
7,169,,,,,,,
7,170,,,,,,,
7,171,,,,,,,
7,172,,,,,,,
7,173,,,,,,,
7,174,,,,,,,
7,175,,,,,,,
7,176,,,,,,,
7,177,,,,,,,
7,178,,,,,,,
7,179,,,,,,,
7,180,,,,,,,
7,181,,,,,,,
7,182,,,,,,,
7,183,,,,,,,
7,184,,,,,,,
7,185,,,,,,,
7,186,,,,,,,
7,187,,,,,,,
7,188,,,,,,,
7,189,,,,,,,
7,190,,,,,,,
7,191,,,,,,,
7,192,,,,,,,
7,193,,,,,,,
7,194,,,,,,,
7,195,,,,,,,
7,196,,,,,,,
7,197,,,,,,,
7,198,,,,,,,
7,199,,,,,,,
7,200,,,,,,,
7,201,,,,,,,
7,202,,,,,,,
7,203,,,,,,,
7,204,,,,,,,
7,205,,,,,,,
7,206,,,,,,,
7,207,,,,,,,
7,208,,,,,,,
7,209,,,,,,,
7,210,,,,,,,
7,211,,,,,,,
7,212,124.26665259702756,128.3246493713026,,,,96.97858594968426,102.51120430013906
7,213,111.07489133102986,116.93517395268198,,,,84.91763384781247,88.57057742168362
7,214,98.21116570068156,106.18800766725847,,,,70.5894784763084,76.48784170126507
7,215,91.1236076226118,97.17301286472846,,,,62.15564098321462,64.27009487123418
7,216,83.32332919632093,85.27905982480097,,,,53.04098279366367,52.3065172609559
7,217,76.32512084107745,79.56579362335549,,,,46.59060590044584,44.21120070357765
7,218,70.96655404928056,69.55997217368403,,,,40.70943036954143,36.35274494994314
7,219,66.62683170173744,65.31832869279295,,,,35.57515650904882,31.22005118378773
7,220,63.55776902650666,62.07793536029561,,,,33.15802186874624,28.48984769291893
7,221,60.116647685001254,60.94532804884925,,,,29.910695443142284,25.99535229812878
7,222,56.8987635805345,55.7027950318866,,,,26.961819372399013,22.94575121539629
7,223,53.086360005036795,52.085725782569966,,,,24.71131125259963,21.916578869189863
7,224,51.34806342689348,49.520062727121434,,,,23.964212341368512,19.189778890839538
7,225,49.86337977213137,48.54993322551736,,,,23.199360897201345,19.440977265069755
7,226,50.14152043248881,48.132540433897525,,,,23.46757381145013,18.52441546158163
7,227,50.48470009989224,49.28065605645069,,,,23.83479170317972,20.16891203074724
7,228,53.426038651825,51.733554936148984,,,,25.40680530381335,22.793213317573773
7,229,56.19212097206736,53.80704952731469,,,,27.462100084102698,23.811042536296856
7,230,58.191812040774415,57.52556421993463,,,,28.435658104623492,25.928818963533217
7,231,61.17710383034557,60.18695991543145,,,,29.840363169536023,27.406647595053425
7,232,64.08094940092509,63.2183046045417,,,,32.78075209813175,30.027098120170965
7,233,69.03840264352242,68.37713086515775,,,,36.953294388090455,33.45413900494672
7,234,71.51604326852805,73.74846290347789,,,,39.288372621139025,36.38560817595336
7,235,78.36502761731616,80.46203001638871,,,,44.91375352143262,42.05911406939835
7,236,83.81452411690655,83.6953851993225,,,,50.62590281622075,46.99707878141028
7,237,90.7604064479361,91.3975363979493,,,,57.35109222175824,55.986402290643625
7,238,97.12395526133793,100.24534119980964,,,,64.85389597267401,64.18566178379909
7,239,102.68468151185,109.02601019091766,,,,71.20016337537291,72.71771520111749
7,240,111.54607936955948,115.76975395452584,,,,79.75055402768221,80.77921430192755
7,241,117.95234840431388,123.68703352531293,,,,87.58948725334052,88.87107197745495
7,242,,,,,,,
7,243,,,,,,,
7,244,,,,,,,
7,245,,,,,,,
7,246,,,,,,,
7,247,,,,,,,
7,248,,,,,,,
7,249,,,,,,,
7,250,,,,,,,
7,251,,,,,,,
7,252,,,,,,,
7,253,,,,,,,
7,254,,,,,,,
7,255,,,,,,,
7,256,,,,,,,
7,257,,,,,,,
7,258,,,,,,,
7,259,,,,,,,
7,260,,,,,,,
7,261,,,,,,,
7,262,,,,,,,
7,263,,,,,,,
7,264,,,,,,,
7,265,,,,,,,
7,266,,,,,,,
7,267,,,,,,,
7,268,,,,,,,
7,269,,,,,,,
8,0,,153.88277223121412,1.08476113291545,178.29915089599973,179.29711528565474,,172.2913789025797
8,1,,153.2420092554022,0.1556286055851582,176.6630078329506,179.37107270457886,,172.05944710460557
8,2,161.79311457346057,149.7690644578631,0.7116465857866761,175.66804469550968,178.4612943641384,,168.5506138622418
8,3,160.90325703343626,146.42668769089093,0.8281662876875159,174.1320461337587,175.40303427499651,,164.94444917564422
8,4,155.99228088205078,142.80031198575674,1.5414750492071796,175.74287249453104,175.71760141193593,,162.16434761894752
8,5,149.27667670444447,138.54101670327847,0.681322067807085,174.07392627682276,175.2556858622702,,153.3874317513197
8,6,149.4390157895371,132.54872043397538,2.5557717151894157,177.49571085109775,173.7832085933293,,148.43523301959831
8,7,,126.0981671562508,2.944371707345862,174.330269188789,172.52899200235066,,141.89978879174222
8,8,135.73630389188125,119.64446682116856,2.6275096989311812,176.2587842902963,174.86864707450334,,139.83215339642305
8,9,,113.36889902109986,2.6488677457687553,176.79195475927148,173.9295883281271,,135.686707613538
8,10,,106.82501947159795,0.645281937516544,175.19267111790032,174.58755661451607,,129.03873619124266
8,11,,96.34678818726712,3.946860395841071,179.2044325933215,173.17027284903742,,121.04739799193108
8,12,104.16304350988332,90.45144757036418,4.8284737256825885,179.11926619669103,172.59394636065767,129.98428887504448,116.07554971615554
8,13,95.57394252613584,80.32791680533003,1.5965674001161942,175.9346710336719,175.74042424791227,124.95616415431262,108.54351167237388
8,14,85.20318909810757,70.77766532178502,1.895132782753855,173.81173867570166,175.94873642432066,118.14419059047836,100.88530863957772
8,15,75.23270757580383,59.57678802051102,1.5793930515106318,171.24103385421353,178.20884399635793,105.6222739269269,91.08513538074725
8,16,60.590146619911344,47.954970395089155,2.1240801259953455,174.59624728083807,179.7713737552111,91.5198323487982,83.68889270573212
8,17,44.41324450285224,36.06333010197758,2.7625331098530217,170.425091349599,177.24820883059448,78.18527007561795,75.90799819067273
8,18,22.36369799170049,23.915024599153178,7.896304328509496,177.2108101227443,176.27151020868163,53.596114822279,71.87892477886342
8,19,9.24656000486802,9.202408168146793,3.559665480160908,117.7355925104857,177.93359565703665,,67.72206362183042
8,20,0.1115778885924097,6.1307515934983385,4.261779842942841,130.65448384838822,178.082000682182,,63.77108954130488
8,21,12.920447240365348,22.24495894092752,0.8903433175520727,166.65911843361982,175.7264875893477,,54.2671589334722
8,22,19.12159763950597,28.87295810591094,1.4523942520507749,166.15461527871605,177.55654621714572,46.65096507360523,51.723904986786536
8,23,22.388345829274872,36.143009050679744,0.3658265451656342,170.53913603954294,174.62204506868022,46.08640950394911,48.276737010000666
8,24,32.96520456704549,41.81094491947378,0.8043903147489562,171.93032972050568,178.2749025449328,38.6034234830284,41.83629791270763
8,25,28.80747000292866,43.93867205114251,2.3598353615983743,173.15467449938168,178.5954849777904,41.81424964313001,44.014062461747955
8,26,26.726956430666696,44.90375577061265,3.4033381100428803,171.91199324893716,177.35160558691098,44.92589752945999,43.89116029080585
8,27,27.771651877857337,45.94757278671569,3.613142749871896,170.41182918848665,177.42886396492597,46.50965016006045,43.798327064532984
8,28,27.86610110153724,45.34398538387393,2.402214482146453,171.43609578723795,177.97186989157137,48.52020939745757,42.35321905340451
8,29,30.186803435067123,42.83336040109877,2.895456261564737,168.76827735998174,179.83223968577107,44.53554051344327,44.73175521230554
8,30,27.03428511228269,38.65530038048872,1.2741890644759646,170.07617120041087,177.75907031745024,43.06954685710648,45.79442891223809
8,31,25.986370036157524,30.87271765817352,0.3807280701141551,172.74073836311538,176.889704421167,36.55808789999659,47.98161438603891
8,32,15.530939638926284,23.39268238701508,0.2589087313894465,168.9197828492851,175.65563665920155,37.179898886865665,48.32223193528003
8,33,8.493252587147197,16.89456905781302,0.3799594366726103,171.12004959455678,178.33773975163797,,50.35322717184304
8,34,2.575535239518308,0.8102073099524767,1.1850962961259293,175.07315279326116,179.31799681448146,48.32236604679232,63.11641771921294
8,35,2.4840117876627312,11.731678807685112,0.3911891155432608,170.29028669242143,178.7191095111409,43.381548406789165,66.27142744228547
8,36,20.628676016318465,20.63775441795671,2.9041465772564226,168.0547141076209,179.7782593438918,51.95981974680975,70.13809492075991
8,37,30.17871968190366,28.242376750109702,3.736451282371134,168.65832972372317,177.49656788150773,59.81580179404253,73.18557166906471
8,38,47.32352831624512,35.58324126129472,0.2287962130967132,165.55264991379386,179.01139649490864,81.67374242985699,74.85379025112938
8,39,64.62951544387614,45.3538802964641,0.866250218520421,169.9792820627074,179.2815742642476,99.06761920771382,83.97580347489188
8,40,64.5404474940515,51.67817585556997,0.2098565268728988,172.7550377606685,178.67199113268182,93.39240097337766,87.90544178709928
8,41,83.5846999363377,60.81551662629712,0.8774531698730536,170.90882179724423,179.5511548657887,114.96087590890616,92.19910087517648
8,42,82.75533474176419,67.0735029145005,0.6377957715780996,169.3215054296074,179.58393357053808,112.23530141284016,95.68578743882394
8,43,94.24799660700944,71.42365479681892,1.464968812217014,179.81870927046143,175.66475599023343,125.4561390906026,97.9635657090386
8,44,104.01215151220669,79.541987528132,0.6958352830127308,178.10768887709065,176.85066500258813,67.72925337996516,105.36790467594506
8,45,110.81846010876488,87.85534756663091,2.609912838661416,176.7944166711101,177.81105038039527,,114.73926001756446
8,46,,91.49944070217194,0.9209022702238095,179.42144176159448,179.48735742641406,,118.31661895581954
8,47,,96.72226074555036,1.4687649399415998,177.73276315003528,179.56419969007305,,122.86191300602204
8,48,120.81623583482654,103.6649664710793,0.310763142178942,173.90784875966435,178.0254217500253,,132.09670786652214
8,49,,107.65341871948924,2.0137843486523086,177.1524225455713,178.7312264903163,,135.7811821999108
8,50,,108.29420959358734,3.120998156259476,179.2793762852987,177.1446506477602,,135.90290793101258
8,51,,110.24969528426482,0.6994532481861673,172.81470662717206,179.41419390724414,,139.128723457131
8,52,,114.42216188229357,1.6632025190471422,174.7392054166954,178.02653978930462,,144.11706664777344
8,53,,117.3680299610347,0.396901081932087,173.49632134108757,175.25935770294274,,145.23287441124498
8,54,,123.26059488923327,0.3891366609367023,172.87994907120162,175.80891057073276,,148.9923343718955
8,55,,125.8924022205132,1.0083307992080368,173.7448144383487,174.7415909568019,,153.04074322990712
8,56,,129.81640520105742,1.3497821087038553,172.02403550634477,171.9950807714677,,155.36747084036452
8,57,,130.06554992322282,0.7935238233929189,169.29008259482353,170.61553295136918,,155.06515072508847
8,58,,133.92031559450217,4.846143880444183,177.1974058612779,169.2660574010092,,158.93081652343946
8,59,,136.50284957349794,5.39869805328192,178.51619459455355,172.42246623465576,,161.3796320923675
8,60,155.10786243823608,139.14947334471938,6.240707069325475,177.55580022354843,173.5560304588593,,164.3925588290506
8,61,,140.24439018807115,5.5013496388365075,178.04305775967887,173.60541719408073,,165.36442375506843
8,62,,142.4590968230438,5.097483956742121,178.19106058966892,174.69059000554765,,167.8100986686446
8,63,,144.3014407758157,3.7953751340514423,178.26308946611206,175.3903363111074,,169.07863595698717
8,64,,147.67165206624207,5.51374145849129,178.56052940930184,177.77104863207964,,172.58528658850818
8,65,,148.39687139670673,3.9261438392912416,179.82952441691884,179.8374784644013,,173.3123869691749
8,66,,148.33445585347735,1.8283721221285525,178.66336802229137,178.63775913756672,,173.09655873613485
8,67,160.2999361110994,147.4054573008237,0.9447307521370668,178.1231749456615,178.64434002183458,,171.94452232650164
8,68,161.57863946849483,148.57658926664138,0.8463594553611915,177.6315467191432,178.3619417309695,,172.17919375007116
8,69,,149.27177081966002,1.000468365013672,177.43457702150783,179.00249016845655,,171.13699763308003
8,70,,149.50537436403076,0.4339708620716446,175.84447054508402,178.8225820271106,,171.45781274915055
8,71,161.90511935294737,148.75509199441143,0.2997234207011812,176.77684076548937,179.42119835171766,,170.25713502351317
8,72,161.72095855463434,146.40260989018756,0.7098189925966939,176.75650156896046,178.67501323016853,,168.43045199287093
8,73,163.92628920118457,145.85113178288523,3.5360691708244723,177.80006841940718,177.50440463107591,,167.55263691972215
8,74,154.5813933397952,141.59950075924516,1.0871765865576364,174.9552071938207,177.81996366260583,175.71694454504802,161.99558253694948
8,75,152.14360693296967,137.01028057065756,4.406121118553574,178.9164117150664,175.25580016601722,,156.82571502143765
8,76,,133.8597511885444,3.7400491978974664,178.86732065798785,175.2143630302106,,151.0772278881458
8,77,,128.62563525808437,3.6773558349515785,178.52658650617568,174.2238806206808,,142.70758825884417
8,78,,123.10972958539487,3.739521407075904,178.36130728601756,174.33836407068225,,138.97476262723978
8,79,,115.1912334493284,2.1944575434831166,177.8446952153167,175.11339653660323,,133.17262469734604
8,80,,111.97948869418052,3.0813606927380905,179.96869626506052,174.99434182093324,,131.2163385195036
8,81,,104.96767567150415,2.0506964473945812,178.32627348986637,175.48173822205374,,122.70349025853878
8,82,,93.11188320682542,5.622997632224922,177.67779226915331,172.9209738082957,,114.7482934316767
8,83,112.16835632897524,87.16350162174004,4.308176557904925,178.24056600121614,171.7379595755337,138.2411021387635,110.31816434831028
8,84,96.00316711926143,77.54199252700279,4.161352077155703,176.39288427910935,171.81398375086607,121.99565716165968,102.53562435722472
8,85,81.92039125152208,66.99203968444277,5.994497142257316,141.4159505881372,172.8072102715759,114.57037569438356,96.63456753967178
8,86,73.94616864486918,55.44088372614727,5.120647582500161,174.51020854341823,171.9532854541123,104.1363853002499,88.6311049112555
8,87,56.065359435394136,45.50220247682742,3.005306321834428,174.17149424166487,174.3985721918137,89.4897357736512,80.98017398180122
8,88,41.152886729928355,32.414915518579015,3.265027173411779,173.5277019086514,175.33986474758532,76.26098275756327,71.33792395344615
8,89,21.31242801076311,15.695556171668878,4.367699265567985,172.07783610793845,170.12217595099162,58.80782729709293,64.66451587529205
8,90,6.695766362181455,2.7437377964905743,2.888820117358287,172.06599668269763,173.91969512616993,52.92962138784886,60.61532175643233
8,91,3.652187019522247,8.139442413683353,5.5278393741312035,177.9822676072773,177.38422927534717,56.437139225872755,59.09671509604218
8,92,16.638021744777614,19.472360875806455,2.8865968100009236,169.5935920356192,175.12569274214098,35.905093674403886,51.01862597433278
8,93,20.36187329306427,29.935914804975457,0.8805216095387242,168.74963652401377,176.1641756472307,40.38159744413888,49.23648702514978
8,94,27.36672860372957,36.20473222783731,0.2490058478793564,172.3959839045989,174.65844219511013,39.264003363730566,44.14426706944425
8,95,36.920257253881886,41.123344236448496,2.0546966275089527,175.8821369723527,175.61540688701447,33.22637890707958,45.92729438118332
8,96,38.08927576437076,43.41585287024148,0.976405082551096,173.82925494188916,174.97318206838506,31.151944683346784,44.8476699375833
8,97,39.2192071687972,44.29860824566533,0.5369334903407218,174.64545019433942,177.06962923422017,31.379605984692525,45.75821975105848
8,98,37.58226062124873,44.32197120857677,0.5247688913899744,174.42532146543533,176.82074234513203,31.53951727285383,45.88512876758621
8,99,41.75794730797869,44.296697569498285,0.6274168412545925,175.88107298934116,177.40850695211697,30.97277245945408,46.526380124212416
8,100,31.81442614603892,41.77229196141005,0.3715747468799424,177.45846689335744,178.2575992679889,37.336702220855,43.44467246317078
8,101,26.7665644967034,35.263670972780645,0.2456046137218814,174.10781808276496,176.57146986542196,,46.982434859131175
8,102,23.9029654667876,30.309547040734103,0.7801656616929566,169.7726445693379,173.5218033868049,38.283799883291536,48.064274606738685
8,103,20.147235495840576,24.320505121660435,1.758826438610272,163.9002105017545,174.65730418138406,,50.68730112724635
8,104,14.61254831364612,16.75993783686959,2.118451377454884,171.77016443634088,175.01796684857578,,53.21929009739757
8,105,2.132800080197997,1.7249154880150364,22.9137430808671,162.95083847783152,179.36794322727982,,59.32205219098631
8,106,7.820598073008157,1.8533633122948476,19.28856971704,155.6319006131047,177.93867484925022,,56.28400047182217
8,107,9.767095005268176,17.289109902967205,3.4245467060741808,178.06120564044835,179.70015367881587,,62.88436001178914
8,108,31.325940909606626,24.560032801018835,4.555256635892377,171.01426390701394,175.9581000342085,60.43591217892032,66.8652903176368
8,109,43.80496432159547,38.19638507300362,1.294844058256156,165.85997345591338,176.025795010988,73.41521606837078,73.69431304546427
8,110,54.66606970006203,42.57767220362622,0.3502043245035509,164.29873476957383,179.42779728803325,87.52461923554786,77.44038375218382
8,111,67.9229006266413,49.97612615346225,0.069333661557724,162.6620741232344,177.97441822876536,103.5934176581909,84.72588625578635
8,112,77.616769509064,57.550786691065554,1.1599535016867195,165.20387794430408,177.7391079609596,109.945869409885,89.86033835294303
8,113,84.57147952944739,65.56551274489112,0.3598717365498982,160.28427566985627,179.29317547471356,123.00454020882258,97.72131367960664
8,114,96.25169261656391,72.67053741760611,1.2891118537433983,168.01089512038058,177.73026472466614,134.54719099364897,103.18806589883468
8,115,,76.85344566502246,1.9169516514932865,176.91418616315798,176.075385131301,,106.22457294435296
8,116,123.75196231784469,85.4952089327871,1.8892484091035748,179.1004212870386,176.47557813136874,162.45955763080138,116.57568289328069
8,117,,92.22428888092296,2.0376067269856866,176.70103236146178,177.72845562719073,,121.4649109761718
8,118,,97.03406290590276,2.097066775908099,178.65601288606015,179.24764562792407,,126.1177466356559
8,119,8.04528830515073,97.9775761322836,2.277006091031826,178.4760453329329,179.59481903650556,,126.16846127981098
8,120,,107.13912622223609,0.0181328498082091,179.48454380534235,176.57630037046926,,135.3166514210686
8,121,,109.50802947505196,0.6537617943306078,179.06249233338485,179.20909972689523,,136.4445165758219
8,122,,113.28162220184056,3.411975720808772,179.37422955069977,176.5597682990986,,140.7774714431795
8,123,,115.4844954638154,5.2372302781513085,174.19484365916912,178.4445838675526,,142.87975024818763
8,124,,119.87687700124476,3.052367532647481,178.43465662912348,176.90895568225892,,145.8623338085806
8,125,,124.91119344246508,4.156394845273689,174.28941539148278,171.89330490809454,,151.47988119468775
8,126,,130.80431203615865,2.010172411724178,169.4326220410814,170.42659999908125,,156.7045012535861
8,127,,132.93943182568202,3.086097538568331,170.99754932200116,169.1423641392375,,158.76390940504615
8,128,,136.01946483267898,2.1064420365754177,171.9739568405652,171.72648834379137,,160.92114979891178
8,129,,139.63866107419526,1.518535376550629,174.23851710030908,173.72471026267266,,163.54391527010748
8,130,,143.13436611282364,2.0250607446716944,176.2574024281716,174.78596717770918,,167.1953877703621
8,131,,143.25334830947517,0.8706960372916205,174.43562114685068,176.5416521626051,,168.4338396294067
8,132,,144.03052233145223,1.5161470242124937,177.5219723370601,175.11843041510946,,169.09808683432476
8,133,,146.08525939061164,1.8579419706989255,178.8493304346277,176.92300951189085,,168.51249078418513
8,134,,148.1594371220867,4.98550286971108,176.81753797197905,175.20944704674488,,170.840294567304
8,135,,148.6404612833278,7.386673622320308,173.98893847172192,175.01673469562908,,170.95202155042855
8,136,,150.42149109050774,6.269634658656064,172.43898533326936,178.3566318349853,,172.5179042302301
8,137,,151.44196764769293,4.408906751628326,173.9051433952259,179.6005836048591,,172.59184200591662
8,138,,150.87906484291238,3.9232588523021823,176.99942283993727,179.9554204332146,,172.16766073808358
8,139,,150.18336093129352,2.737020949294392,178.5436125942013,179.51189503779062,,171.1416436237859
9,0,172.2311923003614,155.57068211509034,1.2653434362889302,170.1898853716155,176.93627696055063,174.52978137944876,165.12984874728173
9,1,172.6243223708611,155.64147857241556,1.53520256368429,169.54390162389123,177.15727980918908,175.59911529012717,165.17221436037715
9,2,172.3510572736869,155.6469875258689,1.2904068267401787,169.92460590020534,177.1144238409158,175.2096523740653,165.14818593485558
9,3,171.79970678389472,155.51012647987582,1.3499484217138242,170.56057860273418,177.5459650259325,174.353666961543,165.15652087182016
9,4,171.4235384537563,154.89713693730502,1.4202071730576915,170.96007041221753,177.98508627077825,173.64938876699193,164.69555636973425
9,5,171.52057277675573,154.2853640299458,1.721722381894152,170.4575870180556,178.022487461523,174.1952551227525,164.38687340028522
9,6,171.4883372481802,154.74147701746875,1.554822724222275,170.2327615715525,178.8048269241753,175.11314111719702,164.85704073989405
9,7,171.4317679835565,155.3857538978456,0.0318278624639694,171.31376228237244,179.84018436172727,175.5425205159552,166.30158434819506
9,8,170.70165728196844,155.76031967923717,0.5580181832189322,173.9734210975746,178.5335245664735,171.90661282330686,167.21044161835036
9,9,171.83010707505088,155.50986891522578,0.6397688727878803,173.9109175089587,177.70392727676918,174.1050295123196,166.9388631884591
9,10,172.81502361890668,153.91184798880894,1.7520321849496647,175.68439537611926,177.32368555172775,175.2408731443863,165.15484545957983
9,11,174.13622509954055,150.78263112960343,1.1894536981732606,171.46167172576983,178.91069871107211,174.87427252028934,162.28047490076366
9,12,179.80791379695805,152.41541972005405,0.3965618666486498,171.3439847770647,179.95843234436134,177.21078305389358,165.1186740033148
9,13,179.14990267072085,148.76444599728248,0.806547699015447,171.07828888178332,178.93632623986147,172.7475573118824,163.22985339569988
9,14,176.437987030352,145.72381294548188,2.536353128548589,174.97805072190354,179.8399476860687,172.05213456288243,162.4016989242511
9,15,174.24273141833066,144.23101770582826,0.7909378626061228,173.52360197220943,178.58887139648348,174.4715348903157,159.85719050408616
9,16,167.41258703803828,145.50937749757276,2.541402978302921,169.52162299390778,176.62639347465836,179.35983839623802,159.92778308242237
9,17,161.03116554469688,142.96065873034178,1.852466163537124,168.5299834874142,175.73025198950305,177.35501351552034,155.67001753012488
9,18,157.35084882637054,136.71374908233292,0.8949311461944451,166.609975540567,179.71326562721575,175.47284189486348,149.98347116666213
9,19,156.03248811173904,131.90823939702554,0.928648235592244,166.82238310709704,177.75381866469257,176.22988878509196,144.6774381771897
9,20,152.75949408826347,126.1170202596906,2.1774113703047377,166.07702348461234,177.61129967876508,174.08171779583398,138.15242049374845
9,21,151.4106769211516,120.51269223462953,3.5195528414846025,166.59041808443686,179.91070089714594,173.9606141216145,131.56640761822754
9,22,150.79416170816302,114.22294650339266,2.810947597311413,176.6193006760836,178.79618593602,175.46776729711402,125.5860177956598
9,23,144.73119647096752,111.3683951467022,6.030055344553295,175.4133176632983,178.99252296154634,166.81235512122444,121.72362787788369
9,24,143.59876336956893,103.05957863605622,8.795059328576505,177.39130489316045,178.35369064299005,166.20794486903085,115.9097412972583
9,25,130.12743764877916,96.1646942839071,7.030110526175443,174.51818395014266,176.48384422190912,149.2877165889197,108.81188259562482
9,26,146.12894506074394,87.58924953485088,8.737055397271106,171.90492741798224,173.4019400939961,169.99407907355877,103.15060290345929
9,27,136.96212167689106,82.66728674589424,8.958065612905555,174.3098010596571,175.8490092959347,173.29219895831773,97.26718028893669
9,28,137.63066095644186,77.33595333967297,8.365716491944239,171.1464834050423,174.3791879701311,179.81992624976266,92.10100700233288
9,29,133.03871333821607,68.4580347860939,8.03630030691887,173.86590248113498,176.01509213910307,172.46104781905882,86.187618941335
9,30,124.23934755039896,62.83780799670719,3.725293187760409,177.10556191044938,176.94989757111267,179.2510888155225,81.07252069022029
9,31,99.5627841366794,55.69757580531411,8.115756596706056,171.17405838799172,175.55082287171774,154.3825026701335,74.9059718643021
9,32,52.74133171124159,48.60547237539632,7.197731223970888,170.34460240792052,176.41759408748862,66.79836650277987,67.30621962121873
9,33,54.38926477093323,41.22334900546739,6.182561056928604,167.28270228012275,173.03340176780404,91.0973450103738,69.2563616220362
9,34,32.334304489294546,34.46083215247664,1.9140700268745403,173.60997397105615,174.27707379939798,64.54363889738931,68.40059213498385
9,35,25.021615679191484,26.153898413616623,3.424787282625207,175.99356886549026,171.67746570942276,63.02672296421971,65.11937989220958
9,36,45.00442458925718,22.578348422261396,4.917062987041631,173.01564483295823,172.88674407882752,35.64886960598155,64.68949721966615
9,37,47.54420147832853,20.071177706388063,3.733758221144345,175.05401360419037,174.04855712569437,35.99112647939173,62.2373075948411
9,38,46.77101690844229,15.6869573150876,3.4672661554980344,171.3926287997543,171.20179165364976,40.52461793635211,59.746584745848494
9,39,49.88480673843207,15.71282018065022,1.4716331779283902,169.8224860590284,170.95989040190244,37.045920086841626,63.11628785315733
9,40,54.40914310815444,17.019031105008576,1.8047148450455088,170.91285148464866,171.0527679596511,29.931248709201757,65.81333773629768
9,41,50.98511363495533,15.439917689233411,3.544862225275163,171.09641004533603,169.6982811390548,38.53854521171059,56.03128481481119
9,42,50.70640495419312,19.310692905140854,2.297571128586016,171.82553442122983,173.5244836599494,36.88251570392034,59.695321844262665
9,43,47.66685513482672,19.182098791860465,2.5259416797107908,168.76775769572689,172.30427902358764,38.65645599069025,59.474072926910665
9,44,44.79828525950549,21.48528605605489,3.828928291421429,170.47335800253222,175.4328189812164,35.21073790335825,58.68976348818135
9,45,26.17164856058935,26.82830803282562,1.216996089070027,171.85880737054853,176.1028390717081,57.94741140838653,63.85307431617187
9,46,36.14739234983389,32.72092735063543,1.7899708040578812,172.51982511373453,173.70199267478768,67.05280992673852,64.92198026847048
9,47,48.05676339371081,39.69289525591249,4.198542885805299,172.8741070958355,170.99035589013977,84.85375035340348,65.47793091023688
9,48,48.63250229317505,44.3353746625581,2.452485035037534,172.132380600017,173.48672474676445,80.07843583144647,67.68962191019332
9,49,54.555029109106385,49.66308272398971,2.817787213243898,168.121725606649,176.98959703479684,79.97783576633032,71.79083540624248
9,50,56.18723374976237,56.32152959353278,1.9191588240084108,169.4080074810146,177.6624742072133,87.22902654711045,73.80014324662736
9,51,61.66409338273561,61.4549640728909,3.206660624376694,170.1058657557438,179.0501044592127,83.61321821745751,78.1371839179317
9,52,68.84256265236193,65.12976402956058,6.0414233877127055,175.15247083653873,178.39969820946067,88.86278196803251,83.76999532410764
9,53,76.30501654176584,69.46037182306155,6.389059910324959,174.36225475788055,176.03738290814906,99.40219796323848,86.7432812001619
9,54,78.83596180842528,75.94822578973451,5.477602281148271,174.74642290139374,174.3957910887568,88.07301495404577,89.65384950148548
9,55,95.07797373398677,79.64372446295492,7.081486756327674,171.92269374319744,175.1275199998535,93.56024656819734,92.67061985393248
9,56,89.31109850437181,83.50061105923692,4.134710404321449,168.30775879800484,175.75927319933334,76.9626900861357,98.4719178085954
9,57,102.10426503690368,87.81211398553592,7.5087636731249665,173.16625625979006,175.28984482192195,86.82539898792793,101.44674528058184
9,58,109.04896220698934,92.19974862690565,7.658277274500176,174.33530095382673,174.6863717477498,98.67161558603578,106.35631439627711
9,59,153.03123078097858,97.50488570325427,7.727685402869858,176.95524531503796,177.53987746130286,170.92531945191945,111.310507870057
9,60,120.85566577030475,103.23926404410815,7.963276946875396,178.51842153522963,179.09964559339534,115.45919426145458,115.32979409842387
9,61,141.50955077543003,109.80101262502428,6.660955220795076,178.33173198831696,177.12440484698809,162.85106266859748,120.47429554952691
9,62,141.30837885759124,114.05468702426644,6.307100897554367,176.1319245602475,175.65985640956316,159.70342461257465,126.25805848547203
9,63,143.02953984618952,116.1139467904958,3.809120837864086,172.57164886262206,175.83863477860257,160.07712693022765,130.35855205212883
9,64,150.06319454133907,118.39262440271456,0.9027023420095012,170.5296983342354,177.32017999907674,175.1944179931384,134.5497404308176
9,65,150.70553724749718,121.52872754011165,0.7240491833347814,170.3678689290276,179.04152329053784,179.42808941085957,136.963945459627
9,66,155.70250078220025,124.34591846493866,2.4760076021706707,173.79397242529822,178.40959798184034,179.27607426618553,140.56681743809463
9,67,158.1899741529858,126.98573025754833,3.1903140706754667,175.07039151630931,176.41463809578485,179.03823278315215,143.1940165552006
9,68,159.70654451426856,131.82849756172268,2.385496576581683,172.63207607026595,178.2993182962405,177.32546797481936,147.96460470723878
9,69,161.43135924246954,133.93836880305662,2.682198634505917,174.30234142655226,175.34978734983162,177.54565933095392,149.95900650542717
9,70,165.61505026973188,135.61696774215943,0.9585126621706502,173.11640337893817,177.3675684305776,178.3394771887081,151.9118494621199
9,71,166.79551217415516,138.16615005484573,0.97398367082174,173.91599162908796,177.56572318468216,178.7339996124419,154.33622985937586
9,72,166.6415008461245,140.19976245057893,1.0019340560288117,170.4540748857892,177.97113610610086,179.7376500105211,156.6622890829417
9,73,168.40868676001037,140.78007985551062,0.2337324024370311,173.14250538412986,177.63134626491356,178.87613136209728,157.41462457329732
9,74,172.3109036027925,141.60794958128386,2.617907144753101,170.3646095745155,178.55226046746066,178.14812508711347,158.68053907188073
9,75,174.06098777067794,142.91483597949826,4.348414397129802,169.4510873440493,179.26074185403206,174.91948113218334,159.51753326555772
9,76,175.07499832826943,144.5517206365581,4.165005240065813,168.0360339028458,178.6777810064401,174.37241338415924,161.54681614270908
9,77,175.369861395254,147.76634352758597,3.821010442326392,164.91557029654467,177.9618717780884,175.378612962736,164.3638610314174
9,78,176.51755109940967,148.60367822263214,3.7645585860032806,165.47739883710534,178.84810451742254,176.2125079708675,165.85897068549536
9,79,179.91659849007775,148.50955184358327,3.1263697733828613,168.68862485549434,179.78053429373415,173.44758585419038,165.9040517870484
9,80,177.0107782072946,149.60917095211303,4.358738763915672,166.63021547261778,179.91773157917356,171.20133281816626,166.03218115476295
9,81,172.91333951503518,152.26954800027073,4.31877650710699,168.05105060982396,179.76789639474114,168.17619687476815,168.12675616445543
9,82,171.74806385182288,151.59386416223384,3.765093117848893,167.6194280693471,179.24107567762744,169.25219462943596,167.59278742590075
9,83,174.12960660438733,152.73231660575578,1.5243622714087517,171.2384714162509,179.60869366434818,175.6474765574059,167.9325789986355
9,84,173.808323000618,153.3933306826514,3.887997403385286,168.4321846128986,178.4117505987707,176.45256889629945,166.65186861586255
9,85,174.49020278980387,153.24387306451518,4.4426471918725,167.32014449323904,177.24008308167794,177.24291023715455,165.76101138327118
9,86,175.75107946656533,154.00782360617413,4.413875947061977,166.79216260346394,177.33219879365322,178.8882829964234,164.95070651131107
9,87,177.37429307590244,157.2059059744547,4.328226785006536,167.19282602406494,178.46046991136234,175.6466541733305,168.25070794897456
9,88,175.9331322328755,157.2655958166447,4.381168201954325,167.3160331664961,178.47454095723774,177.4575977403648,167.2386829637768
9,89,175.9545997199639,158.5066953429166,2.9060304650103452,169.36049328212115,179.74462273354027,176.619644415245,167.54485064903952
9,90,175.04168250300515,160.0711375342761,1.7579338455185902,171.38645996903452,179.81976153913703,177.32496350749344,169.8577160406245
9,91,176.44345351136494,161.92919271530482,1.0886318339882923,171.13037037757022,178.30894127676757,174.740492521714,170.97527819895672
9,92,176.83636160925445,160.91903728701723,1.3795237307737058,175.50889291303412,177.38844768110093,172.60638619148529,170.32972402554304
9,93,177.092238763488,157.98550295501062,1.7301241706881685,177.3287885370864,177.98441883763607,173.28263163087578,167.9887256591939
9,94,177.78953866888267,158.63015071142866,0.5065995354059701,175.15877514861162,179.12349589463702,172.83180053232545,168.481689983589
9,95,176.6081606836033,157.9847878628238,0.5690945905035842,174.50843467632194,178.83727929277754,175.17641174143228,169.01775019400253
9,96,176.51875044364013,157.73138978687814,0.8460079764777041,173.962389534153,179.43467387418926,174.353291233571,168.72030666932503
9,97,175.53903453966387,157.841759090528,1.08701879030365,173.04954666069162,178.74788188063602,176.14329285931717,169.48314351566262
9,98,174.82958685994942,158.25021810119432,0.2166253298661759,175.53823170274734,179.6405022292338,178.25036251042226,170.605219261208
9,99,175.04997686417408,158.82941276806287,1.597445341045277,173.80245921603796,179.49235957918637,179.86066275891412,169.96911314282843
9,100,176.17055049097405,160.51673355850255,2.6625732363722134,171.29216788306206,178.56577893176166,179.9326265519761,170.86458854381578
9,101,176.9812280995376,160.23109478336872,2.226572131273889,171.657670325686,177.3073858087092,179.55587161607372,170.56195542833026
9,102,175.63071678896202,160.502128952064,0.7579721627178906,173.443889208535,177.23412915281313,179.16963891145028,171.0317365576746
9,103,175.8044614407313,159.34584684368633,1.2024748891818555,177.5173095699418,177.25494337440946,179.46740608311717,171.421006039812
9,104,172.15417384348834,158.27810646954725,0.2888705054314968,176.3275603235562,176.06147235330792,176.81049384755173,168.20102029911584
9,105,165.979663662141,172.03665008815062,0.2940126580275269,174.55093499811474,175.95043963057796,174.02962872306287,176.80449417266615
9,106,174.907111750296,150.59020651247346,0.8683022790732752,171.968507566873,176.788808739142,165.18806039653097,163.92298882437072
9,107,178.2910311961368,146.6345367987669,0.8907958180305662,171.0326221902596,176.90400836288055,169.67466319522651,159.85866813517526
9,108,175.10742161242948,144.99207335119888,3.3896326952719256,173.74414806633078,176.1379860475904,170.46604944160822,158.09254031910734
9,109,172.0652800204164,139.52993939687923,2.4145266791314097,173.3393745402758,177.5292728825177,171.06857834845982,153.3280750400056
9,110,163.3958201566007,138.34400781739546,3.2999497324361604,174.81737406891622,177.81082594859555,179.10827852077088,151.31649117729137
9,111,158.55048219319008,134.33054203244188,3.730240777502927,176.2627338668409,178.7499985867588,176.78051856527807,145.054094464267
9,112,154.72958107819736,129.9731442352561,2.3692764665337216,173.75715416180932,179.45655232728026,175.02183117776485,139.40826908545634
9,113,154.73320727565942,123.4547174815551,2.8401709000749156,168.18695636779077,177.88131877692837,176.7401275492073,132.1487524204925
9,114,150.62192451324682,117.29564841775507,0.4886261276334461,174.8286874779412,179.8457836176871,174.1182785842243,125.45253603927394
9,115,146.63007516202782,112.73136815100273,5.831838230664898,176.83792829195167,178.94210625882403,170.27498147348143,120.8751898079993
9,116,143.25204867950745,105.50182870788775,8.873043871596819,179.21117570821096,178.89538812244206,163.7868002034457,115.33044446407403
9,117,141.77119064493493,99.11439891343738,6.116053459590452,176.88807666806872,177.83873085020403,166.04715071695054,110.79941540558434
9,118,137.65056409126092,92.45849947684157,6.859782459744987,176.2340248785132,179.52268840700793,166.4865797850864,104.53311789171865
9,119,134.3385322446456,86.34643546290573,7.542167792969622,174.84333485020363,179.20168653263173,167.65842087407458,97.8233183435087
9,120,129.73347452331112,79.30310612782785,4.959445509797574,179.40434983225708,177.59465459180035,170.01583742517835,92.44331124322152
9,121,123.56323992013036,73.68387094180588,7.0206830572929455,178.5876820317686,178.97345382477596,171.47376858876166,87.32239453545893
9,122,123.0656592034656,64.74992567598169,6.235607297324634,179.52314944521052,179.4572219357802,179.61984017760474,82.91458422218568
9,123,98.64470696051916,61.0140646353617,2.4107068686432993,178.8245815739086,178.79890870756367,147.30158291899792,77.19260214215642
9,124,79.18695691930293,56.31272912041089,8.557748350185497,177.60199510387486,176.57479535809426,121.25640440052818,74.71444604389933
9,125,63.911109157734984,48.61654729489394,8.99193396069263,178.00621244485228,175.19504924760346,92.12345169885111,67.25720273995793
9,126,47.742384762722565,41.411724551693375,10.046568906745804,177.64375963599562,171.88589075369214,77.1799600151911,67.70859127228921
9,127,20.45772029984851,33.215131411635475,12.101670999507094,175.6930623257188,171.6458861089399,48.16391427017154,66.84829374253916
9,128,26.123337541419826,27.113767096916153,12.2458307397519,177.97366174106637,172.26513492433463,44.811427304797526,66.75384031568296
9,129,34.5113223587197,24.759042772667932,8.56605928528165,178.9553998863913,174.40473861844,41.6155304677268,67.473858419661
9,130,36.37594389847901,22.79766683522269,6.857459855520784,177.94285499087877,177.549204335883,41.2801572477466,66.8904170461472
9,131,42.85305822202478,21.09617132690635,7.042160279623997,178.3315501490126,177.98163001098504,38.69566587680371,65.65647727182666
9,132,46.12140058227633,25.690886862440134,7.265552765062122,179.3601793441394,175.74558400151554,36.7502512361039,78.86252025512087
9,133,45.14175388007354,21.006095825725044,7.526668673827852,179.23021659050173,175.4034397535825,38.46302141235168,68.41743480826736
9,134,45.65791488610321,20.100443547563497,8.231565155744903,179.7651944872357,176.11711725847218,37.5894285257992,67.616072860768
9,135,45.53067059254669,19.953906929429387,8.048622546977915,179.65938979624207,175.59066610268468,36.75604393793623,64.2245768783994
9,136,45.63007830883469,23.127888216532387,6.343127838819823,178.2654565684307,175.79548987241446,37.503697711616304,62.501664207754615
9,137,39.9925423957579,22.537213940889153,8.314783621621375,177.5065537227629,176.54044079058818,37.8979152352175,53.220427863776486
9,138,27.94492662786266,26.304310617377435,9.549249554017656,178.4907018466443,174.13042791855855,45.285460020943795,59.95512098713531
9,139,28.07668026397538,29.87567860189875,8.259188780819047,179.4829608916515,174.382295468231,45.407209615208295,59.88670619792258
9,140,43.162460026182885,38.06017989578367,7.213255396942192,177.04018858903396,176.4216907228466,74.68530604741893,67.08896080356666
9,141,55.54772281469628,44.51035996414982,8.840373306964986,179.4279139621563,176.00852200363678,87.63907900239337,65.4498099090803
9,142,60.83627660721818,48.43933624104148,10.13095971868191,179.56685331867013,176.1307118207592,90.09622512756152,66.98916360673745
9,143,65.4566807611538,52.69869909314494,11.142357351016855,179.83682627192672,175.83857444278206,96.67980413087965,72.2913271560173
9,144,62.91687990793777,57.54006348487292,8.36314874945975,177.412941075182,177.3631117678923,96.95149413556182,75.61078036352521
9,145,65.18228284539461,61.76415944206669,7.247366470223349,177.1664103252962,178.82489845074332,97.56819726646006,77.65650937858295
9,146,70.56696216515022,64.90934727620915,6.803435450407913,178.1432249677986,179.22459100772645,99.23646528412512,82.38638963873983
9,147,72.71236881923419,69.4148179945437,9.8495681614,176.82859870319044,178.52607952517562,100.9545328665962,83.31644458444829
9,148,77.45566815786779,73.77968904708588,6.627722023530881,177.6609890210849,178.29600445164945,100.28628634310508,87.65734126539448
9,149,78.27954719695563,76.76635624501012,7.829325697739042,177.40700936517598,177.71800240475696,101.57976533844456,88.88958283046497
9,150,91.8363605371636,79.10724070153104,8.147372578927824,179.130411679504,179.34472965340103,92.17664980272887,90.96361131274574
9,151,114.54056189451616,83.41921233845734,7.231410598768777,177.19308719001407,179.2559169414519,132.5333564166129,95.79414848310174
9,152,123.850775204936,87.24694365193295,8.459302784178606,178.53926583702096,179.6530066617587,143.0784750913683,99.25409978030147
9,153,149.26370381825873,91.64268063808436,6.627452028399075,177.06483385666564,179.5535838011293,172.4068646612864,103.74906172074742
9,154,152.63893550547314,95.10662527476156,8.14174831917492,179.8798232985758,178.85260408095803,167.91731085642587,108.0583194189468
9,155,118.1156889820239,99.73836509730248,7.139685437936673,179.86765110813263,178.43898879138877,110.08665375688992,111.54500102517468
9,156,116.85478882832788,104.30282458299122,8.816164394600763,178.6219213831444,178.73753856169893,108.98326574330332,113.26301833661527
9,157,140.86577449073408,108.74460845119413,9.263899419940836,179.50256225194337,177.42336173293305,158.32722845762942,117.77092110502856
9,158,141.55990853862033,113.80716323082544,8.061205015467149,178.28178198651017,178.4448961262503,157.67420516769675,122.27741775201494
9,159,147.29137401632707,117.04163278251524,7.834893036615141,178.31784011510564,178.57481032589206,167.46352020955993,126.16959672407418
9,160,148.99217528433326,120.65289066302223,7.088291913763078,177.75218995933685,179.04572677713605,172.57472141304902,128.91194951349874
9,161,156.95314629545385,122.40194967593672,2.055529638375478,173.86196281771365,179.28574446672957,177.74989113193374,131.11299723576494
9,162,157.31143625936485,126.7710616349754,2.4920749065808607,174.4110443639688,179.90654212910175,179.5865736663413,135.62732540739637
9,163,159.70535191884588,129.85633856525817,3.5093049762909647,174.81499984302394,178.86752627915806,179.60966134370435,139.22785149589797
9,164,163.54744715892724,132.36475088818167,4.164717935904562,176.62529229180416,177.08855860776572,176.52255552347157,142.94521647534697
9,165,165.3993251092092,135.4228691776949,3.179856270698235,176.35798988393395,175.25914739389742,174.91400190435144,147.67979386641275
9,166,167.68586332837975,137.4696269009754,2.538288479093877,175.55298322201705,177.27564145257634,173.89434761291284,149.22865937349474
9,167,169.63405928624988,137.7386598644973,3.655275928854218,177.6990287150783,177.43133381969804,172.933793937385,150.12675529010332
9,168,170.33649664819148,138.79656182040495,4.384016661671329,176.98769825135457,177.35147209013851,174.36435662645536,150.87312037812788
9,169,176.12879675001662,138.2836809903223,2.9251852493012653,177.01567965352066,178.54173443693065,170.01466264101887,150.94304640290886
9,170,178.90155396002007,140.87296601324823,1.3913664558738388,174.4109830960097,179.85697792479584,169.7443461911896,152.55820961360885
9,171,175.75101738046646,141.8101801176142,2.3280538957786305,178.0356863026726,179.5560758638218,165.01045671942518,154.2635700774269
9,172,173.77783502364673,143.1722056399092,0.0412530668086228,173.9666090480165,179.76244141328584,165.27348682992414,155.76126058660495
9,173,172.3623049225134,145.38341000703454,0.1476096750451073,174.64592804595117,179.63139200303385,165.86285320358266,157.1393575108562
9,174,172.8441426332963,147.64565240726904,2.071907510910539,176.68413012044897,179.0190814087207,169.76317852039656,158.88833809638737
9,175,173.7642473882416,151.3827032865777,1.265849924178725,176.9844119437084,179.38402105112354,179.64087808852122,163.70414282209993
9,176,175.41733966766589,156.24867672481057,1.0945098036180405,172.19081884379793,179.57866890764748,172.89688240567838,168.5084550816436
9,177,178.42951299107847,160.76111948681867,2.295823576944288,170.83704641305332,179.94055592608532,169.36789245598877,170.15982348902546
9,178,179.77441227914866,156.88522242814398,2.4145947438238187,170.43773523838874,179.04769047599984,168.13690779040704,166.14130680015754
9,179,173.58414281814257,156.9502197895375,1.0045440362732114,171.18168484076207,179.83422361961468,176.5134156662627,166.85697319844672
9,180,174.96820013123886,157.67081317035198,1.8391015058963345,169.57100481948646,179.36911607077153,174.2973929765344,165.92786106103387
9,181,172.86414588911808,155.66447832177127,0.2607068155862574,172.02458113078336,179.79811416433358,176.13257053927822,164.5840138762805
9,182,169.49956840140513,153.47300261068315,1.2532728165364186,173.86446041224204,179.9987847483569,177.55012870115985,164.10192249944433
9,183,170.65570024815258,151.3807743413787,0.2207438354393329,172.40563990388526,179.9022886856558,176.45993023774437,162.7257827083429
9,184,172.18807305977992,150.88957685357943,0.3980062044255403,173.06442245884244,179.4101958278015,177.55702974198917,162.73295162830715
9,185,174.24505447379778,152.5094025216303,0.9266238468176292,172.2252545567845,179.14910134139384,179.89072518370384,163.67257237615493
9,186,176.2829849110161,153.15031551756044,0.7417522937403755,172.64646984075716,178.92684963225938,178.1137487399539,164.81422764394935
9,187,175.35695665985693,152.25249319885293,1.7736098197530523,172.0560129102318,178.18441270059031,179.47165228311778,163.37097705072478
9,188,175.8143103293942,153.0154655333526,1.7401318543758193,171.95604430887832,178.44454806401683,179.79996350105787,164.82366364309024
9,189,174.743911936706,152.94477446811058,1.5084976679082442,172.86783497136236,177.97008977648815,177.68793422393784,164.26200483292934
9,190,174.66273064011563,153.48480782466746,0.5062100613419732,174.38299217804038,178.04802294576336,177.54749778516893,164.28055820603635
9,191,174.6769257219515,153.97892523824748,0.8569727252941777,174.24396761209292,177.82329624048174,177.38406330505828,164.46809087087573
9,192,174.40980805788726,153.8279119401303,0.7570614351670948,174.95013259745116,177.48858420292655,176.65864475948388,164.2609113145532
9,193,174.78047208864365,154.63399824241904,0.7811923974002796,174.44999188221516,177.33486056019558,176.6562480400531,165.1342615439771
9,194,174.69471097691547,154.7097229396404,0.2665786752822671,174.45160635184232,178.06925996351683,176.25481174359132,165.06197640664644
9,195,175.09260611070792,155.28256400221326,0.1276629652618649,174.9335116828962,178.11160503032178,176.59093186473274,165.4673446416343
9,196,174.8953822998233,155.20187809841133,0.6909564093526701,174.83862327088923,179.1919414721496,176.5331113379489,166.59215003351764
9,197,174.99293466960003,154.4675000071663,0.1391053117601625,174.21289286717342,178.21620389645977,177.66708104345923,165.0590294302867
9,198,172.57792425331482,154.11539183270855,0.1582864248956472,174.84023703556096,178.02861527376916,172.7136774814579,165.2379707950241
9,199,172.7706631500717,154.3320183639633,0.322348431314047,175.2549480672307,177.82141275992151,172.28286815350293,163.15567634141252
9,200,172.15722278037697,154.20554963428043,0.0830187065037264,175.17640631165088,178.51037222379077,171.75459652800947,163.0762770728273
9,201,178.82630674479395,156.23957006777042,0.0611468825680082,172.299980659674,178.11417525656958,178.84516719829452,164.99994050642087
9,202,174.8470115494405,155.62015332007672,1.145371658221531,171.17544488304355,178.45843264472722,179.72100498447506,164.70463792826786
9,203,172.4739170548235,155.19498868465493,1.6603433769532532,168.7768635751131,179.23483487399366,178.16184034120184,163.22354730290766
9,204,173.09163469550953,153.38262429846938,1.7794905730191406,169.2820995282193,179.98527896632118,178.1979486027218,162.98567858308544
9,205,177.9482749291789,150.67551497828637,3.313306048527904,170.12446522593632,179.39055702414305,175.44444243744792,160.12203639889591
9,206,178.9162402727302,151.57820856908947,3.1540502048814476,169.80612641907692,178.7878772163071,177.16710002372216,161.54592997706243
9,207,179.41759524030536,151.62613640651242,4.163073021634521,168.05549018211113,178.63395943247866,173.91236452784472,165.4674589836425
9,208,177.2387583228549,151.5120123973704,4.2218754799168074,166.52066554015218,178.55819156515577,175.51430390134476,165.32222633644773
9,209,177.59329215364957,147.28407418799128,5.756356485177067,165.88515509585528,178.27677654061782,170.33636414909614,161.50900417004672
9,210,179.19222952811876,144.23846671085334,4.022788275066332,168.5623817840367,178.38675071957076,170.1865764523549,157.2554584741141
9,211,175.07319640442955,141.63117968985026,4.327588486290859,166.61446056842306,178.1827212886856,171.87138464013438,154.96852067981737
9,212,161.77499700851004,139.54150604501513,1.8609163771160984,165.28632250766643,179.50268517723688,178.5299285570592,150.9476569478379
9,213,161.17603310669134,134.04503048322852,2.5480450272709967,170.30039737414936,177.01481096506274,177.92806499439862,144.39521898154203
9,214,156.00359242967812,130.1883361177871,2.248393038233907,171.1405962130568,176.54759383952495,175.3395900117656,138.22198041194477
9,215,153.84726038583915,122.91957836718144,0.533199519964052,169.62711311887998,177.48743010505723,176.53122090936944,130.62458541947908
9,216,154.100095803018,117.15503209226316,1.895019643343512,172.24992682250777,177.9135975699414,178.69296619870713,125.47224694891476
9,217,152.36986327628702,110.01917980025198,4.508595639464024,174.9509200168571,178.47979873476794,177.15701680687147,120.80495022831752
9,218,151.40998831568848,104.46399892983776,5.332362042462927,176.49269198908112,179.3278015322545,177.33437423720716,116.68475490725324
9,219,147.71535395368346,96.97598851287329,7.411773084558463,178.31797047779,179.5533098706861,173.90124963401553,110.46758696387126
9,220,148.53691371075624,88.68100292514667,7.170402875591531,176.36665171896917,179.81273630196912,179.31734611513508,103.08989448890684
9,221,140.17675613500143,81.15462204668846,6.567667378706204,176.52802656327938,179.71139631717898,172.45627943956822,96.87145602932752
9,222,138.86900262714113,74.70262895927887,9.088681989810388,175.41067309783708,179.4394790386381,179.57601620165863,91.16070660913483
9,223,138.07529029140687,68.72722906073828,10.579184810189286,175.86871065585566,179.25328413319596,176.04084189992028,86.54032760798025
9,224,118.181261781016,62.94649482696228,10.327235441619331,178.838328189038,175.92888766691988,171.1284726403993,80.09765038818924
9,225,90.78368022663037,57.1573031449636,10.208823705578611,176.83266865765043,173.39789929893047,139.5889667595151,75.6383987598733
9,226,58.50508031697253,48.796531589444776,11.72442514887414,178.5689858054057,171.7885676648542,71.5192442616423,70.90667337399037
9,227,48.43964688021088,41.782837071890505,7.197296285784594,176.23261378746096,169.70479289014102,74.67570412283081,69.07343306555029
9,228,23.467853726959177,32.9295440349509,2.0645264155436345,176.74207691028403,170.8509184944215,51.41840198384961,71.43593617203918
9,229,44.784458594210925,28.057777910965942,3.415939977378844,175.14922579790374,171.5225826165872,26.84492842733517,74.46169747465149
9,230,65.59196508442308,39.96378001185923,1.2375558732990484,173.49945790079224,172.21990827915286,161.13901445430182,45.55471262810818
9,231,51.0391879614434,42.74210500622655,1.993699723026705,170.42096243261545,171.41787545042317,29.56722899257414,46.44136454508936
9,232,47.205725334858855,16.80612310543641,4.595251415302453,174.96049787373366,173.31148902114796,38.37658004321323,62.75307448640207
9,233,53.72233453827326,18.402348904035303,2.8658598506887296,174.86883362907767,173.70244793456598,29.64813802225661,67.67711866700323
9,234,54.75829376171003,19.85258573985315,1.4510593216970884,171.88573536536535,171.75674246691838,27.629045030287557,69.25488846879578
9,235,53.861420011525865,22.487649387200527,1.3816841997814904,171.7416028651777,172.5047807619561,27.11833954973739,69.9990498775121
9,236,55.1277199970515,46.85532528180583,0.8127312593912608,171.87069298999526,173.0657463571485,25.762657416636134,44.67596010614078
9,237,54.118324483893154,23.85987858996105,0.6173813743526612,171.15313744737833,174.99364865425602,25.224495658551017,62.92811188347764
9,238,51.07308799532883,26.338785374144052,2.9251145007015293,175.05402502161292,175.79300364867433,25.974412133878893,65.80481914675386
9,239,22.36801252924206,30.67731050744006,0.3394561506138314,172.32353323754626,174.36575969384816,48.04741438005417,68.17077496539842
9,240,43.810371186510686,40.80862426610668,3.0284436923190863,175.9955078528928,174.09730092222043,67.19243982107086,70.30868958253613
9,241,52.2843645457248,47.00409751249572,5.223010432022064,175.09680266845447,174.74328039399083,79.26962150900845,73.14286355337039
9,242,58.71182717142935,53.696946915091125,4.531423916144705,170.73755844453137,176.3125698307906,90.59779220680235,72.46017613258262
9,243,57.720085260357955,57.79126058802764,4.778427689918447,171.611904630461,177.09186450215952,90.93669521501006,75.06667740999077
9,244,67.32774249909359,60.25734681946384,6.768646663447751,173.86502359646647,174.62441868234245,81.0325802455765,77.83546100694703
9,245,74.73638407792217,65.68580409874816,4.019140206923546,173.34649262906666,175.96800883406033,95.48588902974264,82.38090982928698
9,246,74.93362149810511,71.16727674797468,4.7880182068952895,174.65441615070714,176.40006943700183,80.43390417513164,86.97983659552399
9,247,81.2531995080069,76.39721105542573,3.4212504155288888,172.76306379174702,175.4067776408231,78.05906275028399,89.60163388102613
9,248,88.44729667327817,79.90305079571917,3.865826988343232,169.03307971889154,177.1440068442885,83.0394945096608,94.24679856835182
9,249,122.36200540344748,85.27855733348301,2.4607872955731036,168.1496704340489,178.09269698320264,143.63746856099587,98.63882134609992
9,250,152.22746167948347,88.51317703466611,4.189345816147537,167.830755158363,176.39912055139493,162.6889667463246,101.85547261088917
9,251,146.48966619417791,92.01464678086089,6.749315328654435,170.76284621115607,176.47290783040225,173.36280167135078,105.41974189957224
9,252,112.4654410401804,95.66629725622674,8.886171662956418,173.8971808939223,176.65483179623774,105.43067606394958,110.12517346782062
9,253,117.71721381287216,100.86517852658942,10.062974268464195,175.82869851379306,174.98111517032285,115.86144083437428,113.3637894895252
9,254,137.23450851300802,105.66834956496388,9.150568521124493,175.76445728241572,176.6514536880953,153.29660938530523,117.55792154836833
9,255,140.64821817862455,110.86581297089285,7.704395932528532,175.28965679113207,176.24164693725965,159.1640556904912,122.40873025088716
9,256,140.87130142160342,115.054353197954,4.662255363158082,172.95765639773307,176.94805130276745,157.8795590341035,128.20419474841427
9,257,145.51100856334384,119.99812521499388,5.480793406883672,173.1065758982082,178.96388759272256,167.14956630075477,132.03143953405765
9,258,148.95083988735325,119.62121053289285,0.1100055808238386,168.17722981352225,178.7832249585905,177.37320491698625,134.5695375190098
9,259,154.21505373285885,122.89349078494934,0.8274577306422385,168.26449230176925,177.83212658648662,177.1124874336729,137.7914913865607
9,260,155.84138409761314,124.6738257467858,0.4516789722365051,167.8152108046225,177.8310747862311,177.55136537868665,140.8128047075958
9,261,155.59950880729974,128.21667600140086,0.6825058585631597,166.37037776632292,177.30342035283485,176.17405378397467,143.20701713006395
9,262,161.5707917941397,128.92837521759856,0.3930615058839032,168.50057802488922,178.388321209639,179.17944958980638,146.65916206282552
9,263,163.23573889376686,131.8790351323632,0.4392526184255301,169.91944632226736,178.4896141878884,178.03482084354098,149.2360450478642
9,264,164.08853322065636,135.09834799763385,0.1453575213875725,170.0243136190817,179.10359820426942,179.21895045928403,152.2278007597562
9,265,164.97740664956248,135.88278981664575,0.0932069620259507,171.10261687205244,178.32302396447565,179.6305174774064,152.39379649729355
9,266,166.2846578409078,137.37859973569576,0.2333931002912229,173.2852712726833,179.53135018586022,179.8527943729495,153.30427369992145
9,267,168.38739626219822,138.77481919904,0.6464051752469941,173.34147358457787,179.9936825398768,179.1898825962506,155.2541205053991
9,268,169.4001703899036,141.71909363683838,0.1026427763941774,170.79416908403311,179.0574906255877,177.96295127880643,157.96255881533722
9,269,174.19662329376797,143.10288564514556,1.3502239140377994,170.33461678261898,178.519401205836,175.13418138232063,159.91449246125538
9,270,174.23159098235112,145.2487666335333,0.7620115553852955,171.7757169906938,179.66483772513365,175.6081672942705,161.70198599848553
9,271,177.25098734854748,145.4303414063677,0.9391919433153616,169.7253852655727,179.9763414742006,174.52937324837492,162.810350454927
9,272,179.34531877602606,147.2050491230515,1.7326762865045393,173.1906572244513,178.86264818372865,172.11518291029856,164.6204808848447
9,273,174.84661909016916,149.86670363719975,0.9447353466780158,173.13608740084007,178.54867134745632,169.58150556639595,166.39938890102857
9,274,171.94804504004017,150.7049559610755,0.5118413102186761,173.70392391626677,178.05271915782538,168.88824752308852,165.63582616353244
9,275,171.16392129929272,153.10864478325303,0.055901003105441,172.22535522180442,178.33467226318652,169.31031688126086,167.54056050908935
9,276,174.3449400642694,151.4706513491448,0.284536033346979,171.8033282233066,178.82878522170603,176.7829990230337,164.6123774928361
9,277,173.32470113536792,153.03240868200996,0.4745082317447837,172.8748375697065,179.12211204257915,173.19442019206832,164.31865596252695
9,278,174.23699252354533,155.11247507091448,0.4151945947640544,172.88104143064476,178.64824590856267,177.53974010194565,166.20898965101637
9,279,176.03284414149866,155.93345643653916,0.4578362530688757,172.9379182532573,178.58765125220324,178.83730264881754,166.7994885116113
9,280,175.28360752960774,154.45662738101944,1.558125027211325,174.4894574120712,178.29769307409006,179.65169770998338,165.05561125815564
9,281,173.77844637690214,153.9067198413561,2.1861254852144167,174.65529966480892,178.2654353934923,176.6971098852723,164.4703613123014
9,282,173.54852940199342,153.65702621086578,2.398906307353079,175.0382877836433,178.2178887810651,175.93597537171416,164.20879982382627
9,283,173.98986430486946,153.49974146450714,2.908562059436578,176.74806034257114,178.6262198236757,176.93805414276682,164.14817120639032
9,284,174.73154399840337,153.68752359221136,0.6095138954631157,173.99566299674035,179.74820870375203,177.63559127332618,164.31112298594746
9,285,174.62902513207112,154.01951911955848,0.4883491067391757,172.3488172100664,179.8058918904273,177.04489386674192,164.9272878664532
9,286,174.4806946535682,153.84063514087578,0.1210014929111764,172.98255414117756,179.47046484618446,177.52404817112787,164.62226983319948
9,287,175.4881888386565,154.96779424069075,1.1227960311848086,170.51365334373537,178.16484014255056,179.6259386214271,165.2188378009444
9,288,175.83004028386,155.3610821974236,2.0841145584991683,168.70564863552792,177.60813760304774,179.54267042878047,165.00669539416543
9,289,177.16474584845014,156.1730933552061,3.037056689033864,168.54177426633183,178.38833114155292,176.95124663704524,166.13308243627776
9,290,177.46804426291567,156.29664884011586,4.017875431296656,168.71451765686126,179.79346564633832,177.18248437820876,164.96189739627533
9,291,179.24665076882397,158.4137442772677,4.773398380349044,168.21195238669887,179.85718738748403,174.90216322074298,167.47025726959018
9,292,178.21463870631152,156.65041485284416,4.020497154148648,168.04963376478727,179.4351730440558,177.19231000332934,165.70604432464074
9,293,178.88744674990457,155.98977364019797,2.6005511773048733,169.20750261394488,179.87412790465834,174.66256119983362,165.13741683889745
9,294,179.3259579400266,159.72006449109057,1.9400921047114448,169.68942980226015,179.27747543400784,170.22467823803834,172.74226710770589
9,295,177.25802072814457,154.71612318135286,0.7884933777645514,169.79247733308307,178.47988933306166,176.42486577574672,165.9920297507216
9,296,179.930497872359,153.82322655735445,0.2405204112304468,171.84702861316467,177.60527960804555,157.02044431050695,146.74932373095214
9,297,175.2562564320373,148.3185765122054,0.4480252224843421,172.55871837653854,177.71129903853293,172.82260143383704,162.72161533728047
9,298,178.6847166676325,145.75513777610982,0.776337392669637,171.93755853064,177.7568121906908,172.04786090465197,162.21030301822043
9,299,175.31154481465512,145.89999711178925,0.6850257240960629,171.9033034874629,177.449389071966,174.48913046656727,161.84621227828742
9,300,176.65023961299423,143.46567051288451,4.0055752656642065,167.36178139137994,178.57998842897166,173.60349381137308,159.23956361751027
9,301,174.84134295113662,144.30365699101566,2.6584853273898075,168.09017402582657,178.90403900082796,175.61438920961805,158.41579001735954
9,302,164.0276640530219,144.3569406581703,4.8846662944853385,164.9031466435612,178.3501729091403,179.56004379156636,156.5897978583942
9,303,159.9949419297468,141.42191957018008,1.8222857532442107,168.62675697165298,179.7416913091323,178.85913680559594,152.61241958438586
9,304,158.14517637455037,137.9790325357767,0.4235253343617751,168.9199543782292,179.83232334771552,177.48943164314338,149.28908560854353
9,305,158.6097257150931,131.41654398930717,0.1371121932485535,169.02761880638195,179.65048262867214,176.9727261901752,141.9865636719395
9,306,153.41754174066452,131.0525118600061,2.5190288420514952,163.04232891786208,179.75771337112178,174.81705860546072,139.18812117688586
9,307,152.8669811213963,122.05492725063364,1.7300180135869656,166.80094711049563,178.28353078896097,175.6477745027349,129.91074114260948
9,308,151.10938038229378,115.25679231253434,1.4826014539677417,172.1635254337868,178.01746693250817,175.639743135835,123.80241408597908
9,309,150.11167559582745,110.7708309476154,3.88641691700301,177.28996969814594,178.3676801216053,174.7040527104214,122.2285832167229
9,310,144.6880027676549,104.30564267386428,5.332012814376543,177.81833959173005,178.1846275631482,168.64743892746026,116.66809834141898
9,311,147.56244681956758,97.62198688821962,6.250704391111191,178.66358880484424,178.02142636967238,172.18910737209956,111.93753502727358
9,312,144.72589138362622,90.65899372585284,5.57529166498921,179.03585417405253,176.1173885940719,172.29189773289826,105.25043576604897
9,313,146.17848265964096,84.26950576157675,5.2416458218974835,177.76723657531863,178.33838915399878,173.4015513675517,99.85419140953309
9,314,135.20534366569402,79.40308101476812,4.389723447161185,175.45150640648552,179.61248328805382,164.6492190073381,95.0796128847798
9,315,135.76138011377682,73.47497878120194,4.738828306726823,179.68546755959855,178.28972984337616,177.1587400931389,89.10506221173385
9,316,120.13209173652722,64.94852928132659,6.975109742696245,177.18558882570105,178.43941147377856,169.22828933935884,82.85880719918455
9,317,100.07667561007986,58.96301337857184,8.49041985225498,178.87113342537998,178.5002203331105,148.92818637312297,78.14007929692309
9,318,59.41019755894163,54.44304139398703,9.046475802340906,177.9736952880559,176.0696392277925,59.59876945031074,75.18647426816375
9,319,52.94335561202933,46.252309612066504,9.19121067552576,177.6524697687576,174.31890102903157,71.69757091963194,70.09592566101766
9,320,41.660397165322216,42.19746081629624,5.386902593441708,177.45995386448735,173.3753626101078,66.87618427743841,72.19486968372605
9,321,28.889518308780055,34.67433634025211,1.6399897125581269,177.65850973450827,172.53284519985135,64.39930925717476,72.72530885095067
9,322,45.500912860353026,30.109255827090628,0.5652714191799578,175.7528589590771,173.45537661425325,27.20605861994626,75.6455413865764
9,323,46.14931874317487,28.819433806395168,0.0284900421820714,176.33032996620867,172.6032019581729,31.11806415836115,77.23969176237848
9,324,59.53436108369647,39.348953297966105,2.6692093831569568,177.7863022218227,171.1624147083149,156.50794449939477,49.18015633883944
9,325,63.29425348535639,42.72325839333297,1.6780324220001352,176.30761603988262,171.51414051919616,167.54524759147944,11.73610757928433
9,326,61.57442827429641,45.91539249250265,1.6644212500542257,176.2146979135879,171.92863088556706,160.58205620099872,11.17604350587085
9,327,62.17066917647757,46.41497870548488,1.2349482233465547,176.0531842899302,171.8077659727457,164.29130596707762,12.0897173073128
9,328,54.81392132944094,42.53038853900486,2.6224889472481037,178.26060469935643,171.77386218925528,25.97455464338694,47.748479184495174
9,329,51.688472526639885,39.86054808584211,1.379780768407486,177.981432858953,171.27246952097587,26.143457538155783,48.13262101731728
9,330,49.13927438853734,28.33192905111286,1.0276218633760956,176.86806286140364,171.73104123654056,27.041331384222655,72.21360443574694
9,331,48.49909122046323,30.3331016857963,1.0201701764007414,176.98072536119756,171.47557318061752,21.311202707553793,70.41064525184747
9,332,27.22220870105765,32.98635312199698,2.498516024004397,176.5338148050214,172.1762301390487,60.53591877006193,69.41600260409331
9,333,45.72451811658326,43.41621835809014,5.576615088537599,179.51483776772264,172.62851062860392,66.27210049878907,69.92764349612352
9,334,53.842720900378986,47.12988262374422,8.127865968773705,179.13044948918915,175.75111809289538,78.09758173151312,69.47084185879666
9,335,59.246620353545815,53.69754155931391,7.08013999605014,178.61928093162874,174.54256510911532,85.5870099733051,73.63132541255983
9,336,59.82185429477536,58.418919415156815,4.496952980299583,177.62490617967842,176.03318993950052,74.5522831293255,77.42737428751633
9,337,63.531200488432354,62.92261405175154,5.741255986167877,179.46438157278337,176.31150856067217,88.62101486342773,78.28233460331381
9,338,67.00672678170154,67.07124689776525,4.060557665596196,178.7343057619978,178.12447532739563,67.78998843783339,83.12531642637632
9,339,71.05712266125045,71.01256870004526,6.150839000855649,179.04388374941166,177.2243172166804,68.91724624673517,85.33414987410148
9,340,77.65347632634136,75.78205003427895,4.760666970854957,177.73896384949958,175.7024939740643,70.10781604358678,89.11516711985948
9,341,141.1449708088409,78.85210192551433,4.436235176741294,177.17212331044013,176.66145491597237,162.65224440824818,93.28289807050793
9,342,138.65776007216357,83.30954295679769,6.688949618791853,178.0387437235321,177.73838199191516,175.66005858397557,99.36040515941212
9,343,145.55297798059254,87.31907509345596,6.02629390318742,178.4188676360076,177.3579625102978,175.5133462337963,102.6860693213514
9,344,153.07996512847473,92.10752570616374,4.902090766925045,178.80551314948644,177.5949837645873,175.1633946729633,108.35371189970286
9,345,150.05175781915997,96.20831377703696,5.938015176510539,179.0444374851641,179.85778150408458,179.0147083930969,113.12864870799724
9,346,146.55781660792326,102.81874116552972,7.233572495480433,179.0496339188616,178.26856836268215,178.4829074371185,117.9761759041542
9,347,148.06536873977734,108.51594418455396,6.225025185222987,176.68063087680162,176.90494821958154,179.1855260904165,122.94149931579452
9,348,150.7890660957918,114.3478704958574,6.470621619286728,176.37198727834362,178.02636165971143,176.5070797672673,127.44290490277942
9,349,154.19880261098655,115.33556361522788,4.967289687119194,176.36859723734668,177.95459138902112,175.0329878020123,129.6378921303879
9,350,156.15703922419755,121.10127326101347,3.3603645523640173,174.13116660219382,178.11840055427135,173.90323042580158,134.96209829203275
9,351,155.3494939451814,125.74073366296888,0.6609418244695043,169.5976386749587,178.95780998033518,174.09930549578928,140.0718713177194
9,352,157.00562958643613,129.38887587032357,0.3692024656738846,167.7193607259957,178.81543901172546,176.27766837537277,144.53502269882884
9,353,157.878819309644,132.61444160663322,0.6454176466889265,169.50270565082698,176.58307184295617,176.07850154433032,147.88935061078453
9,354,159.70677681134455,137.0535897582129,0.5418934196409042,168.77564823570515,178.00863769610018,177.1115473033671,151.9808963530274
9,355,159.97893924444358,139.5500130797337,0.9006130248862061,171.77375482072486,178.8933011973649,179.1995138937532,154.37296755056613
9,356,162.18286901029197,142.1190308294578,1.81827027261469,173.43430070470427,178.30736444606308,179.90557418981916,156.5595353681688
9,357,165.71407056987383,142.24902303115692,0.4431535382440391,173.8935345132106,177.43397604984384,177.9968144912452,157.58667474022738
9,358,166.55002666045942,142.97504614872693,0.7758820004506388,173.37333192261383,177.9945265139494,179.77510646101945,160.32567063030612
9,359,169.14392153757862,145.45740024230832,0.2768908659507705,175.54885872295912,178.03095105454665,179.90759137070188,163.14259077933195
9,360,171.01536164720773,146.68243326254992,0.9333420766961148,178.0437043386847,177.53049655499834,179.265387198478,162.8976817019382
9,361,171.90423244183862,147.4747782110119,2.1235983688263267,179.3281189426371,177.43504970100474,179.1761751126475,163.24583031539163
9,362,179.49524277056943,147.39768579108653,1.3172959493135732,179.7338974615454,178.48576785437163,177.78432030715706,162.4820581695737
9,363,179.47966902109945,148.13935796167766,2.3218569937349702,173.53580864391176,179.85807628441555,179.16669849614524,162.44251240777456
9,364,179.62253916737396,150.5668350153006,1.7199351762365127,174.5502170991782,179.32791397638795,178.76994650117675,163.81104652010185
